year,line,direction,station_name,station_id,day_type,time,congestion
2020,1,상선,서울역,150,평일,5:30,8.2
2020,1,하선,서울역,150,평일,5:30,11.8
2020,1,상선,시청,151,평일,5:30,7.7
2020,1,하선,시청,151,평일,5:30,9.5
2020,1,상선,종각,152,평일,5:30,6.3
2020,1,하선,종각,152,평일,5:30,11.1
2020,1,상선,종로3가,153,평일,5:30,6.3
2020,1,하선,종로3가,153,평일,5:30,12.1
2020,1,상선,종로5가,154,평일,5:30,5.6
2020,1,하선,종로5가,154,평일,5:30,13.4
2020,1,상선,동대문,155,평일,5:30,8.5
2020,1,하선,동대문,155,평일,5:30,14.0
2020,1,상선,신설동,156,평일,5:30,7.2
2020,1,하선,신설동,156,평일,5:30,17.1
2020,1,상선,제기동,157,평일,5:30,6.9
2020,1,하선,제기동,157,평일,5:30,16.8
2020,1,상선,청량리,158,평일,5:30,6.4
2020,1,하선,청량리,158,평일,5:30,17.9
2020,1,상선,동묘앞,159,평일,5:30,6.9
2020,1,하선,동묘앞,159,평일,5:30,13.1
2020,1,상선,서울역,150,토요일,5:30,8.1
2020,1,하선,서울역,150,토요일,5:30,18.3
2020,1,상선,시청,151,토요일,5:30,5.9
2020,1,하선,시청,151,토요일,5:30,14.8
2020,1,상선,종각,152,토요일,5:30,5.5
2020,1,하선,종각,152,토요일,5:30,19.5
2020,1,상선,종로3가,153,토요일,5:30,5.4
2020,1,하선,종로3가,153,토요일,5:30,15.2
2020,1,상선,종로5가,154,토요일,5:30,5.3
2020,1,하선,종로5가,154,토요일,5:30,16.9
2020,1,상선,동대문,155,토요일,5:30,8.2
2020,1,하선,동대문,155,토요일,5:30,17.3
2020,1,상선,신설동,156,토요일,5:30,7.6
2020,1,하선,신설동,156,토요일,5:30,26.5
2020,1,상선,제기동,157,토요일,5:30,7.6
2020,1,하선,제기동,157,토요일,5:30,25.3
2020,1,상선,청량리,158,토요일,5:30,6.9
2020,1,하선,청량리,158,토요일,5:30,20.6
2020,1,상선,동묘앞,159,토요일,5:30,7.7
2020,1,하선,동묘앞,159,토요일,5:30,15.5
2020,1,상선,서울역,150,일요일,5:30,3.4
2020,1,하선,서울역,150,일요일,5:30,7.9
2020,1,상선,시청,151,일요일,5:30,3.2
2020,1,하선,시청,151,일요일,5:30,7.4
2020,1,상선,종각,152,일요일,5:30,3.3
2020,1,하선,종각,152,일요일,5:30,9.5
2020,1,상선,종로3가,153,일요일,5:30,3.1
2020,1,하선,종로3가,153,일요일,5:30,7.2
2020,1,상선,종로5가,154,일요일,5:30,3.0
2020,1,하선,종로5가,154,일요일,5:30,7.2
2020,1,상선,동대문,155,일요일,5:30,4.4
2020,1,하선,동대문,155,일요일,5:30,7.1
2020,1,상선,신설동,156,일요일,5:30,4.0
2020,1,하선,신설동,156,일요일,5:30,12.8
2020,1,상선,제기동,157,일요일,5:30,4.0
2020,1,하선,제기동,157,일요일,5:30,12.1
2020,1,상선,청량리,158,일요일,5:30,3.8
2020,1,하선,청량리,158,일요일,5:30,9.9
2020,1,상선,동묘앞,159,일요일,5:30,4.0
2020,1,하선,동묘앞,159,일요일,5:30,7.1
2021,1,상선,서울역,150,평일,5:30,6.5
2021,1,하선,서울역,150,평일,5:30,9.0
2021,1,상선,시청,151,평일,5:30,6.0
2021,1,하선,시청,151,평일,5:30,7.1
2021,1,상선,종각,152,평일,5:30,5.7
2021,1,하선,종각,152,평일,5:30,7.9
2021,1,상선,종로3가,153,평일,5:30,5.3
2021,1,하선,종로3가,153,평일,5:30,9.0
2021,1,상선,종로5가,154,평일,5:30,4.9
2021,1,하선,종로5가,154,평일,5:30,10.2
2021,1,상선,동대문,155,평일,5:30,6.7
2021,1,하선,동대문,155,평일,5:30,10.4
2021,1,상선,신설동,156,평일,5:30,6.0
2021,1,하선,신설동,156,평일,5:30,14.1
2021,1,상선,제기동,157,평일,5:30,6.7
2021,1,하선,제기동,157,평일,5:30,13.6
2021,1,상선,청량리,158,평일,5:30,5.3
2021,1,하선,청량리,158,평일,5:30,13.1
2021,1,상선,동묘앞,159,평일,5:30,5.8
2021,1,하선,동묘앞,159,평일,5:30,10.1
2021,1,상선,서울역,150,토요일,5:30,7.3
2021,1,하선,서울역,150,토요일,5:30,10.2
2021,1,상선,시청,151,토요일,5:30,9.2
2021,1,하선,시청,151,토요일,5:30,6.4
2021,1,상선,종각,152,토요일,5:30,9.3
2021,1,하선,종각,152,토요일,5:30,8.9
2021,1,상선,종로3가,153,토요일,5:30,6.3
2021,1,하선,종로3가,153,토요일,5:30,9.0
2021,1,상선,종로5가,154,토요일,5:30,6.2
2021,1,하선,종로5가,154,토요일,5:30,12.3
2021,1,상선,동대문,155,토요일,5:30,8.4
2021,1,하선,동대문,155,토요일,5:30,12.8
2021,1,상선,신설동,156,토요일,5:30,9.4
2021,1,하선,신설동,156,토요일,5:30,16.0
2021,1,상선,제기동,157,토요일,5:30,9.3
2021,1,하선,제기동,157,토요일,5:30,14.1
2021,1,상선,청량리,158,토요일,5:30,7.3
2021,1,하선,청량리,158,토요일,5:30,13.8
2021,1,상선,동묘앞,159,토요일,5:30,9.1
2021,1,하선,동묘앞,159,토요일,5:30,13.2
2021,1,상선,서울역,150,일요일,5:30,2.5
2021,1,하선,서울역,150,일요일,5:30,3.4
2021,1,상선,시청,151,일요일,5:30,2.9
2021,1,하선,시청,151,일요일,5:30,2.4
2021,1,상선,종각,152,일요일,5:30,3.0
2021,1,하선,종각,152,일요일,5:30,3.6
2021,1,상선,종로3가,153,일요일,5:30,2.5
2021,1,하선,종로3가,153,일요일,5:30,3.6
2021,1,상선,종로5가,154,일요일,5:30,2.4
2021,1,하선,종로5가,154,일요일,5:30,5.2
2021,1,상선,동대문,155,일요일,5:30,3.2
2021,1,하선,동대문,155,일요일,5:30,5.1
2021,1,상선,신설동,156,일요일,5:30,3.3
2021,1,하선,신설동,156,일요일,5:30,6.8
2021,1,상선,제기동,157,일요일,5:30,3.5
2021,1,하선,제기동,157,일요일,5:30,6.3
2021,1,상선,청량리,158,일요일,5:30,3.2
2021,1,하선,청량리,158,일요일,5:30,6.2
2021,1,상선,동묘앞,159,일요일,5:30,3.2
2021,1,하선,동묘앞,159,일요일,5:30,5.5
2022,1,상선,서울역,150,평일,5:30,6.2
2022,1,하선,서울역,150,평일,5:30,9.1
2022,1,상선,시청,151,평일,5:30,5.4
2022,1,하선,시청,151,평일,5:30,7.0
2022,1,상선,종각,152,평일,5:30,5.2
2022,1,하선,종각,152,평일,5:30,7.8
2022,1,상선,종로3가,153,평일,5:30,4.8
2022,1,하선,종로3가,153,평일,5:30,9.1
2022,1,상선,종로5가,154,평일,5:30,4.3
2022,1,하선,종로5가,154,평일,5:30,10.8
2022,1,상선,동대문,155,평일,5:30,5.9
2022,1,하선,동대문,155,평일,5:30,10.5
2022,1,상선,신설동,156,평일,5:30,5.3
2022,1,하선,신설동,156,평일,5:30,17.2
2022,1,상선,제기동,157,평일,5:30,5.9
2022,1,하선,제기동,157,평일,5:30,16.6
2022,1,상선,청량리,158,평일,5:30,5.1
2022,1,하선,청량리,158,평일,5:30,16.2
2022,1,상선,동묘앞,159,평일,5:30,5.1
2022,1,하선,동묘앞,159,평일,5:30,10.2
2022,1,상선,서울역,150,토요일,5:30,6.8
2022,1,하선,서울역,150,토요일,5:30,9.4
2022,1,상선,시청,151,토요일,5:30,8.4
2022,1,하선,시청,151,토요일,5:30,7.5
2022,1,상선,종각,152,토요일,5:30,8.2
2022,1,하선,종각,152,토요일,5:30,7.9
2022,1,상선,종로3가,153,토요일,5:30,5.4
2022,1,하선,종로3가,153,토요일,5:30,8.0
2022,1,상선,종로5가,154,토요일,5:30,5.3
2022,1,하선,종로5가,154,토요일,5:30,10.4
2022,1,상선,동대문,155,토요일,5:30,7.2
2022,1,하선,동대문,155,토요일,5:30,11.6
2022,1,상선,신설동,156,토요일,5:30,7.8
2022,1,하선,신설동,156,토요일,5:30,14.0
2022,1,상선,제기동,157,토요일,5:30,8.0
2022,1,하선,제기동,157,토요일,5:30,13.0
2022,1,상선,청량리,158,토요일,5:30,6.8
2022,1,하선,청량리,158,토요일,5:30,12.8
2022,1,상선,동묘앞,159,토요일,5:30,7.7
2022,1,하선,동묘앞,159,토요일,5:30,11.1
2022,1,상선,서울역,150,일요일,5:30,2.4
2022,1,하선,서울역,150,일요일,5:30,3.9
2022,1,상선,시청,151,일요일,5:30,3.5
2022,1,하선,시청,151,일요일,5:30,3.0
2022,1,상선,종각,152,일요일,5:30,3.4
2022,1,하선,종각,152,일요일,5:30,3.5
2022,1,상선,종로3가,153,일요일,5:30,2.8
2022,1,하선,종로3가,153,일요일,5:30,3.5
2022,1,상선,종로5가,154,일요일,5:30,2.8
2022,1,하선,종로5가,154,일요일,5:30,4.6
2022,1,상선,동대문,155,일요일,5:30,3.6
2022,1,하선,동대문,155,일요일,5:30,5.2
2022,1,상선,신설동,156,일요일,5:30,3.4
2022,1,하선,신설동,156,일요일,5:30,6.6
2022,1,상선,제기동,157,일요일,5:30,3.4
2022,1,하선,제기동,157,일요일,5:30,6.3
2022,1,상선,청량리,158,일요일,5:30,3.2
2022,1,하선,청량리,158,일요일,5:30,6.2
2022,1,상선,동묘앞,159,일요일,5:30,3.4
2022,1,하선,동묘앞,159,일요일,5:30,4.9
2023,1,상선,서울역,150,평일,5:30,7.3
2023,1,하선,서울역,150,평일,5:30,11.5
2023,1,상선,시청,151,평일,5:30,6.6
2023,1,하선,시청,151,평일,5:30,9.0
2023,1,상선,종각,152,평일,5:30,6.3
2023,1,하선,종각,152,평일,5:30,9.8
2023,1,상선,종로3가,153,평일,5:30,6.2
2023,1,하선,종로3가,153,평일,5:30,11.6
2023,1,상선,종로5가,154,평일,5:30,5.7
2023,1,하선,종로5가,154,평일,5:30,13.5
2023,1,상선,동대문,155,평일,5:30,7.8
2023,1,하선,동대문,155,평일,5:30,13.2
2023,1,상선,신설동,156,평일,5:30,7.1
2023,1,하선,신설동,156,평일,5:30,20.2
2023,1,상선,제기동,157,평일,5:30,8.2
2023,1,하선,제기동,157,평일,5:30,19.5
2023,1,상선,청량리,158,평일,5:30,7.6
2023,1,하선,청량리,158,평일,5:30,19.3
2023,1,상선,동묘앞,159,평일,5:30,6.7
2023,1,하선,동묘앞,159,평일,5:30,13.0
2023,1,상선,서울역,150,토요일,5:30,7.1
2023,1,하선,서울역,150,토요일,5:30,8.5
2023,1,상선,시청,151,토요일,5:30,8.3
2023,1,하선,시청,151,토요일,5:30,8.2
2023,1,상선,종각,152,토요일,5:30,8.5
2023,1,하선,종각,152,토요일,5:30,8.2
2023,1,상선,종로3가,153,토요일,5:30,6.3
2023,1,하선,종로3가,153,토요일,5:30,8.1
2023,1,상선,종로5가,154,토요일,5:30,6.2
2023,1,하선,종로5가,154,토요일,5:30,10.5
2023,1,상선,동대문,155,토요일,5:30,8.6
2023,1,하선,동대문,155,토요일,5:30,11.7
2023,1,상선,신설동,156,토요일,5:30,8.4
2023,1,하선,신설동,156,토요일,5:30,14.9
2023,1,상선,제기동,157,토요일,5:30,8.5
2023,1,하선,제기동,157,토요일,5:30,13.8
2023,1,상선,청량리,158,토요일,5:30,7.5
2023,1,하선,청량리,158,토요일,5:30,13.5
2023,1,상선,동묘앞,159,토요일,5:30,8.3
2023,1,하선,동묘앞,159,토요일,5:30,11.9
2023,1,상선,서울역,150,공휴일,5:30,2.9
2023,1,하선,서울역,150,공휴일,5:30,4.5
2023,1,상선,시청,151,공휴일,5:30,3.4
2023,1,하선,시청,151,공휴일,5:30,4.6
2023,1,상선,종각,152,공휴일,5:30,3.5
2023,1,하선,종각,152,공휴일,5:30,4.9
2023,1,상선,종로3가,153,공휴일,5:30,2.6
2023,1,하선,종로3가,153,공휴일,5:30,4.7
2023,1,상선,종로5가,154,공휴일,5:30,2.6
2023,1,하선,종로5가,154,공휴일,5:30,5.8
2023,1,상선,동대문,155,공휴일,5:30,3.2
2023,1,하선,동대문,155,공휴일,5:30,6.0
2023,1,상선,신설동,156,공휴일,5:30,3.3
2023,1,하선,신설동,156,공휴일,5:30,7.5
2023,1,상선,제기동,157,공휴일,5:30,3.4
2023,1,하선,제기동,157,공휴일,5:30,6.9
2023,1,상선,청량리,158,공휴일,5:30,3.5
2023,1,하선,청량리,158,공휴일,5:30,6.8
2023,1,상선,동묘앞,159,공휴일,5:30,3.0
2023,1,하선,동묘앞,159,공휴일,5:30,6.1
202403,1,상선,청량리,158,평일,5:30,9.1
202403,1,하선,청량리,158,평일,5:30,20.4
202403,1,상선,제기동,157,평일,5:30,9.0
202403,1,하선,제기동,157,평일,5:30,20.5
202403,1,상선,신설동,156,평일,5:30,8.1
202403,1,하선,신설동,156,평일,5:30,21.2
202403,1,상선,동묘앞,159,평일,5:30,7.3
202403,1,하선,동묘앞,159,평일,5:30,13.3
202403,1,상선,동대문,155,평일,5:30,8.6
202403,1,하선,동대문,155,평일,5:30,13.6
202403,1,상선,종로5가,154,평일,5:30,6.4
202403,1,하선,종로5가,154,평일,5:30,14.0
202403,1,상선,종로3가,153,평일,5:30,7.0
202403,1,하선,종로3가,153,평일,5:30,12.1
202403,1,상선,종각,152,평일,5:30,7.0
202403,1,하선,종각,152,평일,5:30,10.2
202403,1,상선,시청,151,평일,5:30,7.2
202403,1,하선,시청,151,평일,5:30,9.3
202403,1,상선,서울역,150,평일,5:30,7.9
202403,1,하선,서울역,150,평일,5:30,11.6
202403,1,상선,청량리,158,토요일,5:30,9.3
202403,1,하선,청량리,158,토요일,5:30,13.8
202403,1,상선,제기동,157,토요일,5:30,9.8
202403,1,하선,제기동,157,토요일,5:30,14.4
202403,1,상선,신설동,156,토요일,5:30,9.5
202403,1,하선,신설동,156,토요일,5:30,16.0
202403,1,상선,동묘앞,159,토요일,5:30,8.9
202403,1,하선,동묘앞,159,토요일,5:30,13.1
202403,1,상선,동대문,155,토요일,5:30,9.3
202403,1,하선,동대문,155,토요일,5:30,12.8
202403,1,상선,종로5가,154,토요일,5:30,7.2
202403,1,하선,종로5가,154,토요일,5:30,11.2
202403,1,상선,종로3가,153,토요일,5:30,7.3
202403,1,하선,종로3가,153,토요일,5:30,8.7
202403,1,상선,종각,152,토요일,5:30,9.0
202403,1,하선,종각,152,토요일,5:30,9.0
202403,1,상선,시청,151,토요일,5:30,8.8
202403,1,하선,시청,151,토요일,5:30,8.6
202403,1,상선,서울역,150,토요일,5:30,7.5
202403,1,하선,서울역,150,토요일,5:30,8.5
202403,1,상선,청량리,158,일요일,5:30,4.0
202403,1,하선,청량리,158,일요일,5:30,7.3
202403,1,상선,제기동,157,일요일,5:30,4.3
202403,1,하선,제기동,157,일요일,5:30,7.4
202403,1,상선,신설동,156,일요일,5:30,4.3
202403,1,하선,신설동,156,일요일,5:30,7.9
202403,1,상선,동묘앞,159,일요일,5:30,4.0
202403,1,하선,동묘앞,159,일요일,5:30,6.4
202403,1,상선,동대문,155,일요일,5:30,3.9
202403,1,하선,동대문,155,일요일,5:30,6.0
202403,1,상선,종로5가,154,일요일,5:30,3.2
202403,1,하선,종로5가,154,일요일,5:30,5.4
202403,1,상선,종로3가,153,일요일,5:30,3.2
202403,1,하선,종로3가,153,일요일,5:30,4.5
202403,1,상선,종각,152,일요일,5:30,3.7
202403,1,하선,종각,152,일요일,5:30,4.6
202403,1,상선,시청,151,일요일,5:30,3.5
202403,1,하선,시청,151,일요일,5:30,4.6
202403,1,상선,서울역,150,일요일,5:30,2.6
202403,1,하선,서울역,150,일요일,5:30,4.2
202406,1,상선,청량리,158,평일,5:30,9.1
202406,1,하선,청량리,158,평일,5:30,20.3
202406,1,상선,제기동,157,평일,5:30,9.0
202406,1,하선,제기동,157,평일,5:30,20.5
202406,1,상선,신설동,156,평일,5:30,8.2
202406,1,하선,신설동,156,평일,5:30,20.9
202406,1,상선,동묘앞,159,평일,5:30,7.5
202406,1,하선,동묘앞,159,평일,5:30,14.2
202406,1,상선,동대문,155,평일,5:30,8.6
202406,1,하선,동대문,155,평일,5:30,13.6
202406,1,상선,종로5가,154,평일,5:30,6.3
202406,1,하선,종로5가,154,평일,5:30,13.0
202406,1,상선,종로3가,153,평일,5:30,6.8
202406,1,하선,종로3가,153,평일,5:30,11.6
202406,1,상선,종각,152,평일,5:30,7.8
202406,1,하선,종각,152,평일,5:30,9.9
202406,1,상선,시청,151,평일,5:30,8.0
202406,1,하선,시청,151,평일,5:30,9.1
202406,1,상선,서울역,150,평일,5:30,8.2
202406,1,하선,서울역,150,평일,5:30,11.1
202406,1,상선,청량리,158,토요일,5:30,9.7
202406,1,하선,청량리,158,토요일,5:30,14.0
202406,1,상선,제기동,157,토요일,5:30,10.0
202406,1,하선,제기동,157,토요일,5:30,14.1
202406,1,상선,신설동,156,토요일,5:30,10.3
202406,1,하선,신설동,156,토요일,5:30,15.1
202406,1,상선,동묘앞,159,토요일,5:30,8.4
202406,1,하선,동묘앞,159,토요일,5:30,12.5
202406,1,상선,동대문,155,토요일,5:30,8.2
202406,1,하선,동대문,155,토요일,5:30,12.5
202406,1,상선,종로5가,154,토요일,5:30,5.1
202406,1,하선,종로5가,154,토요일,5:30,11.1
202406,1,상선,종로3가,153,토요일,5:30,5.1
202406,1,하선,종로3가,153,토요일,5:30,8.2
202406,1,상선,종각,152,토요일,5:30,8.1
202406,1,하선,종각,152,토요일,5:30,8.3
202406,1,상선,시청,151,토요일,5:30,8.1
202406,1,하선,시청,151,토요일,5:30,8.0
202406,1,상선,서울역,150,토요일,5:30,9.0
202406,1,하선,서울역,150,토요일,5:30,7.4
202406,1,상선,청량리,158,일요일,5:30,4.8
202406,1,하선,청량리,158,일요일,5:30,8.3
202406,1,상선,제기동,157,일요일,5:30,5.0
202406,1,하선,제기동,157,일요일,5:30,8.6
202406,1,상선,신설동,156,일요일,5:30,5.2
202406,1,하선,신설동,156,일요일,5:30,9.1
202406,1,상선,동묘앞,159,일요일,5:30,4.6
202406,1,하선,동묘앞,159,일요일,5:30,7.4
202406,1,상선,동대문,155,일요일,5:30,4.3
202406,1,하선,동대문,155,일요일,5:30,6.8
202406,1,상선,종로5가,154,일요일,5:30,2.9
202406,1,하선,종로5가,154,일요일,5:30,6.1
202406,1,상선,종로3가,153,일요일,5:30,2.9
202406,1,하선,종로3가,153,일요일,5:30,5.1
202406,1,상선,종각,152,일요일,5:30,3.9
202406,1,하선,종각,152,일요일,5:30,5.1
202406,1,상선,시청,151,일요일,5:30,3.7
202406,1,하선,시청,151,일요일,5:30,4.9
202406,1,상선,서울역,150,일요일,5:30,3.6
202406,1,하선,서울역,150,일요일,5:30,4.6
2020,1,상선,서울역,150,평일,6:00,12.9
2020,1,하선,서울역,150,평일,6:00,13.5
2020,1,상선,시청,151,평일,6:00,11.2
2020,1,하선,시청,151,평일,6:00,11.3
2020,1,상선,종각,152,평일,6:00,8.1
2020,1,하선,종각,152,평일,6:00,12.3
2020,1,상선,종로3가,153,평일,6:00,8.1
2020,1,하선,종로3가,153,평일,6:00,12.2
2020,1,상선,종로5가,154,평일,6:00,6.5
2020,1,하선,종로5가,154,평일,6:00,17.2
2020,1,상선,동대문,155,평일,6:00,6.7
2020,1,하선,동대문,155,평일,6:00,18.2
2020,1,상선,신설동,156,평일,6:00,7.9
2020,1,하선,신설동,156,평일,6:00,20.3
2020,1,상선,제기동,157,평일,6:00,7.4
2020,1,하선,제기동,157,평일,6:00,18.8
2020,1,상선,청량리,158,평일,6:00,5.1
2020,1,하선,청량리,158,평일,6:00,16.0
2020,1,상선,동묘앞,159,평일,6:00,8.7
2020,1,하선,동묘앞,159,평일,6:00,18.6
2020,1,상선,서울역,150,토요일,6:00,13.2
2020,1,하선,서울역,150,토요일,6:00,13.7
2020,1,상선,시청,151,토요일,6:00,12.8
2020,1,하선,시청,151,토요일,6:00,14.0
2020,1,상선,종각,152,토요일,6:00,14.3
2020,1,하선,종각,152,토요일,6:00,10.9
2020,1,상선,종로3가,153,토요일,6:00,12.5
2020,1,하선,종로3가,153,토요일,6:00,13.3
2020,1,상선,종로5가,154,토요일,6:00,11.6
2020,1,하선,종로5가,154,토요일,6:00,15.5
2020,1,상선,동대문,155,토요일,6:00,11.9
2020,1,하선,동대문,155,토요일,6:00,15.9
2020,1,상선,신설동,156,토요일,6:00,12.1
2020,1,하선,신설동,156,토요일,6:00,16.0
2020,1,상선,제기동,157,토요일,6:00,11.1
2020,1,하선,제기동,157,토요일,6:00,14.9
2020,1,상선,청량리,158,토요일,6:00,8.7
2020,1,하선,청량리,158,토요일,6:00,14.0
2020,1,상선,동묘앞,159,토요일,6:00,12.7
2020,1,하선,동묘앞,159,토요일,6:00,15.2
2020,1,상선,서울역,150,일요일,6:00,7.4
2020,1,하선,서울역,150,일요일,6:00,7.2
2020,1,상선,시청,151,일요일,6:00,7.4
2020,1,하선,시청,151,일요일,6:00,7.8
2020,1,상선,종각,152,일요일,6:00,7.7
2020,1,하선,종각,152,일요일,6:00,6.3
2020,1,상선,종로3가,153,일요일,6:00,7.6
2020,1,하선,종로3가,153,일요일,6:00,7.2
2020,1,상선,종로5가,154,일요일,6:00,7.3
2020,1,하선,종로5가,154,일요일,6:00,8.5
2020,1,상선,동대문,155,일요일,6:00,7.2
2020,1,하선,동대문,155,일요일,6:00,8.6
2020,1,상선,신설동,156,일요일,6:00,6.4
2020,1,하선,신설동,156,일요일,6:00,9.5
2020,1,상선,제기동,157,일요일,6:00,6.1
2020,1,하선,제기동,157,일요일,6:00,9.0
2020,1,상선,청량리,158,일요일,6:00,5.7
2020,1,하선,청량리,158,일요일,6:00,9.3
2020,1,상선,동묘앞,159,일요일,6:00,6.4
2020,1,하선,동묘앞,159,일요일,6:00,8.6
2021,1,상선,서울역,150,평일,6:00,12.9
2021,1,하선,서울역,150,평일,6:00,8.9
2021,1,상선,시청,151,평일,6:00,9.5
2021,1,하선,시청,151,평일,6:00,6.6
2021,1,상선,종각,152,평일,6:00,8.1
2021,1,하선,종각,152,평일,6:00,7.2
2021,1,상선,종로3가,153,평일,6:00,7.9
2021,1,하선,종로3가,153,평일,6:00,7.2
2021,1,상선,종로5가,154,평일,6:00,7.2
2021,1,하선,종로5가,154,평일,6:00,8.0
2021,1,상선,동대문,155,평일,6:00,7.3
2021,1,하선,동대문,155,평일,6:00,12.4
2021,1,상선,신설동,156,평일,6:00,8.4
2021,1,하선,신설동,156,평일,6:00,22.0
2021,1,상선,제기동,157,평일,6:00,7.2
2021,1,하선,제기동,157,평일,6:00,21.3
2021,1,상선,청량리,158,평일,6:00,4.6
2021,1,하선,청량리,158,평일,6:00,20.7
2021,1,상선,동묘앞,159,평일,6:00,9.3
2021,1,하선,동묘앞,159,평일,6:00,12.7
2021,1,상선,서울역,150,토요일,6:00,14.1
2021,1,하선,서울역,150,토요일,6:00,10.9
2021,1,상선,시청,151,토요일,6:00,10.8
2021,1,하선,시청,151,토요일,6:00,10.4
2021,1,상선,종각,152,토요일,6:00,10.8
2021,1,하선,종각,152,토요일,6:00,10.0
2021,1,상선,종로3가,153,토요일,6:00,10.9
2021,1,하선,종로3가,153,토요일,6:00,9.1
2021,1,상선,종로5가,154,토요일,6:00,10.2
2021,1,하선,종로5가,154,토요일,6:00,10.4
2021,1,상선,동대문,155,토요일,6:00,9.9
2021,1,하선,동대문,155,토요일,6:00,12.0
2021,1,상선,신설동,156,토요일,6:00,8.8
2021,1,하선,신설동,156,토요일,6:00,13.2
2021,1,상선,제기동,157,토요일,6:00,8.1
2021,1,하선,제기동,157,토요일,6:00,12.8
2021,1,상선,청량리,158,토요일,6:00,5.8
2021,1,하선,청량리,158,토요일,6:00,12.5
2021,1,상선,동묘앞,159,토요일,6:00,9.4
2021,1,하선,동묘앞,159,토요일,6:00,10.4
2021,1,상선,서울역,150,일요일,6:00,6.2
2021,1,하선,서울역,150,일요일,6:00,5.1
2021,1,상선,시청,151,일요일,6:00,4.6
2021,1,하선,시청,151,일요일,6:00,4.8
2021,1,상선,종각,152,일요일,6:00,4.7
2021,1,하선,종각,152,일요일,6:00,4.5
2021,1,상선,종로3가,153,일요일,6:00,4.6
2021,1,하선,종로3가,153,일요일,6:00,4.1
2021,1,상선,종로5가,154,일요일,6:00,4.4
2021,1,하선,종로5가,154,일요일,6:00,4.5
2021,1,상선,동대문,155,일요일,6:00,4.2
2021,1,하선,동대문,155,일요일,6:00,5.2
2021,1,상선,신설동,156,일요일,6:00,3.6
2021,1,하선,신설동,156,일요일,6:00,5.7
2021,1,상선,제기동,157,일요일,6:00,3.5
2021,1,하선,제기동,157,일요일,6:00,5.5
2021,1,상선,청량리,158,일요일,6:00,2.6
2021,1,하선,청량리,158,일요일,6:00,5.2
2021,1,상선,동묘앞,159,일요일,6:00,3.8
2021,1,하선,동묘앞,159,일요일,6:00,4.7
2022,1,상선,서울역,150,평일,6:00,14.6
2022,1,하선,서울역,150,평일,6:00,8.6
2022,1,상선,시청,151,평일,6:00,10.1
2022,1,하선,시청,151,평일,6:00,6.8
2022,1,상선,종각,152,평일,6:00,10.8
2022,1,하선,종각,152,평일,6:00,7.4
2022,1,상선,종로3가,153,평일,6:00,9.8
2022,1,하선,종로3가,153,평일,6:00,7.3
2022,1,상선,종로5가,154,평일,6:00,7.9
2022,1,하선,종로5가,154,평일,6:00,7.9
2022,1,상선,동대문,155,평일,6:00,8.0
2022,1,하선,동대문,155,평일,6:00,11.6
2022,1,상선,신설동,156,평일,6:00,9.0
2022,1,하선,신설동,156,평일,6:00,14.4
2022,1,상선,제기동,157,평일,6:00,7.7
2022,1,하선,제기동,157,평일,6:00,14.1
2022,1,상선,청량리,158,평일,6:00,4.0
2022,1,하선,청량리,158,평일,6:00,13.7
2022,1,상선,동묘앞,159,평일,6:00,10.1
2022,1,하선,동묘앞,159,평일,6:00,11.7
2022,1,상선,서울역,150,토요일,6:00,15.2
2022,1,하선,서울역,150,토요일,6:00,9.1
2022,1,상선,시청,151,토요일,6:00,11.8
2022,1,하선,시청,151,토요일,6:00,8.3
2022,1,상선,종각,152,토요일,6:00,11.2
2022,1,하선,종각,152,토요일,6:00,9.5
2022,1,상선,종로3가,153,토요일,6:00,12.3
2022,1,하선,종로3가,153,토요일,6:00,8.8
2022,1,상선,종로5가,154,토요일,6:00,11.3
2022,1,하선,종로5가,154,토요일,6:00,9.8
2022,1,상선,동대문,155,토요일,6:00,10.8
2022,1,하선,동대문,155,토요일,6:00,11.1
2022,1,상선,신설동,156,토요일,6:00,9.6
2022,1,하선,신설동,156,토요일,6:00,14.5
2022,1,상선,제기동,157,토요일,6:00,9.0
2022,1,하선,제기동,157,토요일,6:00,14.3
2022,1,상선,청량리,158,토요일,6:00,5.6
2022,1,하선,청량리,158,토요일,6:00,14.0
2022,1,상선,동묘앞,159,토요일,6:00,10.6
2022,1,하선,동묘앞,159,토요일,6:00,10.8
2022,1,상선,서울역,150,일요일,6:00,6.9
2022,1,하선,서울역,150,일요일,6:00,4.6
2022,1,상선,시청,151,일요일,6:00,5.1
2022,1,하선,시청,151,일요일,6:00,4.5
2022,1,상선,종각,152,일요일,6:00,5.0
2022,1,하선,종각,152,일요일,6:00,5.0
2022,1,상선,종로3가,153,일요일,6:00,5.2
2022,1,하선,종로3가,153,일요일,6:00,4.8
2022,1,상선,종로5가,154,일요일,6:00,4.9
2022,1,하선,종로5가,154,일요일,6:00,5.1
2022,1,상선,동대문,155,일요일,6:00,4.8
2022,1,하선,동대문,155,일요일,6:00,5.7
2022,1,상선,신설동,156,일요일,6:00,4.5
2022,1,하선,신설동,156,일요일,6:00,8.0
2022,1,상선,제기동,157,일요일,6:00,4.2
2022,1,하선,제기동,157,일요일,6:00,7.9
2022,1,상선,청량리,158,일요일,6:00,3.8
2022,1,하선,청량리,158,일요일,6:00,8.0
2022,1,상선,동묘앞,159,일요일,6:00,4.7
2022,1,하선,동묘앞,159,일요일,6:00,5.9
2023,1,상선,서울역,150,평일,6:00,18.1
2023,1,하선,서울역,150,평일,6:00,11.0
2023,1,상선,시청,151,평일,6:00,15.4
2023,1,하선,시청,151,평일,6:00,9.1
2023,1,상선,종각,152,평일,6:00,14.4
2023,1,하선,종각,152,평일,6:00,9.6
2023,1,상선,종로3가,153,평일,6:00,13.8
2023,1,하선,종로3가,153,평일,6:00,9.1
2023,1,상선,종로5가,154,평일,6:00,12.8
2023,1,하선,종로5가,154,평일,6:00,9.8
2023,1,상선,동대문,155,평일,6:00,12.7
2023,1,하선,동대문,155,평일,6:00,14.0
2023,1,상선,신설동,156,평일,6:00,12.5
2023,1,하선,신설동,156,평일,6:00,20.1
2023,1,상선,제기동,157,평일,6:00,10.1
2023,1,하선,제기동,157,평일,6:00,19.1
2023,1,상선,청량리,158,평일,6:00,6.0
2023,1,하선,청량리,158,평일,6:00,18.1
2023,1,상선,동묘앞,159,평일,6:00,13.3
2023,1,하선,동묘앞,159,평일,6:00,14.4
2023,1,상선,서울역,150,토요일,6:00,15.6
2023,1,하선,서울역,150,토요일,6:00,11.4
2023,1,상선,시청,151,토요일,6:00,11.4
2023,1,하선,시청,151,토요일,6:00,10.4
2023,1,상선,종각,152,토요일,6:00,11.2
2023,1,하선,종각,152,토요일,6:00,11.5
2023,1,상선,종로3가,153,토요일,6:00,13.1
2023,1,하선,종로3가,153,토요일,6:00,11.6
2023,1,상선,종로5가,154,토요일,6:00,12.5
2023,1,하선,종로5가,154,토요일,6:00,12.6
2023,1,상선,동대문,155,토요일,6:00,11.9
2023,1,하선,동대문,155,토요일,6:00,14.8
2023,1,상선,신설동,156,토요일,6:00,10.9
2023,1,하선,신설동,156,토요일,6:00,20.9
2023,1,상선,제기동,157,토요일,6:00,10.3
2023,1,하선,제기동,157,토요일,6:00,19.5
2023,1,상선,청량리,158,토요일,6:00,6.2
2023,1,하선,청량리,158,토요일,6:00,19.5
2023,1,상선,동묘앞,159,토요일,6:00,11.3
2023,1,하선,동묘앞,159,토요일,6:00,14.5
2023,1,상선,서울역,150,공휴일,6:00,7.4
2023,1,하선,서울역,150,공휴일,6:00,6.1
2023,1,상선,시청,151,공휴일,6:00,5.6
2023,1,하선,시청,151,공휴일,6:00,5.4
2023,1,상선,종각,152,공휴일,6:00,5.1
2023,1,하선,종각,152,공휴일,6:00,5.2
2023,1,상선,종로3가,153,공휴일,6:00,4.8
2023,1,하선,종로3가,153,공휴일,6:00,5.7
2023,1,상선,종로5가,154,공휴일,6:00,4.8
2023,1,하선,종로5가,154,공휴일,6:00,6.0
2023,1,상선,동대문,155,공휴일,6:00,4.9
2023,1,하선,동대문,155,공휴일,6:00,6.3
2023,1,상선,신설동,156,공휴일,6:00,4.8
2023,1,하선,신설동,156,공휴일,6:00,11.1
2023,1,상선,제기동,157,공휴일,6:00,4.6
2023,1,하선,제기동,157,공휴일,6:00,10.4
2023,1,상선,청량리,158,공휴일,6:00,3.8
2023,1,하선,청량리,158,공휴일,6:00,10.7
2023,1,상선,동묘앞,159,공휴일,6:00,5.1
2023,1,하선,동묘앞,159,공휴일,6:00,6.5
202403,1,상선,청량리,158,평일,6:00,7.5
202403,1,하선,청량리,158,평일,6:00,18.1
202403,1,상선,제기동,157,평일,6:00,9.2
202403,1,하선,제기동,157,평일,6:00,19.0
202403,1,상선,신설동,156,평일,6:00,11.4
202403,1,하선,신설동,156,평일,6:00,20.6
202403,1,상선,동묘앞,159,평일,6:00,12.1
202403,1,하선,동묘앞,159,평일,6:00,15.1
202403,1,상선,동대문,155,평일,6:00,11.0
202403,1,하선,동대문,155,평일,6:00,15.4
202403,1,상선,종로5가,154,평일,6:00,11.0
202403,1,하선,종로5가,154,평일,6:00,11.0
202403,1,상선,종로3가,153,평일,6:00,12.2
202403,1,하선,종로3가,153,평일,6:00,10.4
202403,1,상선,종각,152,평일,6:00,12.7
202403,1,하선,종각,152,평일,6:00,10.7
202403,1,상선,시청,151,평일,6:00,14.5
202403,1,하선,시청,151,평일,6:00,10.1
202403,1,상선,서울역,150,평일,6:00,17.7
202403,1,하선,서울역,150,평일,6:00,11.6
202403,1,상선,청량리,158,토요일,6:00,7.9
202403,1,하선,청량리,158,토요일,6:00,17.3
202403,1,상선,제기동,157,토요일,6:00,9.9
202403,1,하선,제기동,157,토요일,6:00,17.6
202403,1,상선,신설동,156,토요일,6:00,10.7
202403,1,하선,신설동,156,토요일,6:00,18.9
202403,1,상선,동묘앞,159,토요일,6:00,11.1
202403,1,하선,동묘앞,159,토요일,6:00,14.1
202403,1,상선,동대문,155,토요일,6:00,11.2
202403,1,하선,동대문,155,토요일,6:00,14.1
202403,1,상선,종로5가,154,토요일,6:00,11.4
202403,1,하선,종로5가,154,토요일,6:00,12.5
202403,1,상선,종로3가,153,토요일,6:00,11.9
202403,1,하선,종로3가,153,토요일,6:00,11.6
202403,1,상선,종각,152,토요일,6:00,11.0
202403,1,하선,종각,152,토요일,6:00,12.2
202403,1,상선,시청,151,토요일,6:00,11.7
202403,1,하선,시청,151,토요일,6:00,11.8
202403,1,상선,서울역,150,토요일,6:00,15.4
202403,1,하선,서울역,150,토요일,6:00,11.5
202403,1,상선,청량리,158,일요일,6:00,4.2
202403,1,하선,청량리,158,일요일,6:00,9.7
202403,1,상선,제기동,157,일요일,6:00,5.2
202403,1,하선,제기동,157,일요일,6:00,10.1
202403,1,상선,신설동,156,일요일,6:00,5.4
202403,1,하선,신설동,156,일요일,6:00,10.7
202403,1,상선,동묘앞,159,일요일,6:00,5.8
202403,1,하선,동묘앞,159,일요일,6:00,7.5
202403,1,상선,동대문,155,일요일,6:00,6.0
202403,1,하선,동대문,155,일요일,6:00,7.8
202403,1,상선,종로5가,154,일요일,6:00,6.2
202403,1,하선,종로5가,154,일요일,6:00,7.1
202403,1,상선,종로3가,153,일요일,6:00,6.3
202403,1,하선,종로3가,153,일요일,6:00,6.8
202403,1,상선,종각,152,일요일,6:00,6.3
202403,1,하선,종각,152,일요일,6:00,6.9
202403,1,상선,시청,151,일요일,6:00,6.8
202403,1,하선,시청,151,일요일,6:00,6.8
202403,1,상선,서울역,150,일요일,6:00,9.5
202403,1,하선,서울역,150,일요일,6:00,6.3
202406,1,상선,청량리,158,평일,6:00,8.1
202406,1,하선,청량리,158,평일,6:00,18.6
202406,1,상선,제기동,157,평일,6:00,9.3
202406,1,하선,제기동,157,평일,6:00,19.7
202406,1,상선,신설동,156,평일,6:00,11.5
202406,1,하선,신설동,156,평일,6:00,21.0
202406,1,상선,동묘앞,159,평일,6:00,12.5
202406,1,하선,동묘앞,159,평일,6:00,17.7
202406,1,상선,동대문,155,평일,6:00,11.9
202406,1,하선,동대문,155,평일,6:00,17.9
202406,1,상선,종로5가,154,평일,6:00,12.0
202406,1,하선,종로5가,154,평일,6:00,16.7
202406,1,상선,종로3가,153,평일,6:00,12.9
202406,1,하선,종로3가,153,평일,6:00,12.1
202406,1,상선,종각,152,평일,6:00,11.7
202406,1,하선,종각,152,평일,6:00,11.0
202406,1,상선,시청,151,평일,6:00,13.3
202406,1,하선,시청,151,평일,6:00,9.9
202406,1,상선,서울역,150,평일,6:00,18.9
202406,1,하선,서울역,150,평일,6:00,10.7
202406,1,상선,청량리,158,토요일,6:00,9.4
202406,1,하선,청량리,158,토요일,6:00,16.2
202406,1,상선,제기동,157,토요일,6:00,11.2
202406,1,하선,제기동,157,토요일,6:00,16.4
202406,1,상선,신설동,156,토요일,6:00,11.7
202406,1,하선,신설동,156,토요일,6:00,17.8
202406,1,상선,동묘앞,159,토요일,6:00,14.6
202406,1,하선,동묘앞,159,토요일,6:00,13.1
202406,1,상선,동대문,155,토요일,6:00,14.6
202406,1,하선,동대문,155,토요일,6:00,12.9
202406,1,상선,종로5가,154,토요일,6:00,16.7
202406,1,하선,종로5가,154,토요일,6:00,13.2
202406,1,상선,종로3가,153,토요일,6:00,17.8
202406,1,하선,종로3가,153,토요일,6:00,11.5
202406,1,상선,종각,152,토요일,6:00,16.6
202406,1,하선,종각,152,토요일,6:00,12.0
202406,1,상선,시청,151,토요일,6:00,16.2
202406,1,하선,시청,151,토요일,6:00,11.1
202406,1,상선,서울역,150,토요일,6:00,17.5
202406,1,하선,서울역,150,토요일,6:00,10.1
202406,1,상선,청량리,158,일요일,6:00,4.0
202406,1,하선,청량리,158,일요일,6:00,10.3
202406,1,상선,제기동,157,일요일,6:00,5.2
202406,1,하선,제기동,157,일요일,6:00,10.4
202406,1,상선,신설동,156,일요일,6:00,5.5
202406,1,하선,신설동,156,일요일,6:00,11.0
202406,1,상선,동묘앞,159,일요일,6:00,6.8
202406,1,하선,동묘앞,159,일요일,6:00,7.2
202406,1,상선,동대문,155,일요일,6:00,6.9
202406,1,하선,동대문,155,일요일,6:00,7.1
202406,1,상선,종로5가,154,일요일,6:00,8.6
202406,1,하선,종로5가,154,일요일,6:00,7.6
202406,1,상선,종로3가,153,일요일,6:00,9.1
202406,1,하선,종로3가,153,일요일,6:00,7.0
202406,1,상선,종각,152,일요일,6:00,8.7
202406,1,하선,종각,152,일요일,6:00,8.0
202406,1,상선,시청,151,일요일,6:00,8.4
202406,1,하선,시청,151,일요일,6:00,7.8
202406,1,상선,서울역,150,일요일,6:00,8.8
202406,1,하선,서울역,150,일요일,6:00,7.0
2020,1,상선,서울역,150,평일,6:30,21.5
2020,1,하선,서울역,150,평일,6:30,12.2
2020,1,상선,시청,151,평일,6:30,19.6
2020,1,하선,시청,151,평일,6:30,11.6
2020,1,상선,종각,152,평일,6:30,15.5
2020,1,하선,종각,152,평일,6:30,12.8
2020,1,상선,종로3가,153,평일,6:30,14.4
2020,1,하선,종로3가,153,평일,6:30,15.9
2020,1,상선,종로5가,154,평일,6:30,12.4
2020,1,하선,종로5가,154,평일,6:30,17.1
2020,1,상선,동대문,155,평일,6:30,12.0
2020,1,하선,동대문,155,평일,6:30,18.1
2020,1,상선,신설동,156,평일,6:30,9.1
2020,1,하선,신설동,156,평일,6:30,21.6
2020,1,상선,제기동,157,평일,6:30,7.2
2020,1,하선,제기동,157,평일,6:30,20.1
2020,1,상선,청량리,158,평일,6:30,6.0
2020,1,하선,청량리,158,평일,6:30,19.5
2020,1,상선,동묘앞,159,평일,6:30,10.1
2020,1,하선,동묘앞,159,평일,6:30,18.3
2020,1,상선,서울역,150,토요일,6:30,15.6
2020,1,하선,서울역,150,토요일,6:30,9.7
2020,1,상선,시청,151,토요일,6:30,14.2
2020,1,하선,시청,151,토요일,6:30,9.2
2020,1,상선,종각,152,토요일,6:30,11.4
2020,1,하선,종각,152,토요일,6:30,11.8
2020,1,상선,종로3가,153,토요일,6:30,12.2
2020,1,하선,종로3가,153,토요일,6:30,12.8
2020,1,상선,종로5가,154,토요일,6:30,11.2
2020,1,하선,종로5가,154,토요일,6:30,13.9
2020,1,상선,동대문,155,토요일,6:30,10.9
2020,1,하선,동대문,155,토요일,6:30,15.4
2020,1,상선,신설동,156,토요일,6:30,10.5
2020,1,하선,신설동,156,토요일,6:30,16.9
2020,1,상선,제기동,157,토요일,6:30,9.2
2020,1,하선,제기동,157,토요일,6:30,15.2
2020,1,상선,청량리,158,토요일,6:30,5.5
2020,1,하선,청량리,158,토요일,6:30,16.6
2020,1,상선,동묘앞,159,토요일,6:30,10.9
2020,1,하선,동묘앞,159,토요일,6:30,15.2
2020,1,상선,서울역,150,일요일,6:30,8.5
2020,1,하선,서울역,150,일요일,6:30,5.5
2020,1,상선,시청,151,일요일,6:30,8.1
2020,1,하선,시청,151,일요일,6:30,5.7
2020,1,상선,종각,152,일요일,6:30,6.7
2020,1,하선,종각,152,일요일,6:30,6.6
2020,1,상선,종로3가,153,일요일,6:30,7.1
2020,1,하선,종로3가,153,일요일,6:30,7.3
2020,1,상선,종로5가,154,일요일,6:30,6.9
2020,1,하선,종로5가,154,일요일,6:30,7.7
2020,1,상선,동대문,155,일요일,6:30,6.9
2020,1,하선,동대문,155,일요일,6:30,7.7
2020,1,상선,신설동,156,일요일,6:30,6.6
2020,1,하선,신설동,156,일요일,6:30,8.7
2020,1,상선,제기동,157,일요일,6:30,5.9
2020,1,하선,제기동,157,일요일,6:30,8.5
2020,1,상선,청량리,158,일요일,6:30,3.3
2020,1,하선,청량리,158,일요일,6:30,9.8
2020,1,상선,동묘앞,159,일요일,6:30,7.0
2020,1,하선,동묘앞,159,일요일,6:30,7.8
2021,1,상선,서울역,150,평일,6:30,13.9
2021,1,하선,서울역,150,평일,6:30,10.6
2021,1,상선,시청,151,평일,6:30,13.2
2021,1,하선,시청,151,평일,6:30,10.8
2021,1,상선,종각,152,평일,6:30,10.0
2021,1,하선,종각,152,평일,6:30,11.5
2021,1,상선,종로3가,153,평일,6:30,9.7
2021,1,하선,종로3가,153,평일,6:30,15.2
2021,1,상선,종로5가,154,평일,6:30,7.5
2021,1,하선,종로5가,154,평일,6:30,17.7
2021,1,상선,동대문,155,평일,6:30,7.2
2021,1,하선,동대문,155,평일,6:30,16.2
2021,1,상선,신설동,156,평일,6:30,5.4
2021,1,하선,신설동,156,평일,6:30,20.4
2021,1,상선,제기동,157,평일,6:30,4.8
2021,1,하선,제기동,157,평일,6:30,18.2
2021,1,상선,청량리,158,평일,6:30,3.2
2021,1,하선,청량리,158,평일,6:30,19.6
2021,1,상선,동묘앞,159,평일,6:30,5.9
2021,1,하선,동묘앞,159,평일,6:30,16.3
2021,1,상선,서울역,150,토요일,6:30,10.5
2021,1,하선,서울역,150,토요일,6:30,6.1
2021,1,상선,시청,151,토요일,6:30,10.5
2021,1,하선,시청,151,토요일,6:30,6.0
2021,1,상선,종각,152,토요일,6:30,9.9
2021,1,하선,종각,152,토요일,6:30,6.4
2021,1,상선,종로3가,153,토요일,6:30,10.2
2021,1,하선,종로3가,153,토요일,6:30,7.5
2021,1,상선,종로5가,154,토요일,6:30,9.0
2021,1,하선,종로5가,154,토요일,6:30,9.0
2021,1,상선,동대문,155,토요일,6:30,8.7
2021,1,하선,동대문,155,토요일,6:30,8.0
2021,1,상선,신설동,156,토요일,6:30,7.9
2021,1,하선,신설동,156,토요일,6:30,10.5
2021,1,상선,제기동,157,토요일,6:30,7.1
2021,1,하선,제기동,157,토요일,6:30,8.8
2021,1,상선,청량리,158,토요일,6:30,3.7
2021,1,하선,청량리,158,토요일,6:30,8.8
2021,1,상선,동묘앞,159,토요일,6:30,8.6
2021,1,하선,동묘앞,159,토요일,6:30,8.4
2021,1,상선,서울역,150,일요일,6:30,5.3
2021,1,하선,서울역,150,일요일,6:30,3.1
2021,1,상선,시청,151,일요일,6:30,5.3
2021,1,하선,시청,151,일요일,6:30,2.9
2021,1,상선,종각,152,일요일,6:30,5.1
2021,1,하선,종각,152,일요일,6:30,3.1
2021,1,상선,종로3가,153,일요일,6:30,5.3
2021,1,하선,종로3가,153,일요일,6:30,3.6
2021,1,상선,종로5가,154,일요일,6:30,5.1
2021,1,하선,종로5가,154,일요일,6:30,4.2
2021,1,상선,동대문,155,일요일,6:30,5.4
2021,1,하선,동대문,155,일요일,6:30,3.7
2021,1,상선,신설동,156,일요일,6:30,4.7
2021,1,하선,신설동,156,일요일,6:30,4.8
2021,1,상선,제기동,157,일요일,6:30,4.1
2021,1,하선,제기동,157,일요일,6:30,4.2
2021,1,상선,청량리,158,일요일,6:30,2.4
2021,1,하선,청량리,158,일요일,6:30,4.6
2021,1,상선,동묘앞,159,일요일,6:30,4.8
2021,1,하선,동묘앞,159,일요일,6:30,3.7
2022,1,상선,서울역,150,평일,6:30,13.4
2022,1,하선,서울역,150,평일,6:30,9.3
2022,1,상선,시청,151,평일,6:30,13.0
2022,1,하선,시청,151,평일,6:30,10.2
2022,1,상선,종각,152,평일,6:30,9.3
2022,1,하선,종각,152,평일,6:30,10.9
2022,1,상선,종로3가,153,평일,6:30,9.0
2022,1,하선,종로3가,153,평일,6:30,14.0
2022,1,상선,종로5가,154,평일,6:30,7.4
2022,1,하선,종로5가,154,평일,6:30,16.4
2022,1,상선,동대문,155,평일,6:30,6.9
2022,1,하선,동대문,155,평일,6:30,15.0
2022,1,상선,신설동,156,평일,6:30,5.0
2022,1,하선,신설동,156,평일,6:30,24.0
2022,1,상선,제기동,157,평일,6:30,4.5
2022,1,하선,제기동,157,평일,6:30,21.1
2022,1,상선,청량리,158,평일,6:30,3.3
2022,1,하선,청량리,158,평일,6:30,22.5
2022,1,상선,동묘앞,159,평일,6:30,5.6
2022,1,하선,동묘앞,159,평일,6:30,16.1
2022,1,상선,서울역,150,토요일,6:30,12.0
2022,1,하선,서울역,150,토요일,6:30,6.4
2022,1,상선,시청,151,토요일,6:30,11.1
2022,1,하선,시청,151,토요일,6:30,6.7
2022,1,상선,종각,152,토요일,6:30,10.1
2022,1,하선,종각,152,토요일,6:30,7.2
2022,1,상선,종로3가,153,토요일,6:30,10.3
2022,1,하선,종로3가,153,토요일,6:30,8.8
2022,1,상선,종로5가,154,토요일,6:30,9.0
2022,1,하선,종로5가,154,토요일,6:30,9.5
2022,1,상선,동대문,155,토요일,6:30,9.1
2022,1,하선,동대문,155,토요일,6:30,8.5
2022,1,상선,신설동,156,토요일,6:30,8.0
2022,1,하선,신설동,156,토요일,6:30,10.6
2022,1,상선,제기동,157,토요일,6:30,6.8
2022,1,하선,제기동,157,토요일,6:30,9.2
2022,1,상선,청량리,158,토요일,6:30,3.8
2022,1,하선,청량리,158,토요일,6:30,8.8
2022,1,상선,동묘앞,159,토요일,6:30,8.5
2022,1,하선,동묘앞,159,토요일,6:30,9.2
2022,1,상선,서울역,150,일요일,6:30,6.8
2022,1,하선,서울역,150,일요일,6:30,3.5
2022,1,상선,시청,151,일요일,6:30,6.3
2022,1,하선,시청,151,일요일,6:30,3.7
2022,1,상선,종각,152,일요일,6:30,5.6
2022,1,하선,종각,152,일요일,6:30,4.0
2022,1,상선,종로3가,153,일요일,6:30,5.7
2022,1,하선,종로3가,153,일요일,6:30,4.6
2022,1,상선,종로5가,154,일요일,6:30,5.5
2022,1,하선,종로5가,154,일요일,6:30,5.2
2022,1,상선,동대문,155,일요일,6:30,5.3
2022,1,하선,동대문,155,일요일,6:30,4.5
2022,1,상선,신설동,156,일요일,6:30,4.6
2022,1,하선,신설동,156,일요일,6:30,5.3
2022,1,상선,제기동,157,일요일,6:30,4.2
2022,1,하선,제기동,157,일요일,6:30,4.8
2022,1,상선,청량리,158,일요일,6:30,2.5
2022,1,하선,청량리,158,일요일,6:30,4.5
2022,1,상선,동묘앞,159,일요일,6:30,4.9
2022,1,하선,동묘앞,159,일요일,6:30,4.8
2023,1,상선,서울역,150,평일,6:30,18.1
2023,1,하선,서울역,150,평일,6:30,13.2
2023,1,상선,시청,151,평일,6:30,14.7
2023,1,하선,시청,151,평일,6:30,14.6
2023,1,상선,종각,152,평일,6:30,10.7
2023,1,하선,종각,152,평일,6:30,15.6
2023,1,상선,종로3가,153,평일,6:30,10.6
2023,1,하선,종로3가,153,평일,6:30,19.6
2023,1,상선,종로5가,154,평일,6:30,8.7
2023,1,하선,종로5가,154,평일,6:30,21.4
2023,1,상선,동대문,155,평일,6:30,8.5
2023,1,하선,동대문,155,평일,6:30,19.8
2023,1,상선,신설동,156,평일,6:30,7.5
2023,1,하선,신설동,156,평일,6:30,28.4
2023,1,상선,제기동,157,평일,6:30,6.8
2023,1,하선,제기동,157,평일,6:30,24.6
2023,1,상선,청량리,158,평일,6:30,4.8
2023,1,하선,청량리,158,평일,6:30,27.1
2023,1,상선,동묘앞,159,평일,6:30,7.8
2023,1,하선,동묘앞,159,평일,6:30,20.8
2023,1,상선,서울역,150,토요일,6:30,15.4
2023,1,하선,서울역,150,토요일,6:30,8.3
2023,1,상선,시청,151,토요일,6:30,14.6
2023,1,하선,시청,151,토요일,6:30,9.2
2023,1,상선,종각,152,토요일,6:30,12.8
2023,1,하선,종각,152,토요일,6:30,9.8
2023,1,상선,종로3가,153,토요일,6:30,11.9
2023,1,하선,종로3가,153,토요일,6:30,10.0
2023,1,상선,종로5가,154,토요일,6:30,10.9
2023,1,하선,종로5가,154,토요일,6:30,11.4
2023,1,상선,동대문,155,토요일,6:30,11.0
2023,1,하선,동대문,155,토요일,6:30,9.6
2023,1,상선,신설동,156,토요일,6:30,10.2
2023,1,하선,신설동,156,토요일,6:30,11.1
2023,1,상선,제기동,157,토요일,6:30,8.6
2023,1,하선,제기동,157,토요일,6:30,10.4
2023,1,상선,청량리,158,토요일,6:30,4.1
2023,1,하선,청량리,158,토요일,6:30,9.8
2023,1,상선,동묘앞,159,토요일,6:30,10.6
2023,1,하선,동묘앞,159,토요일,6:30,10.8
2023,1,상선,서울역,150,공휴일,6:30,9.3
2023,1,하선,서울역,150,공휴일,6:30,4.5
2023,1,상선,시청,151,공휴일,6:30,8.6
2023,1,하선,시청,151,공휴일,6:30,5.2
2023,1,상선,종각,152,공휴일,6:30,7.4
2023,1,하선,종각,152,공휴일,6:30,5.7
2023,1,상선,종로3가,153,공휴일,6:30,8.6
2023,1,하선,종로3가,153,공휴일,6:30,6.0
2023,1,상선,종로5가,154,공휴일,6:30,8.1
2023,1,하선,종로5가,154,공휴일,6:30,6.7
2023,1,상선,동대문,155,공휴일,6:30,8.2
2023,1,하선,동대문,155,공휴일,6:30,6.6
2023,1,상선,신설동,156,공휴일,6:30,6.4
2023,1,하선,신설동,156,공휴일,6:30,7.2
2023,1,상선,제기동,157,공휴일,6:30,4.8
2023,1,하선,제기동,157,공휴일,6:30,6.3
2023,1,상선,청량리,158,공휴일,6:30,2.9
2023,1,하선,청량리,158,공휴일,6:30,6.0
2023,1,상선,동묘앞,159,공휴일,6:30,6.6
2023,1,하선,동묘앞,159,공휴일,6:30,7.2
202403,1,상선,청량리,158,평일,6:30,4.9
202403,1,하선,청량리,158,평일,6:30,26.8
202403,1,상선,제기동,157,평일,6:30,6.0
202403,1,하선,제기동,157,평일,6:30,27.6
202403,1,상선,신설동,156,평일,6:30,6.5
202403,1,하선,신설동,156,평일,6:30,31.6
202403,1,상선,동묘앞,159,평일,6:30,7.0
202403,1,하선,동묘앞,159,평일,6:30,22.7
202403,1,상선,동대문,155,평일,6:30,7.9
202403,1,하선,동대문,155,평일,6:30,20.8
202403,1,상선,종로5가,154,평일,6:30,8.1
202403,1,하선,종로5가,154,평일,6:30,22.3
202403,1,상선,종로3가,153,평일,6:30,10.5
202403,1,하선,종로3가,153,평일,6:30,20.0
202403,1,상선,종각,152,평일,6:30,10.5
202403,1,하선,종각,152,평일,6:30,15.5
202403,1,상선,시청,151,평일,6:30,15.1
202403,1,하선,시청,151,평일,6:30,14.8
202403,1,상선,서울역,150,평일,6:30,18.4
202403,1,하선,서울역,150,평일,6:30,13.2
202403,1,상선,청량리,158,토요일,6:30,4.5
202403,1,하선,청량리,158,토요일,6:30,9.9
202403,1,상선,제기동,157,토요일,6:30,7.1
202403,1,하선,제기동,157,토요일,6:30,10.2
202403,1,상선,신설동,156,토요일,6:30,8.9
202403,1,하선,신설동,156,토요일,6:30,12.4
202403,1,상선,동묘앞,159,토요일,6:30,9.3
202403,1,하선,동묘앞,159,토요일,6:30,11.3
202403,1,상선,동대문,155,토요일,6:30,10.3
202403,1,하선,동대문,155,토요일,6:30,9.6
202403,1,상선,종로5가,154,토요일,6:30,9.8
202403,1,하선,종로5가,154,토요일,6:30,11.3
202403,1,상선,종로3가,153,토요일,6:30,10.8
202403,1,하선,종로3가,153,토요일,6:30,10.6
202403,1,상선,종각,152,토요일,6:30,9.9
202403,1,하선,종각,152,토요일,6:30,10.0
202403,1,상선,시청,151,토요일,6:30,11.7
202403,1,하선,시청,151,토요일,6:30,9.8
202403,1,상선,서울역,150,토요일,6:30,12.9
202403,1,하선,서울역,150,토요일,6:30,8.3
202403,1,상선,청량리,158,일요일,6:30,3.0
202403,1,하선,청량리,158,일요일,6:30,6.1
202403,1,상선,제기동,157,일요일,6:30,5.0
202403,1,하선,제기동,157,일요일,6:30,6.5
202403,1,상선,신설동,156,일요일,6:30,5.8
202403,1,하선,신설동,156,일요일,6:30,7.9
202403,1,상선,동묘앞,159,일요일,6:30,6.1
202403,1,하선,동묘앞,159,일요일,6:30,6.7
202403,1,상선,동대문,155,일요일,6:30,6.5
202403,1,하선,동대문,155,일요일,6:30,5.8
202403,1,상선,종로5가,154,일요일,6:30,6.4
202403,1,하선,종로5가,154,일요일,6:30,6.7
202403,1,상선,종로3가,153,일요일,6:30,6.8
202403,1,하선,종로3가,153,일요일,6:30,6.2
202403,1,상선,종각,152,일요일,6:30,6.6
202403,1,하선,종각,152,일요일,6:30,5.7
202403,1,상선,시청,151,일요일,6:30,7.5
202403,1,하선,시청,151,일요일,6:30,5.9
202403,1,상선,서울역,150,일요일,6:30,7.9
202403,1,하선,서울역,150,일요일,6:30,4.6
202406,1,상선,청량리,158,평일,6:30,4.4
202406,1,하선,청량리,158,평일,6:30,27.4
202406,1,상선,제기동,157,평일,6:30,6.7
202406,1,하선,제기동,157,평일,6:30,28.4
202406,1,상선,신설동,156,평일,6:30,7.3
202406,1,하선,신설동,156,평일,6:30,32.3
202406,1,상선,동묘앞,159,평일,6:30,7.4
202406,1,하선,동묘앞,159,평일,6:30,23.5
202406,1,상선,동대문,155,평일,6:30,8.0
202406,1,하선,동대문,155,평일,6:30,21.6
202406,1,상선,종로5가,154,평일,6:30,8.2
202406,1,하선,종로5가,154,평일,6:30,20.7
202406,1,상선,종로3가,153,평일,6:30,10.8
202406,1,하선,종로3가,153,평일,6:30,21.3
202406,1,상선,종각,152,평일,6:30,10.6
202406,1,하선,종각,152,평일,6:30,18.0
202406,1,상선,시청,151,평일,6:30,16.9
202406,1,하선,시청,151,평일,6:30,17.7
202406,1,상선,서울역,150,평일,6:30,19.8
202406,1,하선,서울역,150,평일,6:30,15.7
202406,1,상선,청량리,158,토요일,6:30,4.8
202406,1,하선,청량리,158,토요일,6:30,9.6
202406,1,상선,제기동,157,토요일,6:30,8.0
202406,1,하선,제기동,157,토요일,6:30,9.8
202406,1,상선,신설동,156,토요일,6:30,9.2
202406,1,하선,신설동,156,토요일,6:30,12.0
202406,1,상선,동묘앞,159,토요일,6:30,9.6
202406,1,하선,동묘앞,159,토요일,6:30,10.8
202406,1,상선,동대문,155,토요일,6:30,10.2
202406,1,하선,동대문,155,토요일,6:30,10.6
202406,1,상선,종로5가,154,토요일,6:30,9.3
202406,1,하선,종로5가,154,토요일,6:30,8.7
202406,1,상선,종로3가,153,토요일,6:30,10.3
202406,1,하선,종로3가,153,토요일,6:30,9.3
202406,1,상선,종각,152,토요일,6:30,9.7
202406,1,하선,종각,152,토요일,6:30,8.4
202406,1,상선,시청,151,토요일,6:30,11.6
202406,1,하선,시청,151,토요일,6:30,8.3
202406,1,상선,서울역,150,토요일,6:30,12.9
202406,1,하선,서울역,150,토요일,6:30,7.3
202406,1,상선,청량리,158,일요일,6:30,3.4
202406,1,하선,청량리,158,일요일,6:30,6.2
202406,1,상선,제기동,157,일요일,6:30,5.4
202406,1,하선,제기동,157,일요일,6:30,6.5
202406,1,상선,신설동,156,일요일,6:30,6.8
202406,1,하선,신설동,156,일요일,6:30,7.8
202406,1,상선,동묘앞,159,일요일,6:30,7.2
202406,1,하선,동묘앞,159,일요일,6:30,6.9
202406,1,상선,동대문,155,일요일,6:30,7.6
202406,1,하선,동대문,155,일요일,6:30,6.8
202406,1,상선,종로5가,154,일요일,6:30,6.9
202406,1,하선,종로5가,154,일요일,6:30,5.7
202406,1,상선,종로3가,153,일요일,6:30,7.2
202406,1,하선,종로3가,153,일요일,6:30,5.8
202406,1,상선,종각,152,일요일,6:30,6.6
202406,1,하선,종각,152,일요일,6:30,5.3
202406,1,상선,시청,151,일요일,6:30,7.6
202406,1,하선,시청,151,일요일,6:30,5.4
202406,1,상선,서울역,150,일요일,6:30,8.0
202406,1,하선,서울역,150,일요일,6:30,4.7
2020,1,상선,서울역,150,평일,7:00,28.4
2020,1,하선,서울역,150,평일,7:00,17.8
2020,1,상선,시청,151,평일,7:00,24.4
2020,1,하선,시청,151,평일,7:00,16.7
2020,1,상선,종각,152,평일,7:00,16.6
2020,1,하선,종각,152,평일,7:00,19.3
2020,1,상선,종로3가,153,평일,7:00,16.3
2020,1,하선,종로3가,153,평일,7:00,23.1
2020,1,상선,종로5가,154,평일,7:00,12.4
2020,1,하선,종로5가,154,평일,7:00,27.4
2020,1,상선,동대문,155,평일,7:00,11.0
2020,1,하선,동대문,155,평일,7:00,30.8
2020,1,상선,신설동,156,평일,7:00,8.5
2020,1,하선,신설동,156,평일,7:00,32.4
2020,1,상선,제기동,157,평일,7:00,8.7
2020,1,하선,제기동,157,평일,7:00,30.2
2020,1,상선,청량리,158,평일,7:00,6.2
2020,1,하선,청량리,158,평일,7:00,33.4
2020,1,상선,동묘앞,159,평일,7:00,9.6
2020,1,하선,동묘앞,159,평일,7:00,34.8
2020,1,상선,서울역,150,토요일,7:00,14.4
2020,1,하선,서울역,150,토요일,7:00,13.8
2020,1,상선,시청,151,토요일,7:00,12.0
2020,1,하선,시청,151,토요일,7:00,13.4
2020,1,상선,종각,152,토요일,7:00,10.9
2020,1,하선,종각,152,토요일,7:00,13.3
2020,1,상선,종로3가,153,토요일,7:00,12.3
2020,1,하선,종로3가,153,토요일,7:00,13.5
2020,1,상선,종로5가,154,토요일,7:00,11.6
2020,1,하선,종로5가,154,토요일,7:00,14.8
2020,1,상선,동대문,155,토요일,7:00,11.0
2020,1,하선,동대문,155,토요일,7:00,14.5
2020,1,상선,신설동,156,토요일,7:00,9.6
2020,1,하선,신설동,156,토요일,7:00,13.9
2020,1,상선,제기동,157,토요일,7:00,7.8
2020,1,하선,제기동,157,토요일,7:00,13.3
2020,1,상선,청량리,158,토요일,7:00,7.4
2020,1,하선,청량리,158,토요일,7:00,13.8
2020,1,상선,동묘앞,159,토요일,7:00,10.0
2020,1,하선,동묘앞,159,토요일,7:00,15.0
2020,1,상선,서울역,150,일요일,7:00,7.9
2020,1,하선,서울역,150,일요일,7:00,7.1
2020,1,상선,시청,151,일요일,7:00,7.7
2020,1,하선,시청,151,일요일,7:00,7.0
2020,1,상선,종각,152,일요일,7:00,7.0
2020,1,하선,종각,152,일요일,7:00,7.0
2020,1,상선,종로3가,153,일요일,7:00,7.7
2020,1,하선,종로3가,153,일요일,7:00,7.0
2020,1,상선,종로5가,154,일요일,7:00,7.6
2020,1,하선,종로5가,154,일요일,7:00,7.8
2020,1,상선,동대문,155,일요일,7:00,7.5
2020,1,하선,동대문,155,일요일,7:00,8.2
2020,1,상선,신설동,156,일요일,7:00,5.8
2020,1,하선,신설동,156,일요일,7:00,7.5
2020,1,상선,제기동,157,일요일,7:00,4.9
2020,1,하선,제기동,157,일요일,7:00,7.2
2020,1,상선,청량리,158,일요일,7:00,5.0
2020,1,하선,청량리,158,일요일,7:00,7.1
2020,1,상선,동묘앞,159,일요일,7:00,6.4
2020,1,하선,동묘앞,159,일요일,7:00,8.4
2021,1,상선,서울역,150,평일,7:00,24.8
2021,1,하선,서울역,150,평일,7:00,16.0
2021,1,상선,시청,151,평일,7:00,22.9
2021,1,하선,시청,151,평일,7:00,14.3
2021,1,상선,종각,152,평일,7:00,13.6
2021,1,하선,종각,152,평일,7:00,18.4
2021,1,상선,종로3가,153,평일,7:00,12.8
2021,1,하선,종로3가,153,평일,7:00,23.3
2021,1,상선,종로5가,154,평일,7:00,9.8
2021,1,하선,종로5가,154,평일,7:00,28.5
2021,1,상선,동대문,155,평일,7:00,8.9
2021,1,하선,동대문,155,평일,7:00,30.0
2021,1,상선,신설동,156,평일,7:00,6.5
2021,1,하선,신설동,156,평일,7:00,30.3
2021,1,상선,제기동,157,평일,7:00,5.3
2021,1,하선,제기동,157,평일,7:00,31.1
2021,1,상선,청량리,158,평일,7:00,4.6
2021,1,하선,청량리,158,평일,7:00,31.4
2021,1,상선,동묘앞,159,평일,7:00,7.7
2021,1,하선,동묘앞,159,평일,7:00,31.2
2021,1,상선,서울역,150,토요일,7:00,10.7
2021,1,하선,서울역,150,토요일,7:00,6.8
2021,1,상선,시청,151,토요일,7:00,9.8
2021,1,하선,시청,151,토요일,7:00,6.3
2021,1,상선,종각,152,토요일,7:00,8.7
2021,1,하선,종각,152,토요일,7:00,7.0
2021,1,상선,종로3가,153,토요일,7:00,9.7
2021,1,하선,종로3가,153,토요일,7:00,7.6
2021,1,상선,종로5가,154,토요일,7:00,8.7
2021,1,하선,종로5가,154,토요일,7:00,7.6
2021,1,상선,동대문,155,토요일,7:00,8.6
2021,1,하선,동대문,155,토요일,7:00,8.0
2021,1,상선,신설동,156,토요일,7:00,7.9
2021,1,하선,신설동,156,토요일,7:00,10.3
2021,1,상선,제기동,157,토요일,7:00,7.0
2021,1,하선,제기동,157,토요일,7:00,11.0
2021,1,상선,청량리,158,토요일,7:00,6.3
2021,1,하선,청량리,158,토요일,7:00,10.9
2021,1,상선,동묘앞,159,토요일,7:00,8.1
2021,1,하선,동묘앞,159,토요일,7:00,7.4
2021,1,상선,서울역,150,일요일,7:00,6.4
2021,1,하선,서울역,150,일요일,7:00,3.6
2021,1,상선,시청,151,일요일,7:00,5.5
2021,1,하선,시청,151,일요일,7:00,3.2
2021,1,상선,종각,152,일요일,7:00,4.9
2021,1,하선,종각,152,일요일,7:00,3.9
2021,1,상선,종로3가,153,일요일,7:00,5.3
2021,1,하선,종로3가,153,일요일,7:00,4.2
2021,1,상선,종로5가,154,일요일,7:00,4.9
2021,1,하선,종로5가,154,일요일,7:00,4.5
2021,1,상선,동대문,155,일요일,7:00,4.6
2021,1,하선,동대문,155,일요일,7:00,4.6
2021,1,상선,신설동,156,일요일,7:00,4.5
2021,1,하선,신설동,156,일요일,7:00,6.0
2021,1,상선,제기동,157,일요일,7:00,4.1
2021,1,하선,제기동,157,일요일,7:00,6.1
2021,1,상선,청량리,158,일요일,7:00,4.3
2021,1,하선,청량리,158,일요일,7:00,5.7
2021,1,상선,동묘앞,159,일요일,7:00,4.5
2021,1,하선,동묘앞,159,일요일,7:00,4.7
2022,1,상선,서울역,150,평일,7:00,26.8
2022,1,하선,서울역,150,평일,7:00,15.2
2022,1,상선,시청,151,평일,7:00,20.8
2022,1,하선,시청,151,평일,7:00,14.5
2022,1,상선,종각,152,평일,7:00,13.6
2022,1,하선,종각,152,평일,7:00,18.7
2022,1,상선,종로3가,153,평일,7:00,12.9
2022,1,하선,종로3가,153,평일,7:00,23.3
2022,1,상선,종로5가,154,평일,7:00,9.9
2022,1,하선,종로5가,154,평일,7:00,28.4
2022,1,상선,동대문,155,평일,7:00,9.3
2022,1,하선,동대문,155,평일,7:00,30.2
2022,1,상선,신설동,156,평일,7:00,6.7
2022,1,하선,신설동,156,평일,7:00,30.4
2022,1,상선,제기동,157,평일,7:00,5.7
2022,1,하선,제기동,157,평일,7:00,31.5
2022,1,상선,청량리,158,평일,7:00,4.8
2022,1,하선,청량리,158,평일,7:00,32.2
2022,1,상선,동묘앞,159,평일,7:00,7.7
2022,1,하선,동묘앞,159,평일,7:00,33.0
2022,1,상선,서울역,150,토요일,7:00,10.9
2022,1,하선,서울역,150,토요일,7:00,7.4
2022,1,상선,시청,151,토요일,7:00,9.8
2022,1,하선,시청,151,토요일,7:00,7.1
2022,1,상선,종각,152,토요일,7:00,8.8
2022,1,하선,종각,152,토요일,7:00,7.5
2022,1,상선,종로3가,153,토요일,7:00,9.7
2022,1,하선,종로3가,153,토요일,7:00,8.5
2022,1,상선,종로5가,154,토요일,7:00,8.7
2022,1,하선,종로5가,154,토요일,7:00,9.2
2022,1,상선,동대문,155,토요일,7:00,8.9
2022,1,하선,동대문,155,토요일,7:00,9.7
2022,1,상선,신설동,156,토요일,7:00,7.3
2022,1,하선,신설동,156,토요일,7:00,10.9
2022,1,상선,제기동,157,토요일,7:00,7.3
2022,1,하선,제기동,157,토요일,7:00,11.5
2022,1,상선,청량리,158,토요일,7:00,5.5
2022,1,하선,청량리,158,토요일,7:00,11.3
2022,1,상선,동묘앞,159,토요일,7:00,7.7
2022,1,하선,동묘앞,159,토요일,7:00,8.9
2022,1,상선,서울역,150,일요일,7:00,6.1
2022,1,하선,서울역,150,일요일,7:00,4.0
2022,1,상선,시청,151,일요일,7:00,5.6
2022,1,하선,시청,151,일요일,7:00,3.9
2022,1,상선,종각,152,일요일,7:00,5.7
2022,1,하선,종각,152,일요일,7:00,4.1
2022,1,상선,종로3가,153,일요일,7:00,6.0
2022,1,하선,종로3가,153,일요일,7:00,5.1
2022,1,상선,종로5가,154,일요일,7:00,5.9
2022,1,하선,종로5가,154,일요일,7:00,5.6
2022,1,상선,동대문,155,일요일,7:00,5.9
2022,1,하선,동대문,155,일요일,7:00,5.2
2022,1,상선,신설동,156,일요일,7:00,5.1
2022,1,하선,신설동,156,일요일,7:00,6.4
2022,1,상선,제기동,157,일요일,7:00,5.0
2022,1,하선,제기동,157,일요일,7:00,6.8
2022,1,상선,청량리,158,일요일,7:00,4.4
2022,1,하선,청량리,158,일요일,7:00,6.5
2022,1,상선,동묘앞,159,일요일,7:00,5.1
2022,1,하선,동묘앞,159,일요일,7:00,5.3
2023,1,상선,서울역,150,평일,7:00,30.9
2023,1,하선,서울역,150,평일,7:00,21.4
2023,1,상선,시청,151,평일,7:00,25.0
2023,1,하선,시청,151,평일,7:00,20.0
2023,1,상선,종각,152,평일,7:00,17.6
2023,1,하선,종각,152,평일,7:00,24.4
2023,1,상선,종로3가,153,평일,7:00,17.2
2023,1,하선,종로3가,153,평일,7:00,28.7
2023,1,상선,종로5가,154,평일,7:00,13.1
2023,1,하선,종로5가,154,평일,7:00,34.6
2023,1,상선,동대문,155,평일,7:00,12.7
2023,1,하선,동대문,155,평일,7:00,36.1
2023,1,상선,신설동,156,평일,7:00,9.6
2023,1,하선,신설동,156,평일,7:00,35.5
2023,1,상선,제기동,157,평일,7:00,8.0
2023,1,하선,제기동,157,평일,7:00,36.1
2023,1,상선,청량리,158,평일,7:00,6.5
2023,1,하선,청량리,158,평일,7:00,36.4
2023,1,상선,동묘앞,159,평일,7:00,11.1
2023,1,하선,동묘앞,159,평일,7:00,39.4
2023,1,상선,서울역,150,토요일,7:00,14.1
2023,1,하선,서울역,150,토요일,7:00,9.2
2023,1,상선,시청,151,토요일,7:00,13.2
2023,1,하선,시청,151,토요일,7:00,9.2
2023,1,상선,종각,152,토요일,7:00,12.2
2023,1,하선,종각,152,토요일,7:00,9.4
2023,1,상선,종로3가,153,토요일,7:00,13.7
2023,1,하선,종로3가,153,토요일,7:00,11.2
2023,1,상선,종로5가,154,토요일,7:00,12.7
2023,1,하선,종로5가,154,토요일,7:00,12.1
2023,1,상선,동대문,155,토요일,7:00,12.6
2023,1,하선,동대문,155,토요일,7:00,12.1
2023,1,상선,신설동,156,토요일,7:00,10.5
2023,1,하선,신설동,156,토요일,7:00,13.2
2023,1,상선,제기동,157,토요일,7:00,10.1
2023,1,하선,제기동,157,토요일,7:00,13.2
2023,1,상선,청량리,158,토요일,7:00,7.8
2023,1,하선,청량리,158,토요일,7:00,13.0
2023,1,상선,동묘앞,159,토요일,7:00,10.9
2023,1,하선,동묘앞,159,토요일,7:00,11.6
2023,1,상선,서울역,150,공휴일,7:00,7.8
2023,1,하선,서울역,150,공휴일,7:00,4.5
2023,1,상선,시청,151,공휴일,7:00,8.3
2023,1,하선,시청,151,공휴일,7:00,4.6
2023,1,상선,종각,152,공휴일,7:00,7.8
2023,1,하선,종각,152,공휴일,7:00,4.8
2023,1,상선,종로3가,153,공휴일,7:00,8.4
2023,1,하선,종로3가,153,공휴일,7:00,5.7
2023,1,상선,종로5가,154,공휴일,7:00,8.1
2023,1,하선,종로5가,154,공휴일,7:00,6.2
2023,1,상선,동대문,155,공휴일,7:00,8.2
2023,1,하선,동대문,155,공휴일,7:00,6.3
2023,1,상선,신설동,156,공휴일,7:00,6.9
2023,1,하선,신설동,156,공휴일,7:00,6.8
2023,1,상선,제기동,157,공휴일,7:00,7.6
2023,1,하선,제기동,157,공휴일,7:00,7.5
2023,1,상선,청량리,158,공휴일,7:00,6.4
2023,1,하선,청량리,158,공휴일,7:00,7.1
2023,1,상선,동묘앞,159,공휴일,7:00,7.2
2023,1,하선,동묘앞,159,공휴일,7:00,5.7
202403,1,상선,청량리,158,평일,7:00,6.9
202403,1,하선,청량리,158,평일,7:00,41.8
202403,1,상선,제기동,157,평일,7:00,8.0
202403,1,하선,제기동,157,평일,7:00,40.8
202403,1,상선,신설동,156,평일,7:00,9.5
202403,1,하선,신설동,156,평일,7:00,40.4
202403,1,상선,동묘앞,159,평일,7:00,11.0
202403,1,하선,동묘앞,159,평일,7:00,45.1
202403,1,상선,동대문,155,평일,7:00,12.9
202403,1,하선,동대문,155,평일,7:00,41.7
202403,1,상선,종로5가,154,평일,7:00,13.5
202403,1,하선,종로5가,154,평일,7:00,39.8
202403,1,상선,종로3가,153,평일,7:00,17.9
202403,1,하선,종로3가,153,평일,7:00,33.1
202403,1,상선,종각,152,평일,7:00,17.5
202403,1,하선,종각,152,평일,7:00,27.5
202403,1,상선,시청,151,평일,7:00,25.8
202403,1,하선,시청,151,평일,7:00,21.6
202403,1,상선,서울역,150,평일,7:00,32.6
202403,1,하선,서울역,150,평일,7:00,22.9
202403,1,상선,청량리,158,토요일,7:00,7.2
202403,1,하선,청량리,158,토요일,7:00,12.5
202403,1,상선,제기동,157,토요일,7:00,9.2
202403,1,하선,제기동,157,토요일,7:00,12.6
202403,1,상선,신설동,156,토요일,7:00,9.5
202403,1,하선,신설동,156,토요일,7:00,12.3
202403,1,상선,동묘앞,159,토요일,7:00,9.8
202403,1,하선,동묘앞,159,토요일,7:00,10.0
202403,1,상선,동대문,155,토요일,7:00,11.1
202403,1,하선,동대문,155,토요일,7:00,11.2
202403,1,상선,종로5가,154,토요일,7:00,11.7
202403,1,하선,종로5가,154,토요일,7:00,11.8
202403,1,상선,종로3가,153,토요일,7:00,12.7
202403,1,하선,종로3가,153,토요일,7:00,11.1
202403,1,상선,종각,152,토요일,7:00,11.9
202403,1,하선,종각,152,토요일,7:00,9.3
202403,1,상선,시청,151,토요일,7:00,12.1
202403,1,하선,시청,151,토요일,7:00,9.2
202403,1,상선,서울역,150,토요일,7:00,13.8
202403,1,하선,서울역,150,토요일,7:00,9.0
202403,1,상선,청량리,158,일요일,7:00,5.1
202403,1,하선,청량리,158,일요일,7:00,8.1
202403,1,상선,제기동,157,일요일,7:00,6.2
202403,1,하선,제기동,157,일요일,7:00,8.4
202403,1,상선,신설동,156,일요일,7:00,6.1
202403,1,하선,신설동,156,일요일,7:00,7.8
202403,1,상선,동묘앞,159,일요일,7:00,6.4
202403,1,하선,동묘앞,159,일요일,7:00,6.1
202403,1,상선,동대문,155,일요일,7:00,7.5
202403,1,하선,동대문,155,일요일,7:00,6.5
202403,1,상선,종로5가,154,일요일,7:00,7.8
202403,1,하선,종로5가,154,일요일,7:00,7.0
202403,1,상선,종로3가,153,일요일,7:00,8.1
202403,1,하선,종로3가,153,일요일,7:00,6.9
202403,1,상선,종각,152,일요일,7:00,7.3
202403,1,하선,종각,152,일요일,7:00,6.2
202403,1,상선,시청,151,일요일,7:00,7.5
202403,1,하선,시청,151,일요일,7:00,6.4
202403,1,상선,서울역,150,일요일,7:00,8.5
202403,1,하선,서울역,150,일요일,7:00,5.5
202406,1,상선,청량리,158,평일,7:00,8.3
202406,1,하선,청량리,158,평일,7:00,43.9
202406,1,상선,제기동,157,평일,7:00,8.7
202406,1,하선,제기동,157,평일,7:00,44.0
202406,1,상선,신설동,156,평일,7:00,9.6
202406,1,하선,신설동,156,평일,7:00,42.8
202406,1,상선,동묘앞,159,평일,7:00,12.5
202406,1,하선,동묘앞,159,평일,7:00,47.2
202406,1,상선,동대문,155,평일,7:00,14.2
202406,1,하선,동대문,155,평일,7:00,46.5
202406,1,상선,종로5가,154,평일,7:00,14.7
202406,1,하선,종로5가,154,평일,7:00,40.0
202406,1,상선,종로3가,153,평일,7:00,19.5
202406,1,하선,종로3가,153,평일,7:00,35.4
202406,1,상선,종각,152,평일,7:00,19.6
202406,1,하선,종각,152,평일,7:00,29.2
202406,1,상선,시청,151,평일,7:00,29.3
202406,1,하선,시청,151,평일,7:00,22.6
202406,1,상선,서울역,150,평일,7:00,35.8
202406,1,하선,서울역,150,평일,7:00,23.5
202406,1,상선,청량리,158,토요일,7:00,6.5
202406,1,하선,청량리,158,토요일,7:00,13.7
202406,1,상선,제기동,157,토요일,7:00,8.8
202406,1,하선,제기동,157,토요일,7:00,13.7
202406,1,상선,신설동,156,토요일,7:00,9.5
202406,1,하선,신설동,156,토요일,7:00,13.0
202406,1,상선,동묘앞,159,토요일,7:00,9.8
202406,1,하선,동묘앞,159,토요일,7:00,10.5
202406,1,상선,동대문,155,토요일,7:00,10.9
202406,1,하선,동대문,155,토요일,7:00,10.6
202406,1,상선,종로5가,154,토요일,7:00,10.8
202406,1,하선,종로5가,154,토요일,7:00,12.3
202406,1,상선,종로3가,153,토요일,7:00,11.9
202406,1,하선,종로3가,153,토요일,7:00,11.5
202406,1,상선,종각,152,토요일,7:00,11.6
202406,1,하선,종각,152,토요일,7:00,9.8
202406,1,상선,시청,151,토요일,7:00,12.3
202406,1,하선,시청,151,토요일,7:00,9.0
202406,1,상선,서울역,150,토요일,7:00,12.4
202406,1,하선,서울역,150,토요일,7:00,8.5
202406,1,상선,청량리,158,일요일,7:00,5.3
202406,1,하선,청량리,158,일요일,7:00,8.9
202406,1,상선,제기동,157,일요일,7:00,6.6
202406,1,하선,제기동,157,일요일,7:00,9.1
202406,1,상선,신설동,156,일요일,7:00,6.0
202406,1,하선,신설동,156,일요일,7:00,8.6
202406,1,상선,동묘앞,159,일요일,7:00,6.2
202406,1,하선,동묘앞,159,일요일,7:00,6.9
202406,1,상선,동대문,155,일요일,7:00,7.0
202406,1,하선,동대문,155,일요일,7:00,6.9
202406,1,상선,종로5가,154,일요일,7:00,8.0
202406,1,하선,종로5가,154,일요일,7:00,8.2
202406,1,상선,종로3가,153,일요일,7:00,8.5
202406,1,하선,종로3가,153,일요일,7:00,7.8
202406,1,상선,종각,152,일요일,7:00,7.9
202406,1,하선,종각,152,일요일,7:00,7.2
202406,1,상선,시청,151,일요일,7:00,8.8
202406,1,하선,시청,151,일요일,7:00,6.6
202406,1,상선,서울역,150,일요일,7:00,8.9
202406,1,하선,서울역,150,일요일,7:00,5.9
2020,1,상선,서울역,150,평일,7:30,46.7
2020,1,하선,서울역,150,평일,7:30,26.4
2020,1,상선,시청,151,평일,7:30,36.2
2020,1,하선,시청,151,평일,7:30,23.2
2020,1,상선,종각,152,평일,7:30,22.7
2020,1,하선,종각,152,평일,7:30,28.6
2020,1,상선,종로3가,153,평일,7:30,22.9
2020,1,하선,종로3가,153,평일,7:30,39.9
2020,1,상선,종로5가,154,평일,7:30,16.5
2020,1,하선,종로5가,154,평일,7:30,45.1
2020,1,상선,동대문,155,평일,7:30,16.2
2020,1,하선,동대문,155,평일,7:30,46.6
2020,1,상선,신설동,156,평일,7:30,10.5
2020,1,하선,신설동,156,평일,7:30,48.5
2020,1,상선,제기동,157,평일,7:30,8.6
2020,1,하선,제기동,157,평일,7:30,50.4
2020,1,상선,청량리,158,평일,7:30,8.1
2020,1,하선,청량리,158,평일,7:30,53.1
2020,1,상선,동묘앞,159,평일,7:30,12.7
2020,1,하선,동묘앞,159,평일,7:30,46.8
2020,1,상선,서울역,150,토요일,7:30,15.9
2020,1,하선,서울역,150,토요일,7:30,9.7
2020,1,상선,시청,151,토요일,7:30,14.8
2020,1,하선,시청,151,토요일,7:30,9.2
2020,1,상선,종각,152,토요일,7:30,14.2
2020,1,하선,종각,152,토요일,7:30,9.6
2020,1,상선,종로3가,153,토요일,7:30,15.4
2020,1,하선,종로3가,153,토요일,7:30,11.5
2020,1,상선,종로5가,154,토요일,7:30,12.4
2020,1,하선,종로5가,154,토요일,7:30,13.1
2020,1,상선,동대문,155,토요일,7:30,12.0
2020,1,하선,동대문,155,토요일,7:30,15.1
2020,1,상선,신설동,156,토요일,7:30,10.1
2020,1,하선,신설동,156,토요일,7:30,16.0
2020,1,상선,제기동,157,토요일,7:30,9.4
2020,1,하선,제기동,157,토요일,7:30,15.5
2020,1,상선,청량리,158,토요일,7:30,8.4
2020,1,하선,청량리,158,토요일,7:30,15.2
2020,1,상선,동묘앞,159,토요일,7:30,11.0
2020,1,하선,동묘앞,159,토요일,7:30,16.4
2020,1,상선,서울역,150,일요일,7:30,10.3
2020,1,하선,서울역,150,일요일,7:30,5.4
2020,1,상선,시청,151,일요일,7:30,8.0
2020,1,하선,시청,151,일요일,7:30,4.8
2020,1,상선,종각,152,일요일,7:30,7.4
2020,1,하선,종각,152,일요일,7:30,5.2
2020,1,상선,종로3가,153,일요일,7:30,8.2
2020,1,하선,종로3가,153,일요일,7:30,5.9
2020,1,상선,종로5가,154,일요일,7:30,6.8
2020,1,하선,종로5가,154,일요일,7:30,6.5
2020,1,상선,동대문,155,일요일,7:30,7.2
2020,1,하선,동대문,155,일요일,7:30,6.5
2020,1,상선,신설동,156,일요일,7:30,6.2
2020,1,하선,신설동,156,일요일,7:30,6.8
2020,1,상선,제기동,157,일요일,7:30,6.1
2020,1,하선,제기동,157,일요일,7:30,6.3
2020,1,상선,청량리,158,일요일,7:30,5.5
2020,1,하선,청량리,158,일요일,7:30,7.1
2020,1,상선,동묘앞,159,일요일,7:30,6.7
2020,1,하선,동묘앞,159,일요일,7:30,7.4
2021,1,상선,서울역,150,평일,7:30,45.9
2021,1,하선,서울역,150,평일,7:30,28.7
2021,1,상선,시청,151,평일,7:30,35.1
2021,1,하선,시청,151,평일,7:30,22.4
2021,1,상선,종각,152,평일,7:30,20.8
2021,1,하선,종각,152,평일,7:30,28.0
2021,1,상선,종로3가,153,평일,7:30,20.8
2021,1,하선,종로3가,153,평일,7:30,36.6
2021,1,상선,종로5가,154,평일,7:30,15.0
2021,1,하선,종로5가,154,평일,7:30,39.7
2021,1,상선,동대문,155,평일,7:30,13.4
2021,1,하선,동대문,155,평일,7:30,42.4
2021,1,상선,신설동,156,평일,7:30,9.6
2021,1,하선,신설동,156,평일,7:30,43.3
2021,1,상선,제기동,157,평일,7:30,8.2
2021,1,하선,제기동,157,평일,7:30,47.7
2021,1,상선,청량리,158,평일,7:30,6.7
2021,1,하선,청량리,158,평일,7:30,46.8
2021,1,상선,동묘앞,159,평일,7:30,11.7
2021,1,하선,동묘앞,159,평일,7:30,46.6
2021,1,상선,서울역,150,토요일,7:30,10.6
2021,1,하선,서울역,150,토요일,7:30,8.0
2021,1,상선,시청,151,토요일,7:30,9.8
2021,1,하선,시청,151,토요일,7:30,9.4
2021,1,상선,종각,152,토요일,7:30,8.6
2021,1,하선,종각,152,토요일,7:30,10.1
2021,1,상선,종로3가,153,토요일,7:30,9.5
2021,1,하선,종로3가,153,토요일,7:30,11.7
2021,1,상선,종로5가,154,토요일,7:30,8.2
2021,1,하선,종로5가,154,토요일,7:30,15.8
2021,1,상선,동대문,155,토요일,7:30,7.7
2021,1,하선,동대문,155,토요일,7:30,17.5
2021,1,상선,신설동,156,토요일,7:30,6.8
2021,1,하선,신설동,156,토요일,7:30,15.4
2021,1,상선,제기동,157,토요일,7:30,5.8
2021,1,하선,제기동,157,토요일,7:30,15.9
2021,1,상선,청량리,158,토요일,7:30,4.4
2021,1,하선,청량리,158,토요일,7:30,15.8
2021,1,상선,동묘앞,159,토요일,7:30,7.2
2021,1,하선,동묘앞,159,토요일,7:30,17.8
2021,1,상선,서울역,150,일요일,7:30,5.2
2021,1,하선,서울역,150,일요일,7:30,3.9
2021,1,상선,시청,151,일요일,7:30,4.2
2021,1,하선,시청,151,일요일,7:30,5.1
2021,1,상선,종각,152,일요일,7:30,3.7
2021,1,하선,종각,152,일요일,7:30,5.6
2021,1,상선,종로3가,153,일요일,7:30,3.9
2021,1,하선,종로3가,153,일요일,7:30,6.0
2021,1,상선,종로5가,154,일요일,7:30,4.0
2021,1,하선,종로5가,154,일요일,7:30,8.8
2021,1,상선,동대문,155,일요일,7:30,4.2
2021,1,하선,동대문,155,일요일,7:30,8.8
2021,1,상선,신설동,156,일요일,7:30,3.9
2021,1,하선,신설동,156,일요일,7:30,7.7
2021,1,상선,제기동,157,일요일,7:30,3.6
2021,1,하선,제기동,157,일요일,7:30,8.3
2021,1,상선,청량리,158,일요일,7:30,3.0
2021,1,하선,청량리,158,일요일,7:30,8.1
2021,1,상선,동묘앞,159,일요일,7:30,3.9
2021,1,하선,동묘앞,159,일요일,7:30,8.4
2022,1,상선,서울역,150,평일,7:30,43.3
2022,1,하선,서울역,150,평일,7:30,29.3
2022,1,상선,시청,151,평일,7:30,32.0
2022,1,하선,시청,151,평일,7:30,27.0
2022,1,상선,종각,152,평일,7:30,19.6
2022,1,하선,종각,152,평일,7:30,29.7
2022,1,상선,종로3가,153,평일,7:30,20.4
2022,1,하선,종로3가,153,평일,7:30,38.8
2022,1,상선,종로5가,154,평일,7:30,15.6
2022,1,하선,종로5가,154,평일,7:30,40.7
2022,1,상선,동대문,155,평일,7:30,14.7
2022,1,하선,동대문,155,평일,7:30,46.9
2022,1,상선,신설동,156,평일,7:30,10.1
2022,1,하선,신설동,156,평일,7:30,45.3
2022,1,상선,제기동,157,평일,7:30,8.6
2022,1,하선,제기동,157,평일,7:30,43.2
2022,1,상선,청량리,158,평일,7:30,6.7
2022,1,하선,청량리,158,평일,7:30,47.4
2022,1,상선,동묘앞,159,평일,7:30,12.9
2022,1,하선,동묘앞,159,평일,7:30,47.9
2022,1,상선,서울역,150,토요일,7:30,10.0
2022,1,하선,서울역,150,토요일,7:30,7.6
2022,1,상선,시청,151,토요일,7:30,9.8
2022,1,하선,시청,151,토요일,7:30,9.0
2022,1,상선,종각,152,토요일,7:30,8.8
2022,1,하선,종각,152,토요일,7:30,9.8
2022,1,상선,종로3가,153,토요일,7:30,9.7
2022,1,하선,종로3가,153,토요일,7:30,11.8
2022,1,상선,종로5가,154,토요일,7:30,8.6
2022,1,하선,종로5가,154,토요일,7:30,13.6
2022,1,상선,동대문,155,토요일,7:30,8.6
2022,1,하선,동대문,155,토요일,7:30,15.9
2022,1,상선,신설동,156,토요일,7:30,7.5
2022,1,하선,신설동,156,토요일,7:30,15.1
2022,1,상선,제기동,157,토요일,7:30,6.6
2022,1,하선,제기동,157,토요일,7:30,15.4
2022,1,상선,청량리,158,토요일,7:30,4.4
2022,1,하선,청량리,158,토요일,7:30,15.5
2022,1,상선,동묘앞,159,토요일,7:30,8.0
2022,1,하선,동묘앞,159,토요일,7:30,16.4
2022,1,상선,서울역,150,일요일,7:30,7.5
2022,1,하선,서울역,150,일요일,7:30,4.5
2022,1,상선,시청,151,일요일,7:30,7.2
2022,1,하선,시청,151,일요일,7:30,5.8
2022,1,상선,종각,152,일요일,7:30,6.6
2022,1,하선,종각,152,일요일,7:30,6.6
2022,1,상선,종로3가,153,일요일,7:30,7.1
2022,1,하선,종로3가,153,일요일,7:30,7.5
2022,1,상선,종로5가,154,일요일,7:30,6.7
2022,1,하선,종로5가,154,일요일,7:30,8.3
2022,1,상선,동대문,155,일요일,7:30,6.6
2022,1,하선,동대문,155,일요일,7:30,10.2
2022,1,상선,신설동,156,일요일,7:30,5.6
2022,1,하선,신설동,156,일요일,7:30,9.1
2022,1,상선,제기동,157,일요일,7:30,5.3
2022,1,하선,제기동,157,일요일,7:30,9.2
2022,1,상선,청량리,158,일요일,7:30,4.2
2022,1,하선,청량리,158,일요일,7:30,8.7
2022,1,상선,동묘앞,159,일요일,7:30,6.3
2022,1,하선,동묘앞,159,일요일,7:30,10.1
2023,1,상선,서울역,150,평일,7:30,56.6
2023,1,하선,서울역,150,평일,7:30,38.0
2023,1,상선,시청,151,평일,7:30,42.4
2023,1,하선,시청,151,평일,7:30,35.4
2023,1,상선,종각,152,평일,7:30,26.7
2023,1,하선,종각,152,평일,7:30,44.7
2023,1,상선,종로3가,153,평일,7:30,25.9
2023,1,하선,종로3가,153,평일,7:30,58.3
2023,1,상선,종로5가,154,평일,7:30,20.4
2023,1,하선,종로5가,154,평일,7:30,61.7
2023,1,상선,동대문,155,평일,7:30,20.2
2023,1,하선,동대문,155,평일,7:30,69.1
2023,1,상선,신설동,156,평일,7:30,13.9
2023,1,하선,신설동,156,평일,7:30,63.6
2023,1,상선,제기동,157,평일,7:30,12.6
2023,1,하선,제기동,157,평일,7:30,60.2
2023,1,상선,청량리,158,평일,7:30,10.6
2023,1,하선,청량리,158,평일,7:30,63.8
2023,1,상선,동묘앞,159,평일,7:30,17.2
2023,1,하선,동묘앞,159,평일,7:30,69.8
2023,1,상선,서울역,150,토요일,7:30,12.7
2023,1,하선,서울역,150,토요일,7:30,10.9
2023,1,상선,시청,151,토요일,7:30,11.8
2023,1,하선,시청,151,토요일,7:30,11.8
2023,1,상선,종각,152,토요일,7:30,11.0
2023,1,하선,종각,152,토요일,7:30,12.3
2023,1,상선,종로3가,153,토요일,7:30,12.1
2023,1,하선,종로3가,153,토요일,7:30,14.8
2023,1,상선,종로5가,154,토요일,7:30,11.1
2023,1,하선,종로5가,154,토요일,7:30,16.6
2023,1,상선,동대문,155,토요일,7:30,11.9
2023,1,하선,동대문,155,토요일,7:30,19.5
2023,1,상선,신설동,156,토요일,7:30,10.1
2023,1,하선,신설동,156,토요일,7:30,18.3
2023,1,상선,제기동,157,토요일,7:30,9.3
2023,1,하선,제기동,157,토요일,7:30,17.6
2023,1,상선,청량리,158,토요일,7:30,7.3
2023,1,하선,청량리,158,토요일,7:30,17.5
2023,1,상선,동묘앞,159,토요일,7:30,11.3
2023,1,하선,동묘앞,159,토요일,7:30,20.3
2023,1,상선,서울역,150,공휴일,7:30,8.7
2023,1,하선,서울역,150,공휴일,7:30,5.7
2023,1,상선,시청,151,공휴일,7:30,7.9
2023,1,하선,시청,151,공휴일,7:30,6.9
2023,1,상선,종각,152,공휴일,7:30,6.5
2023,1,하선,종각,152,공휴일,7:30,7.4
2023,1,상선,종로3가,153,공휴일,7:30,7.2
2023,1,하선,종로3가,153,공휴일,7:30,9.3
2023,1,상선,종로5가,154,공휴일,7:30,7.0
2023,1,하선,종로5가,154,공휴일,7:30,10.5
2023,1,상선,동대문,155,공휴일,7:30,7.1
2023,1,하선,동대문,155,공휴일,7:30,11.3
2023,1,상선,신설동,156,공휴일,7:30,5.7
2023,1,하선,신설동,156,공휴일,7:30,11.1
2023,1,상선,제기동,157,공휴일,7:30,5.5
2023,1,하선,제기동,157,공휴일,7:30,10.3
2023,1,상선,청량리,158,공휴일,7:30,4.5
2023,1,하선,청량리,158,공휴일,7:30,10.0
2023,1,상선,동묘앞,159,공휴일,7:30,7.0
2023,1,하선,동묘앞,159,공휴일,7:30,11.9
202403,1,상선,청량리,158,평일,7:30,11.2
202403,1,하선,청량리,158,평일,7:30,66.6
202403,1,상선,제기동,157,평일,7:30,13.1
202403,1,하선,제기동,157,평일,7:30,58.9
202403,1,상선,신설동,156,평일,7:30,14.8
202403,1,하선,신설동,156,평일,7:30,62.1
202403,1,상선,동묘앞,159,평일,7:30,17.7
202403,1,하선,동묘앞,159,평일,7:30,67.3
202403,1,상선,동대문,155,평일,7:30,20.3
202403,1,하선,동대문,155,평일,7:30,67.2
202403,1,상선,종로5가,154,평일,7:30,21.4
202403,1,하선,종로5가,154,평일,7:30,61.3
202403,1,상선,종로3가,153,평일,7:30,27.8
202403,1,하선,종로3가,153,평일,7:30,58.8
202403,1,상선,종각,152,평일,7:30,27.9
202403,1,하선,종각,152,평일,7:30,45.0
202403,1,상선,시청,151,평일,7:30,46.0
202403,1,하선,시청,151,평일,7:30,36.7
202403,1,상선,서울역,150,평일,7:30,62.7
202403,1,하선,서울역,150,평일,7:30,38.5
202403,1,상선,청량리,158,토요일,7:30,6.5
202403,1,하선,청량리,158,토요일,7:30,17.4
202403,1,상선,제기동,157,토요일,7:30,8.8
202403,1,하선,제기동,157,토요일,7:30,17.6
202403,1,상선,신설동,156,토요일,7:30,9.7
202403,1,하선,신설동,156,토요일,7:30,18.5
202403,1,상선,동묘앞,159,토요일,7:30,10.8
202403,1,하선,동묘앞,159,토요일,7:30,21.7
202403,1,상선,동대문,155,토요일,7:30,12.3
202403,1,하선,동대문,155,토요일,7:30,20.4
202403,1,상선,종로5가,154,토요일,7:30,11.9
202403,1,하선,종로5가,154,토요일,7:30,16.6
202403,1,상선,종로3가,153,토요일,7:30,12.9
202403,1,하선,종로3가,153,토요일,7:30,14.7
202403,1,상선,종각,152,토요일,7:30,11.4
202403,1,하선,종각,152,토요일,7:30,12.7
202403,1,상선,시청,151,토요일,7:30,13.2
202403,1,하선,시청,151,토요일,7:30,12.2
202403,1,상선,서울역,150,토요일,7:30,14.2
202403,1,하선,서울역,150,토요일,7:30,9.5
202403,1,상선,청량리,158,일요일,7:30,5.7
202403,1,하선,청량리,158,일요일,7:30,11.4
202403,1,상선,제기동,157,일요일,7:30,7.1
202403,1,하선,제기동,157,일요일,7:30,11.7
202403,1,상선,신설동,156,일요일,7:30,7.4
202403,1,하선,신설동,156,일요일,7:30,10.7
202403,1,상선,동묘앞,159,일요일,7:30,8.0
202403,1,하선,동묘앞,159,일요일,7:30,12.8
202403,1,상선,동대문,155,일요일,7:30,8.5
202403,1,하선,동대문,155,일요일,7:30,13.1
202403,1,상선,종로5가,154,일요일,7:30,8.5
202403,1,하선,종로5가,154,일요일,7:30,11.2
202403,1,상선,종로3가,153,일요일,7:30,8.9
202403,1,하선,종로3가,153,일요일,7:30,10.3
202403,1,상선,종각,152,일요일,7:30,8.2
202403,1,하선,종각,152,일요일,7:30,8.8
202403,1,상선,시청,151,일요일,7:30,8.9
202403,1,하선,시청,151,일요일,7:30,8.7
202403,1,상선,서울역,150,일요일,7:30,9.7
202403,1,하선,서울역,150,일요일,7:30,6.7
202406,1,상선,청량리,158,평일,7:30,10.6
202406,1,하선,청량리,158,평일,7:30,68.7
202406,1,상선,제기동,157,평일,7:30,12.8
202406,1,하선,제기동,157,평일,7:30,60.1
202406,1,상선,신설동,156,평일,7:30,14.6
202406,1,하선,신설동,156,평일,7:30,62.8
202406,1,상선,동묘앞,159,평일,7:30,18.2
202406,1,하선,동묘앞,159,평일,7:30,66.0
202406,1,상선,동대문,155,평일,7:30,22.4
202406,1,하선,동대문,155,평일,7:30,67.2
202406,1,상선,종로5가,154,평일,7:30,24.0
202406,1,하선,종로5가,154,평일,7:30,63.6
202406,1,상선,종로3가,153,평일,7:30,30.8
202406,1,하선,종로3가,153,평일,7:30,61.1
202406,1,상선,종각,152,평일,7:30,30.0
202406,1,하선,종각,152,평일,7:30,46.3
202406,1,상선,시청,151,평일,7:30,48.3
202406,1,하선,시청,151,평일,7:30,37.6
202406,1,상선,서울역,150,평일,7:30,64.9
202406,1,하선,서울역,150,평일,7:30,37.4
202406,1,상선,청량리,158,토요일,7:30,5.1
202406,1,하선,청량리,158,토요일,7:30,19.9
202406,1,상선,제기동,157,토요일,7:30,7.1
202406,1,하선,제기동,157,토요일,7:30,20.1
202406,1,상선,신설동,156,토요일,7:30,7.6
202406,1,하선,신설동,156,토요일,7:30,20.3
202406,1,상선,동묘앞,159,토요일,7:30,8.9
202406,1,하선,동묘앞,159,토요일,7:30,23.1
202406,1,상선,동대문,155,토요일,7:30,9.7
202406,1,하선,동대문,155,토요일,7:30,21.6
202406,1,상선,종로5가,154,토요일,7:30,9.6
202406,1,하선,종로5가,154,토요일,7:30,17.7
202406,1,상선,종로3가,153,토요일,7:30,10.8
202406,1,하선,종로3가,153,토요일,7:30,15.3
202406,1,상선,종각,152,토요일,7:30,9.4
202406,1,하선,종각,152,토요일,7:30,12.5
202406,1,상선,시청,151,토요일,7:30,11.9
202406,1,하선,시청,151,토요일,7:30,12.2
202406,1,상선,서울역,150,토요일,7:30,13.4
202406,1,하선,서울역,150,토요일,7:30,10.9
202406,1,상선,청량리,158,일요일,7:30,4.5
202406,1,하선,청량리,158,일요일,7:30,11.3
202406,1,상선,제기동,157,일요일,7:30,5.3
202406,1,하선,제기동,157,일요일,7:30,11.6
202406,1,상선,신설동,156,일요일,7:30,5.6
202406,1,하선,신설동,156,일요일,7:30,12.4
202406,1,상선,동묘앞,159,일요일,7:30,6.5
202406,1,하선,동묘앞,159,일요일,7:30,13.6
202406,1,상선,동대문,155,일요일,7:30,7.1
202406,1,하선,동대문,155,일요일,7:30,13.0
202406,1,상선,종로5가,154,일요일,7:30,6.8
202406,1,하선,종로5가,154,일요일,7:30,11.2
202406,1,상선,종로3가,153,일요일,7:30,7.1
202406,1,하선,종로3가,153,일요일,7:30,9.9
202406,1,상선,종각,152,일요일,7:30,6.8
202406,1,하선,종각,152,일요일,7:30,8.4
202406,1,상선,시청,151,일요일,7:30,8.3
202406,1,하선,시청,151,일요일,7:30,8.6
202406,1,상선,서울역,150,일요일,7:30,9.3
202406,1,하선,서울역,150,일요일,7:30,7.3
2020,1,상선,서울역,150,평일,8:00,70.0
2020,1,하선,서울역,150,평일,8:00,34.8
2020,1,상선,시청,151,평일,8:00,53.7
2020,1,하선,시청,151,평일,8:00,34.1
2020,1,상선,종각,152,평일,8:00,34.8
2020,1,하선,종각,152,평일,8:00,44.2
2020,1,상선,종로3가,153,평일,8:00,36.2
2020,1,하선,종로3가,153,평일,8:00,59.0
2020,1,상선,종로5가,154,평일,8:00,28.8
2020,1,하선,종로5가,154,평일,8:00,70.8
2020,1,상선,동대문,155,평일,8:00,26.1
2020,1,하선,동대문,155,평일,8:00,77.4
2020,1,상선,신설동,156,평일,8:00,17.6
2020,1,하선,신설동,156,평일,8:00,72.8
2020,1,상선,제기동,157,평일,8:00,14.3
2020,1,하선,제기동,157,평일,8:00,69.4
2020,1,상선,청량리,158,평일,8:00,12.2
2020,1,하선,청량리,158,평일,8:00,66.0
2020,1,상선,동묘앞,159,평일,8:00,22.7
2020,1,하선,동묘앞,159,평일,8:00,72.6
2020,1,상선,서울역,150,토요일,8:00,24.6
2020,1,하선,서울역,150,토요일,8:00,16.1
2020,1,상선,시청,151,토요일,8:00,21.3
2020,1,하선,시청,151,토요일,8:00,14.7
2020,1,상선,종각,152,토요일,8:00,17.7
2020,1,하선,종각,152,토요일,8:00,14.7
2020,1,상선,종로3가,153,토요일,8:00,18.8
2020,1,하선,종로3가,153,토요일,8:00,16.2
2020,1,상선,종로5가,154,토요일,8:00,15.2
2020,1,하선,종로5가,154,토요일,8:00,19.8
2020,1,상선,동대문,155,토요일,8:00,14.8
2020,1,하선,동대문,155,토요일,8:00,21.5
2020,1,상선,신설동,156,토요일,8:00,12.7
2020,1,하선,신설동,156,토요일,8:00,21.0
2020,1,상선,제기동,157,토요일,8:00,11.7
2020,1,하선,제기동,157,토요일,8:00,20.1
2020,1,상선,청량리,158,토요일,8:00,6.8
2020,1,하선,청량리,158,토요일,8:00,22.2
2020,1,상선,동묘앞,159,토요일,8:00,13.1
2020,1,하선,동묘앞,159,토요일,8:00,22.4
2020,1,상선,서울역,150,일요일,8:00,19.2
2020,1,하선,서울역,150,일요일,8:00,9.1
2020,1,상선,시청,151,일요일,8:00,15.9
2020,1,하선,시청,151,일요일,8:00,8.8
2020,1,상선,종각,152,일요일,8:00,13.7
2020,1,하선,종각,152,일요일,8:00,9.6
2020,1,상선,종로3가,153,일요일,8:00,14.2
2020,1,하선,종로3가,153,일요일,8:00,11.3
2020,1,상선,종로5가,154,일요일,8:00,13.0
2020,1,하선,종로5가,154,일요일,8:00,13.2
2020,1,상선,동대문,155,일요일,8:00,13.0
2020,1,하선,동대문,155,일요일,8:00,13.6
2020,1,상선,신설동,156,일요일,8:00,10.9
2020,1,하선,신설동,156,일요일,8:00,14.3
2020,1,상선,제기동,157,일요일,8:00,10.5
2020,1,하선,제기동,157,일요일,8:00,13.5
2020,1,상선,청량리,158,일요일,8:00,6.9
2020,1,하선,청량리,158,일요일,8:00,14.5
2020,1,상선,동묘앞,159,일요일,8:00,11.8
2020,1,하선,동묘앞,159,일요일,8:00,15.0
2021,1,상선,서울역,150,평일,8:00,56.9
2021,1,하선,서울역,150,평일,8:00,27.4
2021,1,상선,시청,151,평일,8:00,40.7
2021,1,하선,시청,151,평일,8:00,27.9
2021,1,상선,종각,152,평일,8:00,26.8
2021,1,하선,종각,152,평일,8:00,38.0
2021,1,상선,종로3가,153,평일,8:00,29.7
2021,1,하선,종로3가,153,평일,8:00,53.8
2021,1,상선,종로5가,154,평일,8:00,21.1
2021,1,하선,종로5가,154,평일,8:00,71.2
2021,1,상선,동대문,155,평일,8:00,19.4
2021,1,하선,동대문,155,평일,8:00,78.3
2021,1,상선,신설동,156,평일,8:00,12.5
2021,1,하선,신설동,156,평일,8:00,65.9
2021,1,상선,제기동,157,평일,8:00,10.0
2021,1,하선,제기동,157,평일,8:00,53.2
2021,1,상선,청량리,158,평일,8:00,8.3
2021,1,하선,청량리,158,평일,8:00,54.3
2021,1,상선,동묘앞,159,평일,8:00,17.0
2021,1,하선,동묘앞,159,평일,8:00,70.9
2021,1,상선,서울역,150,토요일,8:00,16.6
2021,1,하선,서울역,150,토요일,8:00,11.8
2021,1,상선,시청,151,토요일,8:00,13.7
2021,1,하선,시청,151,토요일,8:00,9.2
2021,1,상선,종각,152,토요일,8:00,11.6
2021,1,하선,종각,152,토요일,8:00,9.2
2021,1,상선,종로3가,153,토요일,8:00,11.3
2021,1,하선,종로3가,153,토요일,8:00,10.3
2021,1,상선,종로5가,154,토요일,8:00,9.7
2021,1,하선,종로5가,154,토요일,8:00,13.5
2021,1,상선,동대문,155,토요일,8:00,10.2
2021,1,하선,동대문,155,토요일,8:00,14.8
2021,1,상선,신설동,156,토요일,8:00,8.9
2021,1,하선,신설동,156,토요일,8:00,20.9
2021,1,상선,제기동,157,토요일,8:00,7.7
2021,1,하선,제기동,157,토요일,8:00,16.6
2021,1,상선,청량리,158,토요일,8:00,6.1
2021,1,하선,청량리,158,토요일,8:00,17.8
2021,1,상선,동묘앞,159,토요일,8:00,9.1
2021,1,하선,동묘앞,159,토요일,8:00,15.8
2021,1,상선,서울역,150,일요일,8:00,7.6
2021,1,하선,서울역,150,일요일,8:00,6.8
2021,1,상선,시청,151,일요일,8:00,6.2
2021,1,하선,시청,151,일요일,8:00,5.3
2021,1,상선,종각,152,일요일,8:00,5.1
2021,1,하선,종각,152,일요일,8:00,5.7
2021,1,상선,종로3가,153,일요일,8:00,4.9
2021,1,하선,종로3가,153,일요일,8:00,6.4
2021,1,상선,종로5가,154,일요일,8:00,4.5
2021,1,하선,종로5가,154,일요일,8:00,7.2
2021,1,상선,동대문,155,일요일,8:00,4.8
2021,1,하선,동대문,155,일요일,8:00,7.4
2021,1,상선,신설동,156,일요일,8:00,4.2
2021,1,하선,신설동,156,일요일,8:00,10.6
2021,1,상선,제기동,157,일요일,8:00,3.7
2021,1,하선,제기동,157,일요일,8:00,7.5
2021,1,상선,청량리,158,일요일,8:00,3.2
2021,1,하선,청량리,158,일요일,8:00,8.5
2021,1,상선,동묘앞,159,일요일,8:00,4.1
2021,1,하선,동묘앞,159,일요일,8:00,7.9
2022,1,상선,서울역,150,평일,8:00,53.6
2022,1,하선,서울역,150,평일,8:00,27.7
2022,1,상선,시청,151,평일,8:00,40.6
2022,1,하선,시청,151,평일,8:00,24.7
2022,1,상선,종각,152,평일,8:00,25.5
2022,1,하선,종각,152,평일,8:00,37.8
2022,1,상선,종로3가,153,평일,8:00,30.8
2022,1,하선,종로3가,153,평일,8:00,51.6
2022,1,상선,종로5가,154,평일,8:00,22.2
2022,1,하선,종로5가,154,평일,8:00,58.7
2022,1,상선,동대문,155,평일,8:00,18.5
2022,1,하선,동대문,155,평일,8:00,62.8
2022,1,상선,신설동,156,평일,8:00,13.0
2022,1,하선,신설동,156,평일,8:00,68.6
2022,1,상선,제기동,157,평일,8:00,11.1
2022,1,하선,제기동,157,평일,8:00,59.7
2022,1,상선,청량리,158,평일,8:00,8.6
2022,1,하선,청량리,158,평일,8:00,53.8
2022,1,상선,동묘앞,159,평일,8:00,16.4
2022,1,하선,동묘앞,159,평일,8:00,71.8
2022,1,상선,서울역,150,토요일,8:00,20.4
2022,1,하선,서울역,150,토요일,8:00,11.7
2022,1,상선,시청,151,토요일,8:00,16.5
2022,1,하선,시청,151,토요일,8:00,10.2
2022,1,상선,종각,152,토요일,8:00,13.9
2022,1,하선,종각,152,토요일,8:00,11.2
2022,1,상선,종로3가,153,토요일,8:00,15.3
2022,1,하선,종로3가,153,토요일,8:00,11.1
2022,1,상선,종로5가,154,토요일,8:00,13.9
2022,1,하선,종로5가,154,토요일,8:00,12.8
2022,1,상선,동대문,155,토요일,8:00,13.3
2022,1,하선,동대문,155,토요일,8:00,14.4
2022,1,상선,신설동,156,토요일,8:00,11.6
2022,1,하선,신설동,156,토요일,8:00,22.3
2022,1,상선,제기동,157,토요일,8:00,10.2
2022,1,하선,제기동,157,토요일,8:00,22.1
2022,1,상선,청량리,158,토요일,8:00,7.9
2022,1,하선,청량리,158,토요일,8:00,18.2
2022,1,상선,동묘앞,159,토요일,8:00,12.5
2022,1,하선,동묘앞,159,토요일,8:00,14.5
2022,1,상선,서울역,150,일요일,8:00,14.1
2022,1,하선,서울역,150,일요일,8:00,7.9
2022,1,상선,시청,151,일요일,8:00,11.3
2022,1,하선,시청,151,일요일,8:00,6.5
2022,1,상선,종각,152,일요일,8:00,9.8
2022,1,하선,종각,152,일요일,8:00,7.5
2022,1,상선,종로3가,153,일요일,8:00,11.2
2022,1,하선,종로3가,153,일요일,8:00,7.2
2022,1,상선,종로5가,154,일요일,8:00,10.9
2022,1,하선,종로5가,154,일요일,8:00,8.3
2022,1,상선,동대문,155,일요일,8:00,10.9
2022,1,하선,동대문,155,일요일,8:00,8.6
2022,1,상선,신설동,156,일요일,8:00,10.5
2022,1,하선,신설동,156,일요일,8:00,12.9
2022,1,상선,제기동,157,일요일,8:00,10.0
2022,1,하선,제기동,157,일요일,8:00,12.8
2022,1,상선,청량리,158,일요일,8:00,8.6
2022,1,하선,청량리,158,일요일,8:00,10.2
2022,1,상선,동묘앞,159,일요일,8:00,11.0
2022,1,하선,동묘앞,159,일요일,8:00,8.7
2023,1,상선,서울역,150,평일,8:00,69.1
2023,1,하선,서울역,150,평일,8:00,38.7
2023,1,상선,시청,151,평일,8:00,55.0
2023,1,하선,시청,151,평일,8:00,35.7
2023,1,상선,종각,152,평일,8:00,36.0
2023,1,하선,종각,152,평일,8:00,47.5
2023,1,상선,종로3가,153,평일,8:00,40.7
2023,1,하선,종로3가,153,평일,8:00,61.2
2023,1,상선,종로5가,154,평일,8:00,31.4
2023,1,하선,종로5가,154,평일,8:00,72.0
2023,1,상선,동대문,155,평일,8:00,26.8
2023,1,하선,동대문,155,평일,8:00,75.9
2023,1,상선,신설동,156,평일,8:00,20.0
2023,1,하선,신설동,156,평일,8:00,76.3
2023,1,상선,제기동,157,평일,8:00,18.2
2023,1,하선,제기동,157,평일,8:00,70.7
2023,1,상선,청량리,158,평일,8:00,15.4
2023,1,하선,청량리,158,평일,8:00,64.9
2023,1,상선,동묘앞,159,평일,8:00,23.2
2023,1,하선,동묘앞,159,평일,8:00,82.1
2023,1,상선,서울역,150,토요일,8:00,24.1
2023,1,하선,서울역,150,토요일,8:00,16.2
2023,1,상선,시청,151,토요일,8:00,20.4
2023,1,하선,시청,151,토요일,8:00,12.8
2023,1,상선,종각,152,토요일,8:00,18.5
2023,1,하선,종각,152,토요일,8:00,13.7
2023,1,상선,종로3가,153,토요일,8:00,20.1
2023,1,하선,종로3가,153,토요일,8:00,13.9
2023,1,상선,종로5가,154,토요일,8:00,18.2
2023,1,하선,종로5가,154,토요일,8:00,16.1
2023,1,상선,동대문,155,토요일,8:00,18.0
2023,1,하선,동대문,155,토요일,8:00,17.8
2023,1,상선,신설동,156,토요일,8:00,17.3
2023,1,하선,신설동,156,토요일,8:00,23.7
2023,1,상선,제기동,157,토요일,8:00,15.0
2023,1,하선,제기동,157,토요일,8:00,23.9
2023,1,상선,청량리,158,토요일,8:00,13.0
2023,1,하선,청량리,158,토요일,8:00,19.2
2023,1,상선,동묘앞,159,토요일,8:00,17.6
2023,1,하선,동묘앞,159,토요일,8:00,17.7
2023,1,상선,서울역,150,공휴일,8:00,16.3
2023,1,하선,서울역,150,공휴일,8:00,9.0
2023,1,상선,시청,151,공휴일,8:00,13.3
2023,1,하선,시청,151,공휴일,8:00,8.1
2023,1,상선,종각,152,공휴일,8:00,11.4
2023,1,하선,종각,152,공휴일,8:00,9.0
2023,1,상선,종로3가,153,공휴일,8:00,12.6
2023,1,하선,종로3가,153,공휴일,8:00,8.8
2023,1,상선,종로5가,154,공휴일,8:00,12.2
2023,1,하선,종로5가,154,공휴일,8:00,10.3
2023,1,상선,동대문,155,공휴일,8:00,12.6
2023,1,하선,동대문,155,공휴일,8:00,10.8
2023,1,상선,신설동,156,공휴일,8:00,11.6
2023,1,하선,신설동,156,공휴일,8:00,14.3
2023,1,상선,제기동,157,공휴일,8:00,10.9
2023,1,하선,제기동,157,공휴일,8:00,14.6
2023,1,상선,청량리,158,공휴일,8:00,9.4
2023,1,하선,청량리,158,공휴일,8:00,12.1
2023,1,상선,동묘앞,159,공휴일,8:00,12.3
2023,1,하선,동묘앞,159,공휴일,8:00,10.5
202403,1,상선,청량리,158,평일,8:00,15.7
202403,1,하선,청량리,158,평일,8:00,66.4
202403,1,상선,제기동,157,평일,8:00,18.4
202403,1,하선,제기동,157,평일,8:00,75.4
202403,1,상선,신설동,156,평일,8:00,20.4
202403,1,하선,신설동,156,평일,8:00,81.5
202403,1,상선,동묘앞,159,평일,8:00,24.2
202403,1,하선,동묘앞,159,평일,8:00,88.6
202403,1,상선,동대문,155,평일,8:00,27.5
202403,1,하선,동대문,155,평일,8:00,83.7
202403,1,상선,종로5가,154,평일,8:00,31.0
202403,1,하선,종로5가,154,평일,8:00,77.6
202403,1,상선,종로3가,153,평일,8:00,40.2
202403,1,하선,종로3가,153,평일,8:00,67.5
202403,1,상선,종각,152,평일,8:00,36.5
202403,1,하선,종각,152,평일,8:00,49.9
202403,1,상선,시청,151,평일,8:00,59.3
202403,1,하선,시청,151,평일,8:00,36.4
202403,1,상선,서울역,150,평일,8:00,70.3
202403,1,하선,서울역,150,평일,8:00,37.8
202403,1,상선,청량리,158,토요일,8:00,11.6
202403,1,하선,청량리,158,토요일,8:00,20.8
202403,1,상선,제기동,157,토요일,8:00,14.5
202403,1,하선,제기동,157,토요일,8:00,24.4
202403,1,상선,신설동,156,토요일,8:00,16.1
202403,1,하선,신설동,156,토요일,8:00,23.9
202403,1,상선,동묘앞,159,토요일,8:00,16.9
202403,1,하선,동묘앞,159,토요일,8:00,18.2
202403,1,상선,동대문,155,토요일,8:00,18.9
202403,1,하선,동대문,155,토요일,8:00,18.8
202403,1,상선,종로5가,154,토요일,8:00,19.1
202403,1,하선,종로5가,154,토요일,8:00,15.8
202403,1,상선,종로3가,153,토요일,8:00,20.4
202403,1,하선,종로3가,153,토요일,8:00,14.3
202403,1,상선,종각,152,토요일,8:00,18.8
202403,1,하선,종각,152,토요일,8:00,14.0
202403,1,상선,시청,151,토요일,8:00,21.2
202403,1,하선,시청,151,토요일,8:00,13.0
202403,1,상선,서울역,150,토요일,8:00,24.0
202403,1,하선,서울역,150,토요일,8:00,15.2
202403,1,상선,청량리,158,일요일,8:00,10.2
202403,1,하선,청량리,158,일요일,8:00,12.7
202403,1,상선,제기동,157,일요일,8:00,11.0
202403,1,하선,제기동,157,일요일,8:00,15.8
202403,1,상선,신설동,156,일요일,8:00,11.9
202403,1,하선,신설동,156,일요일,8:00,17.3
202403,1,상선,동묘앞,159,일요일,8:00,13.1
202403,1,하선,동묘앞,159,일요일,8:00,12.4
202403,1,상선,동대문,155,일요일,8:00,13.3
202403,1,하선,동대문,155,일요일,8:00,11.7
202403,1,상선,종로5가,154,일요일,8:00,13.0
202403,1,하선,종로5가,154,일요일,8:00,11.0
202403,1,상선,종로3가,153,일요일,8:00,13.4
202403,1,하선,종로3가,153,일요일,8:00,9.9
202403,1,상선,종각,152,일요일,8:00,12.0
202403,1,하선,종각,152,일요일,8:00,9.9
202403,1,상선,시청,151,일요일,8:00,14.3
202403,1,하선,시청,151,일요일,8:00,9.3
202403,1,상선,서울역,150,일요일,8:00,16.6
202403,1,하선,서울역,150,일요일,8:00,10.1
202406,1,상선,청량리,158,평일,8:00,18.2
202406,1,하선,청량리,158,평일,8:00,60.3
202406,1,상선,제기동,157,평일,8:00,21.1
202406,1,하선,제기동,157,평일,8:00,69.6
202406,1,상선,신설동,156,평일,8:00,23.2
202406,1,하선,신설동,156,평일,8:00,75.3
202406,1,상선,동묘앞,159,평일,8:00,27.1
202406,1,하선,동묘앞,159,평일,8:00,83.5
202406,1,상선,동대문,155,평일,8:00,30.0
202406,1,하선,동대문,155,평일,8:00,82.6
202406,1,상선,종로5가,154,평일,8:00,32.0
202406,1,하선,종로5가,154,평일,8:00,76.7
202406,1,상선,종로3가,153,평일,8:00,41.8
202406,1,하선,종로3가,153,평일,8:00,68.2
202406,1,상선,종각,152,평일,8:00,36.9
202406,1,하선,종각,152,평일,8:00,51.0
202406,1,상선,시청,151,평일,8:00,60.3
202406,1,하선,시청,151,평일,8:00,36.2
202406,1,상선,서울역,150,평일,8:00,72.7
202406,1,하선,서울역,150,평일,8:00,39.1
202406,1,상선,청량리,158,토요일,8:00,8.8
202406,1,하선,청량리,158,토요일,8:00,24.8
202406,1,상선,제기동,157,토요일,8:00,10.5
202406,1,하선,제기동,157,토요일,8:00,25.9
202406,1,상선,신설동,156,토요일,8:00,11.5
202406,1,하선,신설동,156,토요일,8:00,30.8
202406,1,상선,동묘앞,159,토요일,8:00,12.2
202406,1,하선,동묘앞,159,토요일,8:00,24.0
202406,1,상선,동대문,155,토요일,8:00,13.2
202406,1,하선,동대문,155,토요일,8:00,21.1
202406,1,상선,종로5가,154,토요일,8:00,12.6
202406,1,하선,종로5가,154,토요일,8:00,20.2
202406,1,상선,종로3가,153,토요일,8:00,14.7
202406,1,하선,종로3가,153,토요일,8:00,16.1
202406,1,상선,종각,152,토요일,8:00,14.3
202406,1,하선,종각,152,토요일,8:00,15.4
202406,1,상선,시청,151,토요일,8:00,17.2
202406,1,하선,시청,151,토요일,8:00,16.1
202406,1,상선,서울역,150,토요일,8:00,19.3
202406,1,하선,서울역,150,토요일,8:00,16.9
202406,1,상선,청량리,158,일요일,8:00,5.8
202406,1,하선,청량리,158,일요일,8:00,15.4
202406,1,상선,제기동,157,일요일,8:00,6.7
202406,1,하선,제기동,157,일요일,8:00,16.4
202406,1,상선,신설동,156,일요일,8:00,7.2
202406,1,하선,신설동,156,일요일,8:00,18.4
202406,1,상선,동묘앞,159,일요일,8:00,7.6
202406,1,하선,동묘앞,159,일요일,8:00,14.3
202406,1,상선,동대문,155,일요일,8:00,8.2
202406,1,하선,동대문,155,일요일,8:00,12.2
202406,1,상선,종로5가,154,일요일,8:00,8.2
202406,1,하선,종로5가,154,일요일,8:00,12.0
202406,1,상선,종로3가,153,일요일,8:00,9.0
202406,1,하선,종로3가,153,일요일,8:00,9.7
202406,1,상선,종각,152,일요일,8:00,8.9
202406,1,하선,종각,152,일요일,8:00,9.8
202406,1,상선,시청,151,일요일,8:00,11.4
202406,1,하선,시청,151,일요일,8:00,9.9
202406,1,상선,서울역,150,일요일,8:00,13.2
202406,1,하선,서울역,150,일요일,8:00,10.2
2020,1,상선,서울역,150,평일,8:30,74.5
2020,1,하선,서울역,150,평일,8:30,25.2
2020,1,상선,시청,151,평일,8:30,51.7
2020,1,하선,시청,151,평일,8:30,26.4
2020,1,상선,종각,152,평일,8:30,28.7
2020,1,하선,종각,152,평일,8:30,41.2
2020,1,상선,종로3가,153,평일,8:30,34.8
2020,1,하선,종로3가,153,평일,8:30,69.1
2020,1,상선,종로5가,154,평일,8:30,23.6
2020,1,하선,종로5가,154,평일,8:30,68.2
2020,1,상선,동대문,155,평일,8:30,23.6
2020,1,하선,동대문,155,평일,8:30,77.0
2020,1,상선,신설동,156,평일,8:30,17.6
2020,1,하선,신설동,156,평일,8:30,66.8
2020,1,상선,제기동,157,평일,8:30,16.0
2020,1,하선,제기동,157,평일,8:30,66.5
2020,1,상선,청량리,158,평일,8:30,12.0
2020,1,하선,청량리,158,평일,8:30,62.5
2020,1,상선,동묘앞,159,평일,8:30,21.5
2020,1,하선,동묘앞,159,평일,8:30,76.8
2020,1,상선,서울역,150,토요일,8:30,27.1
2020,1,하선,서울역,150,토요일,8:30,16.5
2020,1,상선,시청,151,토요일,8:30,21.9
2020,1,하선,시청,151,토요일,8:30,16.1
2020,1,상선,종각,152,토요일,8:30,18.9
2020,1,하선,종각,152,토요일,8:30,18.1
2020,1,상선,종로3가,153,토요일,8:30,19.7
2020,1,하선,종로3가,153,토요일,8:30,22.1
2020,1,상선,종로5가,154,토요일,8:30,17.8
2020,1,하선,종로5가,154,토요일,8:30,24.4
2020,1,상선,동대문,155,토요일,8:30,17.4
2020,1,하선,동대문,155,토요일,8:30,26.8
2020,1,상선,신설동,156,토요일,8:30,14.7
2020,1,하선,신설동,156,토요일,8:30,25.7
2020,1,상선,제기동,157,토요일,8:30,12.5
2020,1,하선,제기동,157,토요일,8:30,28.3
2020,1,상선,청량리,158,토요일,8:30,11.3
2020,1,하선,청량리,158,토요일,8:30,26.7
2020,1,상선,동묘앞,159,토요일,8:30,15.9
2020,1,하선,동묘앞,159,토요일,8:30,27.7
2020,1,상선,서울역,150,일요일,8:30,16.4
2020,1,하선,서울역,150,일요일,8:30,11.6
2020,1,상선,시청,151,일요일,8:30,15.7
2020,1,하선,시청,151,일요일,8:30,11.3
2020,1,상선,종각,152,일요일,8:30,13.9
2020,1,하선,종각,152,일요일,8:30,12.5
2020,1,상선,종로3가,153,일요일,8:30,14.0
2020,1,하선,종로3가,153,일요일,8:30,14.0
2020,1,상선,종로5가,154,일요일,8:30,13.6
2020,1,하선,종로5가,154,일요일,8:30,17.1
2020,1,상선,동대문,155,일요일,8:30,13.6
2020,1,하선,동대문,155,일요일,8:30,17.9
2020,1,상선,신설동,156,일요일,8:30,12.1
2020,1,하선,신설동,156,일요일,8:30,17.5
2020,1,상선,제기동,157,일요일,8:30,12.0
2020,1,하선,제기동,157,일요일,8:30,18.4
2020,1,상선,청량리,158,일요일,8:30,12.6
2020,1,하선,청량리,158,일요일,8:30,15.4
2020,1,상선,동묘앞,159,일요일,8:30,12.6
2020,1,하선,동묘앞,159,일요일,8:30,18.7
2021,1,상선,서울역,150,평일,8:30,61.5
2021,1,하선,서울역,150,평일,8:30,20.4
2021,1,상선,시청,151,평일,8:30,45.7
2021,1,하선,시청,151,평일,8:30,20.8
2021,1,상선,종각,152,평일,8:30,24.7
2021,1,하선,종각,152,평일,8:30,30.3
2021,1,상선,종로3가,153,평일,8:30,26.5
2021,1,하선,종로3가,153,평일,8:30,47.2
2021,1,상선,종로5가,154,평일,8:30,16.8
2021,1,하선,종로5가,154,평일,8:30,38.3
2021,1,상선,동대문,155,평일,8:30,16.2
2021,1,하선,동대문,155,평일,8:30,46.0
2021,1,상선,신설동,156,평일,8:30,12.4
2021,1,하선,신설동,156,평일,8:30,43.7
2021,1,상선,제기동,157,평일,8:30,9.3
2021,1,하선,제기동,157,평일,8:30,48.7
2021,1,상선,청량리,158,평일,8:30,6.7
2021,1,하선,청량리,158,평일,8:30,46.1
2021,1,상선,동묘앞,159,평일,8:30,14.5
2021,1,하선,동묘앞,159,평일,8:30,52.8
2021,1,상선,서울역,150,토요일,8:30,17.0
2021,1,하선,서울역,150,토요일,8:30,10.8
2021,1,상선,시청,151,토요일,8:30,15.4
2021,1,하선,시청,151,토요일,8:30,9.6
2021,1,상선,종각,152,토요일,8:30,14.4
2021,1,하선,종각,152,토요일,8:30,11.6
2021,1,상선,종로3가,153,토요일,8:30,15.5
2021,1,하선,종로3가,153,토요일,8:30,13.9
2021,1,상선,종로5가,154,토요일,8:30,12.9
2021,1,하선,종로5가,154,토요일,8:30,14.1
2021,1,상선,동대문,155,토요일,8:30,11.5
2021,1,하선,동대문,155,토요일,8:30,16.5
2021,1,상선,신설동,156,토요일,8:30,10.9
2021,1,하선,신설동,156,토요일,8:30,16.6
2021,1,상선,제기동,157,토요일,8:30,9.5
2021,1,하선,제기동,157,토요일,8:30,19.4
2021,1,상선,청량리,158,토요일,8:30,7.5
2021,1,하선,청량리,158,토요일,8:30,19.0
2021,1,상선,동묘앞,159,토요일,8:30,10.8
2021,1,하선,동묘앞,159,토요일,8:30,17.2
2021,1,상선,서울역,150,일요일,8:30,9.7
2021,1,하선,서울역,150,일요일,8:30,7.2
2021,1,상선,시청,151,일요일,8:30,8.5
2021,1,하선,시청,151,일요일,8:30,6.2
2021,1,상선,종각,152,일요일,8:30,7.7
2021,1,하선,종각,152,일요일,8:30,7.3
2021,1,상선,종로3가,153,일요일,8:30,8.1
2021,1,하선,종로3가,153,일요일,8:30,8.2
2021,1,상선,종로5가,154,일요일,8:30,7.8
2021,1,하선,종로5가,154,일요일,8:30,9.0
2021,1,상선,동대문,155,일요일,8:30,7.1
2021,1,하선,동대문,155,일요일,8:30,9.7
2021,1,상선,신설동,156,일요일,8:30,6.6
2021,1,하선,신설동,156,일요일,8:30,9.7
2021,1,상선,제기동,157,일요일,8:30,6.1
2021,1,하선,제기동,157,일요일,8:30,11.3
2021,1,상선,청량리,158,일요일,8:30,4.7
2021,1,하선,청량리,158,일요일,8:30,10.6
2021,1,상선,동묘앞,159,일요일,8:30,6.4
2021,1,하선,동묘앞,159,일요일,8:30,10.0
2022,1,상선,서울역,150,평일,8:30,70.9
2022,1,하선,서울역,150,평일,8:30,19.0
2022,1,상선,시청,151,평일,8:30,50.9
2022,1,하선,시청,151,평일,8:30,20.0
2022,1,상선,종각,152,평일,8:30,26.5
2022,1,하선,종각,152,평일,8:30,31.3
2022,1,상선,종로3가,153,평일,8:30,25.5
2022,1,하선,종로3가,153,평일,8:30,49.6
2022,1,상선,종로5가,154,평일,8:30,16.7
2022,1,하선,종로5가,154,평일,8:30,50.7
2022,1,상선,동대문,155,평일,8:30,17.8
2022,1,하선,동대문,155,평일,8:30,57.8
2022,1,상선,신설동,156,평일,8:30,14.1
2022,1,하선,신설동,156,평일,8:30,41.7
2022,1,상선,제기동,157,평일,8:30,11.6
2022,1,하선,제기동,157,평일,8:30,46.4
2022,1,상선,청량리,158,평일,8:30,8.8
2022,1,하선,청량리,158,평일,8:30,45.8
2022,1,상선,동묘앞,159,평일,8:30,16.1
2022,1,하선,동묘앞,159,평일,8:30,50.4
2022,1,상선,서울역,150,토요일,8:30,19.3
2022,1,하선,서울역,150,토요일,8:30,11.1
2022,1,상선,시청,151,토요일,8:30,17.6
2022,1,하선,시청,151,토요일,8:30,10.8
2022,1,상선,종각,152,토요일,8:30,16.3
2022,1,하선,종각,152,토요일,8:30,11.9
2022,1,상선,종로3가,153,토요일,8:30,17.9
2022,1,하선,종로3가,153,토요일,8:30,15.6
2022,1,상선,종로5가,154,토요일,8:30,14.7
2022,1,하선,종로5가,154,토요일,8:30,18.0
2022,1,상선,동대문,155,토요일,8:30,14.5
2022,1,하선,동대문,155,토요일,8:30,20.5
2022,1,상선,신설동,156,토요일,8:30,14.7
2022,1,하선,신설동,156,토요일,8:30,17.2
2022,1,상선,제기동,157,토요일,8:30,13.4
2022,1,하선,제기동,157,토요일,8:30,16.5
2022,1,상선,청량리,158,토요일,8:30,11.0
2022,1,하선,청량리,158,토요일,8:30,20.6
2022,1,상선,동묘앞,159,토요일,8:30,12.1
2022,1,하선,동묘앞,159,토요일,8:30,21.4
2022,1,상선,서울역,150,일요일,8:30,12.8
2022,1,하선,서울역,150,일요일,8:30,7.2
2022,1,상선,시청,151,일요일,8:30,12.5
2022,1,하선,시청,151,일요일,8:30,6.9
2022,1,상선,종각,152,일요일,8:30,12.1
2022,1,하선,종각,152,일요일,8:30,7.5
2022,1,상선,종로3가,153,일요일,8:30,13.2
2022,1,하선,종로3가,153,일요일,8:30,9.5
2022,1,상선,종로5가,154,일요일,8:30,11.2
2022,1,하선,종로5가,154,일요일,8:30,10.8
2022,1,상선,동대문,155,일요일,8:30,11.4
2022,1,하선,동대문,155,일요일,8:30,10.9
2022,1,상선,신설동,156,일요일,8:30,13.2
2022,1,하선,신설동,156,일요일,8:30,9.8
2022,1,상선,제기동,157,일요일,8:30,12.5
2022,1,하선,제기동,157,일요일,8:30,10.5
2022,1,상선,청량리,158,일요일,8:30,12.1
2022,1,하선,청량리,158,일요일,8:30,12.9
2022,1,상선,동묘앞,159,일요일,8:30,11.2
2022,1,하선,동묘앞,159,일요일,8:30,11.5
2023,1,상선,서울역,150,평일,8:30,82.7
2023,1,하선,서울역,150,평일,8:30,24.6
2023,1,상선,시청,151,평일,8:30,56.0
2023,1,하선,시청,151,평일,8:30,26.9
2023,1,상선,종각,152,평일,8:30,31.2
2023,1,하선,종각,152,평일,8:30,45.6
2023,1,상선,종로3가,153,평일,8:30,32.5
2023,1,하선,종로3가,153,평일,8:30,72.0
2023,1,상선,종로5가,154,평일,8:30,23.1
2023,1,하선,종로5가,154,평일,8:30,74.4
2023,1,상선,동대문,155,평일,8:30,25.8
2023,1,하선,동대문,155,평일,8:30,81.0
2023,1,상선,신설동,156,평일,8:30,19.3
2023,1,하선,신설동,156,평일,8:30,60.3
2023,1,상선,제기동,157,평일,8:30,16.8
2023,1,하선,제기동,157,평일,8:30,60.1
2023,1,상선,청량리,158,평일,8:30,13.3
2023,1,하선,청량리,158,평일,8:30,59.0
2023,1,상선,동묘앞,159,평일,8:30,22.7
2023,1,하선,동묘앞,159,평일,8:30,70.6
2023,1,상선,서울역,150,토요일,8:30,25.9
2023,1,하선,서울역,150,토요일,8:30,13.6
2023,1,상선,시청,151,토요일,8:30,23.7
2023,1,하선,시청,151,토요일,8:30,12.9
2023,1,상선,종각,152,토요일,8:30,20.2
2023,1,하선,종각,152,토요일,8:30,14.4
2023,1,상선,종로3가,153,토요일,8:30,21.9
2023,1,하선,종로3가,153,토요일,8:30,18.9
2023,1,상선,종로5가,154,토요일,8:30,18.3
2023,1,하선,종로5가,154,토요일,8:30,22.2
2023,1,상선,동대문,155,토요일,8:30,18.9
2023,1,하선,동대문,155,토요일,8:30,23.5
2023,1,상선,신설동,156,토요일,8:30,17.4
2023,1,하선,신설동,156,토요일,8:30,21.0
2023,1,상선,제기동,157,토요일,8:30,17.6
2023,1,하선,제기동,157,토요일,8:30,21.3
2023,1,상선,청량리,158,토요일,8:30,14.8
2023,1,하선,청량리,158,토요일,8:30,26.5
2023,1,상선,동묘앞,159,토요일,8:30,15.4
2023,1,하선,동묘앞,159,토요일,8:30,24.3
2023,1,상선,서울역,150,공휴일,8:30,18.0
2023,1,하선,서울역,150,공휴일,8:30,8.8
2023,1,상선,시청,151,공휴일,8:30,16.4
2023,1,하선,시청,151,공휴일,8:30,8.3
2023,1,상선,종각,152,공휴일,8:30,15.7
2023,1,하선,종각,152,공휴일,8:30,9.3
2023,1,상선,종로3가,153,공휴일,8:30,16.3
2023,1,하선,종로3가,153,공휴일,8:30,12.2
2023,1,상선,종로5가,154,공휴일,8:30,14.2
2023,1,하선,종로5가,154,공휴일,8:30,14.0
2023,1,상선,동대문,155,공휴일,8:30,14.4
2023,1,하선,동대문,155,공휴일,8:30,14.6
2023,1,상선,신설동,156,공휴일,8:30,14.7
2023,1,하선,신설동,156,공휴일,8:30,13.7
2023,1,상선,제기동,157,공휴일,8:30,14.0
2023,1,하선,제기동,157,공휴일,8:30,14.4
2023,1,상선,청량리,158,공휴일,8:30,12.4
2023,1,하선,청량리,158,공휴일,8:30,16.2
2023,1,상선,동묘앞,159,공휴일,8:30,13.3
2023,1,하선,동묘앞,159,공휴일,8:30,15.1
202403,1,상선,청량리,158,평일,8:30,14.0
202403,1,하선,청량리,158,평일,8:30,54.7
202403,1,상선,제기동,157,평일,8:30,17.8
202403,1,하선,제기동,157,평일,8:30,55.3
202403,1,상선,신설동,156,평일,8:30,19.4
202403,1,하선,신설동,156,평일,8:30,55.6
202403,1,상선,동묘앞,159,평일,8:30,21.1
202403,1,하선,동묘앞,159,평일,8:30,65.4
202403,1,상선,동대문,155,평일,8:30,23.7
202403,1,하선,동대문,155,평일,8:30,73.9
202403,1,상선,종로5가,154,평일,8:30,20.8
202403,1,하선,종로5가,154,평일,8:30,68.1
202403,1,상선,종로3가,153,평일,8:30,30.1
202403,1,하선,종로3가,153,평일,8:30,66.7
202403,1,상선,종각,152,평일,8:30,29.8
202403,1,하선,종각,152,평일,8:30,41.5
202403,1,상선,시청,151,평일,8:30,55.8
202403,1,하선,시청,151,평일,8:30,26.6
202403,1,상선,서울역,150,평일,8:30,83.7
202403,1,하선,서울역,150,평일,8:30,23.4
202403,1,상선,청량리,158,토요일,8:30,14.6
202403,1,하선,청량리,158,토요일,8:30,24.8
202403,1,상선,제기동,157,토요일,8:30,17.1
202403,1,하선,제기동,157,토요일,8:30,21.5
202403,1,상선,신설동,156,토요일,8:30,17.9
202403,1,하선,신설동,156,토요일,8:30,21.3
202403,1,상선,동묘앞,159,토요일,8:30,15.6
202403,1,하선,동묘앞,159,토요일,8:30,24.2
202403,1,상선,동대문,155,토요일,8:30,18.1
202403,1,하선,동대문,155,토요일,8:30,23.5
202403,1,상선,종로5가,154,토요일,8:30,17.8
202403,1,하선,종로5가,154,토요일,8:30,23.3
202403,1,상선,종로3가,153,토요일,8:30,21.6
202403,1,하선,종로3가,153,토요일,8:30,19.0
202403,1,상선,종각,152,토요일,8:30,20.5
202403,1,하선,종각,152,토요일,8:30,14.3
202403,1,상선,시청,151,토요일,8:30,21.9
202403,1,하선,시청,151,토요일,8:30,13.0
202403,1,상선,서울역,150,토요일,8:30,23.7
202403,1,하선,서울역,150,토요일,8:30,13.1
202403,1,상선,청량리,158,일요일,8:30,12.6
202403,1,하선,청량리,158,일요일,8:30,17.1
202403,1,상선,제기동,157,일요일,8:30,13.9
202403,1,하선,제기동,157,일요일,8:30,15.1
202403,1,상선,신설동,156,일요일,8:30,14.6
202403,1,하선,신설동,156,일요일,8:30,14.3
202403,1,상선,동묘앞,159,일요일,8:30,13.2
202403,1,하선,동묘앞,159,일요일,8:30,16.6
202403,1,상선,동대문,155,일요일,8:30,14.7
202403,1,하선,동대문,155,일요일,8:30,16.1
202403,1,상선,종로5가,154,일요일,8:30,14.7
202403,1,하선,종로5가,154,일요일,8:30,16.4
202403,1,상선,종로3가,153,일요일,8:30,15.6
202403,1,하선,종로3가,153,일요일,8:30,14.2
202403,1,상선,종각,152,일요일,8:30,14.9
202403,1,하선,종각,152,일요일,8:30,11.0
202403,1,상선,시청,151,일요일,8:30,14.7
202403,1,하선,시청,151,일요일,8:30,10.8
202403,1,상선,서울역,150,일요일,8:30,16.6
202403,1,하선,서울역,150,일요일,8:30,10.3
202406,1,상선,청량리,158,평일,8:30,14.3
202406,1,하선,청량리,158,평일,8:30,66.7
202406,1,상선,제기동,157,평일,8:30,17.5
202406,1,하선,제기동,157,평일,8:30,67.7
202406,1,상선,신설동,156,평일,8:30,19.6
202406,1,하선,신설동,156,평일,8:30,68.1
202406,1,상선,동묘앞,159,평일,8:30,22.1
202406,1,하선,동묘앞,159,평일,8:30,77.0
202406,1,상선,동대문,155,평일,8:30,23.9
202406,1,하선,동대문,155,평일,8:30,80.7
202406,1,상선,종로5가,154,평일,8:30,21.3
202406,1,하선,종로5가,154,평일,8:30,73.5
202406,1,상선,종로3가,153,평일,8:30,32.4
202406,1,하선,종로3가,153,평일,8:30,70.4
202406,1,상선,종각,152,평일,8:30,31.3
202406,1,하선,종각,152,평일,8:30,42.8
202406,1,상선,시청,151,평일,8:30,58.3
202406,1,하선,시청,151,평일,8:30,26.9
202406,1,상선,서울역,150,평일,8:30,87.3
202406,1,하선,서울역,150,평일,8:30,23.2
202406,1,상선,청량리,158,토요일,8:30,9.8
202406,1,하선,청량리,158,토요일,8:30,26.7
202406,1,상선,제기동,157,토요일,8:30,13.4
202406,1,하선,제기동,157,토요일,8:30,25.8
202406,1,상선,신설동,156,토요일,8:30,13.9
202406,1,하선,신설동,156,토요일,8:30,23.3
202406,1,상선,동묘앞,159,토요일,8:30,13.5
202406,1,하선,동묘앞,159,토요일,8:30,24.9
202406,1,상선,동대문,155,토요일,8:30,16.1
202406,1,하선,동대문,155,토요일,8:30,26.6
202406,1,상선,종로5가,154,토요일,8:30,17.5
202406,1,하선,종로5가,154,토요일,8:30,24.7
202406,1,상선,종로3가,153,토요일,8:30,20.3
202406,1,하선,종로3가,153,토요일,8:30,23.3
202406,1,상선,종각,152,토요일,8:30,20.0
202406,1,하선,종각,152,토요일,8:30,19.9
202406,1,상선,시청,151,토요일,8:30,21.6
202406,1,하선,시청,151,토요일,8:30,17.2
202406,1,상선,서울역,150,토요일,8:30,24.8
202406,1,하선,서울역,150,토요일,8:30,18.9
202406,1,상선,청량리,158,일요일,8:30,8.0
202406,1,하선,청량리,158,일요일,8:30,19.0
202406,1,상선,제기동,157,일요일,8:30,11.0
202406,1,하선,제기동,157,일요일,8:30,19.2
202406,1,상선,신설동,156,일요일,8:30,11.0
202406,1,하선,신설동,156,일요일,8:30,17.1
202406,1,상선,동묘앞,159,일요일,8:30,10.9
202406,1,하선,동묘앞,159,일요일,8:30,18.8
202406,1,상선,동대문,155,일요일,8:30,12.4
202406,1,하선,동대문,155,일요일,8:30,20.4
202406,1,상선,종로5가,154,일요일,8:30,14.0
202406,1,하선,종로5가,154,일요일,8:30,20.0
202406,1,상선,종로3가,153,일요일,8:30,14.8
202406,1,하선,종로3가,153,일요일,8:30,17.1
202406,1,상선,종각,152,일요일,8:30,15.3
202406,1,하선,종각,152,일요일,8:30,14.9
202406,1,상선,시청,151,일요일,8:30,16.2
202406,1,하선,시청,151,일요일,8:30,13.0
202406,1,상선,서울역,150,일요일,8:30,19.5
202406,1,하선,서울역,150,일요일,8:30,12.6
2020,1,상선,서울역,150,평일,9:00,52.2
2020,1,하선,서울역,150,평일,9:00,21.0
2020,1,상선,시청,151,평일,9:00,47.1
2020,1,하선,시청,151,평일,9:00,21.0
2020,1,상선,종각,152,평일,9:00,32.4
2020,1,하선,종각,152,평일,9:00,26.7
2020,1,상선,종로3가,153,평일,9:00,31.1
2020,1,하선,종로3가,153,평일,9:00,37.4
2020,1,상선,종로5가,154,평일,9:00,21.3
2020,1,하선,종로5가,154,평일,9:00,37.2
2020,1,상선,동대문,155,평일,9:00,20.5
2020,1,하선,동대문,155,평일,9:00,40.5
2020,1,상선,신설동,156,평일,9:00,18.5
2020,1,하선,신설동,156,평일,9:00,40.0
2020,1,상선,제기동,157,평일,9:00,15.0
2020,1,하선,제기동,157,평일,9:00,40.0
2020,1,상선,청량리,158,평일,9:00,11.9
2020,1,하선,청량리,158,평일,9:00,35.9
2020,1,상선,동묘앞,159,평일,9:00,17.3
2020,1,하선,동묘앞,159,평일,9:00,46.4
2020,1,상선,서울역,150,토요일,9:00,30.0
2020,1,하선,서울역,150,토요일,9:00,20.6
2020,1,상선,시청,151,토요일,9:00,26.6
2020,1,하선,시청,151,토요일,9:00,18.5
2020,1,상선,종각,152,토요일,9:00,22.8
2020,1,하선,종각,152,토요일,9:00,19.0
2020,1,상선,종로3가,153,토요일,9:00,23.3
2020,1,하선,종로3가,153,토요일,9:00,21.6
2020,1,상선,종로5가,154,토요일,9:00,20.1
2020,1,하선,종로5가,154,토요일,9:00,26.3
2020,1,상선,동대문,155,토요일,9:00,19.2
2020,1,하선,동대문,155,토요일,9:00,30.5
2020,1,상선,신설동,156,토요일,9:00,15.9
2020,1,하선,신설동,156,토요일,9:00,33.8
2020,1,상선,제기동,157,토요일,9:00,13.6
2020,1,하선,제기동,157,토요일,9:00,30.2
2020,1,상선,청량리,158,토요일,9:00,10.2
2020,1,하선,청량리,158,토요일,9:00,28.5
2020,1,상선,동묘앞,159,토요일,9:00,17.7
2020,1,하선,동묘앞,159,토요일,9:00,35.2
2020,1,상선,서울역,150,일요일,9:00,20.2
2020,1,하선,서울역,150,일요일,9:00,15.6
2020,1,상선,시청,151,일요일,9:00,19.0
2020,1,하선,시청,151,일요일,9:00,13.9
2020,1,상선,종각,152,일요일,9:00,16.5
2020,1,하선,종각,152,일요일,9:00,14.2
2020,1,상선,종로3가,153,일요일,9:00,16.2
2020,1,하선,종로3가,153,일요일,9:00,16.0
2020,1,상선,종로5가,154,일요일,9:00,15.2
2020,1,하선,종로5가,154,일요일,9:00,18.4
2020,1,상선,동대문,155,일요일,9:00,14.2
2020,1,하선,동대문,155,일요일,9:00,19.9
2020,1,상선,신설동,156,일요일,9:00,11.6
2020,1,하선,신설동,156,일요일,9:00,20.6
2020,1,상선,제기동,157,일요일,9:00,10.3
2020,1,하선,제기동,157,일요일,9:00,18.2
2020,1,상선,청량리,158,일요일,9:00,8.4
2020,1,하선,청량리,158,일요일,9:00,17.5
2020,1,상선,동묘앞,159,일요일,9:00,12.6
2020,1,하선,동묘앞,159,일요일,9:00,22.5
2021,1,상선,서울역,150,평일,9:00,38.2
2021,1,하선,서울역,150,평일,9:00,17.5
2021,1,상선,시청,151,평일,9:00,28.1
2021,1,하선,시청,151,평일,9:00,17.0
2021,1,상선,종각,152,평일,9:00,18.6
2021,1,하선,종각,152,평일,9:00,23.7
2021,1,상선,종로3가,153,평일,9:00,18.5
2021,1,하선,종로3가,153,평일,9:00,34.3
2021,1,상선,종로5가,154,평일,9:00,15.6
2021,1,하선,종로5가,154,평일,9:00,34.6
2021,1,상선,동대문,155,평일,9:00,14.1
2021,1,하선,동대문,155,평일,9:00,35.5
2021,1,상선,신설동,156,평일,9:00,13.2
2021,1,하선,신설동,156,평일,9:00,37.2
2021,1,상선,제기동,157,평일,9:00,8.8
2021,1,하선,제기동,157,평일,9:00,35.8
2021,1,상선,청량리,158,평일,9:00,7.0
2021,1,하선,청량리,158,평일,9:00,34.0
2021,1,상선,동묘앞,159,평일,9:00,13.7
2021,1,하선,동묘앞,159,평일,9:00,36.2
2021,1,상선,서울역,150,토요일,9:00,19.8
2021,1,하선,서울역,150,토요일,9:00,13.8
2021,1,상선,시청,151,토요일,9:00,17.8
2021,1,하선,시청,151,토요일,9:00,13.2
2021,1,상선,종각,152,토요일,9:00,15.4
2021,1,하선,종각,152,토요일,9:00,15.2
2021,1,상선,종로3가,153,토요일,9:00,15.4
2021,1,하선,종로3가,153,토요일,9:00,17.7
2021,1,상선,종로5가,154,토요일,9:00,12.9
2021,1,하선,종로5가,154,토요일,9:00,18.1
2021,1,상선,동대문,155,토요일,9:00,12.5
2021,1,하선,동대문,155,토요일,9:00,20.5
2021,1,상선,신설동,156,토요일,9:00,12.7
2021,1,하선,신설동,156,토요일,9:00,20.1
2021,1,상선,제기동,157,토요일,9:00,10.3
2021,1,하선,제기동,157,토요일,9:00,19.1
2021,1,상선,청량리,158,토요일,9:00,7.5
2021,1,하선,청량리,158,토요일,9:00,17.6
2021,1,상선,동묘앞,159,토요일,9:00,13.5
2021,1,하선,동묘앞,159,토요일,9:00,21.6
2021,1,상선,서울역,150,일요일,9:00,13.2
2021,1,하선,서울역,150,일요일,9:00,9.2
2021,1,상선,시청,151,일요일,9:00,11.7
2021,1,하선,시청,151,일요일,9:00,8.7
2021,1,상선,종각,152,일요일,9:00,9.5
2021,1,하선,종각,152,일요일,9:00,9.7
2021,1,상선,종로3가,153,일요일,9:00,9.6
2021,1,하선,종로3가,153,일요일,9:00,10.6
2021,1,상선,종로5가,154,일요일,9:00,7.5
2021,1,하선,종로5가,154,일요일,9:00,10.6
2021,1,상선,동대문,155,일요일,9:00,7.5
2021,1,하선,동대문,155,일요일,9:00,10.3
2021,1,상선,신설동,156,일요일,9:00,7.4
2021,1,하선,신설동,156,일요일,9:00,11.7
2021,1,상선,제기동,157,일요일,9:00,7.0
2021,1,하선,제기동,157,일요일,9:00,10.9
2021,1,상선,청량리,158,일요일,9:00,5.7
2021,1,하선,청량리,158,일요일,9:00,11.2
2021,1,상선,동묘앞,159,일요일,9:00,7.9
2021,1,하선,동묘앞,159,일요일,9:00,10.5
2022,1,상선,서울역,150,평일,9:00,40.4
2022,1,하선,서울역,150,평일,9:00,18.5
2022,1,상선,시청,151,평일,9:00,30.8
2022,1,하선,시청,151,평일,9:00,18.4
2022,1,상선,종각,152,평일,9:00,19.2
2022,1,하선,종각,152,평일,9:00,24.1
2022,1,상선,종로3가,153,평일,9:00,18.9
2022,1,하선,종로3가,153,평일,9:00,35.6
2022,1,상선,종로5가,154,평일,9:00,16.5
2022,1,하선,종로5가,154,평일,9:00,42.7
2022,1,상선,동대문,155,평일,9:00,14.9
2022,1,하선,동대문,155,평일,9:00,43.5
2022,1,상선,신설동,156,평일,9:00,10.7
2022,1,하선,신설동,156,평일,9:00,40.8
2022,1,상선,제기동,157,평일,9:00,8.7
2022,1,하선,제기동,157,평일,9:00,39.4
2022,1,상선,청량리,158,평일,9:00,6.6
2022,1,하선,청량리,158,평일,9:00,38.5
2022,1,상선,동묘앞,159,평일,9:00,11.2
2022,1,하선,동묘앞,159,평일,9:00,37.3
2022,1,상선,서울역,150,토요일,9:00,21.0
2022,1,하선,서울역,150,토요일,9:00,14.8
2022,1,상선,시청,151,토요일,9:00,18.0
2022,1,하선,시청,151,토요일,9:00,14.1
2022,1,상선,종각,152,토요일,9:00,15.7
2022,1,하선,종각,152,토요일,9:00,16.6
2022,1,상선,종로3가,153,토요일,9:00,14.9
2022,1,하선,종로3가,153,토요일,9:00,19.6
2022,1,상선,종로5가,154,토요일,9:00,14.1
2022,1,하선,종로5가,154,토요일,9:00,19.7
2022,1,상선,동대문,155,토요일,9:00,16.1
2022,1,하선,동대문,155,토요일,9:00,20.9
2022,1,상선,신설동,156,토요일,9:00,14.1
2022,1,하선,신설동,156,토요일,9:00,21.1
2022,1,상선,제기동,157,토요일,9:00,12.8
2022,1,하선,제기동,157,토요일,9:00,20.9
2022,1,상선,청량리,158,토요일,9:00,8.9
2022,1,하선,청량리,158,토요일,9:00,20.1
2022,1,상선,동묘앞,159,토요일,9:00,15.5
2022,1,하선,동묘앞,159,토요일,9:00,21.6
2022,1,상선,서울역,150,일요일,9:00,14.6
2022,1,하선,서울역,150,일요일,9:00,10.5
2022,1,상선,시청,151,일요일,9:00,13.2
2022,1,하선,시청,151,일요일,9:00,9.6
2022,1,상선,종각,152,일요일,9:00,12.1
2022,1,하선,종각,152,일요일,9:00,11.0
2022,1,상선,종로3가,153,일요일,9:00,11.4
2022,1,하선,종로3가,153,일요일,9:00,12.0
2022,1,상선,종로5가,154,일요일,9:00,12.3
2022,1,하선,종로5가,154,일요일,9:00,11.8
2022,1,상선,동대문,155,일요일,9:00,14.3
2022,1,하선,동대문,155,일요일,9:00,12.6
2022,1,상선,신설동,156,일요일,9:00,10.3
2022,1,하선,신설동,156,일요일,9:00,15.2
2022,1,상선,제기동,157,일요일,9:00,9.8
2022,1,하선,제기동,157,일요일,9:00,14.9
2022,1,상선,청량리,158,일요일,9:00,7.9
2022,1,하선,청량리,158,일요일,9:00,14.0
2022,1,상선,동묘앞,159,일요일,9:00,11.5
2022,1,하선,동묘앞,159,일요일,9:00,13.6
2023,1,상선,서울역,150,평일,9:00,57.5
2023,1,하선,서울역,150,평일,9:00,24.0
2023,1,상선,시청,151,평일,9:00,44.3
2023,1,하선,시청,151,평일,9:00,26.0
2023,1,상선,종각,152,평일,9:00,28.0
2023,1,하선,종각,152,평일,9:00,34.6
2023,1,상선,종로3가,153,평일,9:00,28.7
2023,1,하선,종로3가,153,평일,9:00,48.9
2023,1,상선,종로5가,154,평일,9:00,24.1
2023,1,하선,종로5가,154,평일,9:00,56.3
2023,1,상선,동대문,155,평일,9:00,21.7
2023,1,하선,동대문,155,평일,9:00,57.8
2023,1,상선,신설동,156,평일,9:00,16.6
2023,1,하선,신설동,156,평일,9:00,47.9
2023,1,상선,제기동,157,평일,9:00,13.9
2023,1,하선,제기동,157,평일,9:00,46.0
2023,1,상선,청량리,158,평일,9:00,10.8
2023,1,하선,청량리,158,평일,9:00,44.6
2023,1,상선,동묘앞,159,평일,9:00,17.1
2023,1,하선,동묘앞,159,평일,9:00,50.5
2023,1,상선,서울역,150,토요일,9:00,24.7
2023,1,하선,서울역,150,토요일,9:00,19.8
2023,1,상선,시청,151,토요일,9:00,23.0
2023,1,하선,시청,151,토요일,9:00,18.7
2023,1,상선,종각,152,토요일,9:00,20.6
2023,1,하선,종각,152,토요일,9:00,20.9
2023,1,상선,종로3가,153,토요일,9:00,18.6
2023,1,하선,종로3가,153,토요일,9:00,23.6
2023,1,상선,종로5가,154,토요일,9:00,17.9
2023,1,하선,종로5가,154,토요일,9:00,26.0
2023,1,상선,동대문,155,토요일,9:00,20.1
2023,1,하선,동대문,155,토요일,9:00,28.8
2023,1,상선,신설동,156,토요일,9:00,17.7
2023,1,하선,신설동,156,토요일,9:00,29.0
2023,1,상선,제기동,157,토요일,9:00,15.9
2023,1,하선,제기동,157,토요일,9:00,26.5
2023,1,상선,청량리,158,토요일,9:00,12.0
2023,1,하선,청량리,158,토요일,9:00,25.0
2023,1,상선,동묘앞,159,토요일,9:00,18.1
2023,1,하선,동묘앞,159,토요일,9:00,29.2
2023,1,상선,서울역,150,공휴일,9:00,19.2
2023,1,하선,서울역,150,공휴일,9:00,14.3
2023,1,상선,시청,151,공휴일,9:00,16.3
2023,1,하선,시청,151,공휴일,9:00,14.2
2023,1,상선,종각,152,공휴일,9:00,15.1
2023,1,하선,종각,152,공휴일,9:00,15.1
2023,1,상선,종로3가,153,공휴일,9:00,13.3
2023,1,하선,종로3가,153,공휴일,9:00,15.8
2023,1,상선,종로5가,154,공휴일,9:00,14.0
2023,1,하선,종로5가,154,공휴일,9:00,16.6
2023,1,상선,동대문,155,공휴일,9:00,15.1
2023,1,하선,동대문,155,공휴일,9:00,17.0
2023,1,상선,신설동,156,공휴일,9:00,11.5
2023,1,하선,신설동,156,공휴일,9:00,18.0
2023,1,상선,제기동,157,공휴일,9:00,11.0
2023,1,하선,제기동,157,공휴일,9:00,16.5
2023,1,상선,청량리,158,공휴일,9:00,9.2
2023,1,하선,청량리,158,공휴일,9:00,16.5
2023,1,상선,동묘앞,159,공휴일,9:00,12.8
2023,1,하선,동묘앞,159,공휴일,9:00,18.0
202403,1,상선,청량리,158,평일,9:00,10.5
202403,1,하선,청량리,158,평일,9:00,47.0
202403,1,상선,제기동,157,평일,9:00,13.9
202403,1,하선,제기동,157,평일,9:00,48.4
202403,1,상선,신설동,156,평일,9:00,16.9
202403,1,하선,신설동,156,평일,9:00,50.7
202403,1,상선,동묘앞,159,평일,9:00,17.3
202403,1,하선,동묘앞,159,평일,9:00,52.1
202403,1,상선,동대문,155,평일,9:00,22.2
202403,1,하선,동대문,155,평일,9:00,59.9
202403,1,상선,종로5가,154,평일,9:00,24.5
202403,1,하선,종로5가,154,평일,9:00,56.6
202403,1,상선,종로3가,153,평일,9:00,29.5
202403,1,하선,종로3가,153,평일,9:00,49.0
202403,1,상선,종각,152,평일,9:00,27.8
202403,1,하선,종각,152,평일,9:00,34.2
202403,1,상선,시청,151,평일,9:00,44.9
202403,1,하선,시청,151,평일,9:00,26.6
202403,1,상선,서울역,150,평일,9:00,57.8
202403,1,하선,서울역,150,평일,9:00,24.5
202403,1,상선,청량리,158,토요일,9:00,11.1
202403,1,하선,청량리,158,토요일,9:00,25.9
202403,1,상선,제기동,157,토요일,9:00,15.1
202403,1,하선,제기동,157,토요일,9:00,25.4
202403,1,상선,신설동,156,토요일,9:00,16.8
202403,1,하선,신설동,156,토요일,9:00,27.9
202403,1,상선,동묘앞,159,토요일,9:00,16.4
202403,1,하선,동묘앞,159,토요일,9:00,27.5
202403,1,상선,동대문,155,토요일,9:00,18.4
202403,1,하선,동대문,155,토요일,9:00,27.0
202403,1,상선,종로5가,154,토요일,9:00,16.6
202403,1,하선,종로5가,154,토요일,9:00,25.2
202403,1,상선,종로3가,153,토요일,9:00,16.5
202403,1,하선,종로3가,153,토요일,9:00,23.7
202403,1,상선,종각,152,토요일,9:00,20.1
202403,1,하선,종각,152,토요일,9:00,21.6
202403,1,상선,시청,151,토요일,9:00,22.4
202403,1,하선,시청,151,토요일,9:00,19.3
202403,1,상선,서울역,150,토요일,9:00,26.3
202403,1,하선,서울역,150,토요일,9:00,19.4
202403,1,상선,청량리,158,일요일,9:00,8.2
202403,1,하선,청량리,158,일요일,9:00,18.2
202403,1,상선,제기동,157,일요일,9:00,10.3
202403,1,하선,제기동,157,일요일,9:00,17.4
202403,1,상선,신설동,156,일요일,9:00,11.2
202403,1,하선,신설동,156,일요일,9:00,19.6
202403,1,상선,동묘앞,159,일요일,9:00,13.4
202403,1,하선,동묘앞,159,일요일,9:00,19.5
202403,1,상선,동대문,155,일요일,9:00,17.0
202403,1,하선,동대문,155,일요일,9:00,18.8
202403,1,상선,종로5가,154,일요일,9:00,15.8
202403,1,하선,종로5가,154,일요일,9:00,17.8
202403,1,상선,종로3가,153,일요일,9:00,17.2
202403,1,하선,종로3가,153,일요일,9:00,17.2
202403,1,상선,종각,152,일요일,9:00,17.4
202403,1,하선,종각,152,일요일,9:00,17.0
202403,1,상선,시청,151,일요일,9:00,18.9
202403,1,하선,시청,151,일요일,9:00,16.0
202403,1,상선,서울역,150,일요일,9:00,20.2
202403,1,하선,서울역,150,일요일,9:00,15.2
202406,1,상선,청량리,158,평일,9:00,12.4
202406,1,하선,청량리,158,평일,9:00,46.5
202406,1,상선,제기동,157,평일,9:00,16.8
202406,1,하선,제기동,157,평일,9:00,48.1
202406,1,상선,신설동,156,평일,9:00,20.5
202406,1,하선,신설동,156,평일,9:00,48.1
202406,1,상선,동묘앞,159,평일,9:00,20.8
202406,1,하선,동묘앞,159,평일,9:00,53.2
202406,1,상선,동대문,155,평일,9:00,28.1
202406,1,하선,동대문,155,평일,9:00,67.7
202406,1,상선,종로5가,154,평일,9:00,29.9
202406,1,하선,종로5가,154,평일,9:00,63.4
202406,1,상선,종로3가,153,평일,9:00,33.7
202406,1,하선,종로3가,153,평일,9:00,55.2
202406,1,상선,종각,152,평일,9:00,33.5
202406,1,하선,종각,152,평일,9:00,38.4
202406,1,상선,시청,151,평일,9:00,52.8
202406,1,하선,시청,151,평일,9:00,30.7
202406,1,상선,서울역,150,평일,9:00,67.1
202406,1,하선,서울역,150,평일,9:00,28.1
202406,1,상선,청량리,158,토요일,9:00,10.9
202406,1,하선,청량리,158,토요일,9:00,27.9
202406,1,상선,제기동,157,토요일,9:00,14.7
202406,1,하선,제기동,157,토요일,9:00,27.6
202406,1,상선,신설동,156,토요일,9:00,17.8
202406,1,하선,신설동,156,토요일,9:00,29.6
202406,1,상선,동묘앞,159,토요일,9:00,18.1
202406,1,하선,동묘앞,159,토요일,9:00,29.1
202406,1,상선,동대문,155,토요일,9:00,19.8
202406,1,하선,동대문,155,토요일,9:00,28.3
202406,1,상선,종로5가,154,토요일,9:00,17.6
202406,1,하선,종로5가,154,토요일,9:00,27.2
202406,1,상선,종로3가,153,토요일,9:00,20.2
202406,1,하선,종로3가,153,토요일,9:00,25.9
202406,1,상선,종각,152,토요일,9:00,23.9
202406,1,하선,종각,152,토요일,9:00,23.0
202406,1,상선,시청,151,토요일,9:00,26.6
202406,1,하선,시청,151,토요일,9:00,20.6
202406,1,상선,서울역,150,토요일,9:00,28.9
202406,1,하선,서울역,150,토요일,9:00,19.9
202406,1,상선,청량리,158,일요일,9:00,8.6
202406,1,하선,청량리,158,일요일,9:00,19.8
202406,1,상선,제기동,157,일요일,9:00,10.7
202406,1,하선,제기동,157,일요일,9:00,19.9
202406,1,상선,신설동,156,일요일,9:00,13.2
202406,1,하선,신설동,156,일요일,9:00,20.9
202406,1,상선,동묘앞,159,일요일,9:00,14.7
202406,1,하선,동묘앞,159,일요일,9:00,20.5
202406,1,상선,동대문,155,일요일,9:00,17.6
202406,1,하선,동대문,155,일요일,9:00,19.5
202406,1,상선,종로5가,154,일요일,9:00,17.3
202406,1,하선,종로5가,154,일요일,9:00,19.1
202406,1,상선,종로3가,153,일요일,9:00,18.8
202406,1,하선,종로3가,153,일요일,9:00,18.6
202406,1,상선,종각,152,일요일,9:00,20.7
202406,1,하선,종각,152,일요일,9:00,17.1
202406,1,상선,시청,151,일요일,9:00,23.0
202406,1,하선,시청,151,일요일,9:00,15.6
202406,1,상선,서울역,150,일요일,9:00,24.8
202406,1,하선,서울역,150,일요일,9:00,15.1
2020,1,상선,서울역,150,평일,9:30,57.1
2020,1,하선,서울역,150,평일,9:30,17.0
2020,1,상선,시청,151,평일,9:30,47.1
2020,1,하선,시청,151,평일,9:30,16.8
2020,1,상선,종각,152,평일,9:30,35.0
2020,1,하선,종각,152,평일,9:30,20.8
2020,1,상선,종로3가,153,평일,9:30,32.5
2020,1,하선,종로3가,153,평일,9:30,28.6
2020,1,상선,종로5가,154,평일,9:30,28.6
2020,1,하선,종로5가,154,평일,9:30,32.4
2020,1,상선,동대문,155,평일,9:30,26.0
2020,1,하선,동대문,155,평일,9:30,36.6
2020,1,상선,신설동,156,평일,9:30,23.1
2020,1,하선,신설동,156,평일,9:30,34.7
2020,1,상선,제기동,157,평일,9:30,17.5
2020,1,하선,제기동,157,평일,9:30,31.4
2020,1,상선,청량리,158,평일,9:30,11.0
2020,1,하선,청량리,158,평일,9:30,31.1
2020,1,상선,동묘앞,159,평일,9:30,23.1
2020,1,하선,동묘앞,159,평일,9:30,36.0
2020,1,상선,서울역,150,토요일,9:30,34.2
2020,1,하선,서울역,150,토요일,9:30,19.1
2020,1,상선,시청,151,토요일,9:30,30.3
2020,1,하선,시청,151,토요일,9:30,18.4
2020,1,상선,종각,152,토요일,9:30,25.3
2020,1,하선,종각,152,토요일,9:30,20.5
2020,1,상선,종로3가,153,토요일,9:30,23.7
2020,1,하선,종로3가,153,토요일,9:30,26.4
2020,1,상선,종로5가,154,토요일,9:30,19.2
2020,1,하선,종로5가,154,토요일,9:30,32.3
2020,1,상선,동대문,155,토요일,9:30,19.0
2020,1,하선,동대문,155,토요일,9:30,33.1
2020,1,상선,신설동,156,토요일,9:30,15.9
2020,1,하선,신설동,156,토요일,9:30,30.0
2020,1,상선,제기동,157,토요일,9:30,13.3
2020,1,하선,제기동,157,토요일,9:30,27.8
2020,1,상선,청량리,158,토요일,9:30,9.8
2020,1,하선,청량리,158,토요일,9:30,28.9
2020,1,상선,동묘앞,159,토요일,9:30,14.5
2020,1,하선,동묘앞,159,토요일,9:30,35.1
2020,1,상선,서울역,150,일요일,9:30,25.4
2020,1,하선,서울역,150,일요일,9:30,14.7
2020,1,상선,시청,151,일요일,9:30,21.7
2020,1,하선,시청,151,일요일,9:30,13.2
2020,1,상선,종각,152,일요일,9:30,17.0
2020,1,하선,종각,152,일요일,9:30,14.9
2020,1,상선,종로3가,153,일요일,9:30,16.7
2020,1,하선,종로3가,153,일요일,9:30,17.9
2020,1,상선,종로5가,154,일요일,9:30,14.8
2020,1,하선,종로5가,154,일요일,9:30,21.3
2020,1,상선,동대문,155,일요일,9:30,14.6
2020,1,하선,동대문,155,일요일,9:30,21.2
2020,1,상선,신설동,156,일요일,9:30,11.3
2020,1,하선,신설동,156,일요일,9:30,21.4
2020,1,상선,제기동,157,일요일,9:30,10.0
2020,1,하선,제기동,157,일요일,9:30,20.0
2020,1,상선,청량리,158,일요일,9:30,7.8
2020,1,하선,청량리,158,일요일,9:30,21.1
2020,1,상선,동묘앞,159,일요일,9:30,10.4
2020,1,하선,동묘앞,159,일요일,9:30,22.6
2021,1,상선,서울역,150,평일,9:30,31.8
2021,1,하선,서울역,150,평일,9:30,12.3
2021,1,상선,시청,151,평일,9:30,28.1
2021,1,하선,시청,151,평일,9:30,12.4
2021,1,상선,종각,152,평일,9:30,22.1
2021,1,하선,종각,152,평일,9:30,14.8
2021,1,상선,종로3가,153,평일,9:30,21.9
2021,1,하선,종로3가,153,평일,9:30,21.8
2021,1,상선,종로5가,154,평일,9:30,14.3
2021,1,하선,종로5가,154,평일,9:30,28.4
2021,1,상선,동대문,155,평일,9:30,13.5
2021,1,하선,동대문,155,평일,9:30,30.4
2021,1,상선,신설동,156,평일,9:30,9.8
2021,1,하선,신설동,156,평일,9:30,28.5
2021,1,상선,제기동,157,평일,9:30,8.3
2021,1,하선,제기동,157,평일,9:30,25.8
2021,1,상선,청량리,158,평일,9:30,5.5
2021,1,하선,청량리,158,평일,9:30,21.9
2021,1,상선,동묘앞,159,평일,9:30,11.0
2021,1,하선,동묘앞,159,평일,9:30,30.0
2021,1,상선,서울역,150,토요일,9:30,24.4
2021,1,하선,서울역,150,토요일,9:30,15.1
2021,1,상선,시청,151,토요일,9:30,22.9
2021,1,하선,시청,151,토요일,9:30,14.7
2021,1,상선,종각,152,토요일,9:30,21.4
2021,1,하선,종각,152,토요일,9:30,15.7
2021,1,상선,종로3가,153,토요일,9:30,21.9
2021,1,하선,종로3가,153,토요일,9:30,18.7
2021,1,상선,종로5가,154,토요일,9:30,17.3
2021,1,하선,종로5가,154,토요일,9:30,26.4
2021,1,상선,동대문,155,토요일,9:30,16.9
2021,1,하선,동대문,155,토요일,9:30,28.1
2021,1,상선,신설동,156,토요일,9:30,16.0
2021,1,하선,신설동,156,토요일,9:30,29.0
2021,1,상선,제기동,157,토요일,9:30,13.5
2021,1,하선,제기동,157,토요일,9:30,26.4
2021,1,상선,청량리,158,토요일,9:30,9.8
2021,1,하선,청량리,158,토요일,9:30,24.5
2021,1,상선,동묘앞,159,토요일,9:30,13.9
2021,1,하선,동묘앞,159,토요일,9:30,29.1
2021,1,상선,서울역,150,일요일,9:30,14.1
2021,1,하선,서울역,150,일요일,9:30,9.3
2021,1,상선,시청,151,일요일,9:30,13.3
2021,1,하선,시청,151,일요일,9:30,8.3
2021,1,상선,종각,152,일요일,9:30,13.7
2021,1,하선,종각,152,일요일,9:30,9.6
2021,1,상선,종로3가,153,일요일,9:30,13.1
2021,1,하선,종로3가,153,일요일,9:30,11.7
2021,1,상선,종로5가,154,일요일,9:30,13.3
2021,1,하선,종로5가,154,일요일,9:30,16.7
2021,1,상선,동대문,155,일요일,9:30,12.8
2021,1,하선,동대문,155,일요일,9:30,19.1
2021,1,상선,신설동,156,일요일,9:30,10.7
2021,1,하선,신설동,156,일요일,9:30,17.5
2021,1,상선,제기동,157,일요일,9:30,9.1
2021,1,하선,제기동,157,일요일,9:30,16.5
2021,1,상선,청량리,158,일요일,9:30,6.8
2021,1,하선,청량리,158,일요일,9:30,13.3
2021,1,상선,동묘앞,159,일요일,9:30,9.5
2021,1,하선,동묘앞,159,일요일,9:30,19.7
2022,1,상선,서울역,150,평일,9:30,38.0
2022,1,하선,서울역,150,평일,9:30,15.1
2022,1,상선,시청,151,평일,9:30,35.8
2022,1,하선,시청,151,평일,9:30,14.5
2022,1,상선,종각,152,평일,9:30,26.2
2022,1,하선,종각,152,평일,9:30,18.5
2022,1,상선,종로3가,153,평일,9:30,23.6
2022,1,하선,종로3가,153,평일,9:30,26.5
2022,1,상선,종로5가,154,평일,9:30,15.8
2022,1,하선,종로5가,154,평일,9:30,28.5
2022,1,상선,동대문,155,평일,9:30,14.7
2022,1,하선,동대문,155,평일,9:30,31.8
2022,1,상선,신설동,156,평일,9:30,16.6
2022,1,하선,신설동,156,평일,9:30,33.7
2022,1,상선,제기동,157,평일,9:30,12.8
2022,1,하선,제기동,157,평일,9:30,29.0
2022,1,상선,청량리,158,평일,9:30,10.1
2022,1,하선,청량리,158,평일,9:30,27.9
2022,1,상선,동묘앞,159,평일,9:30,15.2
2022,1,하선,동묘앞,159,평일,9:30,37.2
2022,1,상선,서울역,150,토요일,9:30,25.9
2022,1,하선,서울역,150,토요일,9:30,15.1
2022,1,상선,시청,151,토요일,9:30,27.2
2022,1,하선,시청,151,토요일,9:30,15.4
2022,1,상선,종각,152,토요일,9:30,23.2
2022,1,하선,종각,152,토요일,9:30,15.9
2022,1,상선,종로3가,153,토요일,9:30,21.4
2022,1,하선,종로3가,153,토요일,9:30,18.4
2022,1,상선,종로5가,154,토요일,9:30,18.5
2022,1,하선,종로5가,154,토요일,9:30,26.2
2022,1,상선,동대문,155,토요일,9:30,15.6
2022,1,하선,동대문,155,토요일,9:30,28.0
2022,1,상선,신설동,156,토요일,9:30,15.3
2022,1,하선,신설동,156,토요일,9:30,25.5
2022,1,상선,제기동,157,토요일,9:30,12.8
2022,1,하선,제기동,157,토요일,9:30,24.3
2022,1,상선,청량리,158,토요일,9:30,9.4
2022,1,하선,청량리,158,토요일,9:30,20.9
2022,1,상선,동묘앞,159,토요일,9:30,13.6
2022,1,하선,동묘앞,159,토요일,9:30,28.7
2022,1,상선,서울역,150,일요일,9:30,18.9
2022,1,하선,서울역,150,일요일,9:30,11.5
2022,1,상선,시청,151,일요일,9:30,19.4
2022,1,하선,시청,151,일요일,9:30,11.4
2022,1,상선,종각,152,일요일,9:30,17.1
2022,1,하선,종각,152,일요일,9:30,11.7
2022,1,상선,종로3가,153,일요일,9:30,16.8
2022,1,하선,종로3가,153,일요일,9:30,13.7
2022,1,상선,종로5가,154,일요일,9:30,15.7
2022,1,하선,종로5가,154,일요일,9:30,19.5
2022,1,상선,동대문,155,일요일,9:30,12.5
2022,1,하선,동대문,155,일요일,9:30,20.0
2022,1,상선,신설동,156,일요일,9:30,12.4
2022,1,하선,신설동,156,일요일,9:30,17.9
2022,1,상선,제기동,157,일요일,9:30,10.9
2022,1,하선,제기동,157,일요일,9:30,17.5
2022,1,상선,청량리,158,일요일,9:30,8.3
2022,1,하선,청량리,158,일요일,9:30,15.1
2022,1,상선,동묘앞,159,일요일,9:30,10.4
2022,1,하선,동묘앞,159,일요일,9:30,20.7
2023,1,상선,서울역,150,평일,9:30,52.3
2023,1,하선,서울역,150,평일,9:30,19.8
2023,1,상선,시청,151,평일,9:30,48.2
2023,1,하선,시청,151,평일,9:30,20.6
2023,1,상선,종각,152,평일,9:30,36.5
2023,1,하선,종각,152,평일,9:30,26.0
2023,1,상선,종로3가,153,평일,9:30,37.2
2023,1,하선,종로3가,153,평일,9:30,36.2
2023,1,상선,종로5가,154,평일,9:30,27.4
2023,1,하선,종로5가,154,평일,9:30,39.9
2023,1,상선,동대문,155,평일,9:30,25.6
2023,1,하선,동대문,155,평일,9:30,43.2
2023,1,상선,신설동,156,평일,9:30,27.4
2023,1,하선,신설동,156,평일,9:30,41.1
2023,1,상선,제기동,157,평일,9:30,23.0
2023,1,하선,제기동,157,평일,9:30,35.0
2023,1,상선,청량리,158,평일,9:30,18.1
2023,1,하선,청량리,158,평일,9:30,34.2
2023,1,상선,동묘앞,159,평일,9:30,23.4
2023,1,하선,동묘앞,159,평일,9:30,46.3
2023,1,상선,서울역,150,토요일,9:30,39.1
2023,1,하선,서울역,150,토요일,9:30,21.4
2023,1,상선,시청,151,토요일,9:30,36.4
2023,1,하선,시청,151,토요일,9:30,20.3
2023,1,상선,종각,152,토요일,9:30,31.1
2023,1,하선,종각,152,토요일,9:30,21.7
2023,1,상선,종로3가,153,토요일,9:30,26.2
2023,1,하선,종로3가,153,토요일,9:30,25.9
2023,1,상선,종로5가,154,토요일,9:30,21.9
2023,1,하선,종로5가,154,토요일,9:30,32.1
2023,1,상선,동대문,155,토요일,9:30,19.4
2023,1,하선,동대문,155,토요일,9:30,32.8
2023,1,상선,신설동,156,토요일,9:30,18.2
2023,1,하선,신설동,156,토요일,9:30,29.1
2023,1,상선,제기동,157,토요일,9:30,15.5
2023,1,하선,제기동,157,토요일,9:30,28.3
2023,1,상선,청량리,158,토요일,9:30,12.2
2023,1,하선,청량리,158,토요일,9:30,24.9
2023,1,상선,동묘앞,159,토요일,9:30,17.0
2023,1,하선,동묘앞,159,토요일,9:30,33.5
2023,1,상선,서울역,150,공휴일,9:30,21.1
2023,1,하선,서울역,150,공휴일,9:30,15.5
2023,1,상선,시청,151,공휴일,9:30,22.1
2023,1,하선,시청,151,공휴일,9:30,14.3
2023,1,상선,종각,152,공휴일,9:30,19.7
2023,1,하선,종각,152,공휴일,9:30,15.4
2023,1,상선,종로3가,153,공휴일,9:30,19.9
2023,1,하선,종로3가,153,공휴일,9:30,18.0
2023,1,상선,종로5가,154,공휴일,9:30,18.4
2023,1,하선,종로5가,154,공휴일,9:30,26.2
2023,1,상선,동대문,155,공휴일,9:30,16.9
2023,1,하선,동대문,155,공휴일,9:30,26.8
2023,1,상선,신설동,156,공휴일,9:30,13.8
2023,1,하선,신설동,156,공휴일,9:30,23.3
2023,1,상선,제기동,157,공휴일,9:30,12.3
2023,1,하선,제기동,157,공휴일,9:30,22.5
2023,1,상선,청량리,158,공휴일,9:30,9.1
2023,1,하선,청량리,158,공휴일,9:30,20.1
2023,1,상선,동묘앞,159,공휴일,9:30,13.4
2023,1,하선,동묘앞,159,공휴일,9:30,27.1
202403,1,상선,청량리,158,평일,9:30,17.0
202403,1,하선,청량리,158,평일,9:30,38.2
202403,1,상선,제기동,157,평일,9:30,21.9
202403,1,하선,제기동,157,평일,9:30,38.9
202403,1,상선,신설동,156,평일,9:30,26.3
202403,1,하선,신설동,156,평일,9:30,45.9
202403,1,상선,동묘앞,159,평일,9:30,22.6
202403,1,하선,동묘앞,159,평일,9:30,52.5
202403,1,상선,동대문,155,평일,9:30,23.4
202403,1,하선,동대문,155,평일,9:30,47.7
202403,1,상선,종로5가,154,평일,9:30,25.0
202403,1,하선,종로5가,154,평일,9:30,43.8
202403,1,상선,종로3가,153,평일,9:30,34.0
202403,1,하선,종로3가,153,평일,9:30,41.0
202403,1,상선,종각,152,평일,9:30,35.7
202403,1,하선,종각,152,평일,9:30,29.3
202403,1,상선,시청,151,평일,9:30,47.6
202403,1,하선,시청,151,평일,9:30,23.1
202403,1,상선,서울역,150,평일,9:30,52.8
202403,1,하선,서울역,150,평일,9:30,20.1
202403,1,상선,청량리,158,토요일,9:30,11.1
202403,1,하선,청량리,158,토요일,9:30,26.7
202403,1,상선,제기동,157,토요일,9:30,16.0
202403,1,하선,제기동,157,토요일,9:30,30.7
202403,1,상선,신설동,156,토요일,9:30,19.0
202403,1,하선,신설동,156,토요일,9:30,32.8
202403,1,상선,동묘앞,159,토요일,9:30,17.7
202403,1,하선,동묘앞,159,토요일,9:30,41.5
202403,1,상선,동대문,155,토요일,9:30,20.0
202403,1,하선,동대문,155,토요일,9:30,41.0
202403,1,상선,종로5가,154,토요일,9:30,23.5
202403,1,하선,종로5가,154,토요일,9:30,39.0
202403,1,상선,종로3가,153,토요일,9:30,29.1
202403,1,하선,종로3가,153,토요일,9:30,28.1
202403,1,상선,종각,152,토요일,9:30,28.6
202403,1,하선,종각,152,토요일,9:30,24.5
202403,1,상선,시청,151,토요일,9:30,32.9
202403,1,하선,시청,151,토요일,9:30,23.1
202403,1,상선,서울역,150,토요일,9:30,32.7
202403,1,하선,서울역,150,토요일,9:30,21.7
202403,1,상선,청량리,158,일요일,9:30,9.7
202403,1,하선,청량리,158,일요일,9:30,19.6
202403,1,상선,제기동,157,일요일,9:30,13.2
202403,1,하선,제기동,157,일요일,9:30,23.0
202403,1,상선,신설동,156,일요일,9:30,14.9
202403,1,하선,신설동,156,일요일,9:30,23.7
202403,1,상선,동묘앞,159,일요일,9:30,13.8
202403,1,하선,동묘앞,159,일요일,9:30,29.3
202403,1,상선,동대문,155,일요일,9:30,17.3
202403,1,하선,동대문,155,일요일,9:30,28.2
202403,1,상선,종로5가,154,일요일,9:30,19.3
202403,1,하선,종로5가,154,일요일,9:30,26.9
202403,1,상선,종로3가,153,일요일,9:30,21.4
202403,1,하선,종로3가,153,일요일,9:30,19.9
202403,1,상선,종각,152,일요일,9:30,23.3
202403,1,하선,종각,152,일요일,9:30,17.7
202403,1,상선,시청,151,일요일,9:30,26.2
202403,1,하선,시청,151,일요일,9:30,17.4
202403,1,상선,서울역,150,일요일,9:30,27.1
202403,1,하선,서울역,150,일요일,9:30,16.3
202406,1,상선,청량리,158,평일,9:30,16.4
202406,1,하선,청량리,158,평일,9:30,37.0
202406,1,상선,제기동,157,평일,9:30,24.7
202406,1,하선,제기동,157,평일,9:30,37.8
202406,1,상선,신설동,156,평일,9:30,28.9
202406,1,하선,신설동,156,평일,9:30,42.4
202406,1,상선,동묘앞,159,평일,9:30,25.2
202406,1,하선,동묘앞,159,평일,9:30,46.9
202406,1,상선,동대문,155,평일,9:30,26.7
202406,1,하선,동대문,155,평일,9:30,42.0
202406,1,상선,종로5가,154,평일,9:30,28.5
202406,1,하선,종로5가,154,평일,9:30,39.0
202406,1,상선,종로3가,153,평일,9:30,37.9
202406,1,하선,종로3가,153,평일,9:30,37.5
202406,1,상선,종각,152,평일,9:30,38.0
202406,1,하선,종각,152,평일,9:30,27.6
202406,1,상선,시청,151,평일,9:30,49.0
202406,1,하선,시청,151,평일,9:30,22.4
202406,1,상선,서울역,150,평일,9:30,58.0
202406,1,하선,서울역,150,평일,9:30,21.2
202406,1,상선,청량리,158,토요일,9:30,12.2
202406,1,하선,청량리,158,토요일,9:30,32.1
202406,1,상선,제기동,157,토요일,9:30,16.0
202406,1,하선,제기동,157,토요일,9:30,32.0
202406,1,상선,신설동,156,토요일,9:30,21.3
202406,1,하선,신설동,156,토요일,9:30,34.1
202406,1,상선,동묘앞,159,토요일,9:30,20.2
202406,1,하선,동묘앞,159,토요일,9:30,42.9
202406,1,상선,동대문,155,토요일,9:30,23.2
202406,1,하선,동대문,155,토요일,9:30,41.9
202406,1,상선,종로5가,154,토요일,9:30,26.9
202406,1,하선,종로5가,154,토요일,9:30,39.6
202406,1,상선,종로3가,153,토요일,9:30,32.1
202406,1,하선,종로3가,153,토요일,9:30,29.7
202406,1,상선,종각,152,토요일,9:30,34.0
202406,1,하선,종각,152,토요일,9:30,24.6
202406,1,상선,시청,151,토요일,9:30,39.4
202406,1,하선,시청,151,토요일,9:30,24.0
202406,1,상선,서울역,150,토요일,9:30,40.3
202406,1,하선,서울역,150,토요일,9:30,22.2
202406,1,상선,청량리,158,일요일,9:30,10.9
202406,1,하선,청량리,158,일요일,9:30,25.3
202406,1,상선,제기동,157,일요일,9:30,13.7
202406,1,하선,제기동,157,일요일,9:30,24.5
202406,1,상선,신설동,156,일요일,9:30,16.0
202406,1,하선,신설동,156,일요일,9:30,25.5
202406,1,상선,동묘앞,159,일요일,9:30,15.6
202406,1,하선,동묘앞,159,일요일,9:30,32.6
202406,1,상선,동대문,155,일요일,9:30,18.7
202406,1,하선,동대문,155,일요일,9:30,30.8
202406,1,상선,종로5가,154,일요일,9:30,22.7
202406,1,하선,종로5가,154,일요일,9:30,29.1
202406,1,상선,종로3가,153,일요일,9:30,25.3
202406,1,하선,종로3가,153,일요일,9:30,21.2
202406,1,상선,종각,152,일요일,9:30,27.9
202406,1,하선,종각,152,일요일,9:30,18.4
202406,1,상선,시청,151,일요일,9:30,31.4
202406,1,하선,시청,151,일요일,9:30,18.2
202406,1,상선,서울역,150,일요일,9:30,33.7
202406,1,하선,서울역,150,일요일,9:30,16.9
2020,1,상선,서울역,150,평일,10:00,38.5
2020,1,하선,서울역,150,평일,10:00,16.4
2020,1,상선,시청,151,평일,10:00,37.4
2020,1,하선,시청,151,평일,10:00,16.4
2020,1,상선,종각,152,평일,10:00,30.6
2020,1,하선,종각,152,평일,10:00,17.4
2020,1,상선,종로3가,153,평일,10:00,30.5
2020,1,하선,종로3가,153,평일,10:00,22.4
2020,1,상선,종로5가,154,평일,10:00,24.8
2020,1,하선,종로5가,154,평일,10:00,30.8
2020,1,상선,동대문,155,평일,10:00,24.0
2020,1,하선,동대문,155,평일,10:00,32.2
2020,1,상선,신설동,156,평일,10:00,19.6
2020,1,하선,신설동,156,평일,10:00,31.6
2020,1,상선,제기동,157,평일,10:00,15.9
2020,1,하선,제기동,157,평일,10:00,29.1
2020,1,상선,청량리,158,평일,10:00,15.3
2020,1,하선,청량리,158,평일,10:00,31.2
2020,1,상선,동묘앞,159,평일,10:00,21.8
2020,1,하선,동묘앞,159,평일,10:00,33.1
2020,1,상선,서울역,150,토요일,10:00,31.0
2020,1,하선,서울역,150,토요일,10:00,22.5
2020,1,상선,시청,151,토요일,10:00,28.1
2020,1,하선,시청,151,토요일,10:00,20.4
2020,1,상선,종각,152,토요일,10:00,24.3
2020,1,하선,종각,152,토요일,10:00,21.8
2020,1,상선,종로3가,153,토요일,10:00,23.9
2020,1,하선,종로3가,153,토요일,10:00,24.3
2020,1,상선,종로5가,154,토요일,10:00,20.3
2020,1,하선,종로5가,154,토요일,10:00,29.5
2020,1,상선,동대문,155,토요일,10:00,19.1
2020,1,하선,동대문,155,토요일,10:00,31.3
2020,1,상선,신설동,156,토요일,10:00,18.2
2020,1,하선,신설동,156,토요일,10:00,28.4
2020,1,상선,제기동,157,토요일,10:00,14.5
2020,1,하선,제기동,157,토요일,10:00,30.0
2020,1,상선,청량리,158,토요일,10:00,9.6
2020,1,하선,청량리,158,토요일,10:00,26.8
2020,1,상선,동묘앞,159,토요일,10:00,19.2
2020,1,하선,동묘앞,159,토요일,10:00,29.8
2020,1,상선,서울역,150,일요일,10:00,24.9
2020,1,하선,서울역,150,일요일,10:00,16.1
2020,1,상선,시청,151,일요일,10:00,21.8
2020,1,하선,시청,151,일요일,10:00,14.5
2020,1,상선,종각,152,일요일,10:00,19.9
2020,1,하선,종각,152,일요일,10:00,15.6
2020,1,상선,종로3가,153,일요일,10:00,20.0
2020,1,하선,종로3가,153,일요일,10:00,17.0
2020,1,상선,종로5가,154,일요일,10:00,18.3
2020,1,하선,종로5가,154,일요일,10:00,21.0
2020,1,상선,동대문,155,일요일,10:00,17.2
2020,1,하선,동대문,155,일요일,10:00,21.6
2020,1,상선,신설동,156,일요일,10:00,13.5
2020,1,하선,신설동,156,일요일,10:00,21.1
2020,1,상선,제기동,157,일요일,10:00,11.0
2020,1,하선,제기동,157,일요일,10:00,19.5
2020,1,상선,청량리,158,일요일,10:00,7.6
2020,1,하선,청량리,158,일요일,10:00,16.0
2020,1,상선,동묘앞,159,일요일,10:00,15.1
2020,1,하선,동묘앞,159,일요일,10:00,22.4
2021,1,상선,서울역,150,평일,10:00,25.7
2021,1,하선,서울역,150,평일,10:00,12.2
2021,1,상선,시청,151,평일,10:00,23.6
2021,1,하선,시청,151,평일,10:00,11.1
2021,1,상선,종각,152,평일,10:00,16.8
2021,1,하선,종각,152,평일,10:00,11.8
2021,1,상선,종로3가,153,평일,10:00,15.8
2021,1,하선,종로3가,153,평일,10:00,14.8
2021,1,상선,종로5가,154,평일,10:00,14.1
2021,1,하선,종로5가,154,평일,10:00,18.9
2021,1,상선,동대문,155,평일,10:00,15.6
2021,1,하선,동대문,155,평일,10:00,20.9
2021,1,상선,신설동,156,평일,10:00,11.8
2021,1,하선,신설동,156,평일,10:00,19.0
2021,1,상선,제기동,157,평일,10:00,9.1
2021,1,하선,제기동,157,평일,10:00,18.9
2021,1,상선,청량리,158,평일,10:00,7.5
2021,1,하선,청량리,158,평일,10:00,20.9
2021,1,상선,동묘앞,159,평일,10:00,13.9
2021,1,하선,동묘앞,159,평일,10:00,21.1
2021,1,상선,서울역,150,토요일,10:00,25.2
2021,1,하선,서울역,150,토요일,10:00,18.6
2021,1,상선,시청,151,토요일,10:00,23.9
2021,1,하선,시청,151,토요일,10:00,17.3
2021,1,상선,종각,152,토요일,10:00,18.9
2021,1,하선,종각,152,토요일,10:00,18.5
2021,1,상선,종로3가,153,토요일,10:00,18.1
2021,1,하선,종로3가,153,토요일,10:00,19.7
2021,1,상선,종로5가,154,토요일,10:00,17.6
2021,1,하선,종로5가,154,토요일,10:00,23.6
2021,1,상선,동대문,155,토요일,10:00,17.9
2021,1,하선,동대문,155,토요일,10:00,24.6
2021,1,상선,신설동,156,토요일,10:00,13.8
2021,1,하선,신설동,156,토요일,10:00,23.5
2021,1,상선,제기동,157,토요일,10:00,11.7
2021,1,하선,제기동,157,토요일,10:00,22.8
2021,1,상선,청량리,158,토요일,10:00,8.6
2021,1,하선,청량리,158,토요일,10:00,23.9
2021,1,상선,동묘앞,159,토요일,10:00,15.1
2021,1,하선,동묘앞,159,토요일,10:00,26.1
2021,1,상선,서울역,150,일요일,10:00,16.8
2021,1,하선,서울역,150,일요일,10:00,12.4
2021,1,상선,시청,151,일요일,10:00,15.6
2021,1,하선,시청,151,일요일,10:00,10.9
2021,1,상선,종각,152,일요일,10:00,12.1
2021,1,하선,종각,152,일요일,10:00,11.8
2021,1,상선,종로3가,153,일요일,10:00,11.6
2021,1,하선,종로3가,153,일요일,10:00,12.6
2021,1,상선,종로5가,154,일요일,10:00,11.0
2021,1,하선,종로5가,154,일요일,10:00,14.8
2021,1,상선,동대문,155,일요일,10:00,10.5
2021,1,하선,동대문,155,일요일,10:00,15.2
2021,1,상선,신설동,156,일요일,10:00,8.7
2021,1,하선,신설동,156,일요일,10:00,15.5
2021,1,상선,제기동,157,일요일,10:00,7.7
2021,1,하선,제기동,157,일요일,10:00,15.3
2021,1,상선,청량리,158,일요일,10:00,5.8
2021,1,하선,청량리,158,일요일,10:00,15.2
2021,1,상선,동묘앞,159,일요일,10:00,9.2
2021,1,하선,동묘앞,159,일요일,10:00,16.5
2022,1,상선,서울역,150,평일,10:00,26.6
2022,1,하선,서울역,150,평일,10:00,13.9
2022,1,상선,시청,151,평일,10:00,20.2
2022,1,하선,시청,151,평일,10:00,13.5
2022,1,상선,종각,152,평일,10:00,17.0
2022,1,하선,종각,152,평일,10:00,14.9
2022,1,상선,종로3가,153,평일,10:00,19.7
2022,1,하선,종로3가,153,평일,10:00,17.5
2022,1,상선,종로5가,154,평일,10:00,18.7
2022,1,하선,종로5가,154,평일,10:00,20.9
2022,1,상선,동대문,155,평일,10:00,17.2
2022,1,하선,동대문,155,평일,10:00,22.9
2022,1,상선,신설동,156,평일,10:00,13.7
2022,1,하선,신설동,156,평일,10:00,25.6
2022,1,상선,제기동,157,평일,10:00,10.5
2022,1,하선,제기동,157,평일,10:00,26.9
2022,1,상선,청량리,158,평일,10:00,7.3
2022,1,하선,청량리,158,평일,10:00,25.7
2022,1,상선,동묘앞,159,평일,10:00,15.0
2022,1,하선,동묘앞,159,평일,10:00,23.7
2022,1,상선,서울역,150,토요일,10:00,28.5
2022,1,하선,서울역,150,토요일,10:00,21.2
2022,1,상선,시청,151,토요일,10:00,21.9
2022,1,하선,시청,151,토요일,10:00,19.6
2022,1,상선,종각,152,토요일,10:00,19.9
2022,1,하선,종각,152,토요일,10:00,21.7
2022,1,상선,종로3가,153,토요일,10:00,23.5
2022,1,하선,종로3가,153,토요일,10:00,21.3
2022,1,상선,종로5가,154,토요일,10:00,20.0
2022,1,하선,종로5가,154,토요일,10:00,25.4
2022,1,상선,동대문,155,토요일,10:00,18.5
2022,1,하선,동대문,155,토요일,10:00,26.4
2022,1,상선,신설동,156,토요일,10:00,16.9
2022,1,하선,신설동,156,토요일,10:00,27.8
2022,1,상선,제기동,157,토요일,10:00,13.4
2022,1,하선,제기동,157,토요일,10:00,27.4
2022,1,상선,청량리,158,토요일,10:00,10.6
2022,1,하선,청량리,158,토요일,10:00,28.7
2022,1,상선,동묘앞,159,토요일,10:00,17.5
2022,1,하선,동묘앞,159,토요일,10:00,28.8
2022,1,상선,서울역,150,일요일,10:00,21.2
2022,1,하선,서울역,150,일요일,10:00,15.4
2022,1,상선,시청,151,일요일,10:00,18.8
2022,1,하선,시청,151,일요일,10:00,14.1
2022,1,상선,종각,152,일요일,10:00,17.2
2022,1,하선,종각,152,일요일,10:00,15.2
2022,1,상선,종로3가,153,일요일,10:00,18.6
2022,1,하선,종로3가,153,일요일,10:00,15.2
2022,1,상선,종로5가,154,일요일,10:00,16.4
2022,1,하선,종로5가,154,일요일,10:00,17.6
2022,1,상선,동대문,155,일요일,10:00,16.0
2022,1,하선,동대문,155,일요일,10:00,18.4
2022,1,상선,신설동,156,일요일,10:00,11.6
2022,1,하선,신설동,156,일요일,10:00,19.7
2022,1,상선,제기동,157,일요일,10:00,9.5
2022,1,하선,제기동,157,일요일,10:00,19.5
2022,1,상선,청량리,158,일요일,10:00,8.1
2022,1,하선,청량리,158,일요일,10:00,21.5
2022,1,상선,동묘앞,159,일요일,10:00,13.2
2022,1,하선,동묘앞,159,일요일,10:00,19.2
2023,1,상선,서울역,150,평일,10:00,36.9
2023,1,하선,서울역,150,평일,10:00,18.8
2023,1,상선,시청,151,평일,10:00,30.5
2023,1,하선,시청,151,평일,10:00,18.9
2023,1,상선,종각,152,평일,10:00,27.4
2023,1,하선,종각,152,평일,10:00,20.6
2023,1,상선,종로3가,153,평일,10:00,28.4
2023,1,하선,종로3가,153,평일,10:00,23.6
2023,1,상선,종로5가,154,평일,10:00,24.9
2023,1,하선,종로5가,154,평일,10:00,28.7
2023,1,상선,동대문,155,평일,10:00,24.2
2023,1,하선,동대문,155,평일,10:00,31.3
2023,1,상선,신설동,156,평일,10:00,18.2
2023,1,하선,신설동,156,평일,10:00,31.9
2023,1,상선,제기동,157,평일,10:00,14.9
2023,1,하선,제기동,157,평일,10:00,34.1
2023,1,상선,청량리,158,평일,10:00,10.9
2023,1,하선,청량리,158,평일,10:00,34.2
2023,1,상선,동묘앞,159,평일,10:00,20.1
2023,1,하선,동묘앞,159,평일,10:00,31.1
2023,1,상선,서울역,150,토요일,10:00,34.1
2023,1,하선,서울역,150,토요일,10:00,27.7
2023,1,상선,시청,151,토요일,10:00,27.6
2023,1,하선,시청,151,토요일,10:00,24.6
2023,1,상선,종각,152,토요일,10:00,24.7
2023,1,하선,종각,152,토요일,10:00,27.0
2023,1,상선,종로3가,153,토요일,10:00,27.0
2023,1,하선,종로3가,153,토요일,10:00,26.9
2023,1,상선,종로5가,154,토요일,10:00,23.9
2023,1,하선,종로5가,154,토요일,10:00,36.1
2023,1,상선,동대문,155,토요일,10:00,22.9
2023,1,하선,동대문,155,토요일,10:00,38.5
2023,1,상선,신설동,156,토요일,10:00,19.4
2023,1,하선,신설동,156,토요일,10:00,37.3
2023,1,상선,제기동,157,토요일,10:00,15.1
2023,1,하선,제기동,157,토요일,10:00,35.3
2023,1,상선,청량리,158,토요일,10:00,11.9
2023,1,하선,청량리,158,토요일,10:00,32.2
2023,1,상선,동묘앞,159,토요일,10:00,21.7
2023,1,하선,동묘앞,159,토요일,10:00,40.2
2023,1,상선,서울역,150,공휴일,10:00,36.1
2023,1,하선,서울역,150,공휴일,10:00,23.2
2023,1,상선,시청,151,공휴일,10:00,29.1
2023,1,하선,시청,151,공휴일,10:00,19.9
2023,1,상선,종각,152,공휴일,10:00,26.8
2023,1,하선,종각,152,공휴일,10:00,21.1
2023,1,상선,종로3가,153,공휴일,10:00,23.6
2023,1,하선,종로3가,153,공휴일,10:00,21.8
2023,1,상선,종로5가,154,공휴일,10:00,22.6
2023,1,하선,종로5가,154,공휴일,10:00,26.0
2023,1,상선,동대문,155,공휴일,10:00,20.3
2023,1,하선,동대문,155,공휴일,10:00,26.6
2023,1,상선,신설동,156,공휴일,10:00,14.8
2023,1,하선,신설동,156,공휴일,10:00,26.7
2023,1,상선,제기동,157,공휴일,10:00,12.2
2023,1,하선,제기동,157,공휴일,10:00,26.5
2023,1,상선,청량리,158,공휴일,10:00,10.1
2023,1,하선,청량리,158,공휴일,10:00,27.7
2023,1,상선,동묘앞,159,공휴일,10:00,17.0
2023,1,하선,동묘앞,159,공휴일,10:00,26.4
202403,1,상선,청량리,158,평일,10:00,11.2
202403,1,하선,청량리,158,평일,10:00,31.1
202403,1,상선,제기동,157,평일,10:00,15.6
202403,1,하선,제기동,157,평일,10:00,31.9
202403,1,상선,신설동,156,평일,10:00,19.1
202403,1,하선,신설동,156,평일,10:00,30.7
202403,1,상선,동묘앞,159,평일,10:00,21.1
202403,1,하선,동묘앞,159,평일,10:00,29.6
202403,1,상선,동대문,155,평일,10:00,24.7
202403,1,하선,동대문,155,평일,10:00,31.6
202403,1,상선,종로5가,154,평일,10:00,26.1
202403,1,하선,종로5가,154,평일,10:00,29.2
202403,1,상선,종로3가,153,평일,10:00,29.8
202403,1,하선,종로3가,153,평일,10:00,24.3
202403,1,상선,종각,152,평일,10:00,26.8
202403,1,하선,종각,152,평일,10:00,21.6
202403,1,상선,시청,151,평일,10:00,30.0
202403,1,하선,시청,151,평일,10:00,19.6
202403,1,상선,서울역,150,평일,10:00,35.2
202403,1,하선,서울역,150,평일,10:00,18.9
202403,1,상선,청량리,158,토요일,10:00,11.8
202403,1,하선,청량리,158,토요일,10:00,37.2
202403,1,상선,제기동,157,토요일,10:00,15.5
202403,1,하선,제기동,157,토요일,10:00,35.5
202403,1,상선,신설동,156,토요일,10:00,18.4
202403,1,하선,신설동,156,토요일,10:00,37.4
202403,1,상선,동묘앞,159,토요일,10:00,21.5
202403,1,하선,동묘앞,159,토요일,10:00,37.3
202403,1,상선,동대문,155,토요일,10:00,23.7
202403,1,하선,동대문,155,토요일,10:00,37.3
202403,1,상선,종로5가,154,토요일,10:00,24.8
202403,1,하선,종로5가,154,토요일,10:00,35.9
202403,1,상선,종로3가,153,토요일,10:00,28.4
202403,1,하선,종로3가,153,토요일,10:00,31.4
202403,1,상선,종각,152,토요일,10:00,30.1
202403,1,하선,종각,152,토요일,10:00,30.5
202403,1,상선,시청,151,토요일,10:00,33.5
202403,1,하선,시청,151,토요일,10:00,27.5
202403,1,상선,서울역,150,토요일,10:00,40.9
202403,1,하선,서울역,150,토요일,10:00,28.7
202403,1,상선,청량리,158,일요일,10:00,9.3
202403,1,하선,청량리,158,일요일,10:00,28.6
202403,1,상선,제기동,157,일요일,10:00,12.1
202403,1,하선,제기동,157,일요일,10:00,27.4
202403,1,상선,신설동,156,일요일,10:00,14.5
202403,1,하선,신설동,156,일요일,10:00,28.0
202403,1,상선,동묘앞,159,일요일,10:00,16.7
202403,1,하선,동묘앞,159,일요일,10:00,27.2
202403,1,상선,동대문,155,일요일,10:00,21.3
202403,1,하선,동대문,155,일요일,10:00,26.3
202403,1,상선,종로5가,154,일요일,10:00,23.9
202403,1,하선,종로5가,154,일요일,10:00,26.1
202403,1,상선,종로3가,153,일요일,10:00,26.5
202403,1,하선,종로3가,153,일요일,10:00,22.2
202403,1,상선,종각,152,일요일,10:00,24.7
202403,1,하선,종각,152,일요일,10:00,22.7
202403,1,상선,시청,151,일요일,10:00,27.0
202403,1,하선,시청,151,일요일,10:00,21.8
202403,1,상선,서울역,150,일요일,10:00,30.2
202403,1,하선,서울역,150,일요일,10:00,23.1
202406,1,상선,청량리,158,평일,10:00,15.7
202406,1,하선,청량리,158,평일,10:00,31.1
202406,1,상선,제기동,157,평일,10:00,15.7
202406,1,하선,제기동,157,평일,10:00,32.2
202406,1,상선,신설동,156,평일,10:00,21.0
202406,1,하선,신설동,156,평일,10:00,32.9
202406,1,상선,동묘앞,159,평일,10:00,23.2
202406,1,하선,동묘앞,159,평일,10:00,35.8
202406,1,상선,동대문,155,평일,10:00,27.2
202406,1,하선,동대문,155,평일,10:00,35.9
202406,1,상선,종로5가,154,평일,10:00,28.5
202406,1,하선,종로5가,154,평일,10:00,34.7
202406,1,상선,종로3가,153,평일,10:00,34.9
202406,1,하선,종로3가,153,평일,10:00,31.1
202406,1,상선,종각,152,평일,10:00,32.7
202406,1,하선,종각,152,평일,10:00,26.6
202406,1,상선,시청,151,평일,10:00,36.0
202406,1,하선,시청,151,평일,10:00,24.4
202406,1,상선,서울역,150,평일,10:00,39.6
202406,1,하선,서울역,150,평일,10:00,22.0
202406,1,상선,청량리,158,토요일,10:00,12.1
202406,1,하선,청량리,158,토요일,10:00,35.4
202406,1,상선,제기동,157,토요일,10:00,15.6
202406,1,하선,제기동,157,토요일,10:00,40.4
202406,1,상선,신설동,156,토요일,10:00,20.0
202406,1,하선,신설동,156,토요일,10:00,39.3
202406,1,상선,동묘앞,159,토요일,10:00,22.1
202406,1,하선,동묘앞,159,토요일,10:00,38.2
202406,1,상선,동대문,155,토요일,10:00,25.8
202406,1,하선,동대문,155,토요일,10:00,36.5
202406,1,상선,종로5가,154,토요일,10:00,28.4
202406,1,하선,종로5가,154,토요일,10:00,35.5
202406,1,상선,종로3가,153,토요일,10:00,33.1
202406,1,하선,종로3가,153,토요일,10:00,30.0
202406,1,상선,종각,152,토요일,10:00,32.2
202406,1,하선,종각,152,토요일,10:00,28.2
202406,1,상선,시청,151,토요일,10:00,35.8
202406,1,하선,시청,151,토요일,10:00,28.8
202406,1,상선,서울역,150,토요일,10:00,44.2
202406,1,하선,서울역,150,토요일,10:00,29.7
202406,1,상선,청량리,158,일요일,10:00,9.4
202406,1,하선,청량리,158,일요일,10:00,32.1
202406,1,상선,제기동,157,일요일,10:00,11.8
202406,1,하선,제기동,157,일요일,10:00,35.0
202406,1,상선,신설동,156,일요일,10:00,15.4
202406,1,하선,신설동,156,일요일,10:00,30.8
202406,1,상선,동묘앞,159,일요일,10:00,18.0
202406,1,하선,동묘앞,159,일요일,10:00,29.9
202406,1,상선,동대문,155,일요일,10:00,22.8
202406,1,하선,동대문,155,일요일,10:00,29.0
202406,1,상선,종로5가,154,일요일,10:00,25.2
202406,1,하선,종로5가,154,일요일,10:00,28.9
202406,1,상선,종로3가,153,일요일,10:00,27.8
202406,1,하선,종로3가,153,일요일,10:00,24.8
202406,1,상선,종각,152,일요일,10:00,27.0
202406,1,하선,종각,152,일요일,10:00,23.1
202406,1,상선,시청,151,일요일,10:00,29.1
202406,1,하선,시청,151,일요일,10:00,22.8
202406,1,상선,서울역,150,일요일,10:00,38.6
202406,1,하선,서울역,150,일요일,10:00,23.8
2020,1,상선,서울역,150,평일,10:30,31.3
2020,1,하선,서울역,150,평일,10:30,20.8
2020,1,상선,시청,151,평일,10:30,27.2
2020,1,하선,시청,151,평일,10:30,19.6
2020,1,상선,종각,152,평일,10:30,24.4
2020,1,하선,종각,152,평일,10:30,22.3
2020,1,상선,종로3가,153,평일,10:30,24.4
2020,1,하선,종로3가,153,평일,10:30,26.3
2020,1,상선,종로5가,154,평일,10:30,20.1
2020,1,하선,종로5가,154,평일,10:30,28.0
2020,1,상선,동대문,155,평일,10:30,20.6
2020,1,하선,동대문,155,평일,10:30,30.6
2020,1,상선,신설동,156,평일,10:30,18.7
2020,1,하선,신설동,156,평일,10:30,28.0
2020,1,상선,제기동,157,평일,10:30,14.8
2020,1,하선,제기동,157,평일,10:30,28.6
2020,1,상선,청량리,158,평일,10:30,10.8
2020,1,하선,청량리,158,평일,10:30,22.2
2020,1,상선,동묘앞,159,평일,10:30,19.1
2020,1,하선,동묘앞,159,평일,10:30,31.7
2020,1,상선,서울역,150,토요일,10:30,47.3
2020,1,하선,서울역,150,토요일,10:30,27.4
2020,1,상선,시청,151,토요일,10:30,41.5
2020,1,하선,시청,151,토요일,10:30,23.9
2020,1,상선,종각,152,토요일,10:30,36.5
2020,1,하선,종각,152,토요일,10:30,27.4
2020,1,상선,종로3가,153,토요일,10:30,34.7
2020,1,하선,종로3가,153,토요일,10:30,32.1
2020,1,상선,종로5가,154,토요일,10:30,28.2
2020,1,하선,종로5가,154,토요일,10:30,36.9
2020,1,상선,동대문,155,토요일,10:30,26.0
2020,1,하선,동대문,155,토요일,10:30,36.9
2020,1,상선,신설동,156,토요일,10:30,20.9
2020,1,하선,신설동,156,토요일,10:30,39.4
2020,1,상선,제기동,157,토요일,10:30,16.3
2020,1,하선,제기동,157,토요일,10:30,35.5
2020,1,상선,청량리,158,토요일,10:30,13.5
2020,1,하선,청량리,158,토요일,10:30,33.1
2020,1,상선,동묘앞,159,토요일,10:30,22.1
2020,1,하선,동묘앞,159,토요일,10:30,42.8
2020,1,상선,서울역,150,일요일,10:30,25.4
2020,1,하선,서울역,150,일요일,10:30,18.0
2020,1,상선,시청,151,일요일,10:30,23.8
2020,1,하선,시청,151,일요일,10:30,16.7
2020,1,상선,종각,152,일요일,10:30,23.1
2020,1,하선,종각,152,일요일,10:30,20.0
2020,1,상선,종로3가,153,일요일,10:30,23.2
2020,1,하선,종로3가,153,일요일,10:30,23.2
2020,1,상선,종로5가,154,일요일,10:30,21.0
2020,1,하선,종로5가,154,일요일,10:30,25.6
2020,1,상선,동대문,155,일요일,10:30,19.0
2020,1,하선,동대문,155,일요일,10:30,25.4
2020,1,상선,신설동,156,일요일,10:30,14.4
2020,1,하선,신설동,156,일요일,10:30,27.0
2020,1,상선,제기동,157,일요일,10:30,11.9
2020,1,하선,제기동,157,일요일,10:30,27.5
2020,1,상선,청량리,158,일요일,10:30,9.5
2020,1,하선,청량리,158,일요일,10:30,26.2
2020,1,상선,동묘앞,159,일요일,10:30,14.8
2020,1,하선,동묘앞,159,일요일,10:30,28.0
2021,1,상선,서울역,150,평일,10:30,23.4
2021,1,하선,서울역,150,평일,10:30,11.2
2021,1,상선,시청,151,평일,10:30,21.7
2021,1,하선,시청,151,평일,10:30,11.0
2021,1,상선,종각,152,평일,10:30,22.1
2021,1,하선,종각,152,평일,10:30,12.5
2021,1,상선,종로3가,153,평일,10:30,22.7
2021,1,하선,종로3가,153,평일,10:30,15.2
2021,1,상선,종로5가,154,평일,10:30,17.9
2021,1,하선,종로5가,154,평일,10:30,18.2
2021,1,상선,동대문,155,평일,10:30,15.3
2021,1,하선,동대문,155,평일,10:30,19.4
2021,1,상선,신설동,156,평일,10:30,14.5
2021,1,하선,신설동,156,평일,10:30,19.0
2021,1,상선,제기동,157,평일,10:30,10.7
2021,1,하선,제기동,157,평일,10:30,18.3
2021,1,상선,청량리,158,평일,10:30,8.4
2021,1,하선,청량리,158,평일,10:30,16.3
2021,1,상선,동묘앞,159,평일,10:30,14.5
2021,1,하선,동묘앞,159,평일,10:30,20.2
2021,1,상선,서울역,150,토요일,10:30,24.7
2021,1,하선,서울역,150,토요일,10:30,15.1
2021,1,상선,시청,151,토요일,10:30,22.9
2021,1,하선,시청,151,토요일,10:30,13.7
2021,1,상선,종각,152,토요일,10:30,23.7
2021,1,하선,종각,152,토요일,10:30,15.5
2021,1,상선,종로3가,153,토요일,10:30,22.9
2021,1,하선,종로3가,153,토요일,10:30,17.0
2021,1,상선,종로5가,154,토요일,10:30,19.9
2021,1,하선,종로5가,154,토요일,10:30,20.0
2021,1,상선,동대문,155,토요일,10:30,19.6
2021,1,하선,동대문,155,토요일,10:30,21.1
2021,1,상선,신설동,156,토요일,10:30,17.1
2021,1,하선,신설동,156,토요일,10:30,20.3
2021,1,상선,제기동,157,토요일,10:30,14.1
2021,1,하선,제기동,157,토요일,10:30,19.8
2021,1,상선,청량리,158,토요일,10:30,11.1
2021,1,하선,청량리,158,토요일,10:30,19.2
2021,1,상선,동묘앞,159,토요일,10:30,17.3
2021,1,하선,동묘앞,159,토요일,10:30,21.8
2021,1,상선,서울역,150,일요일,10:30,15.6
2021,1,하선,서울역,150,일요일,10:30,9.9
2021,1,상선,시청,151,일요일,10:30,14.5
2021,1,하선,시청,151,일요일,10:30,8.8
2021,1,상선,종각,152,일요일,10:30,15.2
2021,1,하선,종각,152,일요일,10:30,10.5
2021,1,상선,종로3가,153,일요일,10:30,14.0
2021,1,하선,종로3가,153,일요일,10:30,11.4
2021,1,상선,종로5가,154,일요일,10:30,12.8
2021,1,하선,종로5가,154,일요일,10:30,13.1
2021,1,상선,동대문,155,일요일,10:30,12.2
2021,1,하선,동대문,155,일요일,10:30,13.5
2021,1,상선,신설동,156,일요일,10:30,9.8
2021,1,하선,신설동,156,일요일,10:30,12.1
2021,1,상선,제기동,157,일요일,10:30,8.8
2021,1,하선,제기동,157,일요일,10:30,12.0
2021,1,상선,청량리,158,일요일,10:30,7.6
2021,1,하선,청량리,158,일요일,10:30,11.3
2021,1,상선,동묘앞,159,일요일,10:30,10.2
2021,1,하선,동묘앞,159,일요일,10:30,14.2
2022,1,상선,서울역,150,평일,10:30,23.4
2022,1,하선,서울역,150,평일,10:30,15.2
2022,1,상선,시청,151,평일,10:30,21.9
2022,1,하선,시청,151,평일,10:30,14.2
2022,1,상선,종각,152,평일,10:30,18.4
2022,1,하선,종각,152,평일,10:30,15.6
2022,1,상선,종로3가,153,평일,10:30,21.4
2022,1,하선,종로3가,153,평일,10:30,18.7
2022,1,상선,종로5가,154,평일,10:30,15.4
2022,1,하선,종로5가,154,평일,10:30,24.3
2022,1,상선,동대문,155,평일,10:30,13.2
2022,1,하선,동대문,155,평일,10:30,26.1
2022,1,상선,신설동,156,평일,10:30,13.4
2022,1,하선,신설동,156,평일,10:30,23.4
2022,1,상선,제기동,157,평일,10:30,10.4
2022,1,하선,제기동,157,평일,10:30,22.7
2022,1,상선,청량리,158,평일,10:30,9.0
2022,1,하선,청량리,158,평일,10:30,22.0
2022,1,상선,동묘앞,159,평일,10:30,13.8
2022,1,하선,동묘앞,159,평일,10:30,26.9
2022,1,상선,서울역,150,토요일,10:30,26.4
2022,1,하선,서울역,150,토요일,10:30,18.1
2022,1,상선,시청,151,토요일,10:30,28.9
2022,1,하선,시청,151,토요일,10:30,16.4
2022,1,상선,종각,152,토요일,10:30,26.3
2022,1,하선,종각,152,토요일,10:30,17.1
2022,1,상선,종로3가,153,토요일,10:30,22.6
2022,1,하선,종로3가,153,토요일,10:30,22.9
2022,1,상선,종로5가,154,토요일,10:30,19.9
2022,1,하선,종로5가,154,토요일,10:30,27.9
2022,1,상선,동대문,155,토요일,10:30,19.5
2022,1,하선,동대문,155,토요일,10:30,28.5
2022,1,상선,신설동,156,토요일,10:30,15.9
2022,1,하선,신설동,156,토요일,10:30,28.9
2022,1,상선,제기동,157,토요일,10:30,13.4
2022,1,하선,제기동,157,토요일,10:30,28.2
2022,1,상선,청량리,158,토요일,10:30,10.6
2022,1,하선,청량리,158,토요일,10:30,19.7
2022,1,상선,동묘앞,159,토요일,10:30,16.3
2022,1,하선,동묘앞,159,토요일,10:30,29.1
2022,1,상선,서울역,150,일요일,10:30,23.3
2022,1,하선,서울역,150,일요일,10:30,12.6
2022,1,상선,시청,151,일요일,10:30,22.7
2022,1,하선,시청,151,일요일,10:30,11.2
2022,1,상선,종각,152,일요일,10:30,20.6
2022,1,하선,종각,152,일요일,10:30,12.1
2022,1,상선,종로3가,153,일요일,10:30,17.4
2022,1,하선,종로3가,153,일요일,10:30,15.2
2022,1,상선,종로5가,154,일요일,10:30,17.1
2022,1,하선,종로5가,154,일요일,10:30,17.7
2022,1,상선,동대문,155,일요일,10:30,16.4
2022,1,하선,동대문,155,일요일,10:30,18.0
2022,1,상선,신설동,156,일요일,10:30,11.5
2022,1,하선,신설동,156,일요일,10:30,21.0
2022,1,상선,제기동,157,일요일,10:30,10.2
2022,1,하선,제기동,157,일요일,10:30,20.9
2022,1,상선,청량리,158,일요일,10:30,8.4
2022,1,하선,청량리,158,일요일,10:30,14.5
2022,1,상선,동묘앞,159,일요일,10:30,12.3
2022,1,하선,동묘앞,159,일요일,10:30,19.5
2023,1,상선,서울역,150,평일,10:30,31.8
2023,1,하선,서울역,150,평일,10:30,21.0
2023,1,상선,시청,151,평일,10:30,29.8
2023,1,하선,시청,151,평일,10:30,19.7
2023,1,상선,종각,152,평일,10:30,24.8
2023,1,하선,종각,152,평일,10:30,21.4
2023,1,상선,종로3가,153,평일,10:30,27.3
2023,1,하선,종로3가,153,평일,10:30,25.2
2023,1,상선,종로5가,154,평일,10:30,21.8
2023,1,하선,종로5가,154,평일,10:30,31.3
2023,1,상선,동대문,155,평일,10:30,19.2
2023,1,하선,동대문,155,평일,10:30,32.4
2023,1,상선,신설동,156,평일,10:30,17.7
2023,1,하선,신설동,156,평일,10:30,29.1
2023,1,상선,제기동,157,평일,10:30,14.2
2023,1,하선,제기동,157,평일,10:30,28.1
2023,1,상선,청량리,158,평일,10:30,12.7
2023,1,하선,청량리,158,평일,10:30,27.1
2023,1,상선,동묘앞,159,평일,10:30,18.5
2023,1,하선,동묘앞,159,평일,10:30,32.6
2023,1,상선,서울역,150,토요일,10:30,37.6
2023,1,하선,서울역,150,토요일,10:30,21.8
2023,1,상선,시청,151,토요일,10:30,39.0
2023,1,하선,시청,151,토요일,10:30,19.9
2023,1,상선,종각,152,토요일,10:30,35.0
2023,1,하선,종각,152,토요일,10:30,20.7
2023,1,상선,종로3가,153,토요일,10:30,30.9
2023,1,하선,종로3가,153,토요일,10:30,28.4
2023,1,상선,종로5가,154,토요일,10:30,24.5
2023,1,하선,종로5가,154,토요일,10:30,34.9
2023,1,상선,동대문,155,토요일,10:30,24.2
2023,1,하선,동대문,155,토요일,10:30,34.2
2023,1,상선,신설동,156,토요일,10:30,17.2
2023,1,하선,신설동,156,토요일,10:30,34.5
2023,1,상선,제기동,157,토요일,10:30,15.2
2023,1,하선,제기동,157,토요일,10:30,33.1
2023,1,상선,청량리,158,토요일,10:30,12.3
2023,1,하선,청량리,158,토요일,10:30,29.5
2023,1,상선,동묘앞,159,토요일,10:30,18.0
2023,1,하선,동묘앞,159,토요일,10:30,33.5
2023,1,상선,서울역,150,공휴일,10:30,25.7
2023,1,하선,서울역,150,공휴일,10:30,17.2
2023,1,상선,시청,151,공휴일,10:30,27.9
2023,1,하선,시청,151,공휴일,10:30,16.1
2023,1,상선,종각,152,공휴일,10:30,24.9
2023,1,하선,종각,152,공휴일,10:30,16.4
2023,1,상선,종로3가,153,공휴일,10:30,23.3
2023,1,하선,종로3가,153,공휴일,10:30,20.1
2023,1,상선,종로5가,154,공휴일,10:30,20.6
2023,1,하선,종로5가,154,공휴일,10:30,23.8
2023,1,상선,동대문,155,공휴일,10:30,20.0
2023,1,하선,동대문,155,공휴일,10:30,22.7
2023,1,상선,신설동,156,공휴일,10:30,13.7
2023,1,하선,신설동,156,공휴일,10:30,26.6
2023,1,상선,제기동,157,공휴일,10:30,13.2
2023,1,하선,제기동,157,공휴일,10:30,25.7
2023,1,상선,청량리,158,공휴일,10:30,10.8
2023,1,하선,청량리,158,공휴일,10:30,19.9
2023,1,상선,동묘앞,159,공휴일,10:30,15.0
2023,1,하선,동묘앞,159,공휴일,10:30,23.4
202403,1,상선,청량리,158,평일,10:30,13.2
202403,1,하선,청량리,158,평일,10:30,28.1
202403,1,상선,제기동,157,평일,10:30,15.3
202403,1,하선,제기동,157,평일,10:30,28.9
202403,1,상선,신설동,156,평일,10:30,18.8
202403,1,하선,신설동,156,평일,10:30,30.0
202403,1,상선,동묘앞,159,평일,10:30,19.8
202403,1,하선,동묘앞,159,평일,10:30,34.3
202403,1,상선,동대문,155,평일,10:30,21.2
202403,1,하선,동대문,155,평일,10:30,33.9
202403,1,상선,종로5가,154,평일,10:30,23.0
202403,1,하선,종로5가,154,평일,10:30,32.8
202403,1,상선,종로3가,153,평일,10:30,29.3
202403,1,하선,종로3가,153,평일,10:30,26.2
202403,1,상선,종각,152,평일,10:30,27.1
202403,1,하선,종각,152,평일,10:30,22.1
202403,1,상선,시청,151,평일,10:30,32.5
202403,1,하선,시청,151,평일,10:30,19.7
202403,1,상선,서울역,150,평일,10:30,36.3
202403,1,하선,서울역,150,평일,10:30,19.8
202403,1,상선,청량리,158,토요일,10:30,11.4
202403,1,하선,청량리,158,토요일,10:30,25.7
202403,1,상선,제기동,157,토요일,10:30,15.2
202403,1,하선,제기동,157,토요일,10:30,33.9
202403,1,상선,신설동,156,토요일,10:30,18.1
202403,1,하선,신설동,156,토요일,10:30,35.7
202403,1,상선,동묘앞,159,토요일,10:30,19.3
202403,1,하선,동묘앞,159,토요일,10:30,35.5
202403,1,상선,동대문,155,토요일,10:30,25.1
202403,1,하선,동대문,155,토요일,10:30,34.3
202403,1,상선,종로5가,154,토요일,10:30,26.0
202403,1,하선,종로5가,154,토요일,10:30,35.1
202403,1,상선,종로3가,153,토요일,10:30,32.1
202403,1,하선,종로3가,153,토요일,10:30,29.6
202403,1,상선,종각,152,토요일,10:30,33.7
202403,1,하선,종각,152,토요일,10:30,22.3
202403,1,상선,시청,151,토요일,10:30,36.8
202403,1,하선,시청,151,토요일,10:30,21.6
202403,1,상선,서울역,150,토요일,10:30,37.2
202403,1,하선,서울역,150,토요일,10:30,22.7
202403,1,상선,청량리,158,일요일,10:30,9.5
202403,1,하선,청량리,158,일요일,10:30,19.5
202403,1,상선,제기동,157,일요일,10:30,12.1
202403,1,하선,제기동,157,일요일,10:30,26.3
202403,1,상선,신설동,156,일요일,10:30,13.8
202403,1,하선,신설동,156,일요일,10:30,26.7
202403,1,상선,동묘앞,159,일요일,10:30,15.3
202403,1,하선,동묘앞,159,일요일,10:30,27.5
202403,1,상선,동대문,155,일요일,10:30,19.5
202403,1,하선,동대문,155,일요일,10:30,26.7
202403,1,상선,종로5가,154,일요일,10:30,20.5
202403,1,하선,종로5가,154,일요일,10:30,27.1
202403,1,상선,종로3가,153,일요일,10:30,23.1
202403,1,하선,종로3가,153,일요일,10:30,22.3
202403,1,상선,종각,152,일요일,10:30,25.2
202403,1,하선,종각,152,일요일,10:30,17.0
202403,1,상선,시청,151,일요일,10:30,27.7
202403,1,하선,시청,151,일요일,10:30,17.1
202403,1,상선,서울역,150,일요일,10:30,30.6
202403,1,하선,서울역,150,일요일,10:30,18.2
202406,1,상선,청량리,158,평일,10:30,15.3
202406,1,하선,청량리,158,평일,10:30,28.6
202406,1,상선,제기동,157,평일,10:30,19.0
202406,1,하선,제기동,157,평일,10:30,28.1
202406,1,상선,신설동,156,평일,10:30,22.3
202406,1,하선,신설동,156,평일,10:30,28.1
202406,1,상선,동묘앞,159,평일,10:30,23.5
202406,1,하선,동묘앞,159,평일,10:30,30.4
202406,1,상선,동대문,155,평일,10:30,25.8
202406,1,하선,동대문,155,평일,10:30,30.8
202406,1,상선,종로5가,154,평일,10:30,26.9
202406,1,하선,종로5가,154,평일,10:30,28.8
202406,1,상선,종로3가,153,평일,10:30,33.2
202406,1,하선,종로3가,153,평일,10:30,22.7
202406,1,상선,종각,152,평일,10:30,30.5
202406,1,하선,종각,152,평일,10:30,19.1
202406,1,상선,시청,151,평일,10:30,36.2
202406,1,하선,시청,151,평일,10:30,18.1
202406,1,상선,서울역,150,평일,10:30,39.6
202406,1,하선,서울역,150,평일,10:30,17.3
202406,1,상선,청량리,158,토요일,10:30,13.8
202406,1,하선,청량리,158,토요일,10:30,27.2
202406,1,상선,제기동,157,토요일,10:30,17.1
202406,1,하선,제기동,157,토요일,10:30,34.3
202406,1,상선,신설동,156,토요일,10:30,21.7
202406,1,하선,신설동,156,토요일,10:30,39.2
202406,1,상선,동묘앞,159,토요일,10:30,22.1
202406,1,하선,동묘앞,159,토요일,10:30,40.6
202406,1,상선,동대문,155,토요일,10:30,26.2
202406,1,하선,동대문,155,토요일,10:30,39.6
202406,1,상선,종로5가,154,토요일,10:30,27.9
202406,1,하선,종로5가,154,토요일,10:30,38.4
202406,1,상선,종로3가,153,토요일,10:30,33.4
202406,1,하선,종로3가,153,토요일,10:30,32.8
202406,1,상선,종각,152,토요일,10:30,38.8
202406,1,하선,종각,152,토요일,10:30,29.7
202406,1,상선,시청,151,토요일,10:30,42.8
202406,1,하선,시청,151,토요일,10:30,24.7
202406,1,상선,서울역,150,토요일,10:30,42.0
202406,1,하선,서울역,150,토요일,10:30,27.9
202406,1,상선,청량리,158,일요일,10:30,10.2
202406,1,하선,청량리,158,일요일,10:30,21.9
202406,1,상선,제기동,157,일요일,10:30,12.6
202406,1,하선,제기동,157,일요일,10:30,26.6
202406,1,상선,신설동,156,일요일,10:30,14.6
202406,1,하선,신설동,156,일요일,10:30,31.5
202406,1,상선,동묘앞,159,일요일,10:30,15.4
202406,1,하선,동묘앞,159,일요일,10:30,32.9
202406,1,상선,동대문,155,일요일,10:30,20.3
202406,1,하선,동대문,155,일요일,10:30,31.0
202406,1,상선,종로5가,154,일요일,10:30,25.0
202406,1,하선,종로5가,154,일요일,10:30,30.3
202406,1,상선,종로3가,153,일요일,10:30,28.3
202406,1,하선,종로3가,153,일요일,10:30,25.2
202406,1,상선,종각,152,일요일,10:30,29.7
202406,1,하선,종각,152,일요일,10:30,22.8
202406,1,상선,시청,151,일요일,10:30,33.1
202406,1,하선,시청,151,일요일,10:30,20.0
202406,1,상선,서울역,150,일요일,10:30,35.6
202406,1,하선,서울역,150,일요일,10:30,21.9
2020,1,상선,서울역,150,평일,11:00,45.9
2020,1,하선,서울역,150,평일,11:00,20.4
2020,1,상선,시청,151,평일,11:00,41.1
2020,1,하선,시청,151,평일,11:00,19.9
2020,1,상선,종각,152,평일,11:00,36.7
2020,1,하선,종각,152,평일,11:00,20.2
2020,1,상선,종로3가,153,평일,11:00,31.6
2020,1,하선,종로3가,153,평일,11:00,22.3
2020,1,상선,종로5가,154,평일,11:00,27.4
2020,1,하선,종로5가,154,평일,11:00,30.1
2020,1,상선,동대문,155,평일,11:00,25.7
2020,1,하선,동대문,155,평일,11:00,30.4
2020,1,상선,신설동,156,평일,11:00,24.7
2020,1,하선,신설동,156,평일,11:00,31.7
2020,1,상선,제기동,157,평일,11:00,18.8
2020,1,하선,제기동,157,평일,11:00,27.9
2020,1,상선,청량리,158,평일,11:00,15.8
2020,1,하선,청량리,158,평일,11:00,29.8
2020,1,상선,동묘앞,159,평일,11:00,23.1
2020,1,하선,동묘앞,159,평일,11:00,32.6
2020,1,상선,서울역,150,토요일,11:00,62.2
2020,1,하선,서울역,150,토요일,11:00,28.5
2020,1,상선,시청,151,토요일,11:00,53.6
2020,1,하선,시청,151,토요일,11:00,25.2
2020,1,상선,종각,152,토요일,11:00,44.2
2020,1,하선,종각,152,토요일,11:00,26.8
2020,1,상선,종로3가,153,토요일,11:00,42.2
2020,1,하선,종로3가,153,토요일,11:00,29.8
2020,1,상선,종로5가,154,토요일,11:00,34.0
2020,1,하선,종로5가,154,토요일,11:00,37.9
2020,1,상선,동대문,155,토요일,11:00,32.6
2020,1,하선,동대문,155,토요일,11:00,41.7
2020,1,상선,신설동,156,토요일,11:00,29.1
2020,1,하선,신설동,156,토요일,11:00,44.0
2020,1,상선,제기동,157,토요일,11:00,21.6
2020,1,하선,제기동,157,토요일,11:00,42.6
2020,1,상선,청량리,158,토요일,11:00,17.8
2020,1,하선,청량리,158,토요일,11:00,39.9
2020,1,상선,동묘앞,159,토요일,11:00,26.4
2020,1,하선,동묘앞,159,토요일,11:00,46.4
2020,1,상선,서울역,150,일요일,11:00,43.5
2020,1,하선,서울역,150,일요일,11:00,20.4
2020,1,상선,시청,151,일요일,11:00,40.1
2020,1,하선,시청,151,일요일,11:00,18.1
2020,1,상선,종각,152,일요일,11:00,30.0
2020,1,하선,종각,152,일요일,11:00,19.6
2020,1,상선,종로3가,153,일요일,11:00,30.4
2020,1,하선,종로3가,153,일요일,11:00,22.0
2020,1,상선,종로5가,154,일요일,11:00,24.5
2020,1,하선,종로5가,154,일요일,11:00,26.7
2020,1,상선,동대문,155,일요일,11:00,23.6
2020,1,하선,동대문,155,일요일,11:00,29.3
2020,1,상선,신설동,156,일요일,11:00,20.0
2020,1,하선,신설동,156,일요일,11:00,28.6
2020,1,상선,제기동,157,일요일,11:00,15.4
2020,1,하선,제기동,157,일요일,11:00,27.7
2020,1,상선,청량리,158,일요일,11:00,12.9
2020,1,하선,청량리,158,일요일,11:00,26.1
2020,1,상선,동묘앞,159,일요일,11:00,17.6
2020,1,하선,동묘앞,159,일요일,11:00,30.6
2021,1,상선,서울역,150,평일,11:00,20.9
2021,1,하선,서울역,150,평일,11:00,13.6
2021,1,상선,시청,151,평일,11:00,19.5
2021,1,하선,시청,151,평일,11:00,12.4
2021,1,상선,종각,152,평일,11:00,15.2
2021,1,하선,종각,152,평일,11:00,13.0
2021,1,상선,종로3가,153,평일,11:00,15.3
2021,1,하선,종로3가,153,평일,11:00,14.8
2021,1,상선,종로5가,154,평일,11:00,17.1
2021,1,하선,종로5가,154,평일,11:00,18.2
2021,1,상선,동대문,155,평일,11:00,16.1
2021,1,하선,동대문,155,평일,11:00,18.9
2021,1,상선,신설동,156,평일,11:00,15.9
2021,1,하선,신설동,156,평일,11:00,20.5
2021,1,상선,제기동,157,평일,11:00,11.3
2021,1,하선,제기동,157,평일,11:00,19.3
2021,1,상선,청량리,158,평일,11:00,9.1
2021,1,하선,청량리,158,평일,11:00,12.6
2021,1,상선,동묘앞,159,평일,11:00,13.8
2021,1,하선,동묘앞,159,평일,11:00,19.4
2021,1,상선,서울역,150,토요일,11:00,24.1
2021,1,하선,서울역,150,토요일,11:00,15.9
2021,1,상선,시청,151,토요일,11:00,22.2
2021,1,하선,시청,151,토요일,11:00,14.2
2021,1,상선,종각,152,토요일,11:00,17.1
2021,1,하선,종각,152,토요일,11:00,15.1
2021,1,상선,종로3가,153,토요일,11:00,19.4
2021,1,하선,종로3가,153,토요일,11:00,16.9
2021,1,상선,종로5가,154,토요일,11:00,19.5
2021,1,하선,종로5가,154,토요일,11:00,20.1
2021,1,상선,동대문,155,토요일,11:00,19.0
2021,1,하선,동대문,155,토요일,11:00,20.4
2021,1,상선,신설동,156,토요일,11:00,15.8
2021,1,하선,신설동,156,토요일,11:00,23.7
2021,1,상선,제기동,157,토요일,11:00,11.2
2021,1,하선,제기동,157,토요일,11:00,23.0
2021,1,상선,청량리,158,토요일,11:00,9.0
2021,1,하선,청량리,158,토요일,11:00,15.2
2021,1,상선,동묘앞,159,토요일,11:00,16.1
2021,1,하선,동묘앞,159,토요일,11:00,21.6
2021,1,상선,서울역,150,일요일,11:00,16.1
2021,1,하선,서울역,150,일요일,11:00,10.7
2021,1,상선,시청,151,일요일,11:00,14.5
2021,1,하선,시청,151,일요일,11:00,9.2
2021,1,상선,종각,152,일요일,11:00,10.9
2021,1,하선,종각,152,일요일,11:00,9.2
2021,1,상선,종로3가,153,일요일,11:00,13.2
2021,1,하선,종로3가,153,일요일,11:00,10.7
2021,1,상선,종로5가,154,일요일,11:00,14.0
2021,1,하선,종로5가,154,일요일,11:00,12.8
2021,1,상선,동대문,155,일요일,11:00,12.8
2021,1,하선,동대문,155,일요일,11:00,13.9
2021,1,상선,신설동,156,일요일,11:00,9.7
2021,1,하선,신설동,156,일요일,11:00,15.6
2021,1,상선,제기동,157,일요일,11:00,6.9
2021,1,하선,제기동,157,일요일,11:00,15.0
2021,1,상선,청량리,158,일요일,11:00,5.4
2021,1,하선,청량리,158,일요일,11:00,10.7
2021,1,상선,동묘앞,159,일요일,11:00,10.2
2021,1,하선,동묘앞,159,일요일,11:00,14.6
2022,1,상선,서울역,150,평일,11:00,22.4
2022,1,하선,서울역,150,평일,11:00,14.6
2022,1,상선,시청,151,평일,11:00,20.8
2022,1,하선,시청,151,평일,11:00,13.7
2022,1,상선,종각,152,평일,11:00,19.4
2022,1,하선,종각,152,평일,11:00,15.0
2022,1,상선,종로3가,153,평일,11:00,16.6
2022,1,하선,종로3가,153,평일,11:00,14.6
2022,1,상선,종로5가,154,평일,11:00,14.2
2022,1,하선,종로5가,154,평일,11:00,19.0
2022,1,상선,동대문,155,평일,11:00,14.7
2022,1,하선,동대문,155,평일,11:00,18.8
2022,1,상선,신설동,156,평일,11:00,17.3
2022,1,하선,신설동,156,평일,11:00,16.9
2022,1,상선,제기동,157,평일,11:00,11.7
2022,1,하선,제기동,157,평일,11:00,16.2
2022,1,상선,청량리,158,평일,11:00,9.4
2022,1,하선,청량리,158,평일,11:00,12.6
2022,1,상선,동묘앞,159,평일,11:00,15.3
2022,1,하선,동묘앞,159,평일,11:00,19.3
2022,1,상선,서울역,150,토요일,11:00,29.6
2022,1,하선,서울역,150,토요일,11:00,18.7
2022,1,상선,시청,151,토요일,11:00,23.5
2022,1,하선,시청,151,토요일,11:00,16.9
2022,1,상선,종각,152,토요일,11:00,20.4
2022,1,하선,종각,152,토요일,11:00,19.0
2022,1,상선,종로3가,153,토요일,11:00,23.6
2022,1,하선,종로3가,153,토요일,11:00,19.0
2022,1,상선,종로5가,154,토요일,11:00,23.2
2022,1,하선,종로5가,154,토요일,11:00,23.0
2022,1,상선,동대문,155,토요일,11:00,22.8
2022,1,하선,동대문,155,토요일,11:00,23.7
2022,1,상선,신설동,156,토요일,11:00,16.8
2022,1,하선,신설동,156,토요일,11:00,25.0
2022,1,상선,제기동,157,토요일,11:00,13.2
2022,1,하선,제기동,157,토요일,11:00,24.0
2022,1,상선,청량리,158,토요일,11:00,8.9
2022,1,하선,청량리,158,토요일,11:00,22.0
2022,1,상선,동묘앞,159,토요일,11:00,17.6
2022,1,하선,동묘앞,159,토요일,11:00,24.8
2022,1,상선,서울역,150,일요일,11:00,22.6
2022,1,하선,서울역,150,일요일,11:00,13.4
2022,1,상선,시청,151,일요일,11:00,18.7
2022,1,하선,시청,151,일요일,11:00,12.1
2022,1,상선,종각,152,일요일,11:00,16.3
2022,1,하선,종각,152,일요일,11:00,13.7
2022,1,상선,종로3가,153,일요일,11:00,19.7
2022,1,하선,종로3가,153,일요일,11:00,14.2
2022,1,상선,종로5가,154,일요일,11:00,20.6
2022,1,하선,종로5가,154,일요일,11:00,17.6
2022,1,상선,동대문,155,일요일,11:00,20.0
2022,1,하선,동대문,155,일요일,11:00,18.7
2022,1,상선,신설동,156,일요일,11:00,14.3
2022,1,하선,신설동,156,일요일,11:00,18.5
2022,1,상선,제기동,157,일요일,11:00,11.4
2022,1,하선,제기동,157,일요일,11:00,18.6
2022,1,상선,청량리,158,일요일,11:00,8.2
2022,1,하선,청량리,158,일요일,11:00,17.2
2022,1,상선,동묘앞,159,일요일,11:00,15.2
2022,1,하선,동묘앞,159,일요일,11:00,19.8
2023,1,상선,서울역,150,평일,11:00,30.9
2023,1,하선,서울역,150,평일,11:00,19.4
2023,1,상선,시청,151,평일,11:00,29.2
2023,1,하선,시청,151,평일,11:00,18.6
2023,1,상선,종각,152,평일,11:00,26.4
2023,1,하선,종각,152,평일,11:00,19.2
2023,1,상선,종로3가,153,평일,11:00,25.8
2023,1,하선,종로3가,153,평일,11:00,20.4
2023,1,상선,종로5가,154,평일,11:00,22.2
2023,1,하선,종로5가,154,평일,11:00,25.6
2023,1,상선,동대문,155,평일,11:00,22.9
2023,1,하선,동대문,155,평일,11:00,25.7
2023,1,상선,신설동,156,평일,11:00,24.8
2023,1,하선,신설동,156,평일,11:00,21.5
2023,1,상선,제기동,157,평일,11:00,18.4
2023,1,하선,제기동,157,평일,11:00,20.4
2023,1,상선,청량리,158,평일,11:00,15.6
2023,1,하선,청량리,158,평일,11:00,16.1
2023,1,상선,동묘앞,159,평일,11:00,22.3
2023,1,하선,동묘앞,159,평일,11:00,25.6
2023,1,상선,서울역,150,토요일,11:00,42.9
2023,1,하선,서울역,150,토요일,11:00,26.0
2023,1,상선,시청,151,토요일,11:00,35.3
2023,1,하선,시청,151,토요일,11:00,22.8
2023,1,상선,종각,152,토요일,11:00,30.6
2023,1,하선,종각,152,토요일,11:00,24.6
2023,1,상선,종로3가,153,토요일,11:00,30.0
2023,1,하선,종로3가,153,토요일,11:00,25.1
2023,1,상선,종로5가,154,토요일,11:00,28.1
2023,1,하선,종로5가,154,토요일,11:00,32.1
2023,1,상선,동대문,155,토요일,11:00,27.5
2023,1,하선,동대문,155,토요일,11:00,34.4
2023,1,상선,신설동,156,토요일,11:00,21.6
2023,1,하선,신설동,156,토요일,11:00,31.3
2023,1,상선,제기동,157,토요일,11:00,15.8
2023,1,하선,제기동,157,토요일,11:00,29.7
2023,1,상선,청량리,158,토요일,11:00,10.9
2023,1,하선,청량리,158,토요일,11:00,26.9
2023,1,상선,동묘앞,159,토요일,11:00,22.9
2023,1,하선,동묘앞,159,토요일,11:00,35.7
2023,1,상선,서울역,150,공휴일,11:00,27.4
2023,1,하선,서울역,150,공휴일,11:00,19.8
2023,1,상선,시청,151,공휴일,11:00,22.9
2023,1,하선,시청,151,공휴일,11:00,18.1
2023,1,상선,종각,152,공휴일,11:00,22.1
2023,1,하선,종각,152,공휴일,11:00,18.9
2023,1,상선,종로3가,153,공휴일,11:00,22.1
2023,1,하선,종로3가,153,공휴일,11:00,19.2
2023,1,상선,종로5가,154,공휴일,11:00,20.8
2023,1,하선,종로5가,154,공휴일,11:00,24.0
2023,1,상선,동대문,155,공휴일,11:00,20.7
2023,1,하선,동대문,155,공휴일,11:00,26.3
2023,1,상선,신설동,156,공휴일,11:00,14.6
2023,1,하선,신설동,156,공휴일,11:00,21.1
2023,1,상선,제기동,157,공휴일,11:00,11.8
2023,1,하선,제기동,157,공휴일,11:00,20.5
2023,1,상선,청량리,158,공휴일,11:00,8.3
2023,1,하선,청량리,158,공휴일,11:00,18.3
2023,1,상선,동묘앞,159,공휴일,11:00,15.9
2023,1,하선,동묘앞,159,공휴일,11:00,27.5
202403,1,상선,청량리,158,평일,11:00,15.1
202403,1,하선,청량리,158,평일,11:00,17.0
202403,1,상선,제기동,157,평일,11:00,17.9
202403,1,하선,제기동,157,평일,11:00,21.3
202403,1,상선,신설동,156,평일,11:00,25.2
202403,1,하선,신설동,156,평일,11:00,22.8
202403,1,상선,동묘앞,159,평일,11:00,22.5
202403,1,하선,동묘앞,159,평일,11:00,26.6
202403,1,상선,동대문,155,평일,11:00,23.4
202403,1,하선,동대문,155,평일,11:00,26.7
202403,1,상선,종로5가,154,평일,11:00,23.8
202403,1,하선,종로5가,154,평일,11:00,26.9
202403,1,상선,종로3가,153,평일,11:00,27.4
202403,1,하선,종로3가,153,평일,11:00,21.8
202403,1,상선,종각,152,평일,11:00,28.1
202403,1,하선,종각,152,평일,11:00,20.7
202403,1,상선,시청,151,평일,11:00,30.3
202403,1,하선,시청,151,평일,11:00,19.2
202403,1,상선,서울역,150,평일,11:00,32.2
202403,1,하선,서울역,150,평일,11:00,19.7
202403,1,상선,청량리,158,토요일,11:00,11.2
202403,1,하선,청량리,158,토요일,11:00,29.2
202403,1,상선,제기동,157,토요일,11:00,16.5
202403,1,하선,제기동,157,토요일,11:00,31.4
202403,1,상선,신설동,156,토요일,11:00,20.4
202403,1,하선,신설동,156,토요일,11:00,33.5
202403,1,상선,동묘앞,159,토요일,11:00,21.4
202403,1,하선,동묘앞,159,토요일,11:00,36.9
202403,1,상선,동대문,155,토요일,11:00,25.7
202403,1,하선,동대문,155,토요일,11:00,36.4
202403,1,상선,종로5가,154,토요일,11:00,26.3
202403,1,하선,종로5가,154,토요일,11:00,33.6
202403,1,상선,종로3가,153,토요일,11:00,29.7
202403,1,하선,종로3가,153,토요일,11:00,27.4
202403,1,상선,종각,152,토요일,11:00,27.4
202403,1,하선,종각,152,토요일,11:00,27.2
202403,1,상선,시청,151,토요일,11:00,30.3
202403,1,하선,시청,151,토요일,11:00,25.3
202403,1,상선,서울역,150,토요일,11:00,36.1
202403,1,하선,서울역,150,토요일,11:00,26.5
202403,1,상선,청량리,158,일요일,11:00,10.3
202403,1,하선,청량리,158,일요일,11:00,23.9
202403,1,상선,제기동,157,일요일,11:00,12.9
202403,1,하선,제기동,157,일요일,11:00,25.2
202403,1,상선,신설동,156,일요일,11:00,16.0
202403,1,하선,신설동,156,일요일,11:00,26.8
202403,1,상선,동묘앞,159,일요일,11:00,17.3
202403,1,하선,동묘앞,159,일요일,11:00,26.9
202403,1,상선,동대문,155,일요일,11:00,23.6
202403,1,하선,동대문,155,일요일,11:00,25.8
202403,1,상선,종로5가,154,일요일,11:00,25.0
202403,1,하선,종로5가,154,일요일,11:00,25.6
202403,1,상선,종로3가,153,일요일,11:00,25.5
202403,1,하선,종로3가,153,일요일,11:00,21.6
202403,1,상선,종각,152,일요일,11:00,23.6
202403,1,하선,종각,152,일요일,11:00,21.2
202403,1,상선,시청,151,일요일,11:00,25.3
202403,1,하선,시청,151,일요일,11:00,20.7
202403,1,상선,서울역,150,일요일,11:00,28.7
202403,1,하선,서울역,150,일요일,11:00,20.7
202406,1,상선,청량리,158,평일,11:00,16.5
202406,1,하선,청량리,158,평일,11:00,19.0
202406,1,상선,제기동,157,평일,11:00,21.5
202406,1,하선,제기동,157,평일,11:00,25.2
202406,1,상선,신설동,156,평일,11:00,26.4
202406,1,하선,신설동,156,평일,11:00,28.3
202406,1,상선,동묘앞,159,평일,11:00,28.7
202406,1,하선,동묘앞,159,평일,11:00,30.0
202406,1,상선,동대문,155,평일,11:00,32.5
202406,1,하선,동대문,155,평일,11:00,30.1
202406,1,상선,종로5가,154,평일,11:00,30.2
202406,1,하선,종로5가,154,평일,11:00,29.8
202406,1,상선,종로3가,153,평일,11:00,33.0
202406,1,하선,종로3가,153,평일,11:00,23.9
202406,1,상선,종각,152,평일,11:00,34.5
202406,1,하선,종각,152,평일,11:00,21.4
202406,1,상선,시청,151,평일,11:00,35.8
202406,1,하선,시청,151,평일,11:00,21.3
202406,1,상선,서울역,150,평일,11:00,36.2
202406,1,하선,서울역,150,평일,11:00,20.9
202406,1,상선,청량리,158,토요일,11:00,12.0
202406,1,하선,청량리,158,토요일,11:00,33.0
202406,1,상선,제기동,157,토요일,11:00,19.8
202406,1,하선,제기동,157,토요일,11:00,35.5
202406,1,상선,신설동,156,토요일,11:00,24.8
202406,1,하선,신설동,156,토요일,11:00,36.9
202406,1,상선,동묘앞,159,토요일,11:00,26.2
202406,1,하선,동묘앞,159,토요일,11:00,39.2
202406,1,상선,동대문,155,토요일,11:00,31.7
202406,1,하선,동대문,155,토요일,11:00,38.8
202406,1,상선,종로5가,154,토요일,11:00,31.9
202406,1,하선,종로5가,154,토요일,11:00,38.3
202406,1,상선,종로3가,153,토요일,11:00,35.3
202406,1,하선,종로3가,153,토요일,11:00,30.1
202406,1,상선,종각,152,토요일,11:00,32.9
202406,1,하선,종각,152,토요일,11:00,27.2
202406,1,상선,시청,151,토요일,11:00,35.4
202406,1,하선,시청,151,토요일,11:00,27.2
202406,1,상선,서울역,150,토요일,11:00,44.4
202406,1,하선,서울역,150,토요일,11:00,27.2
202406,1,상선,청량리,158,일요일,11:00,7.2
202406,1,하선,청량리,158,일요일,11:00,25.2
202406,1,상선,제기동,157,일요일,11:00,12.0
202406,1,하선,제기동,157,일요일,11:00,27.1
202406,1,상선,신설동,156,일요일,11:00,15.3
202406,1,하선,신설동,156,일요일,11:00,28.5
202406,1,상선,동묘앞,159,일요일,11:00,18.9
202406,1,하선,동묘앞,159,일요일,11:00,27.8
202406,1,상선,동대문,155,일요일,11:00,25.1
202406,1,하선,동대문,155,일요일,11:00,26.7
202406,1,상선,종로5가,154,일요일,11:00,24.6
202406,1,하선,종로5가,154,일요일,11:00,26.9
202406,1,상선,종로3가,153,일요일,11:00,26.0
202406,1,하선,종로3가,153,일요일,11:00,22.0
202406,1,상선,종각,152,일요일,11:00,23.5
202406,1,하선,종각,152,일요일,11:00,20.5
202406,1,상선,시청,151,일요일,11:00,26.8
202406,1,하선,시청,151,일요일,11:00,20.3
202406,1,상선,서울역,150,일요일,11:00,33.2
202406,1,하선,서울역,150,일요일,11:00,20.7
2020,1,상선,서울역,150,평일,11:30,36.5
2020,1,하선,서울역,150,평일,11:30,24.9
2020,1,상선,시청,151,평일,11:30,38.0
2020,1,하선,시청,151,평일,11:30,23.5
2020,1,상선,종각,152,평일,11:30,38.5
2020,1,하선,종각,152,평일,11:30,25.1
2020,1,상선,종로3가,153,평일,11:30,42.5
2020,1,하선,종로3가,153,평일,11:30,28.0
2020,1,상선,종로5가,154,평일,11:30,31.2
2020,1,하선,종로5가,154,평일,11:30,31.1
2020,1,상선,동대문,155,평일,11:30,30.5
2020,1,하선,동대문,155,평일,11:30,31.4
2020,1,상선,신설동,156,평일,11:30,27.2
2020,1,하선,신설동,156,평일,11:30,28.9
2020,1,상선,제기동,157,평일,11:30,21.9
2020,1,하선,제기동,157,평일,11:30,26.9
2020,1,상선,청량리,158,평일,11:30,16.9
2020,1,하선,청량리,158,평일,11:30,21.8
2020,1,상선,동묘앞,159,평일,11:30,26.7
2020,1,하선,동묘앞,159,평일,11:30,32.0
2020,1,상선,서울역,150,토요일,11:30,60.0
2020,1,하선,서울역,150,토요일,11:30,31.0
2020,1,상선,시청,151,토요일,11:30,50.6
2020,1,하선,시청,151,토요일,11:30,27.5
2020,1,상선,종각,152,토요일,11:30,45.9
2020,1,하선,종각,152,토요일,11:30,32.3
2020,1,상선,종로3가,153,토요일,11:30,45.7
2020,1,하선,종로3가,153,토요일,11:30,37.5
2020,1,상선,종로5가,154,토요일,11:30,38.8
2020,1,하선,종로5가,154,토요일,11:30,45.4
2020,1,상선,동대문,155,토요일,11:30,33.9
2020,1,하선,동대문,155,토요일,11:30,47.0
2020,1,상선,신설동,156,토요일,11:30,31.0
2020,1,하선,신설동,156,토요일,11:30,49.7
2020,1,상선,제기동,157,토요일,11:30,25.0
2020,1,하선,제기동,157,토요일,11:30,47.5
2020,1,상선,청량리,158,토요일,11:30,16.2
2020,1,하선,청량리,158,토요일,11:30,44.3
2020,1,상선,동묘앞,159,토요일,11:30,30.0
2020,1,하선,동묘앞,159,토요일,11:30,44.2
2020,1,상선,서울역,150,일요일,11:30,36.1
2020,1,하선,서울역,150,일요일,11:30,20.1
2020,1,상선,시청,151,일요일,11:30,32.1
2020,1,하선,시청,151,일요일,11:30,18.6
2020,1,상선,종각,152,일요일,11:30,30.9
2020,1,하선,종각,152,일요일,11:30,20.7
2020,1,상선,종로3가,153,일요일,11:30,29.2
2020,1,하선,종로3가,153,일요일,11:30,22.9
2020,1,상선,종로5가,154,일요일,11:30,28.7
2020,1,하선,종로5가,154,일요일,11:30,26.5
2020,1,상선,동대문,155,일요일,11:30,29.5
2020,1,하선,동대문,155,일요일,11:30,27.1
2020,1,상선,신설동,156,일요일,11:30,21.1
2020,1,하선,신설동,156,일요일,11:30,29.9
2020,1,상선,제기동,157,일요일,11:30,16.8
2020,1,하선,제기동,157,일요일,11:30,28.2
2020,1,상선,청량리,158,일요일,11:30,10.9
2020,1,하선,청량리,158,일요일,11:30,27.6
2020,1,상선,동묘앞,159,일요일,11:30,22.8
2020,1,하선,동묘앞,159,일요일,11:30,27.7
2021,1,상선,서울역,150,평일,11:30,19.9
2021,1,하선,서울역,150,평일,11:30,13.4
2021,1,상선,시청,151,평일,11:30,20.0
2021,1,하선,시청,151,평일,11:30,13.4
2021,1,상선,종각,152,평일,11:30,18.6
2021,1,하선,종각,152,평일,11:30,15.0
2021,1,상선,종로3가,153,평일,11:30,17.8
2021,1,하선,종로3가,153,평일,11:30,15.9
2021,1,상선,종로5가,154,평일,11:30,13.6
2021,1,하선,종로5가,154,평일,11:30,18.5
2021,1,상선,동대문,155,평일,11:30,15.5
2021,1,하선,동대문,155,평일,11:30,16.0
2021,1,상선,신설동,156,평일,11:30,14.8
2021,1,하선,신설동,156,평일,11:30,17.6
2021,1,상선,제기동,157,평일,11:30,12.4
2021,1,하선,제기동,157,평일,11:30,14.6
2021,1,상선,청량리,158,평일,11:30,9.7
2021,1,하선,청량리,158,평일,11:30,14.5
2021,1,상선,동묘앞,159,평일,11:30,15.2
2021,1,하선,동묘앞,159,평일,11:30,16.4
2021,1,상선,서울역,150,토요일,11:30,27.0
2021,1,하선,서울역,150,토요일,11:30,16.4
2021,1,상선,시청,151,토요일,11:30,26.0
2021,1,하선,시청,151,토요일,11:30,15.0
2021,1,상선,종각,152,토요일,11:30,23.4
2021,1,하선,종각,152,토요일,11:30,17.1
2021,1,상선,종로3가,153,토요일,11:30,24.6
2021,1,하선,종로3가,153,토요일,11:30,18.7
2021,1,상선,종로5가,154,토요일,11:30,18.7
2021,1,하선,종로5가,154,토요일,11:30,22.4
2021,1,상선,동대문,155,토요일,11:30,21.4
2021,1,하선,동대문,155,토요일,11:30,20.6
2021,1,상선,신설동,156,토요일,11:30,17.6
2021,1,하선,신설동,156,토요일,11:30,21.2
2021,1,상선,제기동,157,토요일,11:30,13.0
2021,1,하선,제기동,157,토요일,11:30,20.3
2021,1,상선,청량리,158,토요일,11:30,10.5
2021,1,하선,청량리,158,토요일,11:30,21.1
2021,1,상선,동묘앞,159,토요일,11:30,17.9
2021,1,하선,동묘앞,159,토요일,11:30,21.4
2021,1,상선,서울역,150,일요일,11:30,18.9
2021,1,하선,서울역,150,일요일,11:30,10.8
2021,1,상선,시청,151,일요일,11:30,17.0
2021,1,하선,시청,151,일요일,11:30,10.4
2021,1,상선,종각,152,일요일,11:30,15.8
2021,1,하선,종각,152,일요일,11:30,11.7
2021,1,상선,종로3가,153,일요일,11:30,16.6
2021,1,하선,종로3가,153,일요일,11:30,12.9
2021,1,상선,종로5가,154,일요일,11:30,13.6
2021,1,하선,종로5가,154,일요일,11:30,14.9
2021,1,상선,동대문,155,일요일,11:30,15.6
2021,1,하선,동대문,155,일요일,11:30,13.0
2021,1,상선,신설동,156,일요일,11:30,11.0
2021,1,하선,신설동,156,일요일,11:30,13.5
2021,1,상선,제기동,157,일요일,11:30,8.3
2021,1,하선,제기동,157,일요일,11:30,13.3
2021,1,상선,청량리,158,일요일,11:30,6.5
2021,1,하선,청량리,158,일요일,11:30,13.9
2021,1,상선,동묘앞,159,일요일,11:30,11.6
2021,1,하선,동묘앞,159,일요일,11:30,13.6
2022,1,상선,서울역,150,평일,11:30,22.1
2022,1,하선,서울역,150,평일,11:30,14.2
2022,1,상선,시청,151,평일,11:30,20.0
2022,1,하선,시청,151,평일,11:30,13.2
2022,1,상선,종각,152,평일,11:30,16.9
2022,1,하선,종각,152,평일,11:30,14.4
2022,1,상선,종로3가,153,평일,11:30,18.0
2022,1,하선,종로3가,153,평일,11:30,17.7
2022,1,상선,종로5가,154,평일,11:30,15.3
2022,1,하선,종로5가,154,평일,11:30,17.3
2022,1,상선,동대문,155,평일,11:30,17.8
2022,1,하선,동대문,155,평일,11:30,17.6
2022,1,상선,신설동,156,평일,11:30,15.8
2022,1,하선,신설동,156,평일,11:30,17.4
2022,1,상선,제기동,157,평일,11:30,12.4
2022,1,하선,제기동,157,평일,11:30,14.4
2022,1,상선,청량리,158,평일,11:30,9.4
2022,1,하선,청량리,158,평일,11:30,15.8
2022,1,상선,동묘앞,159,평일,11:30,14.3
2022,1,하선,동묘앞,159,평일,11:30,19.6
2022,1,상선,서울역,150,토요일,11:30,39.7
2022,1,하선,서울역,150,토요일,11:30,18.4
2022,1,상선,시청,151,토요일,11:30,35.7
2022,1,하선,시청,151,토요일,11:30,17.1
2022,1,상선,종각,152,토요일,11:30,31.4
2022,1,하선,종각,152,토요일,11:30,21.6
2022,1,상선,종로3가,153,토요일,11:30,31.6
2022,1,하선,종로3가,153,토요일,11:30,24.1
2022,1,상선,종로5가,154,토요일,11:30,23.3
2022,1,하선,종로5가,154,토요일,11:30,28.9
2022,1,상선,동대문,155,토요일,11:30,22.9
2022,1,하선,동대문,155,토요일,11:30,25.3
2022,1,상선,신설동,156,토요일,11:30,17.6
2022,1,하선,신설동,156,토요일,11:30,22.3
2022,1,상선,제기동,157,토요일,11:30,15.2
2022,1,하선,제기동,157,토요일,11:30,23.2
2022,1,상선,청량리,158,토요일,11:30,12.5
2022,1,하선,청량리,158,토요일,11:30,24.4
2022,1,상선,동묘앞,159,토요일,11:30,18.3
2022,1,하선,동묘앞,159,토요일,11:30,27.3
2022,1,상선,서울역,150,일요일,11:30,28.1
2022,1,하선,서울역,150,일요일,11:30,15.6
2022,1,상선,시청,151,일요일,11:30,27.2
2022,1,하선,시청,151,일요일,11:30,13.9
2022,1,상선,종각,152,일요일,11:30,24.8
2022,1,하선,종각,152,일요일,11:30,16.6
2022,1,상선,종로3가,153,일요일,11:30,24.8
2022,1,하선,종로3가,153,일요일,11:30,18.0
2022,1,상선,종로5가,154,일요일,11:30,19.9
2022,1,하선,종로5가,154,일요일,11:30,20.9
2022,1,상선,동대문,155,일요일,11:30,19.2
2022,1,하선,동대문,155,일요일,11:30,18.5
2022,1,상선,신설동,156,일요일,11:30,12.4
2022,1,하선,신설동,156,일요일,11:30,18.2
2022,1,상선,제기동,157,일요일,11:30,12.3
2022,1,하선,제기동,157,일요일,11:30,19.4
2022,1,상선,청량리,158,일요일,11:30,10.7
2022,1,하선,청량리,158,일요일,11:30,20.9
2022,1,상선,동묘앞,159,일요일,11:30,13.3
2022,1,하선,동묘앞,159,일요일,11:30,20.5
2023,1,상선,서울역,150,평일,11:30,30.9
2023,1,하선,서울역,150,평일,11:30,19.5
2023,1,상선,시청,151,평일,11:30,28.6
2023,1,하선,시청,151,평일,11:30,18.2
2023,1,상선,종각,152,평일,11:30,26.4
2023,1,하선,종각,152,평일,11:30,18.8
2023,1,상선,종로3가,153,평일,11:30,26.1
2023,1,하선,종로3가,153,평일,11:30,21.3
2023,1,상선,종로5가,154,평일,11:30,22.6
2023,1,하선,종로5가,154,평일,11:30,22.8
2023,1,상선,동대문,155,평일,11:30,22.8
2023,1,하선,동대문,155,평일,11:30,23.0
2023,1,상선,신설동,156,평일,11:30,18.8
2023,1,하선,신설동,156,평일,11:30,21.1
2023,1,상선,제기동,157,평일,11:30,16.2
2023,1,하선,제기동,157,평일,11:30,20.0
2023,1,상선,청량리,158,평일,11:30,13.0
2023,1,하선,청량리,158,평일,11:30,21.1
2023,1,상선,동묘앞,159,평일,11:30,18.5
2023,1,하선,동묘앞,159,평일,11:30,23.6
2023,1,상선,서울역,150,토요일,11:30,53.2
2023,1,하선,서울역,150,토요일,11:30,25.2
2023,1,상선,시청,151,토요일,11:30,46.1
2023,1,하선,시청,151,토요일,11:30,23.7
2023,1,상선,종각,152,토요일,11:30,40.1
2023,1,하선,종각,152,토요일,11:30,27.6
2023,1,상선,종로3가,153,토요일,11:30,39.8
2023,1,하선,종로3가,153,토요일,11:30,32.1
2023,1,상선,종로5가,154,토요일,11:30,29.7
2023,1,하선,종로5가,154,토요일,11:30,38.0
2023,1,상선,동대문,155,토요일,11:30,28.3
2023,1,하선,동대문,155,토요일,11:30,35.6
2023,1,상선,신설동,156,토요일,11:30,20.5
2023,1,하선,신설동,156,토요일,11:30,33.0
2023,1,상선,제기동,157,토요일,11:30,18.8
2023,1,하선,제기동,157,토요일,11:30,31.2
2023,1,상선,청량리,158,토요일,11:30,15.9
2023,1,하선,청량리,158,토요일,11:30,30.5
2023,1,상선,동묘앞,159,토요일,11:30,22.1
2023,1,하선,동묘앞,159,토요일,11:30,36.0
2023,1,상선,서울역,150,공휴일,11:30,36.5
2023,1,하선,서울역,150,공휴일,11:30,19.3
2023,1,상선,시청,151,공휴일,11:30,32.4
2023,1,하선,시청,151,공휴일,11:30,17.2
2023,1,상선,종각,152,공휴일,11:30,27.0
2023,1,하선,종각,152,공휴일,11:30,18.9
2023,1,상선,종로3가,153,공휴일,11:30,25.7
2023,1,하선,종로3가,153,공휴일,11:30,21.3
2023,1,상선,종로5가,154,공휴일,11:30,21.7
2023,1,하선,종로5가,154,공휴일,11:30,26.9
2023,1,상선,동대문,155,공휴일,11:30,21.4
2023,1,하선,동대문,155,공휴일,11:30,25.7
2023,1,상선,신설동,156,공휴일,11:30,15.3
2023,1,하선,신설동,156,공휴일,11:30,28.2
2023,1,상선,제기동,157,공휴일,11:30,13.7
2023,1,하선,제기동,157,공휴일,11:30,27.0
2023,1,상선,청량리,158,공휴일,11:30,11.9
2023,1,하선,청량리,158,공휴일,11:30,29.0
2023,1,상선,동묘앞,159,공휴일,11:30,16.5
2023,1,하선,동묘앞,159,공휴일,11:30,29.6
202403,1,상선,청량리,158,평일,11:30,13.3
202403,1,하선,청량리,158,평일,11:30,20.8
202403,1,상선,제기동,157,평일,11:30,17.4
202403,1,하선,제기동,157,평일,11:30,20.3
202403,1,상선,신설동,156,평일,11:30,20.2
202403,1,하선,신설동,156,평일,11:30,21.5
202403,1,상선,동묘앞,159,평일,11:30,19.6
202403,1,하선,동묘앞,159,평일,11:30,24.4
202403,1,상선,동대문,155,평일,11:30,23.8
202403,1,하선,동대문,155,평일,11:30,23.6
202403,1,상선,종로5가,154,평일,11:30,23.2
202403,1,하선,종로5가,154,평일,11:30,23.4
202403,1,상선,종로3가,153,평일,11:30,27.3
202403,1,하선,종로3가,153,평일,11:30,22.5
202403,1,상선,종각,152,평일,11:30,26.4
202403,1,하선,종각,152,평일,11:30,20.2
202403,1,상선,시청,151,평일,11:30,27.3
202403,1,하선,시청,151,평일,11:30,19.4
202403,1,상선,서울역,150,평일,11:30,30.7
202403,1,하선,서울역,150,평일,11:30,19.6
202403,1,상선,청량리,158,토요일,11:30,12.5
202403,1,하선,청량리,158,토요일,11:30,32.8
202403,1,상선,제기동,157,토요일,11:30,17.8
202403,1,하선,제기동,157,토요일,11:30,32.3
202403,1,상선,신설동,156,토요일,11:30,21.5
202403,1,하선,신설동,156,토요일,11:30,31.8
202403,1,상선,동묘앞,159,토요일,11:30,22.7
202403,1,하선,동묘앞,159,토요일,11:30,36.6
202403,1,상선,동대문,155,토요일,11:30,28.8
202403,1,하선,동대문,155,토요일,11:30,34.8
202403,1,상선,종로5가,154,토요일,11:30,30.1
202403,1,하선,종로5가,154,토요일,11:30,38.1
202403,1,상선,종로3가,153,토요일,11:30,38.9
202403,1,하선,종로3가,153,토요일,11:30,32.4
202403,1,상선,종각,152,토요일,11:30,36.2
202403,1,하선,종각,152,토요일,11:30,29.6
202403,1,상선,시청,151,토요일,11:30,41.4
202403,1,하선,시청,151,토요일,11:30,25.3
202403,1,상선,서울역,150,토요일,11:30,47.2
202403,1,하선,서울역,150,토요일,11:30,27.0
202403,1,상선,청량리,158,일요일,11:30,9.6
202403,1,하선,청량리,158,일요일,11:30,27.6
202403,1,상선,제기동,157,일요일,11:30,13.8
202403,1,하선,제기동,157,일요일,11:30,26.3
202403,1,상선,신설동,156,일요일,11:30,16.3
202403,1,하선,신설동,156,일요일,11:30,24.9
202403,1,상선,동묘앞,159,일요일,11:30,17.6
202403,1,하선,동묘앞,159,일요일,11:30,29.1
202403,1,상선,동대문,155,일요일,11:30,25.4
202403,1,하선,동대문,155,일요일,11:30,27.4
202403,1,상선,종로5가,154,일요일,11:30,26.5
202403,1,하선,종로5가,154,일요일,11:30,30.3
202403,1,상선,종로3가,153,일요일,11:30,32.3
202403,1,하선,종로3가,153,일요일,11:30,25.5
202403,1,상선,종각,152,일요일,11:30,31.7
202403,1,하선,종각,152,일요일,11:30,23.2
202403,1,상선,시청,151,일요일,11:30,36.6
202403,1,하선,시청,151,일요일,11:30,20.0
202403,1,상선,서울역,150,일요일,11:30,38.7
202403,1,하선,서울역,150,일요일,11:30,21.2
202406,1,상선,청량리,158,평일,11:30,14.6
202406,1,하선,청량리,158,평일,11:30,22.5
202406,1,상선,제기동,157,평일,11:30,16.5
202406,1,하선,제기동,157,평일,11:30,20.6
202406,1,상선,신설동,156,평일,11:30,18.8
202406,1,하선,신설동,156,평일,11:30,22.3
202406,1,상선,동묘앞,159,평일,11:30,19.2
202406,1,하선,동묘앞,159,평일,11:30,23.1
202406,1,상선,동대문,155,평일,11:30,21.4
202406,1,하선,동대문,155,평일,11:30,22.6
202406,1,상선,종로5가,154,평일,11:30,23.4
202406,1,하선,종로5가,154,평일,11:30,24.1
202406,1,상선,종로3가,153,평일,11:30,27.6
202406,1,하선,종로3가,153,평일,11:30,22.8
202406,1,상선,종각,152,평일,11:30,25.1
202406,1,하선,종각,152,평일,11:30,21.6
202406,1,상선,시청,151,평일,11:30,26.7
202406,1,하선,시청,151,평일,11:30,20.3
202406,1,상선,서울역,150,평일,11:30,27.8
202406,1,하선,서울역,150,평일,11:30,20.8
202406,1,상선,청량리,158,토요일,11:30,16.7
202406,1,하선,청량리,158,토요일,11:30,37.1
202406,1,상선,제기동,157,토요일,11:30,19.3
202406,1,하선,제기동,157,토요일,11:30,36.0
202406,1,상선,신설동,156,토요일,11:30,24.2
202406,1,하선,신설동,156,토요일,11:30,35.0
202406,1,상선,동묘앞,159,토요일,11:30,25.8
202406,1,하선,동묘앞,159,토요일,11:30,39.0
202406,1,상선,동대문,155,토요일,11:30,30.9
202406,1,하선,동대문,155,토요일,11:30,36.7
202406,1,상선,종로5가,154,토요일,11:30,34.2
202406,1,하선,종로5가,154,토요일,11:30,35.9
202406,1,상선,종로3가,153,토요일,11:30,43.9
202406,1,하선,종로3가,153,토요일,11:30,32.9
202406,1,상선,종각,152,토요일,11:30,44.5
202406,1,하선,종각,152,토요일,11:30,29.0
202406,1,상선,시청,151,토요일,11:30,48.5
202406,1,하선,시청,151,토요일,11:30,24.8
202406,1,상선,서울역,150,토요일,11:30,53.3
202406,1,하선,서울역,150,토요일,11:30,28.1
202406,1,상선,청량리,158,일요일,11:30,10.3
202406,1,하선,청량리,158,일요일,11:30,26.4
202406,1,상선,제기동,157,일요일,11:30,13.0
202406,1,하선,제기동,157,일요일,11:30,25.5
202406,1,상선,신설동,156,일요일,11:30,16.4
202406,1,하선,신설동,156,일요일,11:30,24.1
202406,1,상선,동묘앞,159,일요일,11:30,18.3
202406,1,하선,동묘앞,159,일요일,11:30,29.8
202406,1,상선,동대문,155,일요일,11:30,24.4
202406,1,하선,동대문,155,일요일,11:30,28.2
202406,1,상선,종로5가,154,일요일,11:30,25.7
202406,1,하선,종로5가,154,일요일,11:30,28.2
202406,1,상선,종로3가,153,일요일,11:30,30.9
202406,1,하선,종로3가,153,일요일,11:30,25.0
202406,1,상선,종각,152,일요일,11:30,30.6
202406,1,하선,종각,152,일요일,11:30,22.8
202406,1,상선,시청,151,일요일,11:30,36.6
202406,1,하선,시청,151,일요일,11:30,20.3
202406,1,상선,서울역,150,일요일,11:30,37.2
202406,1,하선,서울역,150,일요일,11:30,21.9
2020,1,상선,서울역,150,평일,12:00,34.9
2020,1,하선,서울역,150,평일,12:00,27.8
2020,1,상선,시청,151,평일,12:00,34.5
2020,1,하선,시청,151,평일,12:00,26.2
2020,1,상선,종각,152,평일,12:00,27.6
2020,1,하선,종각,152,평일,12:00,29.7
2020,1,상선,종로3가,153,평일,12:00,28.4
2020,1,하선,종로3가,153,평일,12:00,32.1
2020,1,상선,종로5가,154,평일,12:00,30.0
2020,1,하선,종로5가,154,평일,12:00,32.6
2020,1,상선,동대문,155,평일,12:00,26.8
2020,1,하선,동대문,155,평일,12:00,33.0
2020,1,상선,신설동,156,평일,12:00,24.9
2020,1,하선,신설동,156,평일,12:00,32.4
2020,1,상선,제기동,157,평일,12:00,19.9
2020,1,하선,제기동,157,평일,12:00,30.2
2020,1,상선,청량리,158,평일,12:00,15.6
2020,1,하선,청량리,158,평일,12:00,28.6
2020,1,상선,동묘앞,159,평일,12:00,27.3
2020,1,하선,동묘앞,159,평일,12:00,32.8
2020,1,상선,서울역,150,토요일,12:00,71.7
2020,1,하선,서울역,150,토요일,12:00,37.2
2020,1,상선,시청,151,토요일,12:00,57.9
2020,1,하선,시청,151,토요일,12:00,37.3
2020,1,상선,종각,152,토요일,12:00,49.3
2020,1,하선,종각,152,토요일,12:00,41.3
2020,1,상선,종로3가,153,토요일,12:00,49.2
2020,1,하선,종로3가,153,토요일,12:00,47.1
2020,1,상선,종로5가,154,토요일,12:00,38.2
2020,1,하선,종로5가,154,토요일,12:00,53.7
2020,1,상선,동대문,155,토요일,12:00,41.6
2020,1,하선,동대문,155,토요일,12:00,53.4
2020,1,상선,신설동,156,토요일,12:00,34.9
2020,1,하선,신설동,156,토요일,12:00,54.8
2020,1,상선,제기동,157,토요일,12:00,25.5
2020,1,하선,제기동,157,토요일,12:00,51.2
2020,1,상선,청량리,158,토요일,12:00,21.0
2020,1,하선,청량리,158,토요일,12:00,47.6
2020,1,상선,동묘앞,159,토요일,12:00,33.6
2020,1,하선,동묘앞,159,토요일,12:00,57.2
2020,1,상선,서울역,150,일요일,12:00,40.3
2020,1,하선,서울역,150,일요일,12:00,27.4
2020,1,상선,시청,151,일요일,12:00,38.6
2020,1,하선,시청,151,일요일,12:00,29.1
2020,1,상선,종각,152,일요일,12:00,32.5
2020,1,하선,종각,152,일요일,12:00,28.6
2020,1,상선,종로3가,153,일요일,12:00,35.9
2020,1,하선,종로3가,153,일요일,12:00,30.2
2020,1,상선,종로5가,154,일요일,12:00,31.9
2020,1,하선,종로5가,154,일요일,12:00,36.3
2020,1,상선,동대문,155,일요일,12:00,27.7
2020,1,하선,동대문,155,일요일,12:00,36.7
2020,1,상선,신설동,156,일요일,12:00,22.1
2020,1,하선,신설동,156,일요일,12:00,39.5
2020,1,상선,제기동,157,일요일,12:00,17.4
2020,1,하선,제기동,157,일요일,12:00,37.5
2020,1,상선,청량리,158,일요일,12:00,15.5
2020,1,하선,청량리,158,일요일,12:00,34.2
2020,1,상선,동묘앞,159,일요일,12:00,22.2
2020,1,하선,동묘앞,159,일요일,12:00,41.1
2021,1,상선,서울역,150,평일,12:00,21.3
2021,1,하선,서울역,150,평일,12:00,16.9
2021,1,상선,시청,151,평일,12:00,20.5
2021,1,하선,시청,151,평일,12:00,15.9
2021,1,상선,종각,152,평일,12:00,19.2
2021,1,하선,종각,152,평일,12:00,15.0
2021,1,상선,종로3가,153,평일,12:00,22.3
2021,1,하선,종로3가,153,평일,12:00,16.6
2021,1,상선,종로5가,154,평일,12:00,23.7
2021,1,하선,종로5가,154,평일,12:00,19.2
2021,1,상선,동대문,155,평일,12:00,20.7
2021,1,하선,동대문,155,평일,12:00,19.0
2021,1,상선,신설동,156,평일,12:00,17.3
2021,1,하선,신설동,156,평일,12:00,15.8
2021,1,상선,제기동,157,평일,12:00,12.3
2021,1,하선,제기동,157,평일,12:00,17.7
2021,1,상선,청량리,158,평일,12:00,11.4
2021,1,하선,청량리,158,평일,12:00,15.3
2021,1,상선,동묘앞,159,평일,12:00,17.6
2021,1,하선,동묘앞,159,평일,12:00,19.0
2021,1,상선,서울역,150,토요일,12:00,28.5
2021,1,하선,서울역,150,토요일,12:00,20.2
2021,1,상선,시청,151,토요일,12:00,26.6
2021,1,하선,시청,151,토요일,12:00,18.2
2021,1,상선,종각,152,토요일,12:00,23.7
2021,1,하선,종각,152,토요일,12:00,18.3
2021,1,상선,종로3가,153,토요일,12:00,24.8
2021,1,하선,종로3가,153,토요일,12:00,20.7
2021,1,상선,종로5가,154,토요일,12:00,25.6
2021,1,하선,종로5가,154,토요일,12:00,23.7
2021,1,상선,동대문,155,토요일,12:00,22.3
2021,1,하선,동대문,155,토요일,12:00,24.3
2021,1,상선,신설동,156,토요일,12:00,16.4
2021,1,하선,신설동,156,토요일,12:00,22.7
2021,1,상선,제기동,157,토요일,12:00,13.6
2021,1,하선,제기동,157,토요일,12:00,22.0
2021,1,상선,청량리,158,토요일,12:00,11.9
2021,1,하선,청량리,158,토요일,12:00,19.2
2021,1,상선,동묘앞,159,토요일,12:00,16.9
2021,1,하선,동묘앞,159,토요일,12:00,24.9
2021,1,상선,서울역,150,일요일,12:00,17.1
2021,1,하선,서울역,150,일요일,12:00,13.0
2021,1,상선,시청,151,일요일,12:00,17.8
2021,1,하선,시청,151,일요일,12:00,11.9
2021,1,상선,종각,152,일요일,12:00,16.0
2021,1,하선,종각,152,일요일,12:00,11.9
2021,1,상선,종로3가,153,일요일,12:00,17.1
2021,1,하선,종로3가,153,일요일,12:00,13.2
2021,1,상선,종로5가,154,일요일,12:00,18.6
2021,1,하선,종로5가,154,일요일,12:00,15.3
2021,1,상선,동대문,155,일요일,12:00,16.0
2021,1,하선,동대문,155,일요일,12:00,16.0
2021,1,상선,신설동,156,일요일,12:00,11.5
2021,1,하선,신설동,156,일요일,12:00,14.5
2021,1,상선,제기동,157,일요일,12:00,10.1
2021,1,하선,제기동,157,일요일,12:00,14.1
2021,1,상선,청량리,158,일요일,12:00,8.4
2021,1,하선,청량리,158,일요일,12:00,12.8
2021,1,상선,동묘앞,159,일요일,12:00,11.7
2021,1,하선,동묘앞,159,일요일,12:00,16.2
2022,1,상선,서울역,150,평일,12:00,21.5
2022,1,하선,서울역,150,평일,12:00,17.6
2022,1,상선,시청,151,평일,12:00,21.7
2022,1,하선,시청,151,평일,12:00,17.3
2022,1,상선,종각,152,평일,12:00,21.2
2022,1,하선,종각,152,평일,12:00,16.5
2022,1,상선,종로3가,153,평일,12:00,22.7
2022,1,하선,종로3가,153,평일,12:00,18.7
2022,1,상선,종로5가,154,평일,12:00,23.7
2022,1,하선,종로5가,154,평일,12:00,24.8
2022,1,상선,동대문,155,평일,12:00,20.6
2022,1,하선,동대문,155,평일,12:00,21.1
2022,1,상선,신설동,156,평일,12:00,15.3
2022,1,하선,신설동,156,평일,12:00,19.1
2022,1,상선,제기동,157,평일,12:00,12.7
2022,1,하선,제기동,157,평일,12:00,21.3
2022,1,상선,청량리,158,평일,12:00,11.6
2022,1,하선,청량리,158,평일,12:00,18.5
2022,1,상선,동묘앞,159,평일,12:00,19.3
2022,1,하선,동묘앞,159,평일,12:00,19.5
2022,1,상선,서울역,150,토요일,12:00,31.8
2022,1,하선,서울역,150,토요일,12:00,21.9
2022,1,상선,시청,151,토요일,12:00,29.7
2022,1,하선,시청,151,토요일,12:00,21.9
2022,1,상선,종각,152,토요일,12:00,27.3
2022,1,하선,종각,152,토요일,12:00,23.1
2022,1,상선,종로3가,153,토요일,12:00,32.6
2022,1,하선,종로3가,153,토요일,12:00,25.0
2022,1,상선,종로5가,154,토요일,12:00,28.0
2022,1,하선,종로5가,154,토요일,12:00,25.5
2022,1,상선,동대문,155,토요일,12:00,28.3
2022,1,하선,동대문,155,토요일,12:00,29.6
2022,1,상선,신설동,156,토요일,12:00,22.4
2022,1,하선,신설동,156,토요일,12:00,31.8
2022,1,상선,제기동,157,토요일,12:00,15.6
2022,1,하선,제기동,157,토요일,12:00,30.9
2022,1,상선,청량리,158,토요일,12:00,13.7
2022,1,하선,청량리,158,토요일,12:00,27.8
2022,1,상선,동묘앞,159,토요일,12:00,24.5
2022,1,하선,동묘앞,159,토요일,12:00,33.2
2022,1,상선,서울역,150,일요일,12:00,27.8
2022,1,하선,서울역,150,일요일,12:00,19.6
2022,1,상선,시청,151,일요일,12:00,26.1
2022,1,하선,시청,151,일요일,12:00,20.5
2022,1,상선,종각,152,일요일,12:00,24.0
2022,1,하선,종각,152,일요일,12:00,21.2
2022,1,상선,종로3가,153,일요일,12:00,30.0
2022,1,하선,종로3가,153,일요일,12:00,22.8
2022,1,상선,종로5가,154,일요일,12:00,26.7
2022,1,하선,종로5가,154,일요일,12:00,23.1
2022,1,상선,동대문,155,일요일,12:00,26.1
2022,1,하선,동대문,155,일요일,12:00,26.7
2022,1,상선,신설동,156,일요일,12:00,19.2
2022,1,하선,신설동,156,일요일,12:00,29.0
2022,1,상선,제기동,157,일요일,12:00,13.8
2022,1,하선,제기동,157,일요일,12:00,27.9
2022,1,상선,청량리,158,일요일,12:00,11.8
2022,1,하선,청량리,158,일요일,12:00,26.1
2022,1,상선,동묘앞,159,일요일,12:00,21.6
2022,1,하선,동묘앞,159,일요일,12:00,29.8
2023,1,상선,서울역,150,평일,12:00,25.8
2023,1,하선,서울역,150,평일,12:00,23.3
2023,1,상선,시청,151,평일,12:00,26.2
2023,1,하선,시청,151,평일,12:00,22.3
2023,1,상선,종각,152,평일,12:00,25.9
2023,1,하선,종각,152,평일,12:00,22.2
2023,1,상선,종로3가,153,평일,12:00,27.4
2023,1,하선,종로3가,153,평일,12:00,23.8
2023,1,상선,종로5가,154,평일,12:00,26.7
2023,1,하선,종로5가,154,평일,12:00,31.6
2023,1,상선,동대문,155,평일,12:00,25.3
2023,1,하선,동대문,155,평일,12:00,28.1
2023,1,상선,신설동,156,평일,12:00,20.0
2023,1,하선,신설동,156,평일,12:00,26.4
2023,1,상선,제기동,157,평일,12:00,16.7
2023,1,하선,제기동,157,평일,12:00,25.8
2023,1,상선,청량리,158,평일,12:00,14.9
2023,1,하선,청량리,158,평일,12:00,22.8
2023,1,상선,동묘앞,159,평일,12:00,23.1
2023,1,하선,동묘앞,159,평일,12:00,27.7
2023,1,상선,서울역,150,토요일,12:00,39.9
2023,1,하선,서울역,150,토요일,12:00,28.8
2023,1,상선,시청,151,토요일,12:00,44.0
2023,1,하선,시청,151,토요일,12:00,27.4
2023,1,상선,종각,152,토요일,12:00,39.8
2023,1,하선,종각,152,토요일,12:00,29.9
2023,1,상선,종로3가,153,토요일,12:00,43.0
2023,1,하선,종로3가,153,토요일,12:00,31.9
2023,1,상선,종로5가,154,토요일,12:00,37.1
2023,1,하선,종로5가,154,토요일,12:00,35.2
2023,1,상선,동대문,155,토요일,12:00,37.2
2023,1,하선,동대문,155,토요일,12:00,38.3
2023,1,상선,신설동,156,토요일,12:00,30.1
2023,1,하선,신설동,156,토요일,12:00,38.7
2023,1,상선,제기동,157,토요일,12:00,21.6
2023,1,하선,제기동,157,토요일,12:00,40.1
2023,1,상선,청량리,158,토요일,12:00,17.1
2023,1,하선,청량리,158,토요일,12:00,36.7
2023,1,상선,동묘앞,159,토요일,12:00,31.3
2023,1,하선,동묘앞,159,토요일,12:00,41.7
2023,1,상선,서울역,150,공휴일,12:00,32.3
2023,1,하선,서울역,150,공휴일,12:00,26.8
2023,1,상선,시청,151,공휴일,12:00,35.1
2023,1,하선,시청,151,공휴일,12:00,28.6
2023,1,상선,종각,152,공휴일,12:00,31.6
2023,1,하선,종각,152,공휴일,12:00,30.0
2023,1,상선,종로3가,153,공휴일,12:00,34.9
2023,1,하선,종로3가,153,공휴일,12:00,31.4
2023,1,상선,종로5가,154,공휴일,12:00,31.7
2023,1,하선,종로5가,154,공휴일,12:00,33.1
2023,1,상선,동대문,155,공휴일,12:00,31.2
2023,1,하선,동대문,155,공휴일,12:00,35.7
2023,1,상선,신설동,156,공휴일,12:00,21.8
2023,1,하선,신설동,156,공휴일,12:00,31.6
2023,1,상선,제기동,157,공휴일,12:00,16.3
2023,1,하선,제기동,157,공휴일,12:00,30.8
2023,1,상선,청량리,158,공휴일,12:00,13.4
2023,1,하선,청량리,158,공휴일,12:00,29.7
2023,1,상선,동묘앞,159,공휴일,12:00,23.2
2023,1,하선,동묘앞,159,공휴일,12:00,33.7
202403,1,상선,청량리,158,평일,12:00,15.6
202403,1,하선,청량리,158,평일,12:00,23.1
202403,1,상선,제기동,157,평일,12:00,17.3
202403,1,하선,제기동,157,평일,12:00,26.1
202403,1,상선,신설동,156,평일,12:00,21.0
202403,1,하선,신설동,156,평일,12:00,26.7
202403,1,상선,동묘앞,159,평일,12:00,24.4
202403,1,하선,동묘앞,159,평일,12:00,28.3
202403,1,상선,동대문,155,평일,12:00,27.1
202403,1,하선,동대문,155,평일,12:00,29.1
202403,1,상선,종로5가,154,평일,12:00,29.3
202403,1,하선,종로5가,154,평일,12:00,33.6
202403,1,상선,종로3가,153,평일,12:00,30.6
202403,1,하선,종로3가,153,평일,12:00,25.6
202403,1,상선,종각,152,평일,12:00,28.2
202403,1,하선,종각,152,평일,12:00,24.2
202403,1,상선,시청,151,평일,12:00,30.8
202403,1,하선,시청,151,평일,12:00,24.1
202403,1,상선,서울역,150,평일,12:00,29.9
202403,1,하선,서울역,150,평일,12:00,23.7
202403,1,상선,청량리,158,토요일,12:00,14.8
202403,1,하선,청량리,158,토요일,12:00,32.2
202403,1,상선,제기동,157,토요일,12:00,19.3
202403,1,하선,제기동,157,토요일,12:00,35.1
202403,1,상선,신설동,156,토요일,12:00,25.3
202403,1,하선,신설동,156,토요일,12:00,38.0
202403,1,상선,동묘앞,159,토요일,12:00,27.2
202403,1,하선,동묘앞,159,토요일,12:00,41.7
202403,1,상선,동대문,155,토요일,12:00,32.2
202403,1,하선,동대문,155,토요일,12:00,38.7
202403,1,상선,종로5가,154,토요일,12:00,33.4
202403,1,하선,종로5가,154,토요일,12:00,36.2
202403,1,상선,종로3가,153,토요일,12:00,37.6
202403,1,하선,종로3가,153,토요일,12:00,34.6
202403,1,상선,종각,152,토요일,12:00,35.6
202403,1,하선,종각,152,토요일,12:00,32.5
202403,1,상선,시청,151,토요일,12:00,38.7
202403,1,하선,시청,151,토요일,12:00,32.3
202403,1,상선,서울역,150,토요일,12:00,38.8
202403,1,하선,서울역,150,토요일,12:00,30.8
202403,1,상선,청량리,158,일요일,12:00,14.2
202403,1,하선,청량리,158,일요일,12:00,29.2
202403,1,상선,제기동,157,일요일,12:00,17.1
202403,1,하선,제기동,157,일요일,12:00,30.9
202403,1,상선,신설동,156,일요일,12:00,22.5
202403,1,하선,신설동,156,일요일,12:00,34.3
202403,1,상선,동묘앞,159,일요일,12:00,23.9
202403,1,하선,동묘앞,159,일요일,12:00,37.3
202403,1,상선,동대문,155,일요일,12:00,27.9
202403,1,하선,동대문,155,일요일,12:00,35.5
202403,1,상선,종로5가,154,일요일,12:00,29.4
202403,1,하선,종로5가,154,일요일,12:00,32.6
202403,1,상선,종로3가,153,일요일,12:00,31.9
202403,1,하선,종로3가,153,일요일,12:00,32.0
202403,1,상선,종각,152,일요일,12:00,27.1
202403,1,하선,종각,152,일요일,12:00,30.9
202403,1,상선,시청,151,일요일,12:00,29.3
202403,1,하선,시청,151,일요일,12:00,29.9
202403,1,상선,서울역,150,일요일,12:00,34.9
202403,1,하선,서울역,150,일요일,12:00,27.2
202406,1,상선,청량리,158,평일,12:00,14.2
202406,1,하선,청량리,158,평일,12:00,21.4
202406,1,상선,제기동,157,평일,12:00,16.5
202406,1,하선,제기동,157,평일,12:00,26.6
202406,1,상선,신설동,156,평일,12:00,20.7
202406,1,하선,신설동,156,평일,12:00,25.6
202406,1,상선,동묘앞,159,평일,12:00,23.1
202406,1,하선,동묘앞,159,평일,12:00,30.2
202406,1,상선,동대문,155,평일,12:00,27.6
202406,1,하선,동대문,155,평일,12:00,30.6
202406,1,상선,종로5가,154,평일,12:00,27.9
202406,1,하선,종로5가,154,평일,12:00,35.9
202406,1,상선,종로3가,153,평일,12:00,30.3
202406,1,하선,종로3가,153,평일,12:00,26.6
202406,1,상선,종각,152,평일,12:00,28.6
202406,1,하선,종각,152,평일,12:00,28.3
202406,1,상선,시청,151,평일,12:00,30.6
202406,1,하선,시청,151,평일,12:00,28.0
202406,1,상선,서울역,150,평일,12:00,32.1
202406,1,하선,서울역,150,평일,12:00,28.6
202406,1,상선,청량리,158,토요일,12:00,18.1
202406,1,하선,청량리,158,토요일,12:00,34.9
202406,1,상선,제기동,157,토요일,12:00,22.8
202406,1,하선,제기동,157,토요일,12:00,38.9
202406,1,상선,신설동,156,토요일,12:00,30.5
202406,1,하선,신설동,156,토요일,12:00,43.0
202406,1,상선,동묘앞,159,토요일,12:00,32.7
202406,1,하선,동묘앞,159,토요일,12:00,44.7
202406,1,상선,동대문,155,토요일,12:00,39.3
202406,1,하선,동대문,155,토요일,12:00,44.1
202406,1,상선,종로5가,154,토요일,12:00,36.5
202406,1,하선,종로5가,154,토요일,12:00,44.5
202406,1,상선,종로3가,153,토요일,12:00,42.8
202406,1,하선,종로3가,153,토요일,12:00,36.4
202406,1,상선,종각,152,토요일,12:00,42.2
202406,1,하선,종각,152,토요일,12:00,33.8
202406,1,상선,시청,151,토요일,12:00,50.2
202406,1,하선,시청,151,토요일,12:00,31.0
202406,1,상선,서울역,150,토요일,12:00,52.9
202406,1,하선,서울역,150,토요일,12:00,32.8
202406,1,상선,청량리,158,일요일,12:00,12.8
202406,1,하선,청량리,158,일요일,12:00,25.7
202406,1,상선,제기동,157,일요일,12:00,16.0
202406,1,하선,제기동,157,일요일,12:00,27.0
202406,1,상선,신설동,156,일요일,12:00,21.6
202406,1,하선,신설동,156,일요일,12:00,29.5
202406,1,상선,동묘앞,159,일요일,12:00,23.5
202406,1,하선,동묘앞,159,일요일,12:00,31.2
202406,1,상선,동대문,155,일요일,12:00,30.5
202406,1,하선,동대문,155,일요일,12:00,31.0
202406,1,상선,종로5가,154,일요일,12:00,30.7
202406,1,하선,종로5가,154,일요일,12:00,30.4
202406,1,상선,종로3가,153,일요일,12:00,35.4
202406,1,하선,종로3가,153,일요일,12:00,25.5
202406,1,상선,종각,152,일요일,12:00,34.2
202406,1,하선,종각,152,일요일,12:00,24.2
202406,1,상선,시청,151,일요일,12:00,35.2
202406,1,하선,시청,151,일요일,12:00,23.1
202406,1,상선,서울역,150,일요일,12:00,39.2
202406,1,하선,서울역,150,일요일,12:00,23.0
2020,1,상선,서울역,150,평일,12:30,36.0
2020,1,하선,서울역,150,평일,12:30,28.5
2020,1,상선,시청,151,평일,12:30,34.8
2020,1,하선,시청,151,평일,12:30,28.0
2020,1,상선,종각,152,평일,12:30,32.9
2020,1,하선,종각,152,평일,12:30,26.3
2020,1,상선,종로3가,153,평일,12:30,35.5
2020,1,하선,종로3가,153,평일,12:30,26.7
2020,1,상선,종로5가,154,평일,12:30,30.7
2020,1,하선,종로5가,154,평일,12:30,36.1
2020,1,상선,동대문,155,평일,12:30,34.5
2020,1,하선,동대문,155,평일,12:30,35.0
2020,1,상선,신설동,156,평일,12:30,30.1
2020,1,하선,신설동,156,평일,12:30,31.3
2020,1,상선,제기동,157,평일,12:30,23.1
2020,1,하선,제기동,157,평일,12:30,29.1
2020,1,상선,청량리,158,평일,12:30,18.2
2020,1,하선,청량리,158,평일,12:30,24.0
2020,1,상선,동묘앞,159,평일,12:30,30.0
2020,1,하선,동묘앞,159,평일,12:30,35.2
2020,1,상선,서울역,150,토요일,12:30,68.6
2020,1,하선,서울역,150,토요일,12:30,41.8
2020,1,상선,시청,151,토요일,12:30,56.9
2020,1,하선,시청,151,토요일,12:30,39.0
2020,1,상선,종각,152,토요일,12:30,51.9
2020,1,하선,종각,152,토요일,12:30,42.9
2020,1,상선,종로3가,153,토요일,12:30,51.2
2020,1,하선,종로3가,153,토요일,12:30,49.0
2020,1,상선,종로5가,154,토요일,12:30,47.9
2020,1,하선,종로5가,154,토요일,12:30,56.5
2020,1,상선,동대문,155,토요일,12:30,46.1
2020,1,하선,동대문,155,토요일,12:30,56.4
2020,1,상선,신설동,156,토요일,12:30,35.4
2020,1,하선,신설동,156,토요일,12:30,48.5
2020,1,상선,제기동,157,토요일,12:30,27.8
2020,1,하선,제기동,157,토요일,12:30,45.3
2020,1,상선,청량리,158,토요일,12:30,22.2
2020,1,하선,청량리,158,토요일,12:30,42.9
2020,1,상선,동묘앞,159,토요일,12:30,39.6
2020,1,하선,동묘앞,159,토요일,12:30,55.6
2020,1,상선,서울역,150,일요일,12:30,41.0
2020,1,하선,서울역,150,일요일,12:30,27.9
2020,1,상선,시청,151,일요일,12:30,40.0
2020,1,하선,시청,151,일요일,12:30,25.9
2020,1,상선,종각,152,일요일,12:30,37.7
2020,1,하선,종각,152,일요일,12:30,27.6
2020,1,상선,종로3가,153,일요일,12:30,39.1
2020,1,하선,종로3가,153,일요일,12:30,28.6
2020,1,상선,종로5가,154,일요일,12:30,32.1
2020,1,하선,종로5가,154,일요일,12:30,29.4
2020,1,상선,동대문,155,일요일,12:30,31.3
2020,1,하선,동대문,155,일요일,12:30,28.1
2020,1,상선,신설동,156,일요일,12:30,27.6
2020,1,하선,신설동,156,일요일,12:30,22.0
2020,1,상선,제기동,157,일요일,12:30,23.7
2020,1,하선,제기동,157,일요일,12:30,19.1
2020,1,상선,청량리,158,일요일,12:30,19.2
2020,1,하선,청량리,158,일요일,12:30,21.3
2020,1,상선,동묘앞,159,일요일,12:30,28.8
2020,1,하선,동묘앞,159,일요일,12:30,32.5
2021,1,상선,서울역,150,평일,12:30,19.2
2021,1,하선,서울역,150,평일,12:30,17.9
2021,1,상선,시청,151,평일,12:30,18.7
2021,1,하선,시청,151,평일,12:30,16.9
2021,1,상선,종각,152,평일,12:30,21.5
2021,1,하선,종각,152,평일,12:30,18.2
2021,1,상선,종로3가,153,평일,12:30,23.5
2021,1,하선,종로3가,153,평일,12:30,17.6
2021,1,상선,종로5가,154,평일,12:30,15.4
2021,1,하선,종로5가,154,평일,12:30,20.5
2021,1,상선,동대문,155,평일,12:30,15.7
2021,1,하선,동대문,155,평일,12:30,27.0
2021,1,상선,신설동,156,평일,12:30,19.0
2021,1,하선,신설동,156,평일,12:30,21.8
2021,1,상선,제기동,157,평일,12:30,14.6
2021,1,하선,제기동,157,평일,12:30,20.8
2021,1,상선,청량리,158,평일,12:30,12.8
2021,1,하선,청량리,158,평일,12:30,14.9
2021,1,상선,동묘앞,159,평일,12:30,19.6
2021,1,하선,동묘앞,159,평일,12:30,27.7
2021,1,상선,서울역,150,토요일,12:30,26.4
2021,1,하선,서울역,150,토요일,12:30,23.9
2021,1,상선,시청,151,토요일,12:30,25.4
2021,1,하선,시청,151,토요일,12:30,22.0
2021,1,상선,종각,152,토요일,12:30,28.8
2021,1,하선,종각,152,토요일,12:30,24.0
2021,1,상선,종로3가,153,토요일,12:30,31.4
2021,1,하선,종로3가,153,토요일,12:30,24.3
2021,1,상선,종로5가,154,토요일,12:30,22.5
2021,1,하선,종로5가,154,토요일,12:30,28.4
2021,1,상선,동대문,155,토요일,12:30,22.6
2021,1,하선,동대문,155,토요일,12:30,31.6
2021,1,상선,신설동,156,토요일,12:30,21.6
2021,1,하선,신설동,156,토요일,12:30,32.9
2021,1,상선,제기동,157,토요일,12:30,16.8
2021,1,하선,제기동,157,토요일,12:30,31.6
2021,1,상선,청량리,158,토요일,12:30,13.9
2021,1,하선,청량리,158,토요일,12:30,23.9
2021,1,상선,동묘앞,159,토요일,12:30,22.0
2021,1,하선,동묘앞,159,토요일,12:30,32.9
2021,1,상선,서울역,150,일요일,12:30,21.0
2021,1,하선,서울역,150,일요일,12:30,14.6
2021,1,상선,시청,151,일요일,12:30,20.2
2021,1,하선,시청,151,일요일,12:30,14.0
2021,1,상선,종각,152,일요일,12:30,21.7
2021,1,하선,종각,152,일요일,12:30,16.0
2021,1,상선,종로3가,153,일요일,12:30,23.3
2021,1,하선,종로3가,153,일요일,12:30,16.4
2021,1,상선,종로5가,154,일요일,12:30,16.1
2021,1,하선,종로5가,154,일요일,12:30,18.8
2021,1,상선,동대문,155,일요일,12:30,16.5
2021,1,하선,동대문,155,일요일,12:30,21.7
2021,1,상선,신설동,156,일요일,12:30,15.0
2021,1,하선,신설동,156,일요일,12:30,22.4
2021,1,상선,제기동,157,일요일,12:30,12.5
2021,1,하선,제기동,157,일요일,12:30,21.5
2021,1,상선,청량리,158,일요일,12:30,10.4
2021,1,하선,청량리,158,일요일,12:30,16.3
2021,1,상선,동묘앞,159,일요일,12:30,15.3
2021,1,하선,동묘앞,159,일요일,12:30,22.4
2022,1,상선,서울역,150,평일,12:30,27.2
2022,1,하선,서울역,150,평일,12:30,19.6
2022,1,상선,시청,151,평일,12:30,24.4
2022,1,하선,시청,151,평일,12:30,18.4
2022,1,상선,종각,152,평일,12:30,23.2
2022,1,하선,종각,152,평일,12:30,19.9
2022,1,상선,종로3가,153,평일,12:30,25.0
2022,1,하선,종로3가,153,평일,12:30,19.3
2022,1,상선,종로5가,154,평일,12:30,18.7
2022,1,하선,종로5가,154,평일,12:30,25.9
2022,1,상선,동대문,155,평일,12:30,18.8
2022,1,하선,동대문,155,평일,12:30,29.8
2022,1,상선,신설동,156,평일,12:30,21.2
2022,1,하선,신설동,156,평일,12:30,24.6
2022,1,상선,제기동,157,평일,12:30,16.4
2022,1,하선,제기동,157,평일,12:30,23.6
2022,1,상선,청량리,158,평일,12:30,13.0
2022,1,하선,청량리,158,평일,12:30,16.6
2022,1,상선,동묘앞,159,평일,12:30,20.2
2022,1,하선,동묘앞,159,평일,12:30,30.6
2022,1,상선,서울역,150,토요일,12:30,35.7
2022,1,하선,서울역,150,토요일,12:30,27.8
2022,1,상선,시청,151,토요일,12:30,34.5
2022,1,하선,시청,151,토요일,12:30,26.0
2022,1,상선,종각,152,토요일,12:30,31.7
2022,1,하선,종각,152,토요일,12:30,28.9
2022,1,상선,종로3가,153,토요일,12:30,31.7
2022,1,하선,종로3가,153,토요일,12:30,30.5
2022,1,상선,종로5가,154,토요일,12:30,28.4
2022,1,하선,종로5가,154,토요일,12:30,43.7
2022,1,상선,동대문,155,토요일,12:30,26.1
2022,1,하선,동대문,155,토요일,12:30,43.2
2022,1,상선,신설동,156,토요일,12:30,23.3
2022,1,하선,신설동,156,토요일,12:30,41.1
2022,1,상선,제기동,157,토요일,12:30,19.4
2022,1,하선,제기동,157,토요일,12:30,40.1
2022,1,상선,청량리,158,토요일,12:30,16.9
2022,1,하선,청량리,158,토요일,12:30,30.0
2022,1,상선,동묘앞,159,토요일,12:30,22.7
2022,1,하선,동묘앞,159,토요일,12:30,43.3
2022,1,상선,서울역,150,일요일,12:30,28.7
2022,1,하선,서울역,150,일요일,12:30,23.1
2022,1,상선,시청,151,일요일,12:30,27.0
2022,1,하선,시청,151,일요일,12:30,22.5
2022,1,상선,종각,152,일요일,12:30,24.6
2022,1,하선,종각,152,일요일,12:30,22.3
2022,1,상선,종로3가,153,일요일,12:30,25.8
2022,1,하선,종로3가,153,일요일,12:30,24.0
2022,1,상선,종로5가,154,일요일,12:30,24.1
2022,1,하선,종로5가,154,일요일,12:30,34.6
2022,1,상선,동대문,155,일요일,12:30,21.8
2022,1,하선,동대문,155,일요일,12:30,32.5
2022,1,상선,신설동,156,일요일,12:30,20.9
2022,1,하선,신설동,156,일요일,12:30,31.9
2022,1,상선,제기동,157,일요일,12:30,17.5
2022,1,하선,제기동,157,일요일,12:30,32.9
2022,1,상선,청량리,158,일요일,12:30,15.1
2022,1,하선,청량리,158,일요일,12:30,25.4
2022,1,상선,동묘앞,159,일요일,12:30,19.0
2022,1,하선,동묘앞,159,일요일,12:30,32.4
2023,1,상선,서울역,150,평일,12:30,39.2
2023,1,하선,서울역,150,평일,12:30,27.2
2023,1,상선,시청,151,평일,12:30,36.6
2023,1,하선,시청,151,평일,12:30,24.8
2023,1,상선,종각,152,평일,12:30,31.8
2023,1,하선,종각,152,평일,12:30,25.6
2023,1,상선,종로3가,153,평일,12:30,35.2
2023,1,하선,종로3가,153,평일,12:30,24.8
2023,1,상선,종로5가,154,평일,12:30,28.0
2023,1,하선,종로5가,154,평일,12:30,30.6
2023,1,상선,동대문,155,평일,12:30,27.9
2023,1,하선,동대문,155,평일,12:30,33.0
2023,1,상선,신설동,156,평일,12:30,24.6
2023,1,하선,신설동,156,평일,12:30,29.2
2023,1,상선,제기동,157,평일,12:30,19.8
2023,1,하선,제기동,157,평일,12:30,28.0
2023,1,상선,청량리,158,평일,12:30,16.7
2023,1,하선,청량리,158,평일,12:30,22.2
2023,1,상선,동묘앞,159,평일,12:30,24.7
2023,1,하선,동묘앞,159,평일,12:30,33.4
2023,1,상선,서울역,150,토요일,12:30,56.1
2023,1,하선,서울역,150,토요일,12:30,37.7
2023,1,상선,시청,151,토요일,12:30,45.7
2023,1,하선,시청,151,토요일,12:30,34.1
2023,1,상선,종각,152,토요일,12:30,40.6
2023,1,하선,종각,152,토요일,12:30,39.6
2023,1,상선,종로3가,153,토요일,12:30,39.4
2023,1,하선,종로3가,153,토요일,12:30,41.7
2023,1,상선,종로5가,154,토요일,12:30,33.6
2023,1,하선,종로5가,154,토요일,12:30,57.1
2023,1,상선,동대문,155,토요일,12:30,26.6
2023,1,하선,동대문,155,토요일,12:30,54.5
2023,1,상선,신설동,156,토요일,12:30,20.3
2023,1,하선,신설동,156,토요일,12:30,54.2
2023,1,상선,제기동,157,토요일,12:30,19.9
2023,1,하선,제기동,157,토요일,12:30,54.0
2023,1,상선,청량리,158,토요일,12:30,20.3
2023,1,하선,청량리,158,토요일,12:30,43.9
2023,1,상선,동묘앞,159,토요일,12:30,25.1
2023,1,하선,동묘앞,159,토요일,12:30,55.9
2023,1,상선,서울역,150,공휴일,12:30,36.1
2023,1,하선,서울역,150,공휴일,12:30,30.0
2023,1,상선,시청,151,공휴일,12:30,27.5
2023,1,하선,시청,151,공휴일,12:30,27.5
2023,1,상선,종각,152,공휴일,12:30,25.8
2023,1,하선,종각,152,공휴일,12:30,27.8
2023,1,상선,종로3가,153,공휴일,12:30,27.1
2023,1,하선,종로3가,153,공휴일,12:30,29.3
2023,1,상선,종로5가,154,공휴일,12:30,25.2
2023,1,하선,종로5가,154,공휴일,12:30,39.7
2023,1,상선,동대문,155,공휴일,12:30,25.6
2023,1,하선,동대문,155,공휴일,12:30,39.5
2023,1,상선,신설동,156,공휴일,12:30,21.0
2023,1,하선,신설동,156,공휴일,12:30,39.0
2023,1,상선,제기동,157,공휴일,12:30,18.5
2023,1,하선,제기동,157,공휴일,12:30,39.4
2023,1,상선,청량리,158,공휴일,12:30,16.1
2023,1,하선,청량리,158,공휴일,12:30,30.8
2023,1,상선,동묘앞,159,공휴일,12:30,22.4
2023,1,하선,동묘앞,159,공휴일,12:30,42.1
202403,1,상선,청량리,158,평일,12:30,17.5
202403,1,하선,청량리,158,평일,12:30,21.9
202403,1,상선,제기동,157,평일,12:30,20.9
202403,1,하선,제기동,157,평일,12:30,28.3
202403,1,상선,신설동,156,평일,12:30,25.6
202403,1,하선,신설동,156,평일,12:30,30.1
202403,1,상선,동묘앞,159,평일,12:30,25.2
202403,1,하선,동묘앞,159,평일,12:30,34.4
202403,1,상선,동대문,155,평일,12:30,28.0
202403,1,하선,동대문,155,평일,12:30,33.6
202403,1,상선,종로5가,154,평일,12:30,28.4
202403,1,하선,종로5가,154,평일,12:30,31.6
202403,1,상선,종로3가,153,평일,12:30,34.9
202403,1,하선,종로3가,153,평일,12:30,26.6
202403,1,상선,종각,152,평일,12:30,31.7
202403,1,하선,종각,152,평일,12:30,26.9
202403,1,상선,시청,151,평일,12:30,35.0
202403,1,하선,시청,151,평일,12:30,26.2
202403,1,상선,서울역,150,평일,12:30,38.7
202403,1,하선,서울역,150,평일,12:30,28.1
202403,1,상선,청량리,158,토요일,12:30,19.8
202403,1,하선,청량리,158,토요일,12:30,42.4
202403,1,상선,제기동,157,토요일,12:30,24.7
202403,1,하선,제기동,157,토요일,12:30,53.0
202403,1,상선,신설동,156,토요일,12:30,28.8
202403,1,하선,신설동,156,토요일,12:30,52.2
202403,1,상선,동묘앞,159,토요일,12:30,30.0
202403,1,하선,동묘앞,159,토요일,12:30,56.6
202403,1,상선,동대문,155,토요일,12:30,34.0
202403,1,하선,동대문,155,토요일,12:30,54.3
202403,1,상선,종로5가,154,토요일,12:30,35.4
202403,1,하선,종로5가,154,토요일,12:30,57.4
202403,1,상선,종로3가,153,토요일,12:30,42.7
202403,1,하선,종로3가,153,토요일,12:30,41.1
202403,1,상선,종각,152,토요일,12:30,42.5
202403,1,하선,종각,152,토요일,12:30,38.7
202403,1,상선,시청,151,토요일,12:30,46.5
202403,1,하선,시청,151,토요일,12:30,34.8
202403,1,상선,서울역,150,토요일,12:30,51.2
202403,1,하선,서울역,150,토요일,12:30,36.9
202403,1,상선,청량리,158,일요일,12:30,17.3
202403,1,하선,청량리,158,일요일,12:30,36.2
202403,1,상선,제기동,157,일요일,12:30,21.5
202403,1,하선,제기동,157,일요일,12:30,45.4
202403,1,상선,신설동,156,일요일,12:30,26.2
202403,1,하선,신설동,156,일요일,12:30,44.9
202403,1,상선,동묘앞,159,일요일,12:30,28.2
202403,1,하선,동묘앞,159,일요일,12:30,48.7
202403,1,상선,동대문,155,일요일,12:30,32.6
202403,1,하선,동대문,155,일요일,12:30,46.7
202403,1,상선,종로5가,154,일요일,12:30,33.5
202403,1,하선,종로5가,154,일요일,12:30,47.6
202403,1,상선,종로3가,153,일요일,12:30,38.6
202403,1,하선,종로3가,153,일요일,12:30,34.3
202403,1,상선,종각,152,일요일,12:30,36.8
202403,1,하선,종각,152,일요일,12:30,32.5
202403,1,상선,시청,151,일요일,12:30,39.0
202403,1,하선,시청,151,일요일,12:30,31.7
202403,1,상선,서울역,150,일요일,12:30,39.7
202403,1,하선,서울역,150,일요일,12:30,32.8
202406,1,상선,청량리,158,평일,12:30,15.2
202406,1,하선,청량리,158,평일,12:30,24.0
202406,1,상선,제기동,157,평일,12:30,20.1
202406,1,하선,제기동,157,평일,12:30,29.2
202406,1,상선,신설동,156,평일,12:30,25.0
202406,1,하선,신설동,156,평일,12:30,32.3
202406,1,상선,동묘앞,159,평일,12:30,23.9
202406,1,하선,동묘앞,159,평일,12:30,33.9
202406,1,상선,동대문,155,평일,12:30,27.5
202406,1,하선,동대문,155,평일,12:30,33.6
202406,1,상선,종로5가,154,평일,12:30,30.1
202406,1,하선,종로5가,154,평일,12:30,31.9
202406,1,상선,종로3가,153,평일,12:30,36.0
202406,1,하선,종로3가,153,평일,12:30,27.4
202406,1,상선,종각,152,평일,12:30,31.8
202406,1,하선,종각,152,평일,12:30,25.4
202406,1,상선,시청,151,평일,12:30,35.2
202406,1,하선,시청,151,평일,12:30,23.9
202406,1,상선,서울역,150,평일,12:30,37.3
202406,1,하선,서울역,150,평일,12:30,25.6
202406,1,상선,청량리,158,토요일,12:30,19.6
202406,1,하선,청량리,158,토요일,12:30,38.0
202406,1,상선,제기동,157,토요일,12:30,23.5
202406,1,하선,제기동,157,토요일,12:30,46.4
202406,1,상선,신설동,156,토요일,12:30,29.2
202406,1,하선,신설동,156,토요일,12:30,49.0
202406,1,상선,동묘앞,159,토요일,12:30,29.0
202406,1,하선,동묘앞,159,토요일,12:30,52.7
202406,1,상선,동대문,155,토요일,12:30,36.0
202406,1,하선,동대문,155,토요일,12:30,51.9
202406,1,상선,종로5가,154,토요일,12:30,38.0
202406,1,하선,종로5가,154,토요일,12:30,52.2
202406,1,상선,종로3가,153,토요일,12:30,44.8
202406,1,하선,종로3가,153,토요일,12:30,39.0
202406,1,상선,종각,152,토요일,12:30,40.5
202406,1,하선,종각,152,토요일,12:30,36.0
202406,1,상선,시청,151,토요일,12:30,44.5
202406,1,하선,시청,151,토요일,12:30,35.9
202406,1,상선,서울역,150,토요일,12:30,45.2
202406,1,하선,서울역,150,토요일,12:30,37.0
202406,1,상선,청량리,158,일요일,12:30,14.2
202406,1,하선,청량리,158,일요일,12:30,27.7
202406,1,상선,제기동,157,일요일,12:30,17.3
202406,1,하선,제기동,157,일요일,12:30,33.3
202406,1,상선,신설동,156,일요일,12:30,22.2
202406,1,하선,신설동,156,일요일,12:30,34.6
202406,1,상선,동묘앞,159,일요일,12:30,22.4
202406,1,하선,동묘앞,159,일요일,12:30,39.6
202406,1,상선,동대문,155,일요일,12:30,29.4
202406,1,하선,동대문,155,일요일,12:30,39.6
202406,1,상선,종로5가,154,일요일,12:30,32.1
202406,1,하선,종로5가,154,일요일,12:30,40.3
202406,1,상선,종로3가,153,일요일,12:30,35.2
202406,1,하선,종로3가,153,일요일,12:30,29.2
202406,1,상선,종각,152,일요일,12:30,31.4
202406,1,하선,종각,152,일요일,12:30,27.5
202406,1,상선,시청,151,일요일,12:30,34.4
202406,1,하선,시청,151,일요일,12:30,27.9
202406,1,상선,서울역,150,일요일,12:30,33.9
202406,1,하선,서울역,150,일요일,12:30,30.1
2020,1,상선,서울역,150,평일,13:00,35.0
2020,1,하선,서울역,150,평일,13:00,30.8
2020,1,상선,시청,151,평일,13:00,35.3
2020,1,하선,시청,151,평일,13:00,29.8
2020,1,상선,종각,152,평일,13:00,34.1
2020,1,하선,종각,152,평일,13:00,34.4
2020,1,상선,종로3가,153,평일,13:00,36.6
2020,1,하선,종로3가,153,평일,13:00,33.1
2020,1,상선,종로5가,154,평일,13:00,32.7
2020,1,하선,종로5가,154,평일,13:00,33.4
2020,1,상선,동대문,155,평일,13:00,32.4
2020,1,하선,동대문,155,평일,13:00,31.6
2020,1,상선,신설동,156,평일,13:00,27.5
2020,1,하선,신설동,156,평일,13:00,31.4
2020,1,상선,제기동,157,평일,13:00,21.6
2020,1,하선,제기동,157,평일,13:00,29.5
2020,1,상선,청량리,158,평일,13:00,18.7
2020,1,하선,청량리,158,평일,13:00,28.7
2020,1,상선,동묘앞,159,평일,13:00,29.1
2020,1,하선,동묘앞,159,평일,13:00,34.9
2020,1,상선,서울역,150,토요일,13:00,66.8
2020,1,하선,서울역,150,토요일,13:00,43.1
2020,1,상선,시청,151,토요일,13:00,56.7
2020,1,하선,시청,151,토요일,13:00,41.5
2020,1,상선,종각,152,토요일,13:00,49.0
2020,1,하선,종각,152,토요일,13:00,45.0
2020,1,상선,종로3가,153,토요일,13:00,50.3
2020,1,하선,종로3가,153,토요일,13:00,51.3
2020,1,상선,종로5가,154,토요일,13:00,37.4
2020,1,하선,종로5가,154,토요일,13:00,58.1
2020,1,상선,동대문,155,토요일,13:00,36.2
2020,1,하선,동대문,155,토요일,13:00,55.4
2020,1,상선,신설동,156,토요일,13:00,27.6
2020,1,하선,신설동,156,토요일,13:00,54.6
2020,1,상선,제기동,157,토요일,13:00,22.8
2020,1,하선,제기동,157,토요일,13:00,51.1
2020,1,상선,청량리,158,토요일,13:00,18.5
2020,1,하선,청량리,158,토요일,13:00,44.2
2020,1,상선,동묘앞,159,토요일,13:00,31.6
2020,1,하선,동묘앞,159,토요일,13:00,59.5
2020,1,상선,서울역,150,일요일,13:00,41.2
2020,1,하선,서울역,150,일요일,13:00,34.4
2020,1,상선,시청,151,일요일,13:00,39.8
2020,1,하선,시청,151,일요일,13:00,38.7
2020,1,상선,종각,152,일요일,13:00,39.7
2020,1,하선,종각,152,일요일,13:00,40.2
2020,1,상선,종로3가,153,일요일,13:00,43.7
2020,1,하선,종로3가,153,일요일,13:00,41.3
2020,1,상선,종로5가,154,일요일,13:00,39.4
2020,1,하선,종로5가,154,일요일,13:00,50.3
2020,1,상선,동대문,155,일요일,13:00,39.5
2020,1,하선,동대문,155,일요일,13:00,49.5
2020,1,상선,신설동,156,일요일,13:00,34.3
2020,1,하선,신설동,156,일요일,13:00,43.2
2020,1,상선,제기동,157,일요일,13:00,27.7
2020,1,하선,제기동,157,일요일,13:00,40.6
2020,1,상선,청량리,158,일요일,13:00,22.3
2020,1,하선,청량리,158,일요일,13:00,35.3
2020,1,상선,동묘앞,159,일요일,13:00,34.3
2020,1,하선,동묘앞,159,일요일,13:00,49.7
2021,1,상선,서울역,150,평일,13:00,21.3
2021,1,하선,서울역,150,평일,13:00,19.1
2021,1,상선,시청,151,평일,13:00,21.0
2021,1,하선,시청,151,평일,13:00,18.3
2021,1,상선,종각,152,평일,13:00,17.8
2021,1,하선,종각,152,평일,13:00,18.3
2021,1,상선,종로3가,153,평일,13:00,22.5
2021,1,하선,종로3가,153,평일,13:00,18.8
2021,1,상선,종로5가,154,평일,13:00,23.3
2021,1,하선,종로5가,154,평일,13:00,21.8
2021,1,상선,동대문,155,평일,13:00,22.8
2021,1,하선,동대문,155,평일,13:00,18.1
2021,1,상선,신설동,156,평일,13:00,17.4
2021,1,하선,신설동,156,평일,13:00,17.1
2021,1,상선,제기동,157,평일,13:00,14.1
2021,1,하선,제기동,157,평일,13:00,17.3
2021,1,상선,청량리,158,평일,13:00,11.8
2021,1,하선,청량리,158,평일,13:00,16.3
2021,1,상선,동묘앞,159,평일,13:00,18.1
2021,1,하선,동묘앞,159,평일,13:00,15.8
2021,1,상선,서울역,150,토요일,13:00,26.7
2021,1,하선,서울역,150,토요일,13:00,25.8
2021,1,상선,시청,151,토요일,13:00,26.1
2021,1,하선,시청,151,토요일,13:00,22.6
2021,1,상선,종각,152,토요일,13:00,21.1
2021,1,하선,종각,152,토요일,13:00,22.5
2021,1,상선,종로3가,153,토요일,13:00,26.5
2021,1,하선,종로3가,153,토요일,13:00,24.0
2021,1,상선,종로5가,154,토요일,13:00,24.9
2021,1,하선,종로5가,154,토요일,13:00,28.6
2021,1,상선,동대문,155,토요일,13:00,23.6
2021,1,하선,동대문,155,토요일,13:00,28.9
2021,1,상선,신설동,156,토요일,13:00,20.9
2021,1,하선,신설동,156,토요일,13:00,19.2
2021,1,상선,제기동,157,토요일,13:00,16.3
2021,1,하선,제기동,157,토요일,13:00,19.3
2021,1,상선,청량리,158,토요일,13:00,13.6
2021,1,하선,청량리,158,토요일,13:00,19.1
2021,1,상선,동묘앞,159,토요일,13:00,20.7
2021,1,하선,동묘앞,159,토요일,13:00,25.6
2021,1,상선,서울역,150,일요일,13:00,20.7
2021,1,하선,서울역,150,일요일,13:00,17.3
2021,1,상선,시청,151,일요일,13:00,20.5
2021,1,하선,시청,151,일요일,13:00,15.5
2021,1,상선,종각,152,일요일,13:00,16.5
2021,1,하선,종각,152,일요일,13:00,15.6
2021,1,상선,종로3가,153,일요일,13:00,20.2
2021,1,하선,종로3가,153,일요일,13:00,16.9
2021,1,상선,종로5가,154,일요일,13:00,19.8
2021,1,하선,종로5가,154,일요일,13:00,19.6
2021,1,상선,동대문,155,일요일,13:00,19.1
2021,1,하선,동대문,155,일요일,13:00,20.5
2021,1,상선,신설동,156,일요일,13:00,15.6
2021,1,하선,신설동,156,일요일,13:00,14.6
2021,1,상선,제기동,157,일요일,13:00,12.3
2021,1,하선,제기동,157,일요일,13:00,15.7
2021,1,상선,청량리,158,일요일,13:00,10.1
2021,1,하선,청량리,158,일요일,13:00,15.9
2021,1,상선,동묘앞,159,일요일,13:00,15.7
2021,1,하선,동묘앞,159,일요일,13:00,18.3
2022,1,상선,서울역,150,평일,13:00,21.2
2022,1,하선,서울역,150,평일,13:00,20.3
2022,1,상선,시청,151,평일,13:00,21.7
2022,1,하선,시청,151,평일,13:00,19.6
2022,1,상선,종각,152,평일,13:00,21.0
2022,1,하선,종각,152,평일,13:00,19.2
2022,1,상선,종로3가,153,평일,13:00,27.6
2022,1,하선,종로3가,153,평일,13:00,19.2
2022,1,상선,종로5가,154,평일,13:00,25.8
2022,1,하선,종로5가,154,평일,13:00,18.1
2022,1,상선,동대문,155,평일,13:00,26.4
2022,1,하선,동대문,155,평일,13:00,18.0
2022,1,상선,신설동,156,평일,13:00,20.2
2022,1,하선,신설동,156,평일,13:00,18.6
2022,1,상선,제기동,157,평일,13:00,17.2
2022,1,하선,제기동,157,평일,13:00,18.1
2022,1,상선,청량리,158,평일,13:00,14.9
2022,1,하선,청량리,158,평일,13:00,18.3
2022,1,상선,동묘앞,159,평일,13:00,20.4
2022,1,하선,동묘앞,159,평일,13:00,18.1
2022,1,상선,서울역,150,토요일,13:00,34.8
2022,1,하선,서울역,150,토요일,13:00,29.1
2022,1,상선,시청,151,토요일,13:00,35.0
2022,1,하선,시청,151,토요일,13:00,25.6
2022,1,상선,종각,152,토요일,13:00,32.9
2022,1,하선,종각,152,토요일,13:00,25.7
2022,1,상선,종로3가,153,토요일,13:00,32.9
2022,1,하선,종로3가,153,토요일,13:00,30.1
2022,1,상선,종로5가,154,토요일,13:00,29.7
2022,1,하선,종로5가,154,토요일,13:00,35.7
2022,1,상선,동대문,155,토요일,13:00,30.5
2022,1,하선,동대문,155,토요일,13:00,34.3
2022,1,상선,신설동,156,토요일,13:00,24.6
2022,1,하선,신설동,156,토요일,13:00,24.8
2022,1,상선,제기동,157,토요일,13:00,20.4
2022,1,하선,제기동,157,토요일,13:00,24.9
2022,1,상선,청량리,158,토요일,13:00,16.3
2022,1,하선,청량리,158,토요일,13:00,25.6
2022,1,상선,동묘앞,159,토요일,13:00,26.0
2022,1,하선,동묘앞,159,토요일,13:00,30.0
2022,1,상선,서울역,150,일요일,13:00,24.4
2022,1,하선,서울역,150,일요일,13:00,22.3
2022,1,상선,시청,151,일요일,13:00,26.0
2022,1,하선,시청,151,일요일,13:00,21.7
2022,1,상선,종각,152,일요일,13:00,24.0
2022,1,하선,종각,152,일요일,13:00,21.2
2022,1,상선,종로3가,153,일요일,13:00,25.9
2022,1,하선,종로3가,153,일요일,13:00,22.5
2022,1,상선,종로5가,154,일요일,13:00,24.7
2022,1,하선,종로5가,154,일요일,13:00,26.2
2022,1,상선,동대문,155,일요일,13:00,25.8
2022,1,하선,동대문,155,일요일,13:00,27.1
2022,1,상선,신설동,156,일요일,13:00,21.0
2022,1,하선,신설동,156,일요일,13:00,18.3
2022,1,상선,제기동,157,일요일,13:00,18.1
2022,1,하선,제기동,157,일요일,13:00,19.9
2022,1,상선,청량리,158,일요일,13:00,14.8
2022,1,하선,청량리,158,일요일,13:00,20.9
2022,1,상선,동묘앞,159,일요일,13:00,22.2
2022,1,하선,동묘앞,159,일요일,13:00,24.3
2023,1,상선,서울역,150,평일,13:00,29.6
2023,1,하선,서울역,150,평일,13:00,27.6
2023,1,상선,시청,151,평일,13:00,30.8
2023,1,하선,시청,151,평일,13:00,26.8
2023,1,상선,종각,152,평일,13:00,29.6
2023,1,하선,종각,152,평일,13:00,25.7
2023,1,상선,종로3가,153,평일,13:00,35.1
2023,1,하선,종로3가,153,평일,13:00,25.8
2023,1,상선,종로5가,154,평일,13:00,32.8
2023,1,하선,종로5가,154,평일,13:00,28.5
2023,1,상선,동대문,155,평일,13:00,33.0
2023,1,하선,동대문,155,평일,13:00,27.5
2023,1,상선,신설동,156,평일,13:00,28.4
2023,1,하선,신설동,156,평일,13:00,24.6
2023,1,상선,제기동,157,평일,13:00,24.1
2023,1,하선,제기동,157,평일,13:00,23.4
2023,1,상선,청량리,158,평일,13:00,19.4
2023,1,하선,청량리,158,평일,13:00,22.9
2023,1,상선,동묘앞,159,평일,13:00,28.4
2023,1,하선,동묘앞,159,평일,13:00,27.2
2023,1,상선,서울역,150,토요일,13:00,44.6
2023,1,하선,서울역,150,토요일,13:00,39.9
2023,1,상선,시청,151,토요일,13:00,46.0
2023,1,하선,시청,151,토요일,13:00,37.2
2023,1,상선,종각,152,토요일,13:00,43.5
2023,1,하선,종각,152,토요일,13:00,36.7
2023,1,상선,종로3가,153,토요일,13:00,45.2
2023,1,하선,종로3가,153,토요일,13:00,40.4
2023,1,상선,종로5가,154,토요일,13:00,40.2
2023,1,하선,종로5가,154,토요일,13:00,47.3
2023,1,상선,동대문,155,토요일,13:00,43.8
2023,1,하선,동대문,155,토요일,13:00,46.5
2023,1,상선,신설동,156,토요일,13:00,41.1
2023,1,하선,신설동,156,토요일,13:00,33.3
2023,1,상선,제기동,157,토요일,13:00,31.2
2023,1,하선,제기동,157,토요일,13:00,31.5
2023,1,상선,청량리,158,토요일,13:00,22.6
2023,1,하선,청량리,158,토요일,13:00,31.0
2023,1,상선,동묘앞,159,토요일,13:00,36.3
2023,1,하선,동묘앞,159,토요일,13:00,43.3
2023,1,상선,서울역,150,공휴일,13:00,34.7
2023,1,하선,서울역,150,공휴일,13:00,32.1
2023,1,상선,시청,151,공휴일,13:00,40.1
2023,1,하선,시청,151,공휴일,13:00,30.9
2023,1,상선,종각,152,공휴일,13:00,37.0
2023,1,하선,종각,152,공휴일,13:00,30.7
2023,1,상선,종로3가,153,공휴일,13:00,35.9
2023,1,하선,종로3가,153,공휴일,13:00,31.5
2023,1,상선,종로5가,154,공휴일,13:00,33.4
2023,1,하선,종로5가,154,공휴일,13:00,36.9
2023,1,상선,동대문,155,공휴일,13:00,31.9
2023,1,하선,동대문,155,공휴일,13:00,36.3
2023,1,상선,신설동,156,공휴일,13:00,26.2
2023,1,하선,신설동,156,공휴일,13:00,28.8
2023,1,상선,제기동,157,공휴일,13:00,21.9
2023,1,하선,제기동,157,공휴일,13:00,27.0
2023,1,상선,청량리,158,공휴일,13:00,17.2
2023,1,하선,청량리,158,공휴일,13:00,29.4
2023,1,상선,동묘앞,159,공휴일,13:00,26.5
2023,1,하선,동묘앞,159,공휴일,13:00,34.2
202403,1,상선,청량리,158,평일,13:00,19.6
202403,1,하선,청량리,158,평일,13:00,23.3
202403,1,상선,제기동,157,평일,13:00,24.2
202403,1,하선,제기동,157,평일,13:00,24.2
202403,1,상선,신설동,156,평일,13:00,28.7
202403,1,하선,신설동,156,평일,13:00,25.5
202403,1,상선,동묘앞,159,평일,13:00,28.7
202403,1,하선,동묘앞,159,평일,13:00,28.5
202403,1,상선,동대문,155,평일,13:00,34.4
202403,1,하선,동대문,155,평일,13:00,28.5
202403,1,상선,종로5가,154,평일,13:00,34.8
202403,1,하선,종로5가,154,평일,13:00,29.8
202403,1,상선,종로3가,153,평일,13:00,37.4
202403,1,하선,종로3가,153,평일,13:00,26.4
202403,1,상선,종각,152,평일,13:00,31.0
202403,1,하선,종각,152,평일,13:00,26.7
202403,1,상선,시청,151,평일,13:00,31.9
202403,1,하선,시청,151,평일,13:00,27.8
202403,1,상선,서울역,150,평일,13:00,30.9
202403,1,하선,서울역,150,평일,13:00,28.4
202403,1,상선,청량리,158,토요일,13:00,23.1
202403,1,하선,청량리,158,토요일,13:00,27.8
202403,1,상선,제기동,157,토요일,13:00,28.6
202403,1,하선,제기동,157,토요일,13:00,28.1
202403,1,상선,신설동,156,토요일,13:00,33.8
202403,1,하선,신설동,156,토요일,13:00,30.5
202403,1,상선,동묘앞,159,토요일,13:00,32.2
202403,1,하선,동묘앞,159,토요일,13:00,38.6
202403,1,상선,동대문,155,토요일,13:00,37.5
202403,1,하선,동대문,155,토요일,13:00,42.6
202403,1,상선,종로5가,154,토요일,13:00,38.7
202403,1,하선,종로5가,154,토요일,13:00,46.0
202403,1,상선,종로3가,153,토요일,13:00,41.3
202403,1,하선,종로3가,153,토요일,13:00,39.6
202403,1,상선,종각,152,토요일,13:00,37.5
202403,1,하선,종각,152,토요일,13:00,36.7
202403,1,상선,시청,151,토요일,13:00,40.7
202403,1,하선,시청,151,토요일,13:00,36.0
202403,1,상선,서울역,150,토요일,13:00,40.5
202403,1,하선,서울역,150,토요일,13:00,37.5
202403,1,상선,청량리,158,일요일,13:00,21.4
202403,1,하선,청량리,158,일요일,13:00,27.7
202403,1,상선,제기동,157,일요일,13:00,26.0
202403,1,하선,제기동,157,일요일,13:00,26.6
202403,1,상선,신설동,156,일요일,13:00,30.0
202403,1,하선,신설동,156,일요일,13:00,27.4
202403,1,상선,동묘앞,159,일요일,13:00,29.6
202403,1,하선,동묘앞,159,일요일,13:00,34.2
202403,1,상선,동대문,155,일요일,13:00,33.5
202403,1,하선,동대문,155,일요일,13:00,36.7
202403,1,상선,종로5가,154,일요일,13:00,34.3
202403,1,하선,종로5가,154,일요일,13:00,38.5
202403,1,상선,종로3가,153,일요일,13:00,34.8
202403,1,하선,종로3가,153,일요일,13:00,33.2
202403,1,상선,종각,152,일요일,13:00,32.5
202403,1,하선,종각,152,일요일,13:00,31.3
202403,1,상선,시청,151,일요일,13:00,34.4
202403,1,하선,시청,151,일요일,13:00,32.2
202403,1,상선,서울역,150,일요일,13:00,33.5
202403,1,하선,서울역,150,일요일,13:00,33.6
202406,1,상선,청량리,158,평일,13:00,21.5
202406,1,하선,청량리,158,평일,13:00,22.5
202406,1,상선,제기동,157,평일,13:00,24.7
202406,1,하선,제기동,157,평일,13:00,22.6
202406,1,상선,신설동,156,평일,13:00,29.6
202406,1,하선,신설동,156,평일,13:00,24.1
202406,1,상선,동묘앞,159,평일,13:00,31.2
202406,1,하선,동묘앞,159,평일,13:00,28.9
202406,1,상선,동대문,155,평일,13:00,36.2
202406,1,하선,동대문,155,평일,13:00,29.1
202406,1,상선,종로5가,154,평일,13:00,34.5
202406,1,하선,종로5가,154,평일,13:00,28.1
202406,1,상선,종로3가,153,평일,13:00,33.3
202406,1,하선,종로3가,153,평일,13:00,24.6
202406,1,상선,종각,152,평일,13:00,30.9
202406,1,하선,종각,152,평일,13:00,25.0
202406,1,상선,시청,151,평일,13:00,32.4
202406,1,하선,시청,151,평일,13:00,27.2
202406,1,상선,서울역,150,평일,13:00,33.6
202406,1,하선,서울역,150,평일,13:00,27.8
202406,1,상선,청량리,158,토요일,13:00,17.5
202406,1,하선,청량리,158,토요일,13:00,28.8
202406,1,상선,제기동,157,토요일,13:00,24.8
202406,1,하선,제기동,157,토요일,13:00,30.1
202406,1,상선,신설동,156,토요일,13:00,32.2
202406,1,하선,신설동,156,토요일,13:00,31.0
202406,1,상선,동묘앞,159,토요일,13:00,33.7
202406,1,하선,동묘앞,159,토요일,13:00,39.0
202406,1,상선,동대문,155,토요일,13:00,39.7
202406,1,하선,동대문,155,토요일,13:00,43.1
202406,1,상선,종로5가,154,토요일,13:00,40.5
202406,1,하선,종로5가,154,토요일,13:00,45.1
202406,1,상선,종로3가,153,토요일,13:00,46.6
202406,1,하선,종로3가,153,토요일,13:00,38.6
202406,1,상선,종각,152,토요일,13:00,43.8
202406,1,하선,종각,152,토요일,13:00,36.2
202406,1,상선,시청,151,토요일,13:00,47.6
202406,1,하선,시청,151,토요일,13:00,34.2
202406,1,상선,서울역,150,토요일,13:00,51.5
202406,1,하선,서울역,150,토요일,13:00,37.5
202406,1,상선,청량리,158,일요일,13:00,14.1
202406,1,하선,청량리,158,일요일,13:00,26.7
202406,1,상선,제기동,157,일요일,13:00,21.2
202406,1,하선,제기동,157,일요일,13:00,26.1
202406,1,상선,신설동,156,일요일,13:00,26.3
202406,1,하선,신설동,156,일요일,13:00,26.2
202406,1,상선,동묘앞,159,일요일,13:00,27.6
202406,1,하선,동묘앞,159,일요일,13:00,31.8
202406,1,상선,동대문,155,일요일,13:00,33.9
202406,1,하선,동대문,155,일요일,13:00,35.2
202406,1,상선,종로5가,154,일요일,13:00,35.0
202406,1,하선,종로5가,154,일요일,13:00,35.4
202406,1,상선,종로3가,153,일요일,13:00,37.4
202406,1,하선,종로3가,153,일요일,13:00,30.4
202406,1,상선,종각,152,일요일,13:00,35.6
202406,1,하선,종각,152,일요일,13:00,28.9
202406,1,상선,시청,151,일요일,13:00,37.7
202406,1,하선,시청,151,일요일,13:00,28.4
202406,1,상선,서울역,150,일요일,13:00,39.0
202406,1,하선,서울역,150,일요일,13:00,29.6
2020,1,상선,서울역,150,평일,13:30,35.2
2020,1,하선,서울역,150,평일,13:30,34.3
2020,1,상선,시청,151,평일,13:30,33.7
2020,1,하선,시청,151,평일,13:30,32.6
2020,1,상선,종각,152,평일,13:30,32.7
2020,1,하선,종각,152,평일,13:30,29.7
2020,1,상선,종로3가,153,평일,13:30,36.2
2020,1,하선,종로3가,153,평일,13:30,29.2
2020,1,상선,종로5가,154,평일,13:30,33.9
2020,1,하선,종로5가,154,평일,13:30,39.5
2020,1,상선,동대문,155,평일,13:30,33.8
2020,1,하선,동대문,155,평일,13:30,37.0
2020,1,상선,신설동,156,평일,13:30,30.4
2020,1,하선,신설동,156,평일,13:30,31.6
2020,1,상선,제기동,157,평일,13:30,24.0
2020,1,하선,제기동,157,평일,13:30,29.7
2020,1,상선,청량리,158,평일,13:30,16.4
2020,1,하선,청량리,158,평일,13:30,22.6
2020,1,상선,동묘앞,159,평일,13:30,30.3
2020,1,하선,동묘앞,159,평일,13:30,34.3
2020,1,상선,서울역,150,토요일,13:30,62.5
2020,1,하선,서울역,150,토요일,13:30,47.4
2020,1,상선,시청,151,토요일,13:30,55.2
2020,1,하선,시청,151,토요일,13:30,42.7
2020,1,상선,종각,152,토요일,13:30,52.6
2020,1,하선,종각,152,토요일,13:30,46.1
2020,1,상선,종로3가,153,토요일,13:30,52.5
2020,1,하선,종로3가,153,토요일,13:30,50.7
2020,1,상선,종로5가,154,토요일,13:30,51.1
2020,1,하선,종로5가,154,토요일,13:30,52.9
2020,1,상선,동대문,155,토요일,13:30,50.6
2020,1,하선,동대문,155,토요일,13:30,48.7
2020,1,상선,신설동,156,토요일,13:30,42.8
2020,1,하선,신설동,156,토요일,13:30,40.6
2020,1,상선,제기동,157,토요일,13:30,32.6
2020,1,하선,제기동,157,토요일,13:30,37.2
2020,1,상선,청량리,158,토요일,13:30,21.4
2020,1,하선,청량리,158,토요일,13:30,33.0
2020,1,상선,동묘앞,159,토요일,13:30,42.0
2020,1,하선,동묘앞,159,토요일,13:30,47.5
2020,1,상선,서울역,150,일요일,13:30,32.9
2020,1,하선,서울역,150,일요일,13:30,33.5
2020,1,상선,시청,151,일요일,13:30,32.9
2020,1,하선,시청,151,일요일,13:30,31.3
2020,1,상선,종각,152,일요일,13:30,34.3
2020,1,하선,종각,152,일요일,13:30,30.2
2020,1,상선,종로3가,153,일요일,13:30,35.9
2020,1,하선,종로3가,153,일요일,13:30,29.6
2020,1,상선,종로5가,154,일요일,13:30,38.5
2020,1,하선,종로5가,154,일요일,13:30,32.3
2020,1,상선,동대문,155,일요일,13:30,37.9
2020,1,하선,동대문,155,일요일,13:30,30.4
2020,1,상선,신설동,156,일요일,13:30,32.3
2020,1,하선,신설동,156,일요일,13:30,23.3
2020,1,상선,제기동,157,일요일,13:30,26.8
2020,1,하선,제기동,157,일요일,13:30,20.5
2020,1,상선,청량리,158,일요일,13:30,18.7
2020,1,하선,청량리,158,일요일,13:30,21.7
2020,1,상선,동묘앞,159,일요일,13:30,34.1
2020,1,하선,동묘앞,159,일요일,13:30,30.5
2021,1,상선,서울역,150,평일,13:30,21.3
2021,1,하선,서울역,150,평일,13:30,19.7
2021,1,상선,시청,151,평일,13:30,22.1
2021,1,하선,시청,151,평일,13:30,19.0
2021,1,상선,종각,152,평일,13:30,21.9
2021,1,하선,종각,152,평일,13:30,19.4
2021,1,상선,종로3가,153,평일,13:30,20.6
2021,1,하선,종로3가,153,평일,13:30,18.6
2021,1,상선,종로5가,154,평일,13:30,17.4
2021,1,하선,종로5가,154,평일,13:30,20.9
2021,1,상선,동대문,155,평일,13:30,19.4
2021,1,하선,동대문,155,평일,13:30,21.4
2021,1,상선,신설동,156,평일,13:30,19.8
2021,1,하선,신설동,156,평일,13:30,20.2
2021,1,상선,제기동,157,평일,13:30,15.2
2021,1,하선,제기동,157,평일,13:30,18.7
2021,1,상선,청량리,158,평일,13:30,12.4
2021,1,하선,청량리,158,평일,13:30,16.4
2021,1,상선,동묘앞,159,평일,13:30,20.4
2021,1,하선,동묘앞,159,평일,13:30,25.4
2021,1,상선,서울역,150,토요일,13:30,30.5
2021,1,하선,서울역,150,토요일,13:30,24.3
2021,1,상선,시청,151,토요일,13:30,28.2
2021,1,하선,시청,151,토요일,13:30,22.4
2021,1,상선,종각,152,토요일,13:30,26.7
2021,1,하선,종각,152,토요일,13:30,24.6
2021,1,상선,종로3가,153,토요일,13:30,24.8
2021,1,하선,종로3가,153,토요일,13:30,24.2
2021,1,상선,종로5가,154,토요일,13:30,20.5
2021,1,하선,종로5가,154,토요일,13:30,27.4
2021,1,상선,동대문,155,토요일,13:30,23.3
2021,1,하선,동대문,155,토요일,13:30,27.5
2021,1,상선,신설동,156,토요일,13:30,22.2
2021,1,하선,신설동,156,토요일,13:30,25.5
2021,1,상선,제기동,157,토요일,13:30,17.8
2021,1,하선,제기동,157,토요일,13:30,24.0
2021,1,상선,청량리,158,토요일,13:30,14.0
2021,1,하선,청량리,158,토요일,13:30,22.8
2021,1,상선,동묘앞,159,토요일,13:30,23.5
2021,1,하선,동묘앞,159,토요일,13:30,32.9
2021,1,상선,서울역,150,일요일,13:30,20.4
2021,1,하선,서울역,150,일요일,13:30,18.0
2021,1,상선,시청,151,일요일,13:30,19.9
2021,1,하선,시청,151,일요일,13:30,16.7
2021,1,상선,종각,152,일요일,13:30,18.6
2021,1,하선,종각,152,일요일,13:30,17.5
2021,1,상선,종로3가,153,일요일,13:30,16.4
2021,1,하선,종로3가,153,일요일,13:30,17.6
2021,1,상선,종로5가,154,일요일,13:30,14.4
2021,1,하선,종로5가,154,일요일,13:30,20.3
2021,1,상선,동대문,155,일요일,13:30,16.4
2021,1,하선,동대문,155,일요일,13:30,21.5
2021,1,상선,신설동,156,일요일,13:30,15.0
2021,1,하선,신설동,156,일요일,13:30,19.9
2021,1,상선,제기동,157,일요일,13:30,12.0
2021,1,하선,제기동,157,일요일,13:30,18.5
2021,1,상선,청량리,158,일요일,13:30,9.8
2021,1,하선,청량리,158,일요일,13:30,17.0
2021,1,상선,동묘앞,159,일요일,13:30,15.4
2021,1,하선,동묘앞,159,일요일,13:30,26.2
2022,1,상선,서울역,150,평일,13:30,24.1
2022,1,하선,서울역,150,평일,13:30,20.5
2022,1,상선,시청,151,평일,13:30,23.7
2022,1,하선,시청,151,평일,13:30,19.4
2022,1,상선,종각,152,평일,13:30,22.8
2022,1,하선,종각,152,평일,13:30,20.5
2022,1,상선,종로3가,153,평일,13:30,21.0
2022,1,하선,종로3가,153,평일,13:30,20.3
2022,1,상선,종로5가,154,평일,13:30,17.7
2022,1,하선,종로5가,154,평일,13:30,23.0
2022,1,상선,동대문,155,평일,13:30,19.2
2022,1,하선,동대문,155,평일,13:30,22.8
2022,1,상선,신설동,156,평일,13:30,19.8
2022,1,하선,신설동,156,평일,13:30,22.1
2022,1,상선,제기동,157,평일,13:30,15.8
2022,1,하선,제기동,157,평일,13:30,21.2
2022,1,상선,청량리,158,평일,13:30,13.0
2022,1,하선,청량리,158,평일,13:30,18.8
2022,1,상선,동묘앞,159,평일,13:30,20.4
2022,1,하선,동묘앞,159,평일,13:30,22.9
2022,1,상선,서울역,150,토요일,13:30,36.3
2022,1,하선,서울역,150,토요일,13:30,28.2
2022,1,상선,시청,151,토요일,13:30,33.1
2022,1,하선,시청,151,토요일,13:30,26.2
2022,1,상선,종각,152,토요일,13:30,31.2
2022,1,하선,종각,152,토요일,13:30,26.1
2022,1,상선,종로3가,153,토요일,13:30,28.0
2022,1,하선,종로3가,153,토요일,13:30,23.1
2022,1,상선,종로5가,154,토요일,13:30,24.7
2022,1,하선,종로5가,154,토요일,13:30,33.2
2022,1,상선,동대문,155,토요일,13:30,26.1
2022,1,하선,동대문,155,토요일,13:30,31.9
2022,1,상선,신설동,156,토요일,13:30,25.9
2022,1,하선,신설동,156,토요일,13:30,29.3
2022,1,상선,제기동,157,토요일,13:30,20.7
2022,1,하선,제기동,157,토요일,13:30,28.2
2022,1,상선,청량리,158,토요일,13:30,17.8
2022,1,하선,청량리,158,토요일,13:30,24.8
2022,1,상선,동묘앞,159,토요일,13:30,25.9
2022,1,하선,동묘앞,159,토요일,13:30,33.2
2022,1,상선,서울역,150,일요일,13:30,29.6
2022,1,하선,서울역,150,일요일,13:30,23.2
2022,1,상선,시청,151,일요일,13:30,26.5
2022,1,하선,시청,151,일요일,13:30,22.1
2022,1,상선,종각,152,일요일,13:30,25.1
2022,1,하선,종각,152,일요일,13:30,22.8
2022,1,상선,종로3가,153,일요일,13:30,23.1
2022,1,하선,종로3가,153,일요일,13:30,22.7
2022,1,상선,종로5가,154,일요일,13:30,20.5
2022,1,하선,종로5가,154,일요일,13:30,29.0
2022,1,상선,동대문,155,일요일,13:30,22.8
2022,1,하선,동대문,155,일요일,13:30,28.9
2022,1,상선,신설동,156,일요일,13:30,22.2
2022,1,하선,신설동,156,일요일,13:30,26.3
2022,1,상선,제기동,157,일요일,13:30,18.0
2022,1,하선,제기동,157,일요일,13:30,25.1
2022,1,상선,청량리,158,일요일,13:30,15.1
2022,1,하선,청량리,158,일요일,13:30,22.8
2022,1,상선,동묘앞,159,일요일,13:30,22.3
2022,1,하선,동묘앞,159,일요일,13:30,29.9
2023,1,상선,서울역,150,평일,13:30,30.5
2023,1,하선,서울역,150,평일,13:30,27.0
2023,1,상선,시청,151,평일,13:30,29.1
2023,1,하선,시청,151,평일,13:30,26.2
2023,1,상선,종각,152,평일,13:30,28.9
2023,1,하선,종각,152,평일,13:30,27.5
2023,1,상선,종로3가,153,평일,13:30,28.8
2023,1,하선,종로3가,153,평일,13:30,26.9
2023,1,상선,종로5가,154,평일,13:30,25.5
2023,1,하선,종로5가,154,평일,13:30,30.5
2023,1,상선,동대문,155,평일,13:30,26.8
2023,1,하선,동대문,155,평일,13:30,30.9
2023,1,상선,신설동,156,평일,13:30,24.6
2023,1,하선,신설동,156,평일,13:30,28.5
2023,1,상선,제기동,157,평일,13:30,19.8
2023,1,하선,제기동,157,평일,13:30,27.0
2023,1,상선,청량리,158,평일,13:30,16.6
2023,1,하선,청량리,158,평일,13:30,25.0
2023,1,상선,동묘앞,159,평일,13:30,25.1
2023,1,하선,동묘앞,159,평일,13:30,30.4
2023,1,상선,서울역,150,토요일,13:30,48.9
2023,1,하선,서울역,150,토요일,13:30,39.8
2023,1,상선,시청,151,토요일,13:30,39.6
2023,1,하선,시청,151,토요일,13:30,38.9
2023,1,상선,종각,152,토요일,13:30,36.9
2023,1,하선,종각,152,토요일,13:30,39.2
2023,1,상선,종로3가,153,토요일,13:30,35.2
2023,1,하선,종로3가,153,토요일,13:30,38.0
2023,1,상선,종로5가,154,토요일,13:30,32.8
2023,1,하선,종로5가,154,토요일,13:30,46.9
2023,1,상선,동대문,155,토요일,13:30,34.9
2023,1,하선,동대문,155,토요일,13:30,44.2
2023,1,상선,신설동,156,토요일,13:30,31.0
2023,1,하선,신설동,156,토요일,13:30,38.5
2023,1,상선,제기동,157,토요일,13:30,25.4
2023,1,하선,제기동,157,토요일,13:30,39.6
2023,1,상선,청량리,158,토요일,13:30,22.3
2023,1,하선,청량리,158,토요일,13:30,36.5
2023,1,상선,동묘앞,159,토요일,13:30,32.0
2023,1,하선,동묘앞,159,토요일,13:30,44.3
2023,1,상선,서울역,150,공휴일,13:30,34.6
2023,1,하선,서울역,150,공휴일,13:30,28.9
2023,1,상선,시청,151,공휴일,13:30,31.2
2023,1,하선,시청,151,공휴일,13:30,29.6
2023,1,상선,종각,152,공휴일,13:30,29.3
2023,1,하선,종각,152,공휴일,13:30,29.0
2023,1,상선,종로3가,153,공휴일,13:30,28.5
2023,1,하선,종로3가,153,공휴일,13:30,28.3
2023,1,상선,종로5가,154,공휴일,13:30,25.1
2023,1,하선,종로5가,154,공휴일,13:30,34.4
2023,1,상선,동대문,155,공휴일,13:30,27.5
2023,1,하선,동대문,155,공휴일,13:30,32.7
2023,1,상선,신설동,156,공휴일,13:30,24.7
2023,1,하선,신설동,156,공휴일,13:30,29.1
2023,1,상선,제기동,157,공휴일,13:30,20.2
2023,1,하선,제기동,157,공휴일,13:30,27.9
2023,1,상선,청량리,158,공휴일,13:30,17.3
2023,1,하선,청량리,158,공휴일,13:30,26.2
2023,1,상선,동묘앞,159,공휴일,13:30,24.5
2023,1,하선,동묘앞,159,공휴일,13:30,33.5
202403,1,상선,청량리,158,평일,13:30,16.9
202403,1,하선,청량리,158,평일,13:30,25.8
202403,1,상선,제기동,157,평일,13:30,20.8
202403,1,하선,제기동,157,평일,13:30,27.3
202403,1,상선,신설동,156,평일,13:30,26.0
202403,1,하선,신설동,156,평일,13:30,29.0
202403,1,상선,동묘앞,159,평일,13:30,26.6
202403,1,하선,동묘앞,159,평일,13:30,31.8
202403,1,상선,동대문,155,평일,13:30,30.1
202403,1,하선,동대문,155,평일,13:30,32.2
202403,1,상선,종로5가,154,평일,13:30,25.6
202403,1,하선,종로5가,154,평일,13:30,32.4
202403,1,상선,종로3가,153,평일,13:30,27.6
202403,1,하선,종로3가,153,평일,13:30,28.7
202403,1,상선,종각,152,평일,13:30,29.4
202403,1,하선,종각,152,평일,13:30,28.5
202403,1,상선,시청,151,평일,13:30,29.9
202403,1,하선,시청,151,평일,13:30,27.4
202403,1,상선,서울역,150,평일,13:30,32.6
202403,1,하선,서울역,150,평일,13:30,27.4
202403,1,상선,청량리,158,토요일,13:30,21.4
202403,1,하선,청량리,158,토요일,13:30,36.7
202403,1,상선,제기동,157,토요일,13:30,24.5
202403,1,하선,제기동,157,토요일,13:30,39.2
202403,1,상선,신설동,156,토요일,13:30,29.0
202403,1,하선,신설동,156,토요일,13:30,38.5
202403,1,상선,동묘앞,159,토요일,13:30,31.2
202403,1,하선,동묘앞,159,토요일,13:30,44.0
202403,1,상선,동대문,155,토요일,13:30,37.5
202403,1,하선,동대문,155,토요일,13:30,42.5
202403,1,상선,종로5가,154,토요일,13:30,30.6
202403,1,하선,종로5가,154,토요일,13:30,44.9
202403,1,상선,종로3가,153,토요일,13:30,33.2
202403,1,하선,종로3가,153,토요일,13:30,38.7
202403,1,상선,종각,152,토요일,13:30,40.6
202403,1,하선,종각,152,토요일,13:30,38.3
202403,1,상선,시청,151,토요일,13:30,43.3
202403,1,하선,시청,151,토요일,13:30,35.9
202403,1,상선,서울역,150,토요일,13:30,46.7
202403,1,하선,서울역,150,토요일,13:30,36.0
202403,1,상선,청량리,158,일요일,13:30,18.9
202403,1,하선,청량리,158,일요일,13:30,29.1
202403,1,상선,제기동,157,일요일,13:30,22.0
202403,1,하선,제기동,157,일요일,13:30,31.3
202403,1,상선,신설동,156,일요일,13:30,27.0
202403,1,하선,신설동,156,일요일,13:30,32.3
202403,1,상선,동묘앞,159,일요일,13:30,27.3
202403,1,하선,동묘앞,159,일요일,13:30,37.4
202403,1,상선,동대문,155,일요일,13:30,32.3
202403,1,하선,동대문,155,일요일,13:30,36.7
202403,1,상선,종로5가,154,일요일,13:30,27.0
202403,1,하선,종로5가,154,일요일,13:30,38.2
202403,1,상선,종로3가,153,일요일,13:30,28.5
202403,1,하선,종로3가,153,일요일,13:30,32.3
202403,1,상선,종각,152,일요일,13:30,31.6
202403,1,하선,종각,152,일요일,13:30,31.4
202403,1,상선,시청,151,일요일,13:30,33.1
202403,1,하선,시청,151,일요일,13:30,31.4
202403,1,상선,서울역,150,일요일,13:30,34.6
202403,1,하선,서울역,150,일요일,13:30,31.5
202406,1,상선,청량리,158,평일,13:30,18.6
202406,1,하선,청량리,158,평일,13:30,24.0
202406,1,상선,제기동,157,평일,13:30,22.4
202406,1,하선,제기동,157,평일,13:30,28.1
202406,1,상선,신설동,156,평일,13:30,26.9
202406,1,하선,신설동,156,평일,13:30,29.9
202406,1,상선,동묘앞,159,평일,13:30,26.5
202406,1,하선,동묘앞,159,평일,13:30,33.8
202406,1,상선,동대문,155,평일,13:30,29.2
202406,1,하선,동대문,155,평일,13:30,33.7
202406,1,상선,종로5가,154,평일,13:30,26.5
202406,1,하선,종로5가,154,평일,13:30,36.0
202406,1,상선,종로3가,153,평일,13:30,31.0
202406,1,하선,종로3가,153,평일,13:30,31.4
202406,1,상선,종각,152,평일,13:30,28.8
202406,1,하선,종각,152,평일,13:30,31.4
202406,1,상선,시청,151,평일,13:30,28.3
202406,1,하선,시청,151,평일,13:30,29.0
202406,1,상선,서울역,150,평일,13:30,29.8
202406,1,하선,서울역,150,평일,13:30,29.6
202406,1,상선,청량리,158,토요일,13:30,19.5
202406,1,하선,청량리,158,토요일,13:30,38.9
202406,1,상선,제기동,157,토요일,13:30,22.7
202406,1,하선,제기동,157,토요일,13:30,43.1
202406,1,상선,신설동,156,토요일,13:30,29.5
202406,1,하선,신설동,156,토요일,13:30,44.0
202406,1,상선,동묘앞,159,토요일,13:30,31.4
202406,1,하선,동묘앞,159,토요일,13:30,56.0
202406,1,상선,동대문,155,토요일,13:30,37.3
202406,1,하선,동대문,155,토요일,13:30,47.6
202406,1,상선,종로5가,154,토요일,13:30,33.7
202406,1,하선,종로5가,154,토요일,13:30,45.1
202406,1,상선,종로3가,153,토요일,13:30,36.9
202406,1,하선,종로3가,153,토요일,13:30,37.2
202406,1,상선,종각,152,토요일,13:30,41.1
202406,1,하선,종각,152,토요일,13:30,36.0
202406,1,상선,시청,151,토요일,13:30,43.6
202406,1,하선,시청,151,토요일,13:30,35.1
202406,1,상선,서울역,150,토요일,13:30,45.9
202406,1,하선,서울역,150,토요일,13:30,37.3
202406,1,상선,청량리,158,일요일,13:30,17.7
202406,1,하선,청량리,158,일요일,13:30,29.8
202406,1,상선,제기동,157,일요일,13:30,20.2
202406,1,하선,제기동,157,일요일,13:30,32.1
202406,1,상선,신설동,156,일요일,13:30,24.7
202406,1,하선,신설동,156,일요일,13:30,34.3
202406,1,상선,동묘앞,159,일요일,13:30,25.8
202406,1,하선,동묘앞,159,일요일,13:30,45.2
202406,1,상선,동대문,155,일요일,13:30,30.8
202406,1,하선,동대문,155,일요일,13:30,40.2
202406,1,상선,종로5가,154,일요일,13:30,25.4
202406,1,하선,종로5가,154,일요일,13:30,38.8
202406,1,상선,종로3가,153,일요일,13:30,27.1
202406,1,하선,종로3가,153,일요일,13:30,33.2
202406,1,상선,종각,152,일요일,13:30,33.3
202406,1,하선,종각,152,일요일,13:30,32.6
202406,1,상선,시청,151,일요일,13:30,35.2
202406,1,하선,시청,151,일요일,13:30,35.9
202406,1,상선,서울역,150,일요일,13:30,36.4
202406,1,하선,서울역,150,일요일,13:30,34.5
2020,1,상선,서울역,150,평일,14:00,31.6
2020,1,하선,서울역,150,평일,14:00,36.0
2020,1,상선,시청,151,평일,14:00,32.4
2020,1,하선,시청,151,평일,14:00,35.5
2020,1,상선,종각,152,평일,14:00,33.2
2020,1,하선,종각,152,평일,14:00,35.0
2020,1,상선,종로3가,153,평일,14:00,36.4
2020,1,하선,종로3가,153,평일,14:00,33.9
2020,1,상선,종로5가,154,평일,14:00,34.8
2020,1,하선,종로5가,154,평일,14:00,36.0
2020,1,상선,동대문,155,평일,14:00,35.6
2020,1,하선,동대문,155,평일,14:00,33.1
2020,1,상선,신설동,156,평일,14:00,29.6
2020,1,하선,신설동,156,평일,14:00,31.9
2020,1,상선,제기동,157,평일,14:00,24.2
2020,1,하선,제기동,157,평일,14:00,30.1
2020,1,상선,청량리,158,평일,14:00,23.0
2020,1,하선,청량리,158,평일,14:00,29.7
2020,1,상선,동묘앞,159,평일,14:00,32.0
2020,1,하선,동묘앞,159,평일,14:00,34.1
2020,1,상선,서울역,150,토요일,14:00,52.5
2020,1,하선,서울역,150,토요일,14:00,52.5
2020,1,상선,시청,151,토요일,14:00,45.8
2020,1,하선,시청,151,토요일,14:00,52.0
2020,1,상선,종각,152,토요일,14:00,43.3
2020,1,하선,종각,152,토요일,14:00,52.8
2020,1,상선,종로3가,153,토요일,14:00,45.0
2020,1,하선,종로3가,153,토요일,14:00,56.5
2020,1,상선,종로5가,154,토요일,14:00,42.7
2020,1,하선,종로5가,154,토요일,14:00,66.3
2020,1,상선,동대문,155,토요일,14:00,43.4
2020,1,하선,동대문,155,토요일,14:00,62.6
2020,1,상선,신설동,156,토요일,14:00,38.3
2020,1,하선,신설동,156,토요일,14:00,58.3
2020,1,상선,제기동,157,토요일,14:00,31.5
2020,1,하선,제기동,157,토요일,14:00,55.9
2020,1,상선,청량리,158,토요일,14:00,26.9
2020,1,하선,청량리,158,토요일,14:00,50.0
2020,1,상선,동묘앞,159,토요일,14:00,38.3
2020,1,하선,동묘앞,159,토요일,14:00,66.2
2020,1,상선,서울역,150,일요일,14:00,28.0
2020,1,하선,서울역,150,일요일,14:00,42.8
2020,1,상선,시청,151,일요일,14:00,26.9
2020,1,하선,시청,151,일요일,14:00,44.0
2020,1,상선,종각,152,일요일,14:00,26.1
2020,1,하선,종각,152,일요일,14:00,44.0
2020,1,상선,종로3가,153,일요일,14:00,28.4
2020,1,하선,종로3가,153,일요일,14:00,44.9
2020,1,상선,종로5가,154,일요일,14:00,27.5
2020,1,하선,종로5가,154,일요일,14:00,53.4
2020,1,상선,동대문,155,일요일,14:00,28.5
2020,1,하선,동대문,155,일요일,14:00,50.6
2020,1,상선,신설동,156,일요일,14:00,28.1
2020,1,하선,신설동,156,일요일,14:00,41.4
2020,1,상선,제기동,157,일요일,14:00,25.5
2020,1,하선,제기동,157,일요일,14:00,38.5
2020,1,상선,청량리,158,일요일,14:00,22.8
2020,1,하선,청량리,158,일요일,14:00,27.3
2020,1,상선,동묘앞,159,일요일,14:00,27.9
2020,1,하선,동묘앞,159,일요일,14:00,53.2
2021,1,상선,서울역,150,평일,14:00,20.3
2021,1,하선,서울역,150,평일,14:00,22.3
2021,1,상선,시청,151,평일,14:00,20.4
2021,1,하선,시청,151,평일,14:00,20.9
2021,1,상선,종각,152,평일,14:00,21.0
2021,1,하선,종각,152,평일,14:00,22.8
2021,1,상선,종로3가,153,평일,14:00,23.6
2021,1,하선,종로3가,153,평일,14:00,22.7
2021,1,상선,종로5가,154,평일,14:00,22.1
2021,1,하선,종로5가,154,평일,14:00,25.7
2021,1,상선,동대문,155,평일,14:00,22.8
2021,1,하선,동대문,155,평일,14:00,19.9
2021,1,상선,신설동,156,평일,14:00,20.6
2021,1,하선,신설동,156,평일,14:00,23.6
2021,1,상선,제기동,157,평일,14:00,16.9
2021,1,하선,제기동,157,평일,14:00,18.9
2021,1,상선,청량리,158,평일,14:00,14.1
2021,1,하선,청량리,158,평일,14:00,16.9
2021,1,상선,동묘앞,159,평일,14:00,20.9
2021,1,하선,동묘앞,159,평일,14:00,20.8
2021,1,상선,서울역,150,토요일,14:00,24.6
2021,1,하선,서울역,150,토요일,14:00,28.5
2021,1,상선,시청,151,토요일,14:00,26.2
2021,1,하선,시청,151,토요일,14:00,26.8
2021,1,상선,종각,152,토요일,14:00,24.7
2021,1,하선,종각,152,토요일,14:00,25.6
2021,1,상선,종로3가,153,토요일,14:00,26.6
2021,1,하선,종로3가,153,토요일,14:00,25.3
2021,1,상선,종로5가,154,토요일,14:00,28.1
2021,1,하선,종로5가,154,토요일,14:00,28.2
2021,1,상선,동대문,155,토요일,14:00,28.2
2021,1,하선,동대문,155,토요일,14:00,31.7
2021,1,상선,신설동,156,토요일,14:00,22.0
2021,1,하선,신설동,156,토요일,14:00,36.5
2021,1,상선,제기동,157,토요일,14:00,18.0
2021,1,하선,제기동,157,토요일,14:00,28.8
2021,1,상선,청량리,158,토요일,14:00,15.8
2021,1,하선,청량리,158,토요일,14:00,23.5
2021,1,상선,동묘앞,159,토요일,14:00,22.3
2021,1,하선,동묘앞,159,토요일,14:00,33.4
2021,1,상선,서울역,150,일요일,14:00,18.6
2021,1,하선,서울역,150,일요일,14:00,19.2
2021,1,상선,시청,151,일요일,14:00,19.4
2021,1,하선,시청,151,일요일,14:00,18.9
2021,1,상선,종각,152,일요일,14:00,18.0
2021,1,하선,종각,152,일요일,14:00,17.8
2021,1,상선,종로3가,153,일요일,14:00,19.3
2021,1,하선,종로3가,153,일요일,14:00,18.3
2021,1,상선,종로5가,154,일요일,14:00,19.4
2021,1,하선,종로5가,154,일요일,14:00,20.5
2021,1,상선,동대문,155,일요일,14:00,20.3
2021,1,하선,동대문,155,일요일,14:00,22.6
2021,1,상선,신설동,156,일요일,14:00,14.0
2021,1,하선,신설동,156,일요일,14:00,25.3
2021,1,상선,제기동,157,일요일,14:00,11.9
2021,1,하선,제기동,157,일요일,14:00,20.6
2021,1,상선,청량리,158,일요일,14:00,10.6
2021,1,하선,청량리,158,일요일,14:00,18.4
2021,1,상선,동묘앞,159,일요일,14:00,14.3
2021,1,하선,동묘앞,159,일요일,14:00,23.5
2022,1,상선,서울역,150,평일,14:00,21.7
2022,1,하선,서울역,150,평일,14:00,25.4
2022,1,상선,시청,151,평일,14:00,21.5
2022,1,하선,시청,151,평일,14:00,24.2
2022,1,상선,종각,152,평일,14:00,23.8
2022,1,하선,종각,152,평일,14:00,25.9
2022,1,상선,종로3가,153,평일,14:00,25.7
2022,1,하선,종로3가,153,평일,14:00,25.6
2022,1,상선,종로5가,154,평일,14:00,25.3
2022,1,하선,종로5가,154,평일,14:00,25.0
2022,1,상선,동대문,155,평일,14:00,25.8
2022,1,하선,동대문,155,평일,14:00,22.5
2022,1,상선,신설동,156,평일,14:00,23.4
2022,1,하선,신설동,156,평일,14:00,18.0
2022,1,상선,제기동,157,평일,14:00,19.0
2022,1,하선,제기동,157,평일,14:00,18.1
2022,1,상선,청량리,158,평일,14:00,14.9
2022,1,하선,청량리,158,평일,14:00,13.2
2022,1,상선,동묘앞,159,평일,14:00,23.7
2022,1,하선,동묘앞,159,평일,14:00,19.7
2022,1,상선,서울역,150,토요일,14:00,30.1
2022,1,하선,서울역,150,토요일,14:00,33.0
2022,1,상선,시청,151,토요일,14:00,33.0
2022,1,하선,시청,151,토요일,14:00,30.8
2022,1,상선,종각,152,토요일,14:00,30.8
2022,1,하선,종각,152,토요일,14:00,34.1
2022,1,상선,종로3가,153,토요일,14:00,32.3
2022,1,하선,종로3가,153,토요일,14:00,35.3
2022,1,상선,종로5가,154,토요일,14:00,31.0
2022,1,하선,종로5가,154,토요일,14:00,36.0
2022,1,상선,동대문,155,토요일,14:00,32.0
2022,1,하선,동대문,155,토요일,14:00,37.1
2022,1,상선,신설동,156,토요일,14:00,22.9
2022,1,하선,신설동,156,토요일,14:00,33.7
2022,1,상선,제기동,157,토요일,14:00,19.3
2022,1,하선,제기동,157,토요일,14:00,32.1
2022,1,상선,청량리,158,토요일,14:00,16.7
2022,1,하선,청량리,158,토요일,14:00,29.9
2022,1,상선,동묘앞,159,토요일,14:00,22.8
2022,1,하선,동묘앞,159,토요일,14:00,45.5
2022,1,상선,서울역,150,일요일,14:00,25.5
2022,1,하선,서울역,150,일요일,14:00,25.8
2022,1,상선,시청,151,일요일,14:00,24.6
2022,1,하선,시청,151,일요일,14:00,25.5
2022,1,상선,종각,152,일요일,14:00,23.8
2022,1,하선,종각,152,일요일,14:00,25.9
2022,1,상선,종로3가,153,일요일,14:00,25.5
2022,1,하선,종로3가,153,일요일,14:00,26.6
2022,1,상선,종로5가,154,일요일,14:00,25.6
2022,1,하선,종로5가,154,일요일,14:00,27.4
2022,1,상선,동대문,155,일요일,14:00,26.0
2022,1,하선,동대문,155,일요일,14:00,29.0
2022,1,상선,신설동,156,일요일,14:00,19.8
2022,1,하선,신설동,156,일요일,14:00,26.9
2022,1,상선,제기동,157,일요일,14:00,16.6
2022,1,하선,제기동,157,일요일,14:00,25.2
2022,1,상선,청량리,158,일요일,14:00,14.2
2022,1,하선,청량리,158,일요일,14:00,22.8
2022,1,상선,동묘앞,159,일요일,14:00,19.6
2022,1,하선,동묘앞,159,일요일,14:00,35.8
2023,1,상선,서울역,150,평일,14:00,28.2
2023,1,하선,서울역,150,평일,14:00,34.2
2023,1,상선,시청,151,평일,14:00,28.6
2023,1,하선,시청,151,평일,14:00,32.3
2023,1,상선,종각,152,평일,14:00,30.2
2023,1,하선,종각,152,평일,14:00,30.5
2023,1,상선,종로3가,153,평일,14:00,33.4
2023,1,하선,종로3가,153,평일,14:00,29.8
2023,1,상선,종로5가,154,평일,14:00,32.7
2023,1,하선,종로5가,154,평일,14:00,32.3
2023,1,상선,동대문,155,평일,14:00,34.1
2023,1,하선,동대문,155,평일,14:00,27.5
2023,1,상선,신설동,156,평일,14:00,28.8
2023,1,하선,신설동,156,평일,14:00,23.1
2023,1,상선,제기동,157,평일,14:00,24.9
2023,1,하선,제기동,157,평일,14:00,21.9
2023,1,상선,청량리,158,평일,14:00,20.7
2023,1,하선,청량리,158,평일,14:00,16.2
2023,1,상선,동묘앞,159,평일,14:00,29.3
2023,1,하선,동묘앞,159,평일,14:00,26.0
2023,1,상선,서울역,150,토요일,14:00,41.7
2023,1,하선,서울역,150,토요일,14:00,44.0
2023,1,상선,시청,151,토요일,14:00,32.2
2023,1,하선,시청,151,토요일,14:00,42.4
2023,1,상선,종각,152,토요일,14:00,31.1
2023,1,하선,종각,152,토요일,14:00,45.6
2023,1,상선,종로3가,153,토요일,14:00,32.4
2023,1,하선,종로3가,153,토요일,14:00,46.6
2023,1,상선,종로5가,154,토요일,14:00,33.9
2023,1,하선,종로5가,154,토요일,14:00,50.2
2023,1,상선,동대문,155,토요일,14:00,34.6
2023,1,하선,동대문,155,토요일,14:00,47.8
2023,1,상선,신설동,156,토요일,14:00,27.9
2023,1,하선,신설동,156,토요일,14:00,41.8
2023,1,상선,제기동,157,토요일,14:00,24.3
2023,1,하선,제기동,157,토요일,14:00,36.7
2023,1,상선,청량리,158,토요일,14:00,20.7
2023,1,하선,청량리,158,토요일,14:00,31.5
2023,1,상선,동묘앞,159,토요일,14:00,29.1
2023,1,하선,동묘앞,159,토요일,14:00,55.4
2023,1,상선,서울역,150,공휴일,14:00,28.5
2023,1,하선,서울역,150,공휴일,14:00,33.5
2023,1,상선,시청,151,공휴일,14:00,32.4
2023,1,하선,시청,151,공휴일,14:00,33.9
2023,1,상선,종각,152,공휴일,14:00,31.6
2023,1,하선,종각,152,공휴일,14:00,34.7
2023,1,상선,종로3가,153,공휴일,14:00,32.4
2023,1,하선,종로3가,153,공휴일,14:00,34.5
2023,1,상선,종로5가,154,공휴일,14:00,30.3
2023,1,하선,종로5가,154,공휴일,14:00,37.2
2023,1,상선,동대문,155,공휴일,14:00,31.0
2023,1,하선,동대문,155,공휴일,14:00,36.4
2023,1,상선,신설동,156,공휴일,14:00,25.4
2023,1,하선,신설동,156,공휴일,14:00,31.9
2023,1,상선,제기동,157,공휴일,14:00,21.4
2023,1,하선,제기동,157,공휴일,14:00,30.0
2023,1,상선,청량리,158,공휴일,14:00,16.2
2023,1,하선,청량리,158,공휴일,14:00,25.5
2023,1,상선,동묘앞,159,공휴일,14:00,26.5
2023,1,하선,동묘앞,159,공휴일,14:00,41.5
202403,1,상선,청량리,158,평일,14:00,20.3
202403,1,하선,청량리,158,평일,14:00,16.6
202403,1,상선,제기동,157,평일,14:00,24.7
202403,1,하선,제기동,157,평일,14:00,22.4
202403,1,상선,신설동,156,평일,14:00,28.9
202403,1,하선,신설동,156,평일,14:00,23.7
202403,1,상선,동묘앞,159,평일,14:00,29.9
202403,1,하선,동묘앞,159,평일,14:00,26.3
202403,1,상선,동대문,155,평일,14:00,31.8
202403,1,하선,동대문,155,평일,14:00,28.2
202403,1,상선,종로5가,154,평일,14:00,34.2
202403,1,하선,종로5가,154,평일,14:00,33.5
202403,1,상선,종로3가,153,평일,14:00,35.8
202403,1,하선,종로3가,153,평일,14:00,30.6
202403,1,상선,종각,152,평일,14:00,31.5
202403,1,하선,종각,152,평일,14:00,31.3
202403,1,상선,시청,151,평일,14:00,30.1
202403,1,하선,시청,151,평일,14:00,33.7
202403,1,상선,서울역,150,평일,14:00,29.8
202403,1,하선,서울역,150,평일,14:00,35.3
202403,1,상선,청량리,158,토요일,14:00,20.7
202403,1,하선,청량리,158,토요일,14:00,35.4
202403,1,상선,제기동,157,토요일,14:00,25.7
202403,1,하선,제기동,157,토요일,14:00,36.9
202403,1,상선,신설동,156,토요일,14:00,30.9
202403,1,하선,신설동,156,토요일,14:00,40.2
202403,1,상선,동묘앞,159,토요일,14:00,31.8
202403,1,하선,동묘앞,159,토요일,14:00,51.1
202403,1,상선,동대문,155,토요일,14:00,36.8
202403,1,하선,동대문,155,토요일,14:00,45.7
202403,1,상선,종로5가,154,토요일,14:00,42.3
202403,1,하선,종로5가,154,토요일,14:00,47.5
202403,1,상선,종로3가,153,토요일,14:00,44.8
202403,1,하선,종로3가,153,토요일,14:00,41.6
202403,1,상선,종각,152,토요일,14:00,40.5
202403,1,하선,종각,152,토요일,14:00,41.5
202403,1,상선,시청,151,토요일,14:00,42.5
202403,1,하선,시청,151,토요일,14:00,41.9
202403,1,상선,서울역,150,토요일,14:00,43.3
202403,1,하선,서울역,150,토요일,14:00,42.8
202403,1,상선,청량리,158,일요일,14:00,17.9
202403,1,하선,청량리,158,일요일,14:00,29.7
202403,1,상선,제기동,157,일요일,14:00,22.8
202403,1,하선,제기동,157,일요일,14:00,30.8
202403,1,상선,신설동,156,일요일,14:00,26.7
202403,1,하선,신설동,156,일요일,14:00,33.6
202403,1,상선,동묘앞,159,일요일,14:00,27.1
202403,1,하선,동묘앞,159,일요일,14:00,46.3
202403,1,상선,동대문,155,일요일,14:00,31.7
202403,1,하선,동대문,155,일요일,14:00,41.0
202403,1,상선,종로5가,154,일요일,14:00,33.7
202403,1,하선,종로5가,154,일요일,14:00,41.0
202403,1,상선,종로3가,153,일요일,14:00,32.5
202403,1,하선,종로3가,153,일요일,14:00,36.9
202403,1,상선,종각,152,일요일,14:00,28.3
202403,1,하선,종각,152,일요일,14:00,36.9
202403,1,상선,시청,151,일요일,14:00,28.6
202403,1,하선,시청,151,일요일,14:00,36.3
202403,1,상선,서울역,150,일요일,14:00,32.4
202403,1,하선,서울역,150,일요일,14:00,37.8
202406,1,상선,청량리,158,평일,14:00,17.7
202406,1,하선,청량리,158,평일,14:00,18.7
202406,1,상선,제기동,157,평일,14:00,21.9
202406,1,하선,제기동,157,평일,14:00,22.5
202406,1,상선,신설동,156,평일,14:00,26.1
202406,1,하선,신설동,156,평일,14:00,22.5
202406,1,상선,동묘앞,159,평일,14:00,26.2
202406,1,하선,동묘앞,159,평일,14:00,25.6
202406,1,상선,동대문,155,평일,14:00,29.0
202406,1,하선,동대문,155,평일,14:00,26.5
202406,1,상선,종로5가,154,평일,14:00,33.4
202406,1,하선,종로5가,154,평일,14:00,32.6
202406,1,상선,종로3가,153,평일,14:00,34.4
202406,1,하선,종로3가,153,평일,14:00,28.8
202406,1,상선,종각,152,평일,14:00,31.0
202406,1,하선,종각,152,평일,14:00,30.9
202406,1,상선,시청,151,평일,14:00,29.7
202406,1,하선,시청,151,평일,14:00,31.6
202406,1,상선,서울역,150,평일,14:00,29.2
202406,1,하선,서울역,150,평일,14:00,35.2
202406,1,상선,청량리,158,토요일,14:00,23.3
202406,1,하선,청량리,158,토요일,14:00,36.6
202406,1,상선,제기동,157,토요일,14:00,28.9
202406,1,하선,제기동,157,토요일,14:00,39.8
202406,1,상선,신설동,156,토요일,14:00,35.7
202406,1,하선,신설동,156,토요일,14:00,42.3
202406,1,상선,동묘앞,159,토요일,14:00,37.3
202406,1,하선,동묘앞,159,토요일,14:00,48.9
202406,1,상선,동대문,155,토요일,14:00,42.5
202406,1,하선,동대문,155,토요일,14:00,48.6
202406,1,상선,종로5가,154,토요일,14:00,49.1
202406,1,하선,종로5가,154,토요일,14:00,52.3
202406,1,상선,종로3가,153,토요일,14:00,47.3
202406,1,하선,종로3가,153,토요일,14:00,45.2
202406,1,상선,종각,152,토요일,14:00,45.9
202406,1,하선,종각,152,토요일,14:00,45.3
202406,1,상선,시청,151,토요일,14:00,50.6
202406,1,하선,시청,151,토요일,14:00,43.6
202406,1,상선,서울역,150,토요일,14:00,52.3
202406,1,하선,서울역,150,토요일,14:00,43.9
202406,1,상선,청량리,158,일요일,14:00,21.4
202406,1,하선,청량리,158,일요일,14:00,30.2
202406,1,상선,제기동,157,일요일,14:00,27.2
202406,1,하선,제기동,157,일요일,14:00,32.6
202406,1,상선,신설동,156,일요일,14:00,33.5
202406,1,하선,신설동,156,일요일,14:00,34.7
202406,1,상선,동묘앞,159,일요일,14:00,32.1
202406,1,하선,동묘앞,159,일요일,14:00,41.3
202406,1,상선,동대문,155,일요일,14:00,37.2
202406,1,하선,동대문,155,일요일,14:00,42.1
202406,1,상선,종로5가,154,일요일,14:00,42.4
202406,1,하선,종로5가,154,일요일,14:00,44.1
202406,1,상선,종로3가,153,일요일,14:00,42.0
202406,1,하선,종로3가,153,일요일,14:00,38.1
202406,1,상선,종각,152,일요일,14:00,36.9
202406,1,하선,종각,152,일요일,14:00,39.1
202406,1,상선,시청,151,일요일,14:00,37.7
202406,1,하선,시청,151,일요일,14:00,40.6
202406,1,상선,서울역,150,일요일,14:00,37.0
202406,1,하선,서울역,150,일요일,14:00,38.8
2020,1,상선,서울역,150,평일,14:30,29.6
2020,1,하선,서울역,150,평일,14:30,30.0
2020,1,상선,시청,151,평일,14:30,30.4
2020,1,하선,시청,151,평일,14:30,35.4
2020,1,상선,종각,152,평일,14:30,30.4
2020,1,하선,종각,152,평일,14:30,34.9
2020,1,상선,종로3가,153,평일,14:30,33.1
2020,1,하선,종로3가,153,평일,14:30,32.5
2020,1,상선,종로5가,154,평일,14:30,33.9
2020,1,하선,종로5가,154,평일,14:30,36.6
2020,1,상선,동대문,155,평일,14:30,34.8
2020,1,하선,동대문,155,평일,14:30,32.8
2020,1,상선,신설동,156,평일,14:30,33.6
2020,1,하선,신설동,156,평일,14:30,29.7
2020,1,상선,제기동,157,평일,14:30,28.1
2020,1,하선,제기동,157,평일,14:30,27.8
2020,1,상선,청량리,158,평일,14:30,20.4
2020,1,하선,청량리,158,평일,14:30,16.7
2020,1,상선,동묘앞,159,평일,14:30,32.2
2020,1,하선,동묘앞,159,평일,14:30,33.4
2020,1,상선,서울역,150,토요일,14:30,55.8
2020,1,하선,서울역,150,토요일,14:30,59.1
2020,1,상선,시청,151,토요일,14:30,54.6
2020,1,하선,시청,151,토요일,14:30,56.7
2020,1,상선,종각,152,토요일,14:30,53.0
2020,1,하선,종각,152,토요일,14:30,54.7
2020,1,상선,종로3가,153,토요일,14:30,54.3
2020,1,하선,종로3가,153,토요일,14:30,54.8
2020,1,상선,종로5가,154,토요일,14:30,50.0
2020,1,하선,종로5가,154,토요일,14:30,56.3
2020,1,상선,동대문,155,토요일,14:30,48.9
2020,1,하선,동대문,155,토요일,14:30,51.2
2020,1,상선,신설동,156,토요일,14:30,35.6
2020,1,하선,신설동,156,토요일,14:30,48.4
2020,1,상선,제기동,157,토요일,14:30,30.7
2020,1,하선,제기동,157,토요일,14:30,45.1
2020,1,상선,청량리,158,토요일,14:30,22.2
2020,1,하선,청량리,158,토요일,14:30,35.2
2020,1,상선,동묘앞,159,토요일,14:30,40.9
2020,1,하선,동묘앞,159,토요일,14:30,53.7
2020,1,상선,서울역,150,일요일,14:30,27.8
2020,1,하선,서울역,150,일요일,14:30,36.4
2020,1,상선,시청,151,일요일,14:30,28.5
2020,1,하선,시청,151,일요일,14:30,35.7
2020,1,상선,종각,152,일요일,14:30,28.1
2020,1,하선,종각,152,일요일,14:30,35.5
2020,1,상선,종로3가,153,일요일,14:30,28.8
2020,1,하선,종로3가,153,일요일,14:30,35.1
2020,1,상선,종로5가,154,일요일,14:30,28.3
2020,1,하선,종로5가,154,일요일,14:30,35.8
2020,1,상선,동대문,155,일요일,14:30,28.0
2020,1,하선,동대문,155,일요일,14:30,33.5
2020,1,상선,신설동,156,일요일,14:30,23.1
2020,1,하선,신설동,156,일요일,14:30,26.3
2020,1,상선,제기동,157,일요일,14:30,20.0
2020,1,하선,제기동,157,일요일,14:30,24.8
2020,1,상선,청량리,158,일요일,14:30,14.0
2020,1,하선,청량리,158,일요일,14:30,24.4
2020,1,상선,동묘앞,159,일요일,14:30,24.4
2020,1,하선,동묘앞,159,일요일,14:30,32.1
2021,1,상선,서울역,150,평일,14:30,17.5
2021,1,하선,서울역,150,평일,14:30,23.4
2021,1,상선,시청,151,평일,14:30,18.6
2021,1,하선,시청,151,평일,14:30,22.1
2021,1,상선,종각,152,평일,14:30,20.5
2021,1,하선,종각,152,평일,14:30,19.7
2021,1,상선,종로3가,153,평일,14:30,22.9
2021,1,하선,종로3가,153,평일,14:30,18.7
2021,1,상선,종로5가,154,평일,14:30,23.3
2021,1,하선,종로5가,154,평일,14:30,20.1
2021,1,상선,동대문,155,평일,14:30,24.1
2021,1,하선,동대문,155,평일,14:30,21.5
2021,1,상선,신설동,156,평일,14:30,22.3
2021,1,하선,신설동,156,평일,14:30,20.4
2021,1,상선,제기동,157,평일,14:30,18.0
2021,1,하선,제기동,157,평일,14:30,22.7
2021,1,상선,청량리,158,평일,14:30,15.4
2021,1,하선,청량리,158,평일,14:30,13.6
2021,1,상선,동묘앞,159,평일,14:30,22.8
2021,1,하선,동묘앞,159,평일,14:30,21.4
2021,1,상선,서울역,150,토요일,14:30,24.1
2021,1,하선,서울역,150,토요일,14:30,27.3
2021,1,상선,시청,151,토요일,14:30,23.6
2021,1,하선,시청,151,토요일,14:30,26.3
2021,1,상선,종각,152,토요일,14:30,24.1
2021,1,하선,종각,152,토요일,14:30,28.4
2021,1,상선,종로3가,153,토요일,14:30,26.6
2021,1,하선,종로3가,153,토요일,14:30,29.3
2021,1,상선,종로5가,154,토요일,14:30,24.8
2021,1,하선,종로5가,154,토요일,14:30,33.3
2021,1,상선,동대문,155,토요일,14:30,25.3
2021,1,하선,동대문,155,토요일,14:30,28.1
2021,1,상선,신설동,156,토요일,14:30,26.3
2021,1,하선,신설동,156,토요일,14:30,25.4
2021,1,상선,제기동,157,토요일,14:30,20.7
2021,1,하선,제기동,157,토요일,14:30,28.6
2021,1,상선,청량리,158,토요일,14:30,17.4
2021,1,하선,청량리,158,토요일,14:30,18.7
2021,1,상선,동묘앞,159,토요일,14:30,26.1
2021,1,하선,동묘앞,159,토요일,14:30,28.4
2021,1,상선,서울역,150,일요일,14:30,16.3
2021,1,하선,서울역,150,일요일,14:30,20.5
2021,1,상선,시청,151,일요일,14:30,16.0
2021,1,하선,시청,151,일요일,14:30,19.1
2021,1,상선,종각,152,일요일,14:30,16.8
2021,1,하선,종각,152,일요일,14:30,20.3
2021,1,상선,종로3가,153,일요일,14:30,18.4
2021,1,하선,종로3가,153,일요일,14:30,20.6
2021,1,상선,종로5가,154,일요일,14:30,18.3
2021,1,하선,종로5가,154,일요일,14:30,23.5
2021,1,상선,동대문,155,일요일,14:30,18.2
2021,1,하선,동대문,155,일요일,14:30,19.5
2021,1,상선,신설동,156,일요일,14:30,19.6
2021,1,하선,신설동,156,일요일,14:30,19.0
2021,1,상선,제기동,157,일요일,14:30,15.7
2021,1,하선,제기동,157,일요일,14:30,21.3
2021,1,상선,청량리,158,일요일,14:30,11.9
2021,1,하선,청량리,158,일요일,14:30,13.5
2021,1,상선,동묘앞,159,일요일,14:30,19.7
2021,1,하선,동묘앞,159,일요일,14:30,20.0
2022,1,상선,서울역,150,평일,14:30,18.7
2022,1,하선,서울역,150,평일,14:30,22.0
2022,1,상선,시청,151,평일,14:30,20.7
2022,1,하선,시청,151,평일,14:30,22.9
2022,1,상선,종각,152,평일,14:30,21.0
2022,1,하선,종각,152,평일,14:30,20.0
2022,1,상선,종로3가,153,평일,14:30,24.6
2022,1,하선,종로3가,153,평일,14:30,18.7
2022,1,상선,종로5가,154,평일,14:30,24.2
2022,1,하선,종로5가,154,평일,14:30,24.4
2022,1,상선,동대문,155,평일,14:30,25.1
2022,1,하선,동대문,155,평일,14:30,22.0
2022,1,상선,신설동,156,평일,14:30,18.9
2022,1,하선,신설동,156,평일,14:30,24.2
2022,1,상선,제기동,157,평일,14:30,19.3
2022,1,하선,제기동,157,평일,14:30,22.7
2022,1,상선,청량리,158,평일,14:30,17.4
2022,1,하선,청량리,158,평일,14:30,15.7
2022,1,상선,동묘앞,159,평일,14:30,19.4
2022,1,하선,동묘앞,159,평일,14:30,26.7
2022,1,상선,서울역,150,토요일,14:30,28.8
2022,1,하선,서울역,150,토요일,14:30,33.9
2022,1,상선,시청,151,토요일,14:30,27.5
2022,1,하선,시청,151,토요일,14:30,33.2
2022,1,상선,종각,152,토요일,14:30,26.6
2022,1,하선,종각,152,토요일,14:30,34.6
2022,1,상선,종로3가,153,토요일,14:30,28.6
2022,1,하선,종로3가,153,토요일,14:30,34.5
2022,1,상선,종로5가,154,토요일,14:30,26.7
2022,1,하선,종로5가,154,토요일,14:30,38.0
2022,1,상선,동대문,155,토요일,14:30,26.9
2022,1,하선,동대문,155,토요일,14:30,32.7
2022,1,상선,신설동,156,토요일,14:30,29.0
2022,1,하선,신설동,156,토요일,14:30,35.7
2022,1,상선,제기동,157,토요일,14:30,24.8
2022,1,하선,제기동,157,토요일,14:30,33.7
2022,1,상선,청량리,158,토요일,14:30,19.2
2022,1,하선,청량리,158,토요일,14:30,22.1
2022,1,상선,동묘앞,159,토요일,14:30,29.9
2022,1,하선,동묘앞,159,토요일,14:30,32.6
2022,1,상선,서울역,150,일요일,14:30,21.2
2022,1,하선,서울역,150,일요일,14:30,27.4
2022,1,상선,시청,151,일요일,14:30,21.8
2022,1,하선,시청,151,일요일,14:30,27.1
2022,1,상선,종각,152,일요일,14:30,21.2
2022,1,하선,종각,152,일요일,14:30,27.0
2022,1,상선,종로3가,153,일요일,14:30,22.2
2022,1,하선,종로3가,153,일요일,14:30,27.1
2022,1,상선,종로5가,154,일요일,14:30,22.1
2022,1,하선,종로5가,154,일요일,14:30,30.6
2022,1,상선,동대문,155,일요일,14:30,22.4
2022,1,하선,동대문,155,일요일,14:30,28.1
2022,1,상선,신설동,156,일요일,14:30,23.6
2022,1,하선,신설동,156,일요일,14:30,29.0
2022,1,상선,제기동,157,일요일,14:30,19.6
2022,1,하선,제기동,157,일요일,14:30,27.9
2022,1,상선,청량리,158,일요일,14:30,15.4
2022,1,하선,청량리,158,일요일,14:30,20.3
2022,1,상선,동묘앞,159,일요일,14:30,23.8
2022,1,하선,동묘앞,159,일요일,14:30,27.8
2023,1,상선,서울역,150,평일,14:30,22.9
2023,1,하선,서울역,150,평일,14:30,28.7
2023,1,상선,시청,151,평일,14:30,25.3
2023,1,하선,시청,151,평일,14:30,29.4
2023,1,상선,종각,152,평일,14:30,26.6
2023,1,하선,종각,152,평일,14:30,29.3
2023,1,상선,종로3가,153,평일,14:30,30.8
2023,1,하선,종로3가,153,평일,14:30,27.7
2023,1,상선,종로5가,154,평일,14:30,29.9
2023,1,하선,종로5가,154,평일,14:30,31.7
2023,1,상선,동대문,155,평일,14:30,31.2
2023,1,하선,동대문,155,평일,14:30,28.3
2023,1,상선,신설동,156,평일,14:30,25.9
2023,1,하선,신설동,156,평일,14:30,27.5
2023,1,상선,제기동,157,평일,14:30,25.4
2023,1,하선,제기동,157,평일,14:30,26.9
2023,1,상선,청량리,158,평일,14:30,22.8
2023,1,하선,청량리,158,평일,14:30,19.7
2023,1,상선,동묘앞,159,평일,14:30,26.9
2023,1,하선,동묘앞,159,평일,14:30,30.7
2023,1,상선,서울역,150,토요일,14:30,44.7
2023,1,하선,서울역,150,토요일,14:30,49.0
2023,1,상선,시청,151,토요일,14:30,47.2
2023,1,하선,시청,151,토요일,14:30,45.2
2023,1,상선,종각,152,토요일,14:30,46.5
2023,1,하선,종각,152,토요일,14:30,46.6
2023,1,상선,종로3가,153,토요일,14:30,50.6
2023,1,하선,종로3가,153,토요일,14:30,46.2
2023,1,상선,종로5가,154,토요일,14:30,42.1
2023,1,하선,종로5가,154,토요일,14:30,49.0
2023,1,상선,동대문,155,토요일,14:30,42.0
2023,1,하선,동대문,155,토요일,14:30,44.9
2023,1,상선,신설동,156,토요일,14:30,36.7
2023,1,하선,신설동,156,토요일,14:30,42.1
2023,1,상선,제기동,157,토요일,14:30,32.8
2023,1,하선,제기동,157,토요일,14:30,39.6
2023,1,상선,청량리,158,토요일,14:30,25.5
2023,1,하선,청량리,158,토요일,14:30,31.4
2023,1,상선,동묘앞,159,토요일,14:30,37.8
2023,1,하선,동묘앞,159,토요일,14:30,44.7
2023,1,상선,서울역,150,공휴일,14:30,28.8
2023,1,하선,서울역,150,공휴일,14:30,36.6
2023,1,상선,시청,151,공휴일,14:30,24.5
2023,1,하선,시청,151,공휴일,14:30,34.3
2023,1,상선,종각,152,공휴일,14:30,23.6
2023,1,하선,종각,152,공휴일,14:30,34.0
2023,1,상선,종로3가,153,공휴일,14:30,26.9
2023,1,하선,종로3가,153,공휴일,14:30,33.2
2023,1,상선,종로5가,154,공휴일,14:30,26.4
2023,1,하선,종로5가,154,공휴일,14:30,36.4
2023,1,상선,동대문,155,공휴일,14:30,27.5
2023,1,하선,동대문,155,공휴일,14:30,33.7
2023,1,상선,신설동,156,공휴일,14:30,26.9
2023,1,하선,신설동,156,공휴일,14:30,31.6
2023,1,상선,제기동,157,공휴일,14:30,24.3
2023,1,하선,제기동,157,공휴일,14:30,30.3
2023,1,상선,청량리,158,공휴일,14:30,19.8
2023,1,하선,청량리,158,공휴일,14:30,26.1
2023,1,상선,동묘앞,159,공휴일,14:30,26.8
2023,1,하선,동묘앞,159,공휴일,14:30,33.5
202403,1,상선,청량리,158,평일,14:30,21.8
202403,1,하선,청량리,158,평일,14:30,21.8
202403,1,상선,제기동,157,평일,14:30,25.5
202403,1,하선,제기동,157,평일,14:30,29.2
202403,1,상선,신설동,156,평일,14:30,26.4
202403,1,하선,신설동,156,평일,14:30,29.5
202403,1,상선,동묘앞,159,평일,14:30,27.1
202403,1,하선,동묘앞,159,평일,14:30,33.7
202403,1,상선,동대문,155,평일,14:30,30.9
202403,1,하선,동대문,155,평일,14:30,30.8
202403,1,상선,종로5가,154,평일,14:30,30.5
202403,1,하선,종로5가,154,평일,14:30,35.0
202403,1,상선,종로3가,153,평일,14:30,31.2
202403,1,하선,종로3가,153,평일,14:30,29.6
202403,1,상선,종각,152,평일,14:30,27.6
202403,1,하선,종각,152,평일,14:30,31.4
202403,1,상선,시청,151,평일,14:30,25.9
202403,1,하선,시청,151,평일,14:30,32.0
202403,1,상선,서울역,150,평일,14:30,23.5
202403,1,하선,서울역,150,평일,14:30,30.0
202403,1,상선,청량리,158,토요일,14:30,23.5
202403,1,하선,청량리,158,토요일,14:30,28.6
202403,1,상선,제기동,157,토요일,14:30,29.0
202403,1,하선,제기동,157,토요일,14:30,41.2
202403,1,상선,신설동,156,토요일,14:30,32.4
202403,1,하선,신설동,156,토요일,14:30,43.6
202403,1,상선,동묘앞,159,토요일,14:30,33.2
202403,1,하선,동묘앞,159,토요일,14:30,43.1
202403,1,상선,동대문,155,토요일,14:30,33.6
202403,1,하선,동대문,155,토요일,14:30,43.4
202403,1,상선,종로5가,154,토요일,14:30,33.2
202403,1,하선,종로5가,154,토요일,14:30,49.6
202403,1,상선,종로3가,153,토요일,14:30,37.2
202403,1,하선,종로3가,153,토요일,14:30,45.9
202403,1,상선,종각,152,토요일,14:30,34.4
202403,1,하선,종각,152,토요일,14:30,45.8
202403,1,상선,시청,151,토요일,14:30,33.9
202403,1,하선,시청,151,토요일,14:30,44.6
202403,1,상선,서울역,150,토요일,14:30,34.7
202403,1,하선,서울역,150,토요일,14:30,45.1
202403,1,상선,청량리,158,일요일,14:30,22.0
202403,1,하선,청량리,158,일요일,14:30,22.5
202403,1,상선,제기동,157,일요일,14:30,26.1
202403,1,하선,제기동,157,일요일,14:30,31.8
202403,1,상선,신설동,156,일요일,14:30,29.2
202403,1,하선,신설동,156,일요일,14:30,34.0
202403,1,상선,동묘앞,159,일요일,14:30,30.0
202403,1,하선,동묘앞,159,일요일,14:30,37.2
202403,1,상선,동대문,155,일요일,14:30,30.2
202403,1,하선,동대문,155,일요일,14:30,37.4
202403,1,상선,종로5가,154,일요일,14:30,29.1
202403,1,하선,종로5가,154,일요일,14:30,40.5
202403,1,상선,종로3가,153,일요일,14:30,31.8
202403,1,하선,종로3가,153,일요일,14:30,37.1
202403,1,상선,종각,152,일요일,14:30,28.8
202403,1,하선,종각,152,일요일,14:30,37.3
202403,1,상선,시청,151,일요일,14:30,28.4
202403,1,하선,시청,151,일요일,14:30,38.4
202403,1,상선,서울역,150,일요일,14:30,25.7
202403,1,하선,서울역,150,일요일,14:30,39.0
202406,1,상선,청량리,158,평일,14:30,21.2
202406,1,하선,청량리,158,평일,14:30,21.3
202406,1,상선,제기동,157,평일,14:30,24.6
202406,1,하선,제기동,157,평일,14:30,29.0
202406,1,상선,신설동,156,평일,14:30,26.5
202406,1,하선,신설동,156,평일,14:30,30.7
202406,1,상선,동묘앞,159,평일,14:30,27.8
202406,1,하선,동묘앞,159,평일,14:30,34.8
202406,1,상선,동대문,155,평일,14:30,31.8
202406,1,하선,동대문,155,평일,14:30,32.0
202406,1,상선,종로5가,154,평일,14:30,30.0
202406,1,하선,종로5가,154,평일,14:30,36.6
202406,1,상선,종로3가,153,평일,14:30,30.9
202406,1,하선,종로3가,153,평일,14:30,32.7
202406,1,상선,종각,152,평일,14:30,27.7
202406,1,하선,종각,152,평일,14:30,32.3
202406,1,상선,시청,151,평일,14:30,25.2
202406,1,하선,시청,151,평일,14:30,34.1
202406,1,상선,서울역,150,평일,14:30,25.3
202406,1,하선,서울역,150,평일,14:30,31.9
202406,1,상선,청량리,158,토요일,14:30,22.4
202406,1,하선,청량리,158,토요일,14:30,29.2
202406,1,상선,제기동,157,토요일,14:30,27.6
202406,1,하선,제기동,157,토요일,14:30,43.5
202406,1,상선,신설동,156,토요일,14:30,34.2
202406,1,하선,신설동,156,토요일,14:30,45.8
202406,1,상선,동묘앞,159,토요일,14:30,35.6
202406,1,하선,동묘앞,159,토요일,14:30,44.9
202406,1,상선,동대문,155,토요일,14:30,40.7
202406,1,하선,동대문,155,토요일,14:30,45.0
202406,1,상선,종로5가,154,토요일,14:30,36.2
202406,1,하선,종로5가,154,토요일,14:30,51.5
202406,1,상선,종로3가,153,토요일,14:30,41.6
202406,1,하선,종로3가,153,토요일,14:30,45.1
202406,1,상선,종각,152,토요일,14:30,38.6
202406,1,하선,종각,152,토요일,14:30,44.3
202406,1,상선,시청,151,토요일,14:30,36.9
202406,1,하선,시청,151,토요일,14:30,44.4
202406,1,상선,서울역,150,토요일,14:30,36.7
202406,1,하선,서울역,150,토요일,14:30,47.1
202406,1,상선,청량리,158,일요일,14:30,20.4
202406,1,하선,청량리,158,일요일,14:30,23.4
202406,1,상선,제기동,157,일요일,14:30,25.6
202406,1,하선,제기동,157,일요일,14:30,34.7
202406,1,상선,신설동,156,일요일,14:30,29.7
202406,1,하선,신설동,156,일요일,14:30,37.7
202406,1,상선,동묘앞,159,일요일,14:30,30.9
202406,1,하선,동묘앞,159,일요일,14:30,37.8
202406,1,상선,동대문,155,일요일,14:30,35.2
202406,1,하선,동대문,155,일요일,14:30,38.3
202406,1,상선,종로5가,154,일요일,14:30,31.2
202406,1,하선,종로5가,154,일요일,14:30,44.3
202406,1,상선,종로3가,153,일요일,14:30,32.0
202406,1,하선,종로3가,153,일요일,14:30,38.5
202406,1,상선,종각,152,일요일,14:30,30.2
202406,1,하선,종각,152,일요일,14:30,38.8
202406,1,상선,시청,151,일요일,14:30,29.7
202406,1,하선,시청,151,일요일,14:30,41.4
202406,1,상선,서울역,150,일요일,14:30,29.3
202406,1,하선,서울역,150,일요일,14:30,41.9
2020,1,상선,서울역,150,평일,15:00,28.7
2020,1,하선,서울역,150,평일,15:00,49.0
2020,1,상선,시청,151,평일,15:00,30.3
2020,1,하선,시청,151,평일,15:00,41.0
2020,1,상선,종각,152,평일,15:00,36.3
2020,1,하선,종각,152,평일,15:00,39.2
2020,1,상선,종로3가,153,평일,15:00,41.1
2020,1,하선,종로3가,153,평일,15:00,35.9
2020,1,상선,종로5가,154,평일,15:00,37.1
2020,1,하선,종로5가,154,평일,15:00,39.2
2020,1,상선,동대문,155,평일,15:00,37.8
2020,1,하선,동대문,155,평일,15:00,35.2
2020,1,상선,신설동,156,평일,15:00,32.1
2020,1,하선,신설동,156,평일,15:00,32.7
2020,1,상선,제기동,157,평일,15:00,28.3
2020,1,하선,제기동,157,평일,15:00,31.4
2020,1,상선,청량리,158,평일,15:00,28.9
2020,1,하선,청량리,158,평일,15:00,27.3
2020,1,상선,동묘앞,159,평일,15:00,35.0
2020,1,하선,동묘앞,159,평일,15:00,35.9
2020,1,상선,서울역,150,토요일,15:00,51.6
2020,1,하선,서울역,150,토요일,15:00,61.1
2020,1,상선,시청,151,토요일,15:00,52.3
2020,1,하선,시청,151,토요일,15:00,55.9
2020,1,상선,종각,152,토요일,15:00,53.6
2020,1,하선,종각,152,토요일,15:00,48.2
2020,1,상선,종로3가,153,토요일,15:00,56.4
2020,1,하선,종로3가,153,토요일,15:00,46.4
2020,1,상선,종로5가,154,토요일,15:00,50.3
2020,1,하선,종로5가,154,토요일,15:00,49.5
2020,1,상선,동대문,155,토요일,15:00,51.0
2020,1,하선,동대문,155,토요일,15:00,44.5
2020,1,상선,신설동,156,토요일,15:00,46.1
2020,1,하선,신설동,156,토요일,15:00,35.8
2020,1,상선,제기동,157,토요일,15:00,39.9
2020,1,하선,제기동,157,토요일,15:00,33.5
2020,1,상선,청량리,158,토요일,15:00,38.1
2020,1,하선,청량리,158,토요일,15:00,30.1
2020,1,상선,동묘앞,159,토요일,15:00,45.1
2020,1,하선,동묘앞,159,토요일,15:00,42.0
2020,1,상선,서울역,150,일요일,15:00,28.3
2020,1,하선,서울역,150,일요일,15:00,36.7
2020,1,상선,시청,151,일요일,15:00,28.4
2020,1,하선,시청,151,일요일,15:00,34.1
2020,1,상선,종각,152,일요일,15:00,29.1
2020,1,하선,종각,152,일요일,15:00,31.4
2020,1,상선,종로3가,153,일요일,15:00,31.6
2020,1,하선,종로3가,153,일요일,15:00,30.6
2020,1,상선,종로5가,154,일요일,15:00,29.7
2020,1,하선,종로5가,154,일요일,15:00,33.4
2020,1,상선,동대문,155,일요일,15:00,29.8
2020,1,하선,동대문,155,일요일,15:00,30.5
2020,1,상선,신설동,156,일요일,15:00,26.6
2020,1,하선,신설동,156,일요일,15:00,27.3
2020,1,상선,제기동,157,일요일,15:00,24.0
2020,1,하선,제기동,157,일요일,15:00,25.0
2020,1,상선,청량리,158,일요일,15:00,23.1
2020,1,하선,청량리,158,일요일,15:00,20.8
2020,1,상선,동묘앞,159,일요일,15:00,27.3
2020,1,하선,동묘앞,159,일요일,15:00,32.0
2021,1,상선,서울역,150,평일,15:00,19.3
2021,1,하선,서울역,150,평일,15:00,26.9
2021,1,상선,시청,151,평일,15:00,21.2
2021,1,하선,시청,151,평일,15:00,24.6
2021,1,상선,종각,152,평일,15:00,22.7
2021,1,하선,종각,152,평일,15:00,26.3
2021,1,상선,종로3가,153,평일,15:00,25.5
2021,1,하선,종로3가,153,평일,15:00,24.7
2021,1,상선,종로5가,154,평일,15:00,29.9
2021,1,하선,종로5가,154,평일,15:00,27.7
2021,1,상선,동대문,155,평일,15:00,30.7
2021,1,하선,동대문,155,평일,15:00,22.4
2021,1,상선,신설동,156,평일,15:00,22.4
2021,1,하선,신설동,156,평일,15:00,16.7
2021,1,상선,제기동,157,평일,15:00,19.5
2021,1,하선,제기동,157,평일,15:00,15.9
2021,1,상선,청량리,158,평일,15:00,16.4
2021,1,하선,청량리,158,평일,15:00,16.0
2021,1,상선,동묘앞,159,평일,15:00,24.2
2021,1,하선,동묘앞,159,평일,15:00,23.0
2021,1,상선,서울역,150,토요일,15:00,24.8
2021,1,하선,서울역,150,토요일,15:00,31.3
2021,1,상선,시청,151,토요일,15:00,24.7
2021,1,하선,시청,151,토요일,15:00,28.8
2021,1,상선,종각,152,토요일,15:00,23.6
2021,1,하선,종각,152,토요일,15:00,30.0
2021,1,상선,종로3가,153,토요일,15:00,25.7
2021,1,하선,종로3가,153,토요일,15:00,29.8
2021,1,상선,종로5가,154,토요일,15:00,29.9
2021,1,하선,종로5가,154,토요일,15:00,34.6
2021,1,상선,동대문,155,토요일,15:00,30.9
2021,1,하선,동대문,155,토요일,15:00,27.2
2021,1,상선,신설동,156,토요일,15:00,23.1
2021,1,하선,신설동,156,토요일,15:00,25.6
2021,1,상선,제기동,157,토요일,15:00,21.7
2021,1,하선,제기동,157,토요일,15:00,24.0
2021,1,상선,청량리,158,토요일,15:00,15.7
2021,1,하선,청량리,158,토요일,15:00,21.4
2021,1,상선,동묘앞,159,토요일,15:00,24.2
2021,1,하선,동묘앞,159,토요일,15:00,27.2
2021,1,상선,서울역,150,일요일,15:00,17.5
2021,1,하선,서울역,150,일요일,15:00,22.5
2021,1,상선,시청,151,일요일,15:00,17.9
2021,1,하선,시청,151,일요일,15:00,21.0
2021,1,상선,종각,152,일요일,15:00,17.6
2021,1,하선,종각,152,일요일,15:00,23.1
2021,1,상선,종로3가,153,일요일,15:00,18.6
2021,1,하선,종로3가,153,일요일,15:00,22.7
2021,1,상선,종로5가,154,일요일,15:00,20.9
2021,1,하선,종로5가,154,일요일,15:00,25.4
2021,1,상선,동대문,155,일요일,15:00,22.0
2021,1,하선,동대문,155,일요일,15:00,21.1
2021,1,상선,신설동,156,일요일,15:00,18.3
2021,1,하선,신설동,156,일요일,15:00,18.9
2021,1,상선,제기동,157,일요일,15:00,16.1
2021,1,하선,제기동,157,일요일,15:00,18.0
2021,1,상선,청량리,158,일요일,15:00,11.7
2021,1,하선,청량리,158,일요일,15:00,16.7
2021,1,상선,동묘앞,159,일요일,15:00,16.9
2021,1,하선,동묘앞,159,일요일,15:00,21.6
2022,1,상선,서울역,150,평일,15:00,18.5
2022,1,하선,서울역,150,평일,15:00,30.1
2022,1,상선,시청,151,평일,15:00,20.3
2022,1,하선,시청,151,평일,15:00,27.0
2022,1,상선,종각,152,평일,15:00,23.7
2022,1,하선,종각,152,평일,15:00,29.0
2022,1,상선,종로3가,153,평일,15:00,26.7
2022,1,하선,종로3가,153,평일,15:00,27.2
2022,1,상선,종로5가,154,평일,15:00,30.1
2022,1,하선,종로5가,154,평일,15:00,25.7
2022,1,상선,동대문,155,평일,15:00,30.8
2022,1,하선,동대문,155,평일,15:00,23.1
2022,1,상선,신설동,156,평일,15:00,25.8
2022,1,하선,신설동,156,평일,15:00,17.5
2022,1,상선,제기동,157,평일,15:00,20.3
2022,1,하선,제기동,157,평일,15:00,17.0
2022,1,상선,청량리,158,평일,15:00,14.6
2022,1,하선,청량리,158,평일,15:00,17.0
2022,1,상선,동묘앞,159,평일,15:00,27.7
2022,1,하선,동묘앞,159,평일,15:00,22.6
2022,1,상선,서울역,150,토요일,15:00,30.8
2022,1,하선,서울역,150,토요일,15:00,35.7
2022,1,상선,시청,151,토요일,15:00,29.6
2022,1,하선,시청,151,토요일,15:00,33.1
2022,1,상선,종각,152,토요일,15:00,28.7
2022,1,하선,종각,152,토요일,15:00,37.1
2022,1,상선,종로3가,153,토요일,15:00,30.8
2022,1,하선,종로3가,153,토요일,15:00,36.1
2022,1,상선,종로5가,154,토요일,15:00,34.9
2022,1,하선,종로5가,154,토요일,15:00,39.7
2022,1,상선,동대문,155,토요일,15:00,35.8
2022,1,하선,동대문,155,토요일,15:00,30.8
2022,1,상선,신설동,156,토요일,15:00,29.5
2022,1,하선,신설동,156,토요일,15:00,25.8
2022,1,상선,제기동,157,토요일,15:00,25.3
2022,1,하선,제기동,157,토요일,15:00,24.2
2022,1,상선,청량리,158,토요일,15:00,16.1
2022,1,하선,청량리,158,토요일,15:00,23.5
2022,1,상선,동묘앞,159,토요일,15:00,24.8
2022,1,하선,동묘앞,159,토요일,15:00,31.2
2022,1,상선,서울역,150,일요일,15:00,22.7
2022,1,하선,서울역,150,일요일,15:00,31.5
2022,1,상선,시청,151,일요일,15:00,22.6
2022,1,하선,시청,151,일요일,15:00,29.1
2022,1,상선,종각,152,일요일,15:00,21.7
2022,1,하선,종각,152,일요일,15:00,31.8
2022,1,상선,종로3가,153,일요일,15:00,22.9
2022,1,하선,종로3가,153,일요일,15:00,30.9
2022,1,상선,종로5가,154,일요일,15:00,25.6
2022,1,하선,종로5가,154,일요일,15:00,34.7
2022,1,상선,동대문,155,일요일,15:00,26.9
2022,1,하선,동대문,155,일요일,15:00,28.1
2022,1,상선,신설동,156,일요일,15:00,23.8
2022,1,하선,신설동,156,일요일,15:00,22.4
2022,1,상선,제기동,157,일요일,15:00,21.1
2022,1,하선,제기동,157,일요일,15:00,20.9
2022,1,상선,청량리,158,일요일,15:00,11.9
2022,1,하선,청량리,158,일요일,15:00,19.4
2022,1,상선,동묘앞,159,일요일,15:00,19.4
2022,1,하선,동묘앞,159,일요일,15:00,28.8
2023,1,상선,서울역,150,평일,15:00,25.4
2023,1,하선,서울역,150,평일,15:00,42.3
2023,1,상선,시청,151,평일,15:00,27.4
2023,1,하선,시청,151,평일,15:00,38.3
2023,1,상선,종각,152,평일,15:00,30.1
2023,1,하선,종각,152,평일,15:00,38.2
2023,1,상선,종로3가,153,평일,15:00,33.9
2023,1,하선,종로3가,153,평일,15:00,35.0
2023,1,상선,종로5가,154,평일,15:00,35.4
2023,1,하선,종로5가,154,평일,15:00,36.0
2023,1,상선,동대문,155,평일,15:00,35.8
2023,1,하선,동대문,155,평일,15:00,32.1
2023,1,상선,신설동,156,평일,15:00,31.4
2023,1,하선,신설동,156,평일,15:00,26.6
2023,1,상선,제기동,157,평일,15:00,26.0
2023,1,하선,제기동,157,평일,15:00,25.3
2023,1,상선,청량리,158,평일,15:00,18.7
2023,1,하선,청량리,158,평일,15:00,24.3
2023,1,상선,동묘앞,159,평일,15:00,32.5
2023,1,하선,동묘앞,159,평일,15:00,30.8
2023,1,상선,서울역,150,토요일,15:00,33.9
2023,1,하선,서울역,150,토요일,15:00,54.6
2023,1,상선,시청,151,토요일,15:00,39.0
2023,1,하선,시청,151,토요일,15:00,51.1
2023,1,상선,종각,152,토요일,15:00,40.4
2023,1,하선,종각,152,토요일,15:00,51.0
2023,1,상선,종로3가,153,토요일,15:00,41.5
2023,1,하선,종로3가,153,토요일,15:00,48.2
2023,1,상선,종로5가,154,토요일,15:00,43.7
2023,1,하선,종로5가,154,토요일,15:00,53.7
2023,1,상선,동대문,155,토요일,15:00,44.1
2023,1,하선,동대문,155,토요일,15:00,41.2
2023,1,상선,신설동,156,토요일,15:00,39.8
2023,1,하선,신설동,156,토요일,15:00,38.6
2023,1,상선,제기동,157,토요일,15:00,34.4
2023,1,하선,제기동,157,토요일,15:00,35.5
2023,1,상선,청량리,158,토요일,15:00,22.4
2023,1,하선,청량리,158,토요일,15:00,34.1
2023,1,상선,동묘앞,159,토요일,15:00,33.0
2023,1,하선,동묘앞,159,토요일,15:00,40.3
2023,1,상선,서울역,150,공휴일,15:00,26.9
2023,1,하선,서울역,150,공휴일,15:00,39.6
2023,1,상선,시청,151,공휴일,15:00,28.2
2023,1,하선,시청,151,공휴일,15:00,37.5
2023,1,상선,종각,152,공휴일,15:00,27.1
2023,1,하선,종각,152,공휴일,15:00,39.3
2023,1,상선,종로3가,153,공휴일,15:00,28.2
2023,1,하선,종로3가,153,공휴일,15:00,37.5
2023,1,상선,종로5가,154,공휴일,15:00,32.1
2023,1,하선,종로5가,154,공휴일,15:00,40.2
2023,1,상선,동대문,155,공휴일,15:00,33.7
2023,1,하선,동대문,155,공휴일,15:00,32.6
2023,1,상선,신설동,156,공휴일,15:00,32.2
2023,1,하선,신설동,156,공휴일,15:00,24.5
2023,1,상선,제기동,157,공휴일,15:00,26.8
2023,1,하선,제기동,157,공휴일,15:00,23.2
2023,1,상선,청량리,158,공휴일,15:00,16.1
2023,1,하선,청량리,158,공휴일,15:00,19.5
2023,1,상선,동묘앞,159,공휴일,15:00,27.0
2023,1,하선,동묘앞,159,공휴일,15:00,32.7
202403,1,상선,청량리,158,평일,15:00,19.0
202403,1,하선,청량리,158,평일,15:00,25.4
202403,1,상선,제기동,157,평일,15:00,26.9
202403,1,하선,제기동,157,평일,15:00,27.1
202403,1,상선,신설동,156,평일,15:00,32.7
202403,1,하선,신설동,156,평일,15:00,28.4
202403,1,상선,동묘앞,159,평일,15:00,34.0
202403,1,하선,동묘앞,159,평일,15:00,33.3
202403,1,상선,동대문,155,평일,15:00,37.9
202403,1,하선,동대문,155,평일,15:00,34.2
202403,1,상선,종로5가,154,평일,15:00,37.5
202403,1,하선,종로5가,154,평일,15:00,38.7
202403,1,상선,종로3가,153,평일,15:00,36.1
202403,1,하선,종로3가,153,평일,15:00,38.5
202403,1,상선,종각,152,평일,15:00,31.7
202403,1,하선,종각,152,평일,15:00,41.5
202403,1,상선,시청,151,평일,15:00,28.9
202403,1,하선,시청,151,평일,15:00,41.1
202403,1,상선,서울역,150,평일,15:00,26.8
202403,1,하선,서울역,150,평일,15:00,44.2
202403,1,상선,청량리,158,토요일,15:00,20.8
202403,1,하선,청량리,158,토요일,15:00,34.2
202403,1,상선,제기동,157,토요일,15:00,32.7
202403,1,하선,제기동,157,토요일,15:00,37.1
202403,1,상선,신설동,156,토요일,15:00,38.2
202403,1,하선,신설동,156,토요일,15:00,39.6
202403,1,상선,동묘앞,159,토요일,15:00,32.6
202403,1,하선,동묘앞,159,토요일,15:00,44.4
202403,1,상선,동대문,155,토요일,15:00,42.7
202403,1,하선,동대문,155,토요일,15:00,43.8
202403,1,상선,종로5가,154,토요일,15:00,42.3
202403,1,하선,종로5가,154,토요일,15:00,54.7
202403,1,상선,종로3가,153,토요일,15:00,39.5
202403,1,하선,종로3가,153,토요일,15:00,49.7
202403,1,상선,종각,152,토요일,15:00,37.4
202403,1,하선,종각,152,토요일,15:00,50.4
202403,1,상선,시청,151,토요일,15:00,40.4
202403,1,하선,시청,151,토요일,15:00,42.3
202403,1,상선,서울역,150,토요일,15:00,41.9
202403,1,하선,서울역,150,토요일,15:00,44.7
202403,1,상선,청량리,158,일요일,15:00,17.2
202403,1,하선,청량리,158,일요일,15:00,25.9
202403,1,상선,제기동,157,일요일,15:00,28.0
202403,1,하선,제기동,157,일요일,15:00,28.2
202403,1,상선,신설동,156,일요일,15:00,31.7
202403,1,하선,신설동,156,일요일,15:00,30.1
202403,1,상선,동묘앞,159,일요일,15:00,26.2
202403,1,하선,동묘앞,159,일요일,15:00,36.2
202403,1,상선,동대문,155,일요일,15:00,35.5
202403,1,하선,동대문,155,일요일,15:00,36.9
202403,1,상선,종로5가,154,일요일,15:00,34.1
202403,1,하선,종로5가,154,일요일,15:00,45.6
202403,1,상선,종로3가,153,일요일,15:00,31.7
202403,1,하선,종로3가,153,일요일,15:00,40.2
202403,1,상선,종각,152,일요일,15:00,30.5
202403,1,하선,종각,152,일요일,15:00,42.0
202403,1,상선,시청,151,일요일,15:00,32.3
202403,1,하선,시청,151,일요일,15:00,39.4
202403,1,상선,서울역,150,일요일,15:00,31.4
202403,1,하선,서울역,150,일요일,15:00,41.2
202406,1,상선,청량리,158,평일,15:00,19.9
202406,1,하선,청량리,158,평일,15:00,29.5
202406,1,상선,제기동,157,평일,15:00,26.5
202406,1,하선,제기동,157,평일,15:00,30.5
202406,1,상선,신설동,156,평일,15:00,32.2
202406,1,하선,신설동,156,평일,15:00,30.2
202406,1,상선,동묘앞,159,평일,15:00,33.5
202406,1,하선,동묘앞,159,평일,15:00,34.4
202406,1,상선,동대문,155,평일,15:00,36.9
202406,1,하선,동대문,155,평일,15:00,35.2
202406,1,상선,종로5가,154,평일,15:00,36.6
202406,1,하선,종로5가,154,평일,15:00,40.0
202406,1,상선,종로3가,153,평일,15:00,34.9
202406,1,하선,종로3가,153,평일,15:00,40.0
202406,1,상선,종각,152,평일,15:00,31.4
202406,1,하선,종각,152,평일,15:00,43.1
202406,1,상선,시청,151,평일,15:00,28.8
202406,1,하선,시청,151,평일,15:00,42.8
202406,1,상선,서울역,150,평일,15:00,26.2
202406,1,하선,서울역,150,평일,15:00,47.2
202406,1,상선,청량리,158,토요일,15:00,23.6
202406,1,하선,청량리,158,토요일,15:00,33.3
202406,1,상선,제기동,157,토요일,15:00,26.5
202406,1,하선,제기동,157,토요일,15:00,34.1
202406,1,상선,신설동,156,토요일,15:00,37.6
202406,1,하선,신설동,156,토요일,15:00,36.6
202406,1,상선,동묘앞,159,토요일,15:00,32.6
202406,1,하선,동묘앞,159,토요일,15:00,44.3
202406,1,상선,동대문,155,토요일,15:00,39.1
202406,1,하선,동대문,155,토요일,15:00,44.3
202406,1,상선,종로5가,154,토요일,15:00,41.4
202406,1,하선,종로5가,154,토요일,15:00,49.3
202406,1,상선,종로3가,153,토요일,15:00,43.1
202406,1,하선,종로3가,153,토요일,15:00,48.4
202406,1,상선,종각,152,토요일,15:00,37.4
202406,1,하선,종각,152,토요일,15:00,48.8
202406,1,상선,시청,151,토요일,15:00,38.4
202406,1,하선,시청,151,토요일,15:00,46.3
202406,1,상선,서울역,150,토요일,15:00,40.3
202406,1,하선,서울역,150,토요일,15:00,49.6
202406,1,상선,청량리,158,일요일,15:00,23.1
202406,1,하선,청량리,158,일요일,15:00,25.9
202406,1,상선,제기동,157,일요일,15:00,23.1
202406,1,하선,제기동,157,일요일,15:00,27.4
202406,1,상선,신설동,156,일요일,15:00,30.2
202406,1,하선,신설동,156,일요일,15:00,29.1
202406,1,상선,동묘앞,159,일요일,15:00,25.5
202406,1,하선,동묘앞,159,일요일,15:00,35.9
202406,1,상선,동대문,155,일요일,15:00,33.0
202406,1,하선,동대문,155,일요일,15:00,36.5
202406,1,상선,종로5가,154,일요일,15:00,34.7
202406,1,하선,종로5가,154,일요일,15:00,38.8
202406,1,상선,종로3가,153,일요일,15:00,35.4
202406,1,하선,종로3가,153,일요일,15:00,38.6
202406,1,상선,종각,152,일요일,15:00,29.9
202406,1,하선,종각,152,일요일,15:00,39.3
202406,1,상선,시청,151,일요일,15:00,29.7
202406,1,하선,시청,151,일요일,15:00,38.0
202406,1,상선,서울역,150,일요일,15:00,29.5
202406,1,하선,서울역,150,일요일,15:00,39.7
2020,1,상선,서울역,150,평일,15:30,26.0
2020,1,하선,서울역,150,평일,15:30,43.7
2020,1,상선,시청,151,평일,15:30,28.3
2020,1,하선,시청,151,평일,15:30,41.9
2020,1,상선,종각,152,평일,15:30,30.7
2020,1,하선,종각,152,평일,15:30,39.7
2020,1,상선,종로3가,153,평일,15:30,34.3
2020,1,하선,종로3가,153,평일,15:30,37.0
2020,1,상선,종로5가,154,평일,15:30,36.7
2020,1,하선,종로5가,154,평일,15:30,37.4
2020,1,상선,동대문,155,평일,15:30,36.1
2020,1,하선,동대문,155,평일,15:30,33.4
2020,1,상선,신설동,156,평일,15:30,33.8
2020,1,하선,신설동,156,평일,15:30,34.0
2020,1,상선,제기동,157,평일,15:30,29.8
2020,1,하선,제기동,157,평일,15:30,32.1
2020,1,상선,청량리,158,평일,15:30,22.4
2020,1,하선,청량리,158,평일,15:30,18.4
2020,1,상선,동묘앞,159,평일,15:30,33.5
2020,1,하선,동묘앞,159,평일,15:30,38.0
2020,1,상선,서울역,150,토요일,15:30,41.1
2020,1,하선,서울역,150,토요일,15:30,60.8
2020,1,상선,시청,151,토요일,15:30,46.7
2020,1,하선,시청,151,토요일,15:30,61.3
2020,1,상선,종각,152,토요일,15:30,48.4
2020,1,하선,종각,152,토요일,15:30,56.8
2020,1,상선,종로3가,153,토요일,15:30,50.7
2020,1,하선,종로3가,153,토요일,15:30,54.9
2020,1,상선,종로5가,154,토요일,15:30,48.3
2020,1,하선,종로5가,154,토요일,15:30,63.9
2020,1,상선,동대문,155,토요일,15:30,47.4
2020,1,하선,동대문,155,토요일,15:30,57.7
2020,1,상선,신설동,156,토요일,15:30,43.0
2020,1,하선,신설동,156,토요일,15:30,50.2
2020,1,상선,제기동,157,토요일,15:30,38.9
2020,1,하선,제기동,157,토요일,15:30,45.9
2020,1,상선,청량리,158,토요일,15:30,27.5
2020,1,하선,청량리,158,토요일,15:30,34.6
2020,1,상선,동묘앞,159,토요일,15:30,42.8
2020,1,하선,동묘앞,159,토요일,15:30,58.8
2020,1,상선,서울역,150,일요일,15:30,19.6
2020,1,하선,서울역,150,일요일,15:30,35.5
2020,1,상선,시청,151,일요일,15:30,22.0
2020,1,하선,시청,151,일요일,15:30,34.6
2020,1,상선,종각,152,일요일,15:30,24.3
2020,1,하선,종각,152,일요일,15:30,34.0
2020,1,상선,종로3가,153,일요일,15:30,28.6
2020,1,하선,종로3가,153,일요일,15:30,32.6
2020,1,상선,종로5가,154,일요일,15:30,27.8
2020,1,하선,종로5가,154,일요일,15:30,36.3
2020,1,상선,동대문,155,일요일,15:30,29.1
2020,1,하선,동대문,155,일요일,15:30,33.7
2020,1,상선,신설동,156,일요일,15:30,27.2
2020,1,하선,신설동,156,일요일,15:30,27.2
2020,1,상선,제기동,157,일요일,15:30,25.6
2020,1,하선,제기동,157,일요일,15:30,25.4
2020,1,상선,청량리,158,일요일,15:30,18.3
2020,1,하선,청량리,158,일요일,15:30,20.4
2020,1,상선,동묘앞,159,일요일,15:30,27.6
2020,1,하선,동묘앞,159,일요일,15:30,32.3
2021,1,상선,서울역,150,평일,15:30,16.9
2021,1,하선,서울역,150,평일,15:30,21.7
2021,1,상선,시청,151,평일,15:30,18.6
2021,1,하선,시청,151,평일,15:30,23.7
2021,1,상선,종각,152,평일,15:30,22.0
2021,1,하선,종각,152,평일,15:30,19.1
2021,1,상선,종로3가,153,평일,15:30,24.8
2021,1,하선,종로3가,153,평일,15:30,18.0
2021,1,상선,종로5가,154,평일,15:30,21.1
2021,1,하선,종로5가,154,평일,15:30,18.7
2021,1,상선,동대문,155,평일,15:30,20.4
2021,1,하선,동대문,155,평일,15:30,19.1
2021,1,상선,신설동,156,평일,15:30,23.1
2021,1,하선,신설동,156,평일,15:30,21.0
2021,1,상선,제기동,157,평일,15:30,20.1
2021,1,하선,제기동,157,평일,15:30,19.9
2021,1,상선,청량리,158,평일,15:30,17.9
2021,1,하선,청량리,158,평일,15:30,12.4
2021,1,상선,동묘앞,159,평일,15:30,19.1
2021,1,하선,동묘앞,159,평일,15:30,19.0
2021,1,상선,서울역,150,토요일,15:30,22.4
2021,1,하선,서울역,150,토요일,15:30,24.6
2021,1,상선,시청,151,토요일,15:30,22.9
2021,1,하선,시청,151,토요일,15:30,27.6
2021,1,상선,종각,152,토요일,15:30,22.6
2021,1,하선,종각,152,토요일,15:30,25.3
2021,1,상선,종로3가,153,토요일,15:30,25.0
2021,1,하선,종로3가,153,토요일,15:30,25.0
2021,1,상선,종로5가,154,토요일,15:30,21.0
2021,1,하선,종로5가,154,토요일,15:30,26.7
2021,1,상선,동대문,155,토요일,15:30,19.6
2021,1,하선,동대문,155,토요일,15:30,28.1
2021,1,상선,신설동,156,토요일,15:30,27.6
2021,1,하선,신설동,156,토요일,15:30,24.4
2021,1,상선,제기동,157,토요일,15:30,22.3
2021,1,하선,제기동,157,토요일,15:30,23.3
2021,1,상선,청량리,158,토요일,15:30,21.1
2021,1,하선,청량리,158,토요일,15:30,16.9
2021,1,상선,동묘앞,159,토요일,15:30,18.3
2021,1,하선,동묘앞,159,토요일,15:30,28.6
2021,1,상선,서울역,150,일요일,15:30,15.7
2021,1,하선,서울역,150,일요일,15:30,19.8
2021,1,상선,시청,151,일요일,15:30,16.3
2021,1,하선,시청,151,일요일,15:30,22.3
2021,1,상선,종각,152,일요일,15:30,16.8
2021,1,하선,종각,152,일요일,15:30,19.7
2021,1,상선,종로3가,153,일요일,15:30,18.4
2021,1,하선,종로3가,153,일요일,15:30,19.5
2021,1,상선,종로5가,154,일요일,15:30,15.6
2021,1,하선,종로5가,154,일요일,15:30,20.7
2021,1,상선,동대문,155,일요일,15:30,15.0
2021,1,하선,동대문,155,일요일,15:30,22.0
2021,1,상선,신설동,156,일요일,15:30,19.2
2021,1,하선,신설동,156,일요일,15:30,18.8
2021,1,상선,제기동,157,일요일,15:30,16.1
2021,1,하선,제기동,157,일요일,15:30,17.3
2021,1,상선,청량리,158,일요일,15:30,15.0
2021,1,하선,청량리,158,일요일,15:30,13.4
2021,1,상선,동묘앞,159,일요일,15:30,14.4
2021,1,하선,동묘앞,159,일요일,15:30,22.6
2022,1,상선,서울역,150,평일,15:30,18.4
2022,1,하선,서울역,150,평일,15:30,24.4
2022,1,상선,시청,151,평일,15:30,19.3
2022,1,하선,시청,151,평일,15:30,26.4
2022,1,상선,종각,152,평일,15:30,22.3
2022,1,하선,종각,152,평일,15:30,21.0
2022,1,상선,종로3가,153,평일,15:30,25.5
2022,1,하선,종로3가,153,평일,15:30,20.4
2022,1,상선,종로5가,154,평일,15:30,22.6
2022,1,하선,종로5가,154,평일,15:30,24.1
2022,1,상선,동대문,155,평일,15:30,21.2
2022,1,하선,동대문,155,평일,15:30,21.1
2022,1,상선,신설동,156,평일,15:30,24.8
2022,1,하선,신설동,156,평일,15:30,23.0
2022,1,상선,제기동,157,평일,15:30,22.0
2022,1,하선,제기동,157,평일,15:30,21.9
2022,1,상선,청량리,158,평일,15:30,21.8
2022,1,하선,청량리,158,평일,15:30,14.5
2022,1,상선,동묘앞,159,평일,15:30,20.0
2022,1,하선,동묘앞,159,평일,15:30,20.6
2022,1,상선,서울역,150,토요일,15:30,25.4
2022,1,하선,서울역,150,토요일,15:30,32.8
2022,1,상선,시청,151,토요일,15:30,23.8
2022,1,하선,시청,151,토요일,15:30,35.5
2022,1,상선,종각,152,토요일,15:30,24.6
2022,1,하선,종각,152,토요일,15:30,30.5
2022,1,상선,종로3가,153,토요일,15:30,25.7
2022,1,하선,종로3가,153,토요일,15:30,31.4
2022,1,상선,종로5가,154,토요일,15:30,22.3
2022,1,하선,종로5가,154,토요일,15:30,34.3
2022,1,상선,동대문,155,토요일,15:30,22.5
2022,1,하선,동대문,155,토요일,15:30,35.8
2022,1,상선,신설동,156,토요일,15:30,27.9
2022,1,하선,신설동,156,토요일,15:30,32.5
2022,1,상선,제기동,157,토요일,15:30,24.9
2022,1,하선,제기동,157,토요일,15:30,30.7
2022,1,상선,청량리,158,토요일,15:30,26.8
2022,1,하선,청량리,158,토요일,15:30,22.4
2022,1,상선,동묘앞,159,토요일,15:30,24.8
2022,1,하선,동묘앞,159,토요일,15:30,36.3
2022,1,상선,서울역,150,일요일,15:30,20.0
2022,1,하선,서울역,150,일요일,15:30,26.5
2022,1,상선,시청,151,일요일,15:30,19.3
2022,1,하선,시청,151,일요일,15:30,29.8
2022,1,상선,종각,152,일요일,15:30,20.3
2022,1,하선,종각,152,일요일,15:30,25.1
2022,1,상선,종로3가,153,일요일,15:30,22.7
2022,1,하선,종로3가,153,일요일,15:30,24.9
2022,1,상선,종로5가,154,일요일,15:30,19.4
2022,1,하선,종로5가,154,일요일,15:30,27.0
2022,1,상선,동대문,155,일요일,15:30,17.8
2022,1,하선,동대문,155,일요일,15:30,28.5
2022,1,상선,신설동,156,일요일,15:30,22.8
2022,1,하선,신설동,156,일요일,15:30,23.4
2022,1,상선,제기동,157,일요일,15:30,20.1
2022,1,하선,제기동,157,일요일,15:30,21.6
2022,1,상선,청량리,158,일요일,15:30,22.2
2022,1,하선,청량리,158,일요일,15:30,16.4
2022,1,상선,동묘앞,159,일요일,15:30,19.6
2022,1,하선,동묘앞,159,일요일,15:30,28.5
2023,1,상선,서울역,150,평일,15:30,24.0
2023,1,하선,서울역,150,평일,15:30,35.6
2023,1,상선,시청,151,평일,15:30,24.6
2023,1,하선,시청,151,평일,15:30,37.6
2023,1,상선,종각,152,평일,15:30,27.8
2023,1,하선,종각,152,평일,15:30,32.4
2023,1,상선,종로3가,153,평일,15:30,33.9
2023,1,하선,종로3가,153,평일,15:30,30.7
2023,1,상선,종로5가,154,평일,15:30,31.8
2023,1,하선,종로5가,154,평일,15:30,34.7
2023,1,상선,동대문,155,평일,15:30,31.5
2023,1,하선,동대문,155,평일,15:30,30.8
2023,1,상선,신설동,156,평일,15:30,30.5
2023,1,하선,신설동,156,평일,15:30,28.5
2023,1,상선,제기동,157,평일,15:30,27.5
2023,1,하선,제기동,157,평일,15:30,26.8
2023,1,상선,청량리,158,평일,15:30,27.6
2023,1,하선,청량리,158,평일,15:30,19.5
2023,1,상선,동묘앞,159,평일,15:30,29.1
2023,1,하선,동묘앞,159,평일,15:30,30.4
2023,1,상선,서울역,150,토요일,15:30,47.7
2023,1,하선,서울역,150,토요일,15:30,46.0
2023,1,상선,시청,151,토요일,15:30,46.3
2023,1,하선,시청,151,토요일,15:30,51.5
2023,1,상선,종각,152,토요일,15:30,40.8
2023,1,하선,종각,152,토요일,15:30,47.7
2023,1,상선,종로3가,153,토요일,15:30,42.3
2023,1,하선,종로3가,153,토요일,15:30,48.0
2023,1,상선,종로5가,154,토요일,15:30,36.8
2023,1,하선,종로5가,154,토요일,15:30,50.1
2023,1,상선,동대문,155,토요일,15:30,32.0
2023,1,하선,동대문,155,토요일,15:30,50.3
2023,1,상선,신설동,156,토요일,15:30,35.6
2023,1,하선,신설동,156,토요일,15:30,40.4
2023,1,상선,제기동,157,토요일,15:30,31.4
2023,1,하선,제기동,157,토요일,15:30,38.1
2023,1,상선,청량리,158,토요일,15:30,35.0
2023,1,하선,청량리,158,토요일,15:30,30.2
2023,1,상선,동묘앞,159,토요일,15:30,32.7
2023,1,하선,동묘앞,159,토요일,15:30,49.1
2023,1,상선,서울역,150,공휴일,15:30,27.3
2023,1,하선,서울역,150,공휴일,15:30,32.4
2023,1,상선,시청,151,공휴일,15:30,26.0
2023,1,하선,시청,151,공휴일,15:30,37.3
2023,1,상선,종각,152,공휴일,15:30,27.5
2023,1,하선,종각,152,공휴일,15:30,33.7
2023,1,상선,종로3가,153,공휴일,15:30,31.9
2023,1,하선,종로3가,153,공휴일,15:30,33.0
2023,1,상선,종로5가,154,공휴일,15:30,27.9
2023,1,하선,종로5가,154,공휴일,15:30,34.1
2023,1,상선,동대문,155,공휴일,15:30,26.7
2023,1,하선,동대문,155,공휴일,15:30,35.1
2023,1,상선,신설동,156,공휴일,15:30,27.1
2023,1,하선,신설동,156,공휴일,15:30,29.3
2023,1,상선,제기동,157,공휴일,15:30,24.9
2023,1,하선,제기동,157,공휴일,15:30,27.2
2023,1,상선,청량리,158,공휴일,15:30,28.0
2023,1,하선,청량리,158,공휴일,15:30,23.3
2023,1,상선,동묘앞,159,공휴일,15:30,24.5
2023,1,하선,동묘앞,159,공휴일,15:30,34.6
202403,1,상선,청량리,158,평일,15:30,28.5
202403,1,하선,청량리,158,평일,15:30,20.6
202403,1,상선,제기동,157,평일,15:30,28.5
202403,1,하선,제기동,157,평일,15:30,27.9
202403,1,상선,신설동,156,평일,15:30,31.4
202403,1,하선,신설동,156,평일,15:30,29.1
202403,1,상선,동묘앞,159,평일,15:30,29.5
202403,1,하선,동묘앞,159,평일,15:30,31.0
202403,1,상선,동대문,155,평일,15:30,32.3
202403,1,하선,동대문,155,평일,15:30,31.7
202403,1,상선,종로5가,154,평일,15:30,33.2
202403,1,하선,종로5가,154,평일,15:30,35.5
202403,1,상선,종로3가,153,평일,15:30,35.0
202403,1,하선,종로3가,153,평일,15:30,32.2
202403,1,상선,종각,152,평일,15:30,30.6
202403,1,하선,종각,152,평일,15:30,33.2
202403,1,상선,시청,151,평일,15:30,27.2
202403,1,하선,시청,151,평일,15:30,39.3
202403,1,상선,서울역,150,평일,15:30,26.3
202403,1,하선,서울역,150,평일,15:30,37.2
202403,1,상선,청량리,158,토요일,15:30,33.9
202403,1,하선,청량리,158,토요일,15:30,28.6
202403,1,상선,제기동,157,토요일,15:30,31.3
202403,1,하선,제기동,157,토요일,15:30,35.5
202403,1,상선,신설동,156,토요일,15:30,34.5
202403,1,하선,신설동,156,토요일,15:30,38.6
202403,1,상선,동묘앞,159,토요일,15:30,31.2
202403,1,하선,동묘앞,159,토요일,15:30,45.4
202403,1,상선,동대문,155,토요일,15:30,31.3
202403,1,하선,동대문,155,토요일,15:30,46.3
202403,1,상선,종로5가,154,토요일,15:30,35.4
202403,1,하선,종로5가,154,토요일,15:30,46.1
202403,1,상선,종로3가,153,토요일,15:30,41.3
202403,1,하선,종로3가,153,토요일,15:30,43.6
202403,1,상선,종각,152,토요일,15:30,37.6
202403,1,하선,종각,152,토요일,15:30,43.7
202403,1,상선,시청,151,토요일,15:30,37.1
202403,1,하선,시청,151,토요일,15:30,50.9
202403,1,상선,서울역,150,토요일,15:30,37.9
202403,1,하선,서울역,150,토요일,15:30,45.1
202403,1,상선,청량리,158,일요일,15:30,34.3
202403,1,하선,청량리,158,일요일,15:30,21.6
202403,1,상선,제기동,157,일요일,15:30,30.9
202403,1,하선,제기동,157,일요일,15:30,26.2
202403,1,상선,신설동,156,일요일,15:30,34.2
202403,1,하선,신설동,156,일요일,15:30,27.9
202403,1,상선,동묘앞,159,일요일,15:30,30.4
202403,1,하선,동묘앞,159,일요일,15:30,34.9
202403,1,상선,동대문,155,일요일,15:30,28.1
202403,1,하선,동대문,155,일요일,15:30,35.2
202403,1,상선,종로5가,154,일요일,15:30,30.7
202403,1,하선,종로5가,154,일요일,15:30,35.4
202403,1,상선,종로3가,153,일요일,15:30,34.3
202403,1,하선,종로3가,153,일요일,15:30,32.4
202403,1,상선,종각,152,일요일,15:30,30.0
202403,1,하선,종각,152,일요일,15:30,33.3
202403,1,상선,시청,151,일요일,15:30,28.6
202403,1,하선,시청,151,일요일,15:30,37.6
202403,1,상선,서울역,150,일요일,15:30,28.8
202403,1,하선,서울역,150,일요일,15:30,34.0
202406,1,상선,청량리,158,평일,15:30,28.0
202406,1,하선,청량리,158,평일,15:30,27.4
202406,1,상선,제기동,157,평일,15:30,26.8
202406,1,하선,제기동,157,평일,15:30,32.7
202406,1,상선,신설동,156,평일,15:30,30.8
202406,1,하선,신설동,156,평일,15:30,35.8
202406,1,상선,동묘앞,159,평일,15:30,28.0
202406,1,하선,동묘앞,159,평일,15:30,42.3
202406,1,상선,동대문,155,평일,15:30,34.3
202406,1,하선,동대문,155,평일,15:30,43.9
202406,1,상선,종로5가,154,평일,15:30,33.3
202406,1,하선,종로5가,154,평일,15:30,53.8
202406,1,상선,종로3가,153,평일,15:30,36.7
202406,1,하선,종로3가,153,평일,15:30,42.6
202406,1,상선,종각,152,평일,15:30,30.6
202406,1,하선,종각,152,평일,15:30,47.9
202406,1,상선,시청,151,평일,15:30,27.1
202406,1,하선,시청,151,평일,15:30,54.8
202406,1,상선,서울역,150,평일,15:30,26.2
202406,1,하선,서울역,150,평일,15:30,56.1
202406,1,상선,청량리,158,토요일,15:30,33.3
202406,1,하선,청량리,158,토요일,15:30,28.7
202406,1,상선,제기동,157,토요일,15:30,35.4
202406,1,하선,제기동,157,토요일,15:30,36.2
202406,1,상선,신설동,156,토요일,15:30,34.7
202406,1,하선,신설동,156,토요일,15:30,39.2
202406,1,상선,동묘앞,159,토요일,15:30,33.7
202406,1,하선,동묘앞,159,토요일,15:30,46.5
202406,1,상선,동대문,155,토요일,15:30,34.4
202406,1,하선,동대문,155,토요일,15:30,51.8
202406,1,상선,종로5가,154,토요일,15:30,35.3
202406,1,하선,종로5가,154,토요일,15:30,56.4
202406,1,상선,종로3가,153,토요일,15:30,35.1
202406,1,하선,종로3가,153,토요일,15:30,46.4
202406,1,상선,종각,152,토요일,15:30,36.1
202406,1,하선,종각,152,토요일,15:30,47.1
202406,1,상선,시청,151,토요일,15:30,39.8
202406,1,하선,시청,151,토요일,15:30,46.4
202406,1,상선,서울역,150,토요일,15:30,42.0
202406,1,하선,서울역,150,토요일,15:30,49.8
202406,1,상선,청량리,158,일요일,15:30,29.3
202406,1,하선,청량리,158,일요일,15:30,20.7
202406,1,상선,제기동,157,일요일,15:30,31.9
202406,1,하선,제기동,157,일요일,15:30,24.3
202406,1,상선,신설동,156,일요일,15:30,32.7
202406,1,하선,신설동,156,일요일,15:30,26.6
202406,1,상선,동묘앞,159,일요일,15:30,30.7
202406,1,하선,동묘앞,159,일요일,15:30,35.9
202406,1,상선,동대문,155,일요일,15:30,30.0
202406,1,하선,동대문,155,일요일,15:30,40.2
202406,1,상선,종로5가,154,일요일,15:30,30.8
202406,1,하선,종로5가,154,일요일,15:30,43.4
202406,1,상선,종로3가,153,일요일,15:30,31.2
202406,1,하선,종로3가,153,일요일,15:30,36.9
202406,1,상선,종각,152,일요일,15:30,30.4
202406,1,하선,종각,152,일요일,15:30,38.8
202406,1,상선,시청,151,일요일,15:30,29.7
202406,1,하선,시청,151,일요일,15:30,40.1
202406,1,상선,서울역,150,일요일,15:30,31.1
202406,1,하선,서울역,150,일요일,15:30,40.4
2020,1,상선,서울역,150,평일,16:00,27.5
2020,1,하선,서울역,150,평일,16:00,46.4
2020,1,상선,시청,151,평일,16:00,29.7
2020,1,하선,시청,151,평일,16:00,44.3
2020,1,상선,종각,152,평일,16:00,30.4
2020,1,하선,종각,152,평일,16:00,40.7
2020,1,상선,종로3가,153,평일,16:00,35.2
2020,1,하선,종로3가,153,평일,16:00,40.5
2020,1,상선,종로5가,154,평일,16:00,32.9
2020,1,하선,종로5가,154,평일,16:00,41.2
2020,1,상선,동대문,155,평일,16:00,36.5
2020,1,하선,동대문,155,평일,16:00,35.7
2020,1,상선,신설동,156,평일,16:00,31.3
2020,1,하선,신설동,156,평일,16:00,27.5
2020,1,상선,제기동,157,평일,16:00,30.9
2020,1,하선,제기동,157,평일,16:00,26.6
2020,1,상선,청량리,158,평일,16:00,29.9
2020,1,하선,청량리,158,평일,16:00,27.2
2020,1,상선,동묘앞,159,평일,16:00,33.6
2020,1,하선,동묘앞,159,평일,16:00,32.2
2020,1,상선,서울역,150,토요일,16:00,54.1
2020,1,하선,서울역,150,토요일,16:00,77.4
2020,1,상선,시청,151,토요일,16:00,53.3
2020,1,하선,시청,151,토요일,16:00,78.4
2020,1,상선,종각,152,토요일,16:00,56.7
2020,1,하선,종각,152,토요일,16:00,67.4
2020,1,상선,종로3가,153,토요일,16:00,56.8
2020,1,하선,종로3가,153,토요일,16:00,62.2
2020,1,상선,종로5가,154,토요일,16:00,55.6
2020,1,하선,종로5가,154,토요일,16:00,65.0
2020,1,상선,동대문,155,토요일,16:00,55.8
2020,1,하선,동대문,155,토요일,16:00,57.8
2020,1,상선,신설동,156,토요일,16:00,47.1
2020,1,하선,신설동,156,토요일,16:00,46.7
2020,1,상선,제기동,157,토요일,16:00,44.3
2020,1,하선,제기동,157,토요일,16:00,43.1
2020,1,상선,청량리,158,토요일,16:00,42.5
2020,1,하선,청량리,158,토요일,16:00,35.2
2020,1,상선,동묘앞,159,토요일,16:00,51.3
2020,1,하선,동묘앞,159,토요일,16:00,55.5
2020,1,상선,서울역,150,일요일,16:00,35.1
2020,1,하선,서울역,150,일요일,16:00,42.5
2020,1,상선,시청,151,일요일,16:00,32.0
2020,1,하선,시청,151,일요일,16:00,41.7
2020,1,상선,종각,152,일요일,16:00,30.8
2020,1,하선,종각,152,일요일,16:00,40.0
2020,1,상선,종로3가,153,일요일,16:00,32.7
2020,1,하선,종로3가,153,일요일,16:00,37.8
2020,1,상선,종로5가,154,일요일,16:00,32.8
2020,1,하선,종로5가,154,일요일,16:00,36.2
2020,1,상선,동대문,155,일요일,16:00,32.5
2020,1,하선,동대문,155,일요일,16:00,32.0
2020,1,상선,신설동,156,일요일,16:00,27.4
2020,1,하선,신설동,156,일요일,16:00,23.9
2020,1,상선,제기동,157,일요일,16:00,26.7
2020,1,하선,제기동,157,일요일,16:00,22.1
2020,1,상선,청량리,158,일요일,16:00,26.5
2020,1,하선,청량리,158,일요일,16:00,23.7
2020,1,상선,동묘앞,159,일요일,16:00,29.5
2020,1,하선,동묘앞,159,일요일,16:00,28.7
2021,1,상선,서울역,150,평일,16:00,13.8
2021,1,하선,서울역,150,평일,16:00,29.4
2021,1,상선,시청,151,평일,16:00,15.9
2021,1,하선,시청,151,평일,16:00,25.6
2021,1,상선,종각,152,평일,16:00,18.5
2021,1,하선,종각,152,평일,16:00,24.8
2021,1,상선,종로3가,153,평일,16:00,21.2
2021,1,하선,종로3가,153,평일,16:00,22.3
2021,1,상선,종로5가,154,평일,16:00,21.4
2021,1,하선,종로5가,154,평일,16:00,20.7
2021,1,상선,동대문,155,평일,16:00,24.0
2021,1,하선,동대문,155,평일,16:00,17.8
2021,1,상선,신설동,156,평일,16:00,21.9
2021,1,하선,신설동,156,평일,16:00,15.1
2021,1,상선,제기동,157,평일,16:00,20.0
2021,1,하선,제기동,157,평일,16:00,14.6
2021,1,상선,청량리,158,평일,16:00,18.8
2021,1,하선,청량리,158,평일,16:00,13.0
2021,1,상선,동묘앞,159,평일,16:00,26.0
2021,1,하선,동묘앞,159,평일,16:00,18.7
2021,1,상선,서울역,150,토요일,16:00,16.4
2021,1,하선,서울역,150,토요일,16:00,32.5
2021,1,상선,시청,151,토요일,16:00,17.6
2021,1,하선,시청,151,토요일,16:00,27.3
2021,1,상선,종각,152,토요일,16:00,17.3
2021,1,하선,종각,152,토요일,16:00,28.3
2021,1,상선,종로3가,153,토요일,16:00,20.2
2021,1,하선,종로3가,153,토요일,16:00,27.2
2021,1,상선,종로5가,154,토요일,16:00,18.7
2021,1,하선,종로5가,154,토요일,16:00,29.9
2021,1,상선,동대문,155,토요일,16:00,21.6
2021,1,하선,동대문,155,토요일,16:00,27.5
2021,1,상선,신설동,156,토요일,16:00,20.3
2021,1,하선,신설동,156,토요일,16:00,22.3
2021,1,상선,제기동,157,토요일,16:00,18.5
2021,1,하선,제기동,157,토요일,16:00,21.7
2021,1,상선,청량리,158,토요일,16:00,17.2
2021,1,하선,청량리,158,토요일,16:00,20.7
2021,1,상선,동묘앞,159,토요일,16:00,23.6
2021,1,하선,동묘앞,159,토요일,16:00,28.1
2021,1,상선,서울역,150,일요일,16:00,12.1
2021,1,하선,서울역,150,일요일,16:00,23.2
2021,1,상선,시청,151,일요일,16:00,12.9
2021,1,하선,시청,151,일요일,16:00,20.6
2021,1,상선,종각,152,일요일,16:00,13.7
2021,1,하선,종각,152,일요일,16:00,21.3
2021,1,상선,종로3가,153,일요일,16:00,15.5
2021,1,하선,종로3가,153,일요일,16:00,20.3
2021,1,상선,종로5가,154,일요일,16:00,14.9
2021,1,하선,종로5가,154,일요일,16:00,21.6
2021,1,상선,동대문,155,일요일,16:00,16.1
2021,1,하선,동대문,155,일요일,16:00,20.7
2021,1,상선,신설동,156,일요일,16:00,15.3
2021,1,하선,신설동,156,일요일,16:00,17.6
2021,1,상선,제기동,157,일요일,16:00,13.6
2021,1,하선,제기동,157,일요일,16:00,16.4
2021,1,상선,청량리,158,일요일,16:00,12.6
2021,1,하선,청량리,158,일요일,16:00,16.2
2021,1,상선,동묘앞,159,일요일,16:00,17.7
2021,1,하선,동묘앞,159,일요일,16:00,22.1
2022,1,상선,서울역,150,평일,16:00,16.4
2022,1,하선,서울역,150,평일,16:00,33.8
2022,1,상선,시청,151,평일,16:00,18.0
2022,1,하선,시청,151,평일,16:00,30.6
2022,1,상선,종각,152,평일,16:00,20.6
2022,1,하선,종각,152,평일,16:00,30.6
2022,1,상선,종로3가,153,평일,16:00,22.8
2022,1,하선,종로3가,153,평일,16:00,27.2
2022,1,상선,종로5가,154,평일,16:00,23.3
2022,1,하선,종로5가,154,평일,16:00,24.9
2022,1,상선,동대문,155,평일,16:00,30.2
2022,1,하선,동대문,155,평일,16:00,21.5
2022,1,상선,신설동,156,평일,16:00,23.5
2022,1,하선,신설동,156,평일,16:00,18.3
2022,1,상선,제기동,157,평일,16:00,22.4
2022,1,하선,제기동,157,평일,16:00,16.9
2022,1,상선,청량리,158,평일,16:00,20.4
2022,1,하선,청량리,158,평일,16:00,16.6
2022,1,상선,동묘앞,159,평일,16:00,28.4
2022,1,하선,동묘앞,159,평일,16:00,22.3
2022,1,상선,서울역,150,토요일,16:00,23.2
2022,1,하선,서울역,150,토요일,16:00,40.0
2022,1,상선,시청,151,토요일,16:00,25.6
2022,1,하선,시청,151,토요일,16:00,35.7
2022,1,상선,종각,152,토요일,16:00,25.4
2022,1,하선,종각,152,토요일,16:00,36.2
2022,1,상선,종로3가,153,토요일,16:00,28.5
2022,1,하선,종로3가,153,토요일,16:00,33.8
2022,1,상선,종로5가,154,토요일,16:00,27.3
2022,1,하선,종로5가,154,토요일,16:00,30.8
2022,1,상선,동대문,155,토요일,16:00,27.8
2022,1,하선,동대문,155,토요일,16:00,27.6
2022,1,상선,신설동,156,토요일,16:00,25.3
2022,1,하선,신설동,156,토요일,16:00,23.1
2022,1,상선,제기동,157,토요일,16:00,21.6
2022,1,하선,제기동,157,토요일,16:00,21.6
2022,1,상선,청량리,158,토요일,16:00,19.9
2022,1,하선,청량리,158,토요일,16:00,20.5
2022,1,상선,동묘앞,159,토요일,16:00,29.9
2022,1,하선,동묘앞,159,토요일,16:00,30.0
2022,1,상선,서울역,150,일요일,16:00,16.8
2022,1,하선,서울역,150,일요일,16:00,31.7
2022,1,상선,시청,151,일요일,16:00,17.1
2022,1,하선,시청,151,일요일,16:00,28.0
2022,1,상선,종각,152,일요일,16:00,17.9
2022,1,하선,종각,152,일요일,16:00,28.4
2022,1,상선,종로3가,153,일요일,16:00,19.9
2022,1,하선,종로3가,153,일요일,16:00,26.0
2022,1,상선,종로5가,154,일요일,16:00,18.5
2022,1,하선,종로5가,154,일요일,16:00,24.0
2022,1,상선,동대문,155,일요일,16:00,21.2
2022,1,하선,동대문,155,일요일,16:00,22.9
2022,1,상선,신설동,156,일요일,16:00,20.0
2022,1,하선,신설동,156,일요일,16:00,16.2
2022,1,상선,제기동,157,일요일,16:00,17.7
2022,1,하선,제기동,157,일요일,16:00,16.2
2022,1,상선,청량리,158,일요일,16:00,15.8
2022,1,하선,청량리,158,일요일,16:00,15.6
2022,1,상선,동묘앞,159,일요일,16:00,22.7
2022,1,하선,동묘앞,159,일요일,16:00,23.6
2023,1,상선,서울역,150,평일,16:00,22.4
2023,1,하선,서울역,150,평일,16:00,48.7
2023,1,상선,시청,151,평일,16:00,24.3
2023,1,하선,시청,151,평일,16:00,42.7
2023,1,상선,종각,152,평일,16:00,28.0
2023,1,하선,종각,152,평일,16:00,40.6
2023,1,상선,종로3가,153,평일,16:00,30.9
2023,1,하선,종로3가,153,평일,16:00,36.3
2023,1,상선,종로5가,154,평일,16:00,31.1
2023,1,하선,종로5가,154,평일,16:00,33.6
2023,1,상선,동대문,155,평일,16:00,36.3
2023,1,하선,동대문,155,평일,16:00,29.2
2023,1,상선,신설동,156,평일,16:00,30.0
2023,1,하선,신설동,156,평일,16:00,25.0
2023,1,상선,제기동,157,평일,16:00,28.7
2023,1,하선,제기동,157,평일,16:00,22.7
2023,1,상선,청량리,158,평일,16:00,26.3
2023,1,하선,청량리,158,평일,16:00,22.8
2023,1,상선,동묘앞,159,평일,16:00,34.1
2023,1,하선,동묘앞,159,평일,16:00,29.9
2023,1,상선,서울역,150,토요일,16:00,31.0
2023,1,하선,서울역,150,토요일,16:00,57.2
2023,1,상선,시청,151,토요일,16:00,30.8
2023,1,하선,시청,151,토요일,16:00,45.5
2023,1,상선,종각,152,토요일,16:00,31.4
2023,1,하선,종각,152,토요일,16:00,41.9
2023,1,상선,종로3가,153,토요일,16:00,34.7
2023,1,하선,종로3가,153,토요일,16:00,35.8
2023,1,상선,종로5가,154,토요일,16:00,33.5
2023,1,하선,종로5가,154,토요일,16:00,30.4
2023,1,상선,동대문,155,토요일,16:00,37.9
2023,1,하선,동대문,155,토요일,16:00,26.7
2023,1,상선,신설동,156,토요일,16:00,33.2
2023,1,하선,신설동,156,토요일,16:00,24.2
2023,1,상선,제기동,157,토요일,16:00,30.9
2023,1,하선,제기동,157,토요일,16:00,25.7
2023,1,상선,청량리,158,토요일,16:00,25.7
2023,1,하선,청량리,158,토요일,16:00,24.0
2023,1,상선,동묘앞,159,토요일,16:00,38.6
2023,1,하선,동묘앞,159,토요일,16:00,31.7
2023,1,상선,서울역,150,공휴일,16:00,19.9
2023,1,하선,서울역,150,공휴일,16:00,40.9
2023,1,상선,시청,151,공휴일,16:00,21.0
2023,1,하선,시청,151,공휴일,16:00,33.7
2023,1,상선,종각,152,공휴일,16:00,20.8
2023,1,하선,종각,152,공휴일,16:00,33.7
2023,1,상선,종로3가,153,공휴일,16:00,23.8
2023,1,하선,종로3가,153,공휴일,16:00,30.0
2023,1,상선,종로5가,154,공휴일,16:00,21.0
2023,1,하선,종로5가,154,공휴일,16:00,27.5
2023,1,상선,동대문,155,공휴일,16:00,24.0
2023,1,하선,동대문,155,공휴일,16:00,26.0
2023,1,상선,신설동,156,공휴일,16:00,23.1
2023,1,하선,신설동,156,공휴일,16:00,19.2
2023,1,상선,제기동,157,공휴일,16:00,21.7
2023,1,하선,제기동,157,공휴일,16:00,18.4
2023,1,상선,청량리,158,공휴일,16:00,19.0
2023,1,하선,청량리,158,공휴일,16:00,16.8
2023,1,상선,동묘앞,159,공휴일,16:00,25.5
2023,1,하선,동묘앞,159,공휴일,16:00,26.7
202403,1,상선,청량리,158,평일,16:00,28.4
202403,1,하선,청량리,158,평일,16:00,24.0
202403,1,상선,제기동,157,평일,16:00,31.1
202403,1,하선,제기동,157,평일,16:00,24.1
202403,1,상선,신설동,156,평일,16:00,32.5
202403,1,하선,신설동,156,평일,16:00,26.5
202403,1,상선,동묘앞,159,평일,16:00,37.1
202403,1,하선,동묘앞,159,평일,16:00,32.1
202403,1,상선,동대문,155,평일,16:00,39.4
202403,1,하선,동대문,155,평일,16:00,31.1
202403,1,상선,종로5가,154,평일,16:00,33.7
202403,1,하선,종로5가,154,평일,16:00,36.7
202403,1,상선,종로3가,153,평일,16:00,32.9
202403,1,하선,종로3가,153,평일,16:00,38.5
202403,1,상선,종각,152,평일,16:00,30.1
202403,1,하선,종각,152,평일,16:00,43.8
202403,1,상선,시청,151,평일,16:00,26.6
202403,1,하선,시청,151,평일,16:00,46.1
202403,1,상선,서울역,150,평일,16:00,25.0
202403,1,하선,서울역,150,평일,16:00,51.3
202403,1,상선,청량리,158,토요일,16:00,26.6
202403,1,하선,청량리,158,토요일,16:00,28.1
202403,1,상선,제기동,157,토요일,16:00,30.7
202403,1,하선,제기동,157,토요일,16:00,29.1
202403,1,상선,신설동,156,토요일,16:00,32.4
202403,1,하선,신설동,156,토요일,16:00,30.6
202403,1,상선,동묘앞,159,토요일,16:00,38.5
202403,1,하선,동묘앞,159,토요일,16:00,37.5
202403,1,상선,동대문,155,토요일,16:00,38.3
202403,1,하선,동대문,155,토요일,16:00,36.8
202403,1,상선,종로5가,154,토요일,16:00,34.3
202403,1,하선,종로5가,154,토요일,16:00,41.2
202403,1,상선,종로3가,153,토요일,16:00,38.4
202403,1,하선,종로3가,153,토요일,16:00,43.0
202403,1,상선,종각,152,토요일,16:00,34.9
202403,1,하선,종각,152,토요일,16:00,47.8
202403,1,상선,시청,151,토요일,16:00,35.0
202403,1,하선,시청,151,토요일,16:00,47.6
202403,1,상선,서울역,150,토요일,16:00,34.2
202403,1,하선,서울역,150,토요일,16:00,55.7
202403,1,상선,청량리,158,일요일,16:00,22.2
202403,1,하선,청량리,158,일요일,16:00,18.9
202403,1,상선,제기동,157,일요일,16:00,25.0
202403,1,하선,제기동,157,일요일,16:00,20.5
202403,1,상선,신설동,156,일요일,16:00,27.8
202403,1,하선,신설동,156,일요일,16:00,21.1
202403,1,상선,동묘앞,159,일요일,16:00,32.0
202403,1,하선,동묘앞,159,일요일,16:00,28.4
202403,1,상선,동대문,155,일요일,16:00,31.2
202403,1,하선,동대문,155,일요일,16:00,27.5
202403,1,상선,종로5가,154,일요일,16:00,27.2
202403,1,하선,종로5가,154,일요일,16:00,30.1
202403,1,상선,종로3가,153,일요일,16:00,28.2
202403,1,하선,종로3가,153,일요일,16:00,32.1
202403,1,상선,종각,152,일요일,16:00,24.1
202403,1,하선,종각,152,일요일,16:00,34.3
202403,1,상선,시청,151,일요일,16:00,23.1
202403,1,하선,시청,151,일요일,16:00,35.3
202403,1,상선,서울역,150,일요일,16:00,22.1
202403,1,하선,서울역,150,일요일,16:00,38.9
202406,1,상선,청량리,158,평일,16:00,31.6
202406,1,하선,청량리,158,평일,16:00,22.7
202406,1,상선,제기동,157,평일,16:00,35.9
202406,1,하선,제기동,157,평일,16:00,23.5
202406,1,상선,신설동,156,평일,16:00,37.8
202406,1,하선,신설동,156,평일,16:00,25.7
202406,1,상선,동묘앞,159,평일,16:00,38.5
202406,1,하선,동묘앞,159,평일,16:00,29.8
202406,1,상선,동대문,155,평일,16:00,37.2
202406,1,하선,동대문,155,평일,16:00,30.3
202406,1,상선,종로5가,154,평일,16:00,33.3
202406,1,하선,종로5가,154,평일,16:00,34.5
202406,1,상선,종로3가,153,평일,16:00,32.7
202406,1,하선,종로3가,153,평일,16:00,35.5
202406,1,상선,종각,152,평일,16:00,29.9
202406,1,하선,종각,152,평일,16:00,42.2
202406,1,상선,시청,151,평일,16:00,26.3
202406,1,하선,시청,151,평일,16:00,46.5
202406,1,상선,서울역,150,평일,16:00,24.9
202406,1,하선,서울역,150,평일,16:00,52.7
202406,1,상선,청량리,158,토요일,16:00,25.2
202406,1,하선,청량리,158,토요일,16:00,29.5
202406,1,상선,제기동,157,토요일,16:00,29.4
202406,1,하선,제기동,157,토요일,16:00,34.7
202406,1,상선,신설동,156,토요일,16:00,31.8
202406,1,하선,신설동,156,토요일,16:00,34.8
202406,1,상선,동묘앞,159,토요일,16:00,36.1
202406,1,하선,동묘앞,159,토요일,16:00,41.9
202406,1,상선,동대문,155,토요일,16:00,39.1
202406,1,하선,동대문,155,토요일,16:00,39.6
202406,1,상선,종로5가,154,토요일,16:00,34.7
202406,1,하선,종로5가,154,토요일,16:00,43.5
202406,1,상선,종로3가,153,토요일,16:00,36.6
202406,1,하선,종로3가,153,토요일,16:00,44.1
202406,1,상선,종각,152,토요일,16:00,35.5
202406,1,하선,종각,152,토요일,16:00,45.8
202406,1,상선,시청,151,토요일,16:00,34.5
202406,1,하선,시청,151,토요일,16:00,48.4
202406,1,상선,서울역,150,토요일,16:00,35.9
202406,1,하선,서울역,150,토요일,16:00,55.0
202406,1,상선,청량리,158,일요일,16:00,22.7
202406,1,하선,청량리,158,일요일,16:00,19.4
202406,1,상선,제기동,157,일요일,16:00,25.4
202406,1,하선,제기동,157,일요일,16:00,22.5
202406,1,상선,신설동,156,일요일,16:00,26.8
202406,1,하선,신설동,156,일요일,16:00,24.3
202406,1,상선,동묘앞,159,일요일,16:00,30.9
202406,1,하선,동묘앞,159,일요일,16:00,31.2
202406,1,상선,동대문,155,일요일,16:00,33.5
202406,1,하선,동대문,155,일요일,16:00,29.7
202406,1,상선,종로5가,154,일요일,16:00,29.0
202406,1,하선,종로5가,154,일요일,16:00,32.2
202406,1,상선,종로3가,153,일요일,16:00,29.1
202406,1,하선,종로3가,153,일요일,16:00,33.0
202406,1,상선,종각,152,일요일,16:00,25.7
202406,1,하선,종각,152,일요일,16:00,35.3
202406,1,상선,시청,151,일요일,16:00,25.7
202406,1,하선,시청,151,일요일,16:00,38.3
202406,1,상선,서울역,150,일요일,16:00,25.6
202406,1,하선,서울역,150,일요일,16:00,41.8
2020,1,상선,서울역,150,평일,16:30,32.7
2020,1,하선,서울역,150,평일,16:30,57.0
2020,1,상선,시청,151,평일,16:30,34.2
2020,1,하선,시청,151,평일,16:30,52.4
2020,1,상선,종각,152,평일,16:30,35.4
2020,1,하선,종각,152,평일,16:30,49.6
2020,1,상선,종로3가,153,평일,16:30,40.8
2020,1,하선,종로3가,153,평일,16:30,45.0
2020,1,상선,종로5가,154,평일,16:30,43.8
2020,1,하선,종로5가,154,평일,16:30,47.7
2020,1,상선,동대문,155,평일,16:30,45.1
2020,1,하선,동대문,155,평일,16:30,42.7
2020,1,상선,신설동,156,평일,16:30,39.5
2020,1,하선,신설동,156,평일,16:30,37.1
2020,1,상선,제기동,157,평일,16:30,37.8
2020,1,하선,제기동,157,평일,16:30,34.4
2020,1,상선,청량리,158,평일,16:30,27.9
2020,1,하선,청량리,158,평일,16:30,24.9
2020,1,상선,동묘앞,159,평일,16:30,42.7
2020,1,하선,동묘앞,159,평일,16:30,42.5
2020,1,상선,서울역,150,토요일,16:30,47.8
2020,1,하선,서울역,150,토요일,16:30,84.4
2020,1,상선,시청,151,토요일,16:30,50.6
2020,1,하선,시청,151,토요일,16:30,84.6
2020,1,상선,종각,152,토요일,16:30,54.1
2020,1,하선,종각,152,토요일,16:30,70.3
2020,1,상선,종로3가,153,토요일,16:30,59.9
2020,1,하선,종로3가,153,토요일,16:30,65.9
2020,1,상선,종로5가,154,토요일,16:30,56.7
2020,1,하선,종로5가,154,토요일,16:30,65.8
2020,1,상선,동대문,155,토요일,16:30,57.0
2020,1,하선,동대문,155,토요일,16:30,58.2
2020,1,상선,신설동,156,토요일,16:30,61.8
2020,1,하선,신설동,156,토요일,16:30,45.8
2020,1,상선,제기동,157,토요일,16:30,59.3
2020,1,하선,제기동,157,토요일,16:30,41.5
2020,1,상선,청량리,158,토요일,16:30,42.4
2020,1,하선,청량리,158,토요일,16:30,33.9
2020,1,상선,동묘앞,159,토요일,16:30,54.9
2020,1,하선,동묘앞,159,토요일,16:30,55.9
2020,1,상선,서울역,150,일요일,16:30,23.2
2020,1,하선,서울역,150,일요일,16:30,41.1
2020,1,상선,시청,151,일요일,16:30,24.2
2020,1,하선,시청,151,일요일,16:30,43.7
2020,1,상선,종각,152,일요일,16:30,29.3
2020,1,하선,종각,152,일요일,16:30,36.6
2020,1,상선,종로3가,153,일요일,16:30,29.8
2020,1,하선,종로3가,153,일요일,16:30,34.5
2020,1,상선,종로5가,154,일요일,16:30,29.3
2020,1,하선,종로5가,154,일요일,16:30,34.3
2020,1,상선,동대문,155,일요일,16:30,30.1
2020,1,하선,동대문,155,일요일,16:30,30.9
2020,1,상선,신설동,156,일요일,16:30,33.5
2020,1,하선,신설동,156,일요일,16:30,28.6
2020,1,상선,제기동,157,일요일,16:30,33.0
2020,1,하선,제기동,157,일요일,16:30,27.1
2020,1,상선,청량리,158,일요일,16:30,24.0
2020,1,하선,청량리,158,일요일,16:30,16.6
2020,1,상선,동묘앞,159,일요일,16:30,28.3
2020,1,하선,동묘앞,159,일요일,16:30,32.0
2021,1,상선,서울역,150,평일,16:30,15.4
2021,1,하선,서울역,150,평일,16:30,29.2
2021,1,상선,시청,151,평일,16:30,17.8
2021,1,하선,시청,151,평일,16:30,26.8
2021,1,상선,종각,152,평일,16:30,20.3
2021,1,하선,종각,152,평일,16:30,23.6
2021,1,상선,종로3가,153,평일,16:30,23.5
2021,1,하선,종로3가,153,평일,16:30,22.5
2021,1,상선,종로5가,154,평일,16:30,25.5
2021,1,하선,종로5가,154,평일,16:30,27.3
2021,1,상선,동대문,155,평일,16:30,27.6
2021,1,하선,동대문,155,평일,16:30,20.6
2021,1,상선,신설동,156,평일,16:30,21.3
2021,1,하선,신설동,156,평일,16:30,22.8
2021,1,상선,제기동,157,평일,16:30,20.6
2021,1,하선,제기동,157,평일,16:30,21.7
2021,1,상선,청량리,158,평일,16:30,16.1
2021,1,하선,청량리,158,평일,16:30,14.8
2021,1,상선,동묘앞,159,평일,16:30,22.8
2021,1,하선,동묘앞,159,평일,16:30,21.3
2021,1,상선,서울역,150,토요일,16:30,20.8
2021,1,하선,서울역,150,토요일,16:30,36.1
2021,1,상선,시청,151,토요일,16:30,21.1
2021,1,하선,시청,151,토요일,16:30,32.5
2021,1,상선,종각,152,토요일,16:30,22.4
2021,1,하선,종각,152,토요일,16:30,30.7
2021,1,상선,종로3가,153,토요일,16:30,24.9
2021,1,하선,종로3가,153,토요일,16:30,29.7
2021,1,상선,종로5가,154,토요일,16:30,26.6
2021,1,하선,종로5가,154,토요일,16:30,31.3
2021,1,상선,동대문,155,토요일,16:30,28.0
2021,1,하선,동대문,155,토요일,16:30,28.1
2021,1,상선,신설동,156,토요일,16:30,22.8
2021,1,하선,신설동,156,토요일,16:30,25.4
2021,1,상선,제기동,157,토요일,16:30,20.7
2021,1,하선,제기동,157,토요일,16:30,22.9
2021,1,상선,청량리,158,토요일,16:30,15.6
2021,1,하선,청량리,158,토요일,16:30,16.4
2021,1,상선,동묘앞,159,토요일,16:30,23.2
2021,1,하선,동묘앞,159,토요일,16:30,29.3
2021,1,상선,서울역,150,일요일,16:30,15.3
2021,1,하선,서울역,150,일요일,16:30,26.6
2021,1,상선,시청,151,일요일,16:30,15.5
2021,1,하선,시청,151,일요일,16:30,23.6
2021,1,상선,종각,152,일요일,16:30,15.5
2021,1,하선,종각,152,일요일,16:30,21.7
2021,1,상선,종로3가,153,일요일,16:30,16.6
2021,1,하선,종로3가,153,일요일,16:30,21.6
2021,1,상선,종로5가,154,일요일,16:30,17.2
2021,1,하선,종로5가,154,일요일,16:30,22.3
2021,1,상선,동대문,155,일요일,16:30,18.1
2021,1,하선,동대문,155,일요일,16:30,20.3
2021,1,상선,신설동,156,일요일,16:30,14.2
2021,1,하선,신설동,156,일요일,16:30,17.5
2021,1,상선,제기동,157,일요일,16:30,13.4
2021,1,하선,제기동,157,일요일,16:30,15.8
2021,1,상선,청량리,158,일요일,16:30,10.4
2021,1,하선,청량리,158,일요일,16:30,11.5
2021,1,상선,동묘앞,159,일요일,16:30,15.4
2021,1,하선,동묘앞,159,일요일,16:30,21.2
2022,1,상선,서울역,150,평일,16:30,17.7
2022,1,하선,서울역,150,평일,16:30,36.7
2022,1,상선,시청,151,평일,16:30,19.4
2022,1,하선,시청,151,평일,16:30,30.5
2022,1,상선,종각,152,평일,16:30,21.0
2022,1,하선,종각,152,평일,16:30,26.0
2022,1,상선,종로3가,153,평일,16:30,25.6
2022,1,하선,종로3가,153,평일,16:30,23.7
2022,1,상선,종로5가,154,평일,16:30,26.9
2022,1,하선,종로5가,154,평일,16:30,28.3
2022,1,상선,동대문,155,평일,16:30,24.3
2022,1,하선,동대문,155,평일,16:30,24.5
2022,1,상선,신설동,156,평일,16:30,21.8
2022,1,하선,신설동,156,평일,16:30,28.3
2022,1,상선,제기동,157,평일,16:30,20.7
2022,1,하선,제기동,157,평일,16:30,26.1
2022,1,상선,청량리,158,평일,16:30,21.7
2022,1,하선,청량리,158,평일,16:30,18.1
2022,1,상선,동묘앞,159,평일,16:30,23.4
2022,1,하선,동묘앞,159,평일,16:30,26.0
2022,1,상선,서울역,150,토요일,16:30,27.2
2022,1,하선,서울역,150,토요일,16:30,39.3
2022,1,상선,시청,151,토요일,16:30,27.5
2022,1,하선,시청,151,토요일,16:30,35.4
2022,1,상선,종각,152,토요일,16:30,27.3
2022,1,하선,종각,152,토요일,16:30,33.5
2022,1,상선,종로3가,153,토요일,16:30,29.7
2022,1,하선,종로3가,153,토요일,16:30,32.3
2022,1,상선,종로5가,154,토요일,16:30,29.2
2022,1,하선,종로5가,154,토요일,16:30,39.9
2022,1,상선,동대문,155,토요일,16:30,29.7
2022,1,하선,동대문,155,토요일,16:30,35.6
2022,1,상선,신설동,156,토요일,16:30,19.9
2022,1,하선,신설동,156,토요일,16:30,31.8
2022,1,상선,제기동,157,토요일,16:30,20.5
2022,1,하선,제기동,157,토요일,16:30,29.9
2022,1,상선,청량리,158,토요일,16:30,20.5
2022,1,하선,청량리,158,토요일,16:30,22.4
2022,1,상선,동묘앞,159,토요일,16:30,24.2
2022,1,하선,동묘앞,159,토요일,16:30,36.2
2022,1,상선,서울역,150,일요일,16:30,19.5
2022,1,하선,서울역,150,일요일,16:30,28.6
2022,1,상선,시청,151,일요일,16:30,18.7
2022,1,하선,시청,151,일요일,16:30,27.2
2022,1,상선,종각,152,일요일,16:30,19.0
2022,1,하선,종각,152,일요일,16:30,25.0
2022,1,상선,종로3가,153,일요일,16:30,19.9
2022,1,하선,종로3가,153,일요일,16:30,24.2
2022,1,상선,종로5가,154,일요일,16:30,20.8
2022,1,하선,종로5가,154,일요일,16:30,29.2
2022,1,상선,동대문,155,일요일,16:30,22.7
2022,1,하선,동대문,155,일요일,16:30,27.7
2022,1,상선,신설동,156,일요일,16:30,16.5
2022,1,하선,신설동,156,일요일,16:30,24.9
2022,1,상선,제기동,157,일요일,16:30,16.8
2022,1,하선,제기동,157,일요일,16:30,23.1
2022,1,상선,청량리,158,일요일,16:30,16.0
2022,1,하선,청량리,158,일요일,16:30,17.6
2022,1,상선,동묘앞,159,일요일,16:30,18.6
2022,1,하선,동묘앞,159,일요일,16:30,29.1
2023,1,상선,서울역,150,평일,16:30,25.7
2023,1,하선,서울역,150,평일,16:30,54.5
2023,1,상선,시청,151,평일,16:30,28.3
2023,1,하선,시청,151,평일,16:30,44.7
2023,1,상선,종각,152,평일,16:30,30.4
2023,1,하선,종각,152,평일,16:30,41.3
2023,1,상선,종로3가,153,평일,16:30,35.4
2023,1,하선,종로3가,153,평일,16:30,37.5
2023,1,상선,종로5가,154,평일,16:30,36.5
2023,1,하선,종로5가,154,평일,16:30,42.7
2023,1,상선,동대문,155,평일,16:30,34.8
2023,1,하선,동대문,155,평일,16:30,37.6
2023,1,상선,신설동,156,평일,16:30,29.8
2023,1,하선,신설동,156,평일,16:30,41.7
2023,1,상선,제기동,157,평일,16:30,28.2
2023,1,하선,제기동,157,평일,16:30,39.3
2023,1,상선,청량리,158,평일,16:30,29.0
2023,1,하선,청량리,158,평일,16:30,30.6
2023,1,상선,동묘앞,159,평일,16:30,32.8
2023,1,하선,동묘앞,159,평일,16:30,39.4
2023,1,상선,서울역,150,토요일,16:30,37.6
2023,1,하선,서울역,150,토요일,16:30,54.5
2023,1,상선,시청,151,토요일,16:30,40.5
2023,1,하선,시청,151,토요일,16:30,54.2
2023,1,상선,종각,152,토요일,16:30,38.6
2023,1,하선,종각,152,토요일,16:30,51.1
2023,1,상선,종로3가,153,토요일,16:30,44.2
2023,1,하선,종로3가,153,토요일,16:30,49.7
2023,1,상선,종로5가,154,토요일,16:30,42.0
2023,1,하선,종로5가,154,토요일,16:30,58.4
2023,1,상선,동대문,155,토요일,16:30,43.1
2023,1,하선,동대문,155,토요일,16:30,53.0
2023,1,상선,신설동,156,토요일,16:30,31.0
2023,1,하선,신설동,156,토요일,16:30,45.6
2023,1,상선,제기동,157,토요일,16:30,29.3
2023,1,하선,제기동,157,토요일,16:30,40.8
2023,1,상선,청량리,158,토요일,16:30,27.4
2023,1,하선,청량리,158,토요일,16:30,31.4
2023,1,상선,동묘앞,159,토요일,16:30,36.2
2023,1,하선,동묘앞,159,토요일,16:30,52.1
2023,1,상선,서울역,150,공휴일,16:30,24.7
2023,1,하선,서울역,150,공휴일,16:30,36.0
2023,1,상선,시청,151,공휴일,16:30,23.6
2023,1,하선,시청,151,공휴일,16:30,34.8
2023,1,상선,종각,152,공휴일,16:30,25.7
2023,1,하선,종각,152,공휴일,16:30,31.4
2023,1,상선,종로3가,153,공휴일,16:30,28.9
2023,1,하선,종로3가,153,공휴일,16:30,29.5
2023,1,상선,종로5가,154,공휴일,16:30,31.0
2023,1,하선,종로5가,154,공휴일,16:30,33.2
2023,1,상선,동대문,155,공휴일,16:30,32.5
2023,1,하선,동대문,155,공휴일,16:30,30.4
2023,1,상선,신설동,156,공휴일,16:30,24.1
2023,1,하선,신설동,156,공휴일,16:30,28.2
2023,1,상선,제기동,157,공휴일,16:30,22.7
2023,1,하선,제기동,157,공휴일,16:30,27.0
2023,1,상선,청량리,158,공휴일,16:30,20.6
2023,1,하선,청량리,158,공휴일,16:30,22.0
2023,1,상선,동묘앞,159,공휴일,16:30,27.2
2023,1,하선,동묘앞,159,공휴일,16:30,33.4
202403,1,상선,청량리,158,평일,16:30,29.4
202403,1,하선,청량리,158,평일,16:30,29.5
202403,1,상선,제기동,157,평일,16:30,30.0
202403,1,하선,제기동,157,평일,16:30,38.8
202403,1,상선,신설동,156,평일,16:30,31.5
202403,1,하선,신설동,156,평일,16:30,40.8
202403,1,상선,동묘앞,159,평일,16:30,34.2
202403,1,하선,동묘앞,159,평일,16:30,38.8
202403,1,상선,동대문,155,평일,16:30,36.7
202403,1,하선,동대문,155,평일,16:30,38.7
202403,1,상선,종로5가,154,평일,16:30,39.2
202403,1,하선,종로5가,154,평일,16:30,43.7
202403,1,상선,종로3가,153,평일,16:30,38.2
202403,1,하선,종로3가,153,평일,16:30,38.8
202403,1,상선,종각,152,평일,16:30,32.3
202403,1,하선,종각,152,평일,16:30,42.7
202403,1,상선,시청,151,평일,16:30,29.8
202403,1,하선,시청,151,평일,16:30,47.4
202403,1,상선,서울역,150,평일,16:30,26.4
202403,1,하선,서울역,150,평일,16:30,56.4
202403,1,상선,청량리,158,토요일,16:30,28.8
202403,1,하선,청량리,158,토요일,16:30,29.7
202403,1,상선,제기동,157,토요일,16:30,28.9
202403,1,하선,제기동,157,토요일,16:30,37.3
202403,1,상선,신설동,156,토요일,16:30,31.2
202403,1,하선,신설동,156,토요일,16:30,39.6
202403,1,상선,동묘앞,159,토요일,16:30,37.4
202403,1,하선,동묘앞,159,토요일,16:30,47.0
202403,1,상선,동대문,155,토요일,16:30,44.5
202403,1,하선,동대문,155,토요일,16:30,46.3
202403,1,상선,종로5가,154,토요일,16:30,43.0
202403,1,하선,종로5가,154,토요일,16:30,50.9
202403,1,상선,종로3가,153,토요일,16:30,41.6
202403,1,하선,종로3가,153,토요일,16:30,46.1
202403,1,상선,종각,152,토요일,16:30,39.0
202403,1,하선,종각,152,토요일,16:30,45.5
202403,1,상선,시청,151,토요일,16:30,41.3
202403,1,하선,시청,151,토요일,16:30,47.8
202403,1,상선,서울역,150,토요일,16:30,43.1
202403,1,하선,서울역,150,토요일,16:30,50.3
202403,1,상선,청량리,158,일요일,16:30,21.4
202403,1,하선,청량리,158,일요일,16:30,20.1
202403,1,상선,제기동,157,일요일,16:30,21.9
202403,1,하선,제기동,157,일요일,16:30,24.5
202403,1,상선,신설동,156,일요일,16:30,21.2
202403,1,하선,신설동,156,일요일,16:30,26.4
202403,1,상선,동묘앞,159,일요일,16:30,26.4
202403,1,하선,동묘앞,159,일요일,16:30,31.8
202403,1,상선,동대문,155,일요일,16:30,29.5
202403,1,하선,동대문,155,일요일,16:30,31.4
202403,1,상선,종로5가,154,일요일,16:30,27.8
202403,1,하선,종로5가,154,일요일,16:30,34.1
202403,1,상선,종로3가,153,일요일,16:30,27.4
202403,1,하선,종로3가,153,일요일,16:30,30.1
202403,1,상선,종각,152,일요일,16:30,26.4
202403,1,하선,종각,152,일요일,16:30,31.1
202403,1,상선,시청,151,일요일,16:30,25.9
202403,1,하선,시청,151,일요일,16:30,34.4
202403,1,상선,서울역,150,일요일,16:30,26.0
202403,1,하선,서울역,150,일요일,16:30,35.6
202406,1,상선,청량리,158,평일,16:30,27.9
202406,1,하선,청량리,158,평일,16:30,28.7
202406,1,상선,제기동,157,평일,16:30,28.7
202406,1,하선,제기동,157,평일,16:30,35.6
202406,1,상선,신설동,156,평일,16:30,30.4
202406,1,하선,신설동,156,평일,16:30,42.6
202406,1,상선,동묘앞,159,평일,16:30,34.4
202406,1,하선,동묘앞,159,평일,16:30,36.9
202406,1,상선,동대문,155,평일,16:30,36.0
202406,1,하선,동대문,155,평일,16:30,40.1
202406,1,상선,종로5가,154,평일,16:30,38.5
202406,1,하선,종로5가,154,평일,16:30,44.1
202406,1,상선,종로3가,153,평일,16:30,37.4
202406,1,하선,종로3가,153,평일,16:30,44.0
202406,1,상선,종각,152,평일,16:30,32.3
202406,1,하선,종각,152,평일,16:30,44.9
202406,1,상선,시청,151,평일,16:30,29.8
202406,1,하선,시청,151,평일,16:30,49.0
202406,1,상선,서울역,150,평일,16:30,26.5
202406,1,하선,서울역,150,평일,16:30,59.9
202406,1,상선,청량리,158,토요일,16:30,28.7
202406,1,하선,청량리,158,토요일,16:30,29.1
202406,1,상선,제기동,157,토요일,16:30,31.7
202406,1,하선,제기동,157,토요일,16:30,36.3
202406,1,상선,신설동,156,토요일,16:30,35.2
202406,1,하선,신설동,156,토요일,16:30,41.3
202406,1,상선,동묘앞,159,토요일,16:30,38.6
202406,1,하선,동묘앞,159,토요일,16:30,48.6
202406,1,상선,동대문,155,토요일,16:30,41.5
202406,1,하선,동대문,155,토요일,16:30,48.4
202406,1,상선,종로5가,154,토요일,16:30,44.6
202406,1,하선,종로5가,154,토요일,16:30,52.6
202406,1,상선,종로3가,153,토요일,16:30,45.1
202406,1,하선,종로3가,153,토요일,16:30,45.6
202406,1,상선,종각,152,토요일,16:30,41.1
202406,1,하선,종각,152,토요일,16:30,46.7
202406,1,상선,시청,151,토요일,16:30,39.6
202406,1,하선,시청,151,토요일,16:30,49.1
202406,1,상선,서울역,150,토요일,16:30,38.0
202406,1,하선,서울역,150,토요일,16:30,49.9
202406,1,상선,청량리,158,일요일,16:30,20.1
202406,1,하선,청량리,158,일요일,16:30,20.5
202406,1,상선,제기동,157,일요일,16:30,21.9
202406,1,하선,제기동,157,일요일,16:30,26.6
202406,1,상선,신설동,156,일요일,16:30,24.6
202406,1,하선,신설동,156,일요일,16:30,27.3
202406,1,상선,동묘앞,159,일요일,16:30,26.5
202406,1,하선,동묘앞,159,일요일,16:30,34.3
202406,1,상선,동대문,155,일요일,16:30,28.2
202406,1,하선,동대문,155,일요일,16:30,33.3
202406,1,상선,종로5가,154,일요일,16:30,29.3
202406,1,하선,종로5가,154,일요일,16:30,36.0
202406,1,상선,종로3가,153,일요일,16:30,29.6
202406,1,하선,종로3가,153,일요일,16:30,31.9
202406,1,상선,종각,152,일요일,16:30,29.4
202406,1,하선,종각,152,일요일,16:30,33.6
202406,1,상선,시청,151,일요일,16:30,27.7
202406,1,하선,시청,151,일요일,16:30,34.5
202406,1,상선,서울역,150,일요일,16:30,27.6
202406,1,하선,서울역,150,일요일,16:30,35.4
2020,1,상선,서울역,150,평일,17:00,26.8
2020,1,하선,서울역,150,평일,17:00,65.7
2020,1,상선,시청,151,평일,17:00,30.8
2020,1,하선,시청,151,평일,17:00,60.9
2020,1,상선,종각,152,평일,17:00,37.3
2020,1,하선,종각,152,평일,17:00,55.4
2020,1,상선,종로3가,153,평일,17:00,43.3
2020,1,하선,종로3가,153,평일,17:00,46.6
2020,1,상선,종로5가,154,평일,17:00,43.9
2020,1,하선,종로5가,154,평일,17:00,49.0
2020,1,상선,동대문,155,평일,17:00,45.0
2020,1,하선,동대문,155,평일,17:00,41.4
2020,1,상선,신설동,156,평일,17:00,43.3
2020,1,하선,신설동,156,평일,17:00,41.4
2020,1,상선,제기동,157,평일,17:00,42.7
2020,1,하선,제기동,157,평일,17:00,36.7
2020,1,상선,청량리,158,평일,17:00,42.4
2020,1,하선,청량리,158,평일,17:00,35.4
2020,1,상선,동묘앞,159,평일,17:00,36.6
2020,1,하선,동묘앞,159,평일,17:00,39.6
2020,1,상선,서울역,150,토요일,17:00,45.2
2020,1,하선,서울역,150,토요일,17:00,77.4
2020,1,상선,시청,151,토요일,17:00,47.9
2020,1,하선,시청,151,토요일,17:00,71.4
2020,1,상선,종각,152,토요일,17:00,53.4
2020,1,하선,종각,152,토요일,17:00,60.4
2020,1,상선,종로3가,153,토요일,17:00,58.2
2020,1,하선,종로3가,153,토요일,17:00,55.9
2020,1,상선,종로5가,154,토요일,17:00,58.6
2020,1,하선,종로5가,154,토요일,17:00,52.1
2020,1,상선,동대문,155,토요일,17:00,57.5
2020,1,하선,동대문,155,토요일,17:00,46.5
2020,1,상선,신설동,156,토요일,17:00,52.7
2020,1,하선,신설동,156,토요일,17:00,41.5
2020,1,상선,제기동,157,토요일,17:00,49.9
2020,1,하선,제기동,157,토요일,17:00,38.3
2020,1,상선,청량리,158,토요일,17:00,47.6
2020,1,하선,청량리,158,토요일,17:00,32.7
2020,1,상선,동묘앞,159,토요일,17:00,54.2
2020,1,하선,동묘앞,159,토요일,17:00,47.5
2020,1,상선,서울역,150,일요일,17:00,24.5
2020,1,하선,서울역,150,일요일,17:00,34.3
2020,1,상선,시청,151,일요일,17:00,25.5
2020,1,하선,시청,151,일요일,17:00,32.6
2020,1,상선,종각,152,일요일,17:00,28.2
2020,1,하선,종각,152,일요일,17:00,31.2
2020,1,상선,종로3가,153,일요일,17:00,31.3
2020,1,하선,종로3가,153,일요일,17:00,28.3
2020,1,상선,종로5가,154,일요일,17:00,29.9
2020,1,하선,종로5가,154,일요일,17:00,28.1
2020,1,상선,동대문,155,일요일,17:00,29.6
2020,1,하선,동대문,155,일요일,17:00,25.5
2020,1,상선,신설동,156,일요일,17:00,22.7
2020,1,하선,신설동,156,일요일,17:00,25.2
2020,1,상선,제기동,157,일요일,17:00,23.0
2020,1,하선,제기동,157,일요일,17:00,24.1
2020,1,상선,청량리,158,일요일,17:00,24.2
2020,1,하선,청량리,158,일요일,17:00,25.4
2020,1,상선,동묘앞,159,일요일,17:00,27.2
2020,1,하선,동묘앞,159,일요일,17:00,27.8
2021,1,상선,서울역,150,평일,17:00,16.4
2021,1,하선,서울역,150,평일,17:00,44.3
2021,1,상선,시청,151,평일,17:00,16.4
2021,1,하선,시청,151,평일,17:00,40.5
2021,1,상선,종각,152,평일,17:00,21.3
2021,1,하선,종각,152,평일,17:00,36.2
2021,1,상선,종로3가,153,평일,17:00,24.1
2021,1,하선,종로3가,153,평일,17:00,27.4
2021,1,상선,종로5가,154,평일,17:00,26.4
2021,1,하선,종로5가,154,평일,17:00,24.5
2021,1,상선,동대문,155,평일,17:00,25.5
2021,1,하선,동대문,155,평일,17:00,22.9
2021,1,상선,신설동,156,평일,17:00,28.0
2021,1,하선,신설동,156,평일,17:00,20.0
2021,1,상선,제기동,157,평일,17:00,27.1
2021,1,하선,제기동,157,평일,17:00,18.2
2021,1,상선,청량리,158,평일,17:00,25.8
2021,1,하선,청량리,158,평일,17:00,16.8
2021,1,상선,동묘앞,159,평일,17:00,21.6
2021,1,하선,동묘앞,159,평일,17:00,20.5
2021,1,상선,서울역,150,토요일,17:00,18.9
2021,1,하선,서울역,150,토요일,17:00,33.4
2021,1,상선,시청,151,토요일,17:00,18.9
2021,1,하선,시청,151,토요일,17:00,29.3
2021,1,상선,종각,152,토요일,17:00,20.1
2021,1,하선,종각,152,토요일,17:00,29.3
2021,1,상선,종로3가,153,토요일,17:00,23.1
2021,1,하선,종로3가,153,토요일,17:00,28.0
2021,1,상선,종로5가,154,토요일,17:00,24.7
2021,1,하선,종로5가,154,토요일,17:00,27.8
2021,1,상선,동대문,155,토요일,17:00,25.2
2021,1,하선,동대문,155,토요일,17:00,24.5
2021,1,상선,신설동,156,토요일,17:00,30.6
2021,1,하선,신설동,156,토요일,17:00,20.8
2021,1,상선,제기동,157,토요일,17:00,27.9
2021,1,하선,제기동,157,토요일,17:00,19.1
2021,1,상선,청량리,158,토요일,17:00,26.0
2021,1,하선,청량리,158,토요일,17:00,19.1
2021,1,상선,동묘앞,159,토요일,17:00,22.6
2021,1,하선,동묘앞,159,토요일,17:00,22.4
2021,1,상선,서울역,150,일요일,17:00,12.7
2021,1,하선,서울역,150,일요일,17:00,22.3
2021,1,상선,시청,151,일요일,17:00,12.9
2021,1,하선,시청,151,일요일,17:00,20.5
2021,1,상선,종각,152,일요일,17:00,14.5
2021,1,하선,종각,152,일요일,17:00,20.1
2021,1,상선,종로3가,153,일요일,17:00,16.2
2021,1,하선,종로3가,153,일요일,17:00,17.1
2021,1,상선,종로5가,154,일요일,17:00,16.7
2021,1,하선,종로5가,154,일요일,17:00,17.3
2021,1,상선,동대문,155,일요일,17:00,16.6
2021,1,하선,동대문,155,일요일,17:00,16.3
2021,1,상선,신설동,156,일요일,17:00,21.8
2021,1,하선,신설동,156,일요일,17:00,13.9
2021,1,상선,제기동,157,일요일,17:00,19.8
2021,1,하선,제기동,157,일요일,17:00,12.8
2021,1,상선,청량리,158,일요일,17:00,17.6
2021,1,하선,청량리,158,일요일,17:00,13.9
2021,1,상선,동묘앞,159,일요일,17:00,14.9
2021,1,하선,동묘앞,159,일요일,17:00,15.6
2022,1,상선,서울역,150,평일,17:00,16.7
2022,1,하선,서울역,150,평일,17:00,43.8
2022,1,상선,시청,151,평일,17:00,18.7
2022,1,하선,시청,151,평일,17:00,41.1
2022,1,상선,종각,152,평일,17:00,24.1
2022,1,하선,종각,152,평일,17:00,37.8
2022,1,상선,종로3가,153,평일,17:00,26.5
2022,1,하선,종로3가,153,평일,17:00,26.6
2022,1,상선,종로5가,154,평일,17:00,25.2
2022,1,하선,종로5가,154,평일,17:00,26.9
2022,1,상선,동대문,155,평일,17:00,27.3
2022,1,하선,동대문,155,평일,17:00,24.0
2022,1,상선,신설동,156,평일,17:00,29.9
2022,1,하선,신설동,156,평일,17:00,20.5
2022,1,상선,제기동,157,평일,17:00,29.5
2022,1,하선,제기동,157,평일,17:00,19.4
2022,1,상선,청량리,158,평일,17:00,23.1
2022,1,하선,청량리,158,평일,17:00,18.6
2022,1,상선,동묘앞,159,평일,17:00,26.3
2022,1,하선,동묘앞,159,평일,17:00,20.5
2022,1,상선,서울역,150,토요일,17:00,22.8
2022,1,하선,서울역,150,토요일,17:00,37.5
2022,1,상선,시청,151,토요일,17:00,23.6
2022,1,하선,시청,151,토요일,17:00,34.5
2022,1,상선,종각,152,토요일,17:00,25.3
2022,1,하선,종각,152,토요일,17:00,34.1
2022,1,상선,종로3가,153,토요일,17:00,28.2
2022,1,하선,종로3가,153,토요일,17:00,34.2
2022,1,상선,종로5가,154,토요일,17:00,27.0
2022,1,하선,종로5가,154,토요일,17:00,36.4
2022,1,상선,동대문,155,토요일,17:00,28.9
2022,1,하선,동대문,155,토요일,17:00,32.9
2022,1,상선,신설동,156,토요일,17:00,35.9
2022,1,하선,신설동,156,토요일,17:00,26.4
2022,1,상선,제기동,157,토요일,17:00,34.0
2022,1,하선,제기동,157,토요일,17:00,24.9
2022,1,상선,청량리,158,토요일,17:00,25.7
2022,1,하선,청량리,158,토요일,17:00,25.0
2022,1,상선,동묘앞,159,토요일,17:00,29.1
2022,1,하선,동묘앞,159,토요일,17:00,28.4
2022,1,상선,서울역,150,일요일,17:00,14.7
2022,1,하선,서울역,150,일요일,17:00,28.7
2022,1,상선,시청,151,일요일,17:00,16.3
2022,1,하선,시청,151,일요일,17:00,27.2
2022,1,상선,종각,152,일요일,17:00,17.9
2022,1,하선,종각,152,일요일,17:00,25.7
2022,1,상선,종로3가,153,일요일,17:00,21.6
2022,1,하선,종로3가,153,일요일,17:00,25.9
2022,1,상선,종로5가,154,일요일,17:00,21.0
2022,1,하선,종로5가,154,일요일,17:00,27.0
2022,1,상선,동대문,155,일요일,17:00,20.2
2022,1,하선,동대문,155,일요일,17:00,25.7
2022,1,상선,신설동,156,일요일,17:00,25.7
2022,1,하선,신설동,156,일요일,17:00,23.9
2022,1,상선,제기동,157,일요일,17:00,24.1
2022,1,하선,제기동,157,일요일,17:00,22.5
2022,1,상선,청량리,158,일요일,17:00,19.0
2022,1,하선,청량리,158,일요일,17:00,24.0
2022,1,상선,동묘앞,159,일요일,17:00,20.8
2022,1,하선,동묘앞,159,일요일,17:00,25.0
2023,1,상선,서울역,150,평일,17:00,24.1
2023,1,하선,서울역,150,평일,17:00,62.7
2023,1,상선,시청,151,평일,17:00,26.5
2023,1,하선,시청,151,평일,17:00,59.6
2023,1,상선,종각,152,평일,17:00,33.7
2023,1,하선,종각,152,평일,17:00,52.0
2023,1,상선,종로3가,153,평일,17:00,37.8
2023,1,하선,종로3가,153,평일,17:00,39.8
2023,1,상선,종로5가,154,평일,17:00,35.8
2023,1,하선,종로5가,154,평일,17:00,40.8
2023,1,상선,동대문,155,평일,17:00,37.7
2023,1,하선,동대문,155,평일,17:00,35.7
2023,1,상선,신설동,156,평일,17:00,39.1
2023,1,하선,신설동,156,평일,17:00,30.9
2023,1,상선,제기동,157,평일,17:00,38.8
2023,1,하선,제기동,157,평일,17:00,28.3
2023,1,상선,청량리,158,평일,17:00,32.2
2023,1,하선,청량리,158,평일,17:00,26.5
2023,1,상선,동묘앞,159,평일,17:00,34.8
2023,1,하선,동묘앞,159,평일,17:00,32.0
2023,1,상선,서울역,150,토요일,17:00,37.5
2023,1,하선,서울역,150,토요일,17:00,55.6
2023,1,상선,시청,151,토요일,17:00,35.8
2023,1,하선,시청,151,토요일,17:00,51.4
2023,1,상선,종각,152,토요일,17:00,37.3
2023,1,하선,종각,152,토요일,17:00,49.6
2023,1,상선,종로3가,153,토요일,17:00,39.1
2023,1,하선,종로3가,153,토요일,17:00,48.4
2023,1,상선,종로5가,154,토요일,17:00,37.3
2023,1,하선,종로5가,154,토요일,17:00,51.1
2023,1,상선,동대문,155,토요일,17:00,37.8
2023,1,하선,동대문,155,토요일,17:00,46.8
2023,1,상선,신설동,156,토요일,17:00,43.1
2023,1,하선,신설동,156,토요일,17:00,39.4
2023,1,상선,제기동,157,토요일,17:00,41.5
2023,1,하선,제기동,157,토요일,17:00,36.9
2023,1,상선,청량리,158,토요일,17:00,34.6
2023,1,하선,청량리,158,토요일,17:00,37.7
2023,1,상선,동묘앞,159,토요일,17:00,35.1
2023,1,하선,동묘앞,159,토요일,17:00,40.9
2023,1,상선,서울역,150,공휴일,17:00,18.6
2023,1,하선,서울역,150,공휴일,17:00,39.3
2023,1,상선,시청,151,공휴일,17:00,22.0
2023,1,하선,시청,151,공휴일,17:00,37.5
2023,1,상선,종각,152,공휴일,17:00,25.7
2023,1,하선,종각,152,공휴일,17:00,36.1
2023,1,상선,종로3가,153,공휴일,17:00,29.3
2023,1,하선,종로3가,153,공휴일,17:00,33.9
2023,1,상선,종로5가,154,공휴일,17:00,29.1
2023,1,하선,종로5가,154,공휴일,17:00,35.7
2023,1,상선,동대문,155,공휴일,17:00,29.7
2023,1,하선,동대문,155,공휴일,17:00,33.9
2023,1,상선,신설동,156,공휴일,17:00,33.9
2023,1,하선,신설동,156,공휴일,17:00,29.7
2023,1,상선,제기동,157,공휴일,17:00,32.0
2023,1,하선,제기동,157,공휴일,17:00,28.3
2023,1,상선,청량리,158,공휴일,17:00,26.2
2023,1,하선,청량리,158,공휴일,17:00,29.2
2023,1,상선,동묘앞,159,공휴일,17:00,28.1
2023,1,하선,동묘앞,159,공휴일,17:00,31.7
202403,1,상선,청량리,158,평일,17:00,32.6
202403,1,하선,청량리,158,평일,17:00,27.9
202403,1,상선,제기동,157,평일,17:00,40.4
202403,1,하선,제기동,157,평일,17:00,29.5
202403,1,상선,신설동,156,평일,17:00,40.9
202403,1,하선,신설동,156,평일,17:00,31.9
202403,1,상선,동묘앞,159,평일,17:00,37.0
202403,1,하선,동묘앞,159,평일,17:00,31.6
202403,1,상선,동대문,155,평일,17:00,40.7
202403,1,하선,동대문,155,평일,17:00,35.1
202403,1,상선,종로5가,154,평일,17:00,38.4
202403,1,하선,종로5가,154,평일,17:00,40.0
202403,1,상선,종로3가,153,평일,17:00,40.2
202403,1,하선,종로3가,153,평일,17:00,38.0
202403,1,상선,종각,152,평일,17:00,36.8
202403,1,하선,종각,152,평일,17:00,50.8
202403,1,상선,시청,151,평일,17:00,29.4
202403,1,하선,시청,151,평일,17:00,59.2
202403,1,상선,서울역,150,평일,17:00,26.8
202403,1,하선,서울역,150,평일,17:00,63.3
202403,1,상선,청량리,158,토요일,17:00,34.9
202403,1,하선,청량리,158,토요일,17:00,42.2
202403,1,상선,제기동,157,토요일,17:00,43.1
202403,1,하선,제기동,157,토요일,17:00,40.1
202403,1,상선,신설동,156,토요일,17:00,44.8
202403,1,하선,신설동,156,토요일,17:00,41.9
202403,1,상선,동묘앞,159,토요일,17:00,37.3
202403,1,하선,동묘앞,159,토요일,17:00,42.9
202403,1,상선,동대문,155,토요일,17:00,38.9
202403,1,하선,동대문,155,토요일,17:00,46.1
202403,1,상선,종로5가,154,토요일,17:00,38.9
202403,1,하선,종로5가,154,토요일,17:00,50.1
202403,1,상선,종로3가,153,토요일,17:00,42.1
202403,1,하선,종로3가,153,토요일,17:00,45.9
202403,1,상선,종각,152,토요일,17:00,39.2
202403,1,하선,종각,152,토요일,17:00,44.9
202403,1,상선,시청,151,토요일,17:00,36.0
202403,1,하선,시청,151,토요일,17:00,46.2
202403,1,상선,서울역,150,토요일,17:00,35.8
202403,1,하선,서울역,150,토요일,17:00,49.9
202403,1,상선,청량리,158,일요일,17:00,26.3
202403,1,하선,청량리,158,일요일,17:00,33.1
202403,1,상선,제기동,157,일요일,17:00,33.1
202403,1,하선,제기동,157,일요일,17:00,31.9
202403,1,상선,신설동,156,일요일,17:00,34.9
202403,1,하선,신설동,156,일요일,17:00,33.5
202403,1,상선,동묘앞,159,일요일,17:00,27.4
202403,1,하선,동묘앞,159,일요일,17:00,34.4
202403,1,상선,동대문,155,일요일,17:00,27.9
202403,1,하선,동대문,155,일요일,17:00,34.2
202403,1,상선,종로5가,154,일요일,17:00,29.3
202403,1,하선,종로5가,154,일요일,17:00,36.6
202403,1,상선,종로3가,153,일요일,17:00,30.5
202403,1,하선,종로3가,153,일요일,17:00,34.4
202403,1,상선,종각,152,일요일,17:00,26.0
202403,1,하선,종각,152,일요일,17:00,35.2
202403,1,상선,시청,151,일요일,17:00,22.8
202403,1,하선,시청,151,일요일,17:00,37.0
202403,1,상선,서울역,150,일요일,17:00,20.9
202403,1,하선,서울역,150,일요일,17:00,38.2
202406,1,상선,청량리,158,평일,17:00,32.1
202406,1,하선,청량리,158,평일,17:00,30.6
202406,1,상선,제기동,157,평일,17:00,40.4
202406,1,하선,제기동,157,평일,17:00,34.7
202406,1,상선,신설동,156,평일,17:00,41.4
202406,1,하선,신설동,156,평일,17:00,35.3
202406,1,상선,동묘앞,159,평일,17:00,36.3
202406,1,하선,동묘앞,159,평일,17:00,38.6
202406,1,상선,동대문,155,평일,17:00,42.9
202406,1,하선,동대문,155,평일,17:00,38.3
202406,1,상선,종로5가,154,평일,17:00,39.8
202406,1,하선,종로5가,154,평일,17:00,42.3
202406,1,상선,종로3가,153,평일,17:00,40.4
202406,1,하선,종로3가,153,평일,17:00,39.2
202406,1,상선,종각,152,평일,17:00,37.3
202406,1,하선,종각,152,평일,17:00,53.0
202406,1,상선,시청,151,평일,17:00,29.4
202406,1,하선,시청,151,평일,17:00,61.6
202406,1,상선,서울역,150,평일,17:00,25.7
202406,1,하선,서울역,150,평일,17:00,66.0
202406,1,상선,청량리,158,토요일,17:00,34.6
202406,1,하선,청량리,158,토요일,17:00,30.3
202406,1,상선,제기동,157,토요일,17:00,40.9
202406,1,하선,제기동,157,토요일,17:00,31.7
202406,1,상선,신설동,156,토요일,17:00,43.8
202406,1,하선,신설동,156,토요일,17:00,34.5
202406,1,상선,동묘앞,159,토요일,17:00,36.4
202406,1,하선,동묘앞,159,토요일,17:00,34.2
202406,1,상선,동대문,155,토요일,17:00,42.5
202406,1,하선,동대문,155,토요일,17:00,37.7
202406,1,상선,종로5가,154,토요일,17:00,38.5
202406,1,하선,종로5가,154,토요일,17:00,41.5
202406,1,상선,종로3가,153,토요일,17:00,41.0
202406,1,하선,종로3가,153,토요일,17:00,39.4
202406,1,상선,종각,152,토요일,17:00,36.4
202406,1,하선,종각,152,토요일,17:00,42.4
202406,1,상선,시청,151,토요일,17:00,33.4
202406,1,하선,시청,151,토요일,17:00,45.5
202406,1,상선,서울역,150,토요일,17:00,31.1
202406,1,하선,서울역,150,토요일,17:00,47.9
202406,1,상선,청량리,158,일요일,17:00,26.2
202406,1,하선,청량리,158,일요일,17:00,19.4
202406,1,상선,제기동,157,일요일,17:00,31.9
202406,1,하선,제기동,157,일요일,17:00,19.6
202406,1,상선,신설동,156,일요일,17:00,33.6
202406,1,하선,신설동,156,일요일,17:00,21.6
202406,1,상선,동묘앞,159,일요일,17:00,28.2
202406,1,하선,동묘앞,159,일요일,17:00,22.4
202406,1,상선,동대문,155,일요일,17:00,33.2
202406,1,하선,동대문,155,일요일,17:00,26.4
202406,1,상선,종로5가,154,일요일,17:00,30.7
202406,1,하선,종로5가,154,일요일,17:00,28.7
202406,1,상선,종로3가,153,일요일,17:00,31.6
202406,1,하선,종로3가,153,일요일,17:00,28.6
202406,1,상선,종각,152,일요일,17:00,25.0
202406,1,하선,종각,152,일요일,17:00,31.4
202406,1,상선,시청,151,일요일,17:00,22.3
202406,1,하선,시청,151,일요일,17:00,34.1
202406,1,상선,서울역,150,일요일,17:00,21.2
202406,1,하선,서울역,150,일요일,17:00,35.2
2020,1,상선,서울역,150,평일,17:30,34.4
2020,1,하선,서울역,150,평일,17:30,70.4
2020,1,상선,시청,151,평일,17:30,35.6
2020,1,하선,시청,151,평일,17:30,64.1
2020,1,상선,종각,152,평일,17:30,39.2
2020,1,하선,종각,152,평일,17:30,56.4
2020,1,상선,종로3가,153,평일,17:30,41.8
2020,1,하선,종로3가,153,평일,17:30,46.4
2020,1,상선,종로5가,154,평일,17:30,41.5
2020,1,하선,종로5가,154,평일,17:30,44.1
2020,1,상선,동대문,155,평일,17:30,44.5
2020,1,하선,동대문,155,평일,17:30,39.2
2020,1,상선,신설동,156,평일,17:30,46.4
2020,1,하선,신설동,156,평일,17:30,35.5
2020,1,상선,제기동,157,평일,17:30,43.8
2020,1,하선,제기동,157,평일,17:30,31.2
2020,1,상선,청량리,158,평일,17:30,39.5
2020,1,하선,청량리,158,평일,17:30,26.2
2020,1,상선,동묘앞,159,평일,17:30,44.1
2020,1,하선,동묘앞,159,평일,17:30,37.9
2020,1,상선,서울역,150,토요일,17:30,34.2
2020,1,하선,서울역,150,토요일,17:30,64.0
2020,1,상선,시청,151,토요일,17:30,35.9
2020,1,하선,시청,151,토요일,17:30,63.7
2020,1,상선,종각,152,토요일,17:30,37.5
2020,1,하선,종각,152,토요일,17:30,56.3
2020,1,상선,종로3가,153,토요일,17:30,41.4
2020,1,하선,종로3가,153,토요일,17:30,53.2
2020,1,상선,종로5가,154,토요일,17:30,41.3
2020,1,하선,종로5가,154,토요일,17:30,54.6
2020,1,상선,동대문,155,토요일,17:30,41.9
2020,1,하선,동대문,155,토요일,17:30,45.6
2020,1,상선,신설동,156,토요일,17:30,39.9
2020,1,하선,신설동,156,토요일,17:30,40.9
2020,1,상선,제기동,157,토요일,17:30,39.1
2020,1,하선,제기동,157,토요일,17:30,37.4
2020,1,상선,청량리,158,토요일,17:30,29.9
2020,1,하선,청량리,158,토요일,17:30,30.5
2020,1,상선,동묘앞,159,토요일,17:30,39.0
2020,1,하선,동묘앞,159,토요일,17:30,44.7
2020,1,상선,서울역,150,일요일,17:30,19.0
2020,1,하선,서울역,150,일요일,17:30,33.2
2020,1,상선,시청,151,일요일,17:30,18.7
2020,1,하선,시청,151,일요일,17:30,32.8
2020,1,상선,종각,152,일요일,17:30,20.1
2020,1,하선,종각,152,일요일,17:30,32.1
2020,1,상선,종로3가,153,일요일,17:30,22.7
2020,1,하선,종로3가,153,일요일,17:30,29.0
2020,1,상선,종로5가,154,일요일,17:30,23.3
2020,1,하선,종로5가,154,일요일,17:30,29.0
2020,1,상선,동대문,155,일요일,17:30,24.0
2020,1,하선,동대문,155,일요일,17:30,24.7
2020,1,상선,신설동,156,일요일,17:30,25.5
2020,1,하선,신설동,156,일요일,17:30,23.0
2020,1,상선,제기동,157,일요일,17:30,24.6
2020,1,하선,제기동,157,일요일,17:30,21.6
2020,1,상선,청량리,158,일요일,17:30,17.3
2020,1,하선,청량리,158,일요일,17:30,15.1
2020,1,상선,동묘앞,159,일요일,17:30,22.8
2020,1,하선,동묘앞,159,일요일,17:30,25.0
2021,1,상선,서울역,150,평일,17:30,21.0
2021,1,하선,서울역,150,평일,17:30,48.2
2021,1,상선,시청,151,평일,17:30,24.5
2021,1,하선,시청,151,평일,17:30,43.0
2021,1,상선,종각,152,평일,17:30,29.6
2021,1,하선,종각,152,평일,17:30,34.9
2021,1,상선,종로3가,153,평일,17:30,32.1
2021,1,하선,종로3가,153,평일,17:30,27.5
2021,1,상선,종로5가,154,평일,17:30,33.5
2021,1,하선,종로5가,154,평일,17:30,30.8
2021,1,상선,동대문,155,평일,17:30,36.8
2021,1,하선,동대문,155,평일,17:30,24.7
2021,1,상선,신설동,156,평일,17:30,39.5
2021,1,하선,신설동,156,평일,17:30,20.5
2021,1,상선,제기동,157,평일,17:30,38.8
2021,1,하선,제기동,157,평일,17:30,17.1
2021,1,상선,청량리,158,평일,17:30,34.8
2021,1,하선,청량리,158,평일,17:30,13.7
2021,1,상선,동묘앞,159,평일,17:30,35.2
2021,1,하선,동묘앞,159,평일,17:30,22.8
2021,1,상선,서울역,150,토요일,17:30,18.2
2021,1,하선,서울역,150,토요일,17:30,35.0
2021,1,상선,시청,151,토요일,17:30,20.8
2021,1,하선,시청,151,토요일,17:30,33.4
2021,1,상선,종각,152,토요일,17:30,20.4
2021,1,하선,종각,152,토요일,17:30,32.1
2021,1,상선,종로3가,153,토요일,17:30,22.3
2021,1,하선,종로3가,153,토요일,17:30,31.1
2021,1,상선,종로5가,154,토요일,17:30,22.1
2021,1,하선,종로5가,154,토요일,17:30,35.1
2021,1,상선,동대문,155,토요일,17:30,21.7
2021,1,하선,동대문,155,토요일,17:30,28.9
2021,1,상선,신설동,156,토요일,17:30,22.1
2021,1,하선,신설동,156,토요일,17:30,23.1
2021,1,상선,제기동,157,토요일,17:30,21.1
2021,1,하선,제기동,157,토요일,17:30,21.2
2021,1,상선,청량리,158,토요일,17:30,19.0
2021,1,하선,청량리,158,토요일,17:30,16.2
2021,1,상선,동묘앞,159,토요일,17:30,23.0
2021,1,하선,동묘앞,159,토요일,17:30,28.1
2021,1,상선,서울역,150,일요일,17:30,15.6
2021,1,하선,서울역,150,일요일,17:30,25.3
2021,1,상선,시청,151,일요일,17:30,16.5
2021,1,하선,시청,151,일요일,17:30,23.3
2021,1,상선,종각,152,일요일,17:30,16.0
2021,1,하선,종각,152,일요일,17:30,22.3
2021,1,상선,종로3가,153,일요일,17:30,17.2
2021,1,하선,종로3가,153,일요일,17:30,21.1
2021,1,상선,종로5가,154,일요일,17:30,15.7
2021,1,하선,종로5가,154,일요일,17:30,23.1
2021,1,상선,동대문,155,일요일,17:30,15.0
2021,1,하선,동대문,155,일요일,17:30,19.8
2021,1,상선,신설동,156,일요일,17:30,14.5
2021,1,하선,신설동,156,일요일,17:30,16.5
2021,1,상선,제기동,157,일요일,17:30,13.8
2021,1,하선,제기동,157,일요일,17:30,15.4
2021,1,상선,청량리,158,일요일,17:30,12.6
2021,1,하선,청량리,158,일요일,17:30,12.8
2021,1,상선,동묘앞,159,일요일,17:30,15.1
2021,1,하선,동묘앞,159,일요일,17:30,20.6
2022,1,상선,서울역,150,평일,17:30,24.1
2022,1,하선,서울역,150,평일,17:30,49.7
2022,1,상선,시청,151,평일,17:30,26.5
2022,1,하선,시청,151,평일,17:30,45.3
2022,1,상선,종각,152,평일,17:30,29.1
2022,1,하선,종각,152,평일,17:30,38.3
2022,1,상선,종로3가,153,평일,17:30,32.3
2022,1,하선,종로3가,153,평일,17:30,34.6
2022,1,상선,종로5가,154,평일,17:30,35.6
2022,1,하선,종로5가,154,평일,17:30,34.6
2022,1,상선,동대문,155,평일,17:30,37.6
2022,1,하선,동대문,155,평일,17:30,26.8
2022,1,상선,신설동,156,평일,17:30,37.8
2022,1,하선,신설동,156,평일,17:30,22.4
2022,1,상선,제기동,157,평일,17:30,32.6
2022,1,하선,제기동,157,평일,17:30,18.4
2022,1,상선,청량리,158,평일,17:30,29.8
2022,1,하선,청량리,158,평일,17:30,15.3
2022,1,상선,동묘앞,159,평일,17:30,33.2
2022,1,하선,동묘앞,159,평일,17:30,25.2
2022,1,상선,서울역,150,토요일,17:30,25.2
2022,1,하선,서울역,150,토요일,17:30,41.1
2022,1,상선,시청,151,토요일,17:30,25.8
2022,1,하선,시청,151,토요일,17:30,40.5
2022,1,상선,종각,152,토요일,17:30,23.7
2022,1,하선,종각,152,토요일,17:30,39.1
2022,1,상선,종로3가,153,토요일,17:30,25.4
2022,1,하선,종로3가,153,토요일,17:30,37.6
2022,1,상선,종로5가,154,토요일,17:30,25.1
2022,1,하선,종로5가,154,토요일,17:30,39.1
2022,1,상선,동대문,155,토요일,17:30,26.2
2022,1,하선,동대문,155,토요일,17:30,34.2
2022,1,상선,신설동,156,토요일,17:30,26.8
2022,1,하선,신설동,156,토요일,17:30,29.3
2022,1,상선,제기동,157,토요일,17:30,24.5
2022,1,하선,제기동,157,토요일,17:30,26.8
2022,1,상선,청량리,158,토요일,17:30,22.2
2022,1,하선,청량리,158,토요일,17:30,21.9
2022,1,상선,동묘앞,159,토요일,17:30,28.0
2022,1,하선,동묘앞,159,토요일,17:30,32.7
2022,1,상선,서울역,150,일요일,17:30,17.0
2022,1,하선,서울역,150,일요일,17:30,31.3
2022,1,상선,시청,151,일요일,17:30,16.9
2022,1,하선,시청,151,일요일,17:30,32.4
2022,1,상선,종각,152,일요일,17:30,17.4
2022,1,하선,종각,152,일요일,17:30,31.9
2022,1,상선,종로3가,153,일요일,17:30,19.2
2022,1,하선,종로3가,153,일요일,17:30,26.5
2022,1,상선,종로5가,154,일요일,17:30,18.6
2022,1,하선,종로5가,154,일요일,17:30,27.2
2022,1,상선,동대문,155,일요일,17:30,18.9
2022,1,하선,동대문,155,일요일,17:30,24.1
2022,1,상선,신설동,156,일요일,17:30,19.4
2022,1,하선,신설동,156,일요일,17:30,20.8
2022,1,상선,제기동,157,일요일,17:30,17.7
2022,1,하선,제기동,157,일요일,17:30,19.6
2022,1,상선,청량리,158,일요일,17:30,16.0
2022,1,하선,청량리,158,일요일,17:30,16.6
2022,1,상선,동묘앞,159,일요일,17:30,19.7
2022,1,하선,동묘앞,159,일요일,17:30,24.4
2023,1,상선,서울역,150,평일,17:30,35.6
2023,1,하선,서울역,150,평일,17:30,70.2
2023,1,상선,시청,151,평일,17:30,39.2
2023,1,하선,시청,151,평일,17:30,62.9
2023,1,상선,종각,152,평일,17:30,41.8
2023,1,하선,종각,152,평일,17:30,55.3
2023,1,상선,종로3가,153,평일,17:30,46.6
2023,1,하선,종로3가,153,평일,17:30,47.1
2023,1,상선,종로5가,154,평일,17:30,50.8
2023,1,하선,종로5가,154,평일,17:30,49.0
2023,1,상선,동대문,155,평일,17:30,52.0
2023,1,하선,동대문,155,평일,17:30,39.6
2023,1,상선,신설동,156,평일,17:30,53.0
2023,1,하선,신설동,156,평일,17:30,31.8
2023,1,상선,제기동,157,평일,17:30,47.4
2023,1,하선,제기동,157,평일,17:30,26.2
2023,1,상선,청량리,158,평일,17:30,41.0
2023,1,하선,청량리,158,평일,17:30,22.9
2023,1,상선,동묘앞,159,평일,17:30,47.2
2023,1,하선,동묘앞,159,평일,17:30,36.7
2023,1,상선,서울역,150,토요일,17:30,38.1
2023,1,하선,서울역,150,토요일,17:30,56.3
2023,1,상선,시청,151,토요일,17:30,35.9
2023,1,하선,시청,151,토요일,17:30,54.4
2023,1,상선,종각,152,토요일,17:30,33.1
2023,1,하선,종각,152,토요일,17:30,51.5
2023,1,상선,종로3가,153,토요일,17:30,35.2
2023,1,하선,종로3가,153,토요일,17:30,45.8
2023,1,상선,종로5가,154,토요일,17:30,35.1
2023,1,하선,종로5가,154,토요일,17:30,44.8
2023,1,상선,동대문,155,토요일,17:30,36.2
2023,1,하선,동대문,155,토요일,17:30,42.7
2023,1,상선,신설동,156,토요일,17:30,34.1
2023,1,하선,신설동,156,토요일,17:30,33.9
2023,1,상선,제기동,157,토요일,17:30,31.7
2023,1,하선,제기동,157,토요일,17:30,32.2
2023,1,상선,청량리,158,토요일,17:30,28.0
2023,1,하선,청량리,158,토요일,17:30,27.2
2023,1,상선,동묘앞,159,토요일,17:30,36.0
2023,1,하선,동묘앞,159,토요일,17:30,40.7
2023,1,상선,서울역,150,공휴일,17:30,24.0
2023,1,하선,서울역,150,공휴일,17:30,40.1
2023,1,상선,시청,151,공휴일,17:30,23.0
2023,1,하선,시청,151,공휴일,17:30,38.9
2023,1,상선,종각,152,공휴일,17:30,22.3
2023,1,하선,종각,152,공휴일,17:30,37.7
2023,1,상선,종로3가,153,공휴일,17:30,26.1
2023,1,하선,종로3가,153,공휴일,17:30,33.3
2023,1,상선,종로5가,154,공휴일,17:30,24.3
2023,1,하선,종로5가,154,공휴일,17:30,33.5
2023,1,상선,동대문,155,공휴일,17:30,24.7
2023,1,하선,동대문,155,공휴일,17:30,28.8
2023,1,상선,신설동,156,공휴일,17:30,26.1
2023,1,하선,신설동,156,공휴일,17:30,21.6
2023,1,상선,제기동,157,공휴일,17:30,24.4
2023,1,하선,제기동,157,공휴일,17:30,20.1
2023,1,상선,청량리,158,공휴일,17:30,21.5
2023,1,하선,청량리,158,공휴일,17:30,17.6
2023,1,상선,동묘앞,159,공휴일,17:30,26.6
2023,1,하선,동묘앞,159,공휴일,17:30,28.5
202403,1,상선,청량리,158,평일,17:30,42.4
202403,1,하선,청량리,158,평일,17:30,23.6
202403,1,상선,제기동,157,평일,17:30,50.8
202403,1,하선,제기동,157,평일,17:30,27.1
202403,1,상선,신설동,156,평일,17:30,55.9
202403,1,하선,신설동,156,평일,17:30,32.7
202403,1,상선,동묘앞,159,평일,17:30,50.1
202403,1,하선,동묘앞,159,평일,17:30,37.1
202403,1,상선,동대문,155,평일,17:30,55.3
202403,1,하선,동대문,155,평일,17:30,39.4
202403,1,상선,종로5가,154,평일,17:30,54.4
202403,1,하선,종로5가,154,평일,17:30,49.0
202403,1,상선,종로3가,153,평일,17:30,50.4
202403,1,하선,종로3가,153,평일,17:30,49.5
202403,1,상선,종각,152,평일,17:30,45.4
202403,1,하선,종각,152,평일,17:30,59.4
202403,1,상선,시청,151,평일,17:30,40.8
202403,1,하선,시청,151,평일,17:30,67.5
202403,1,상선,서울역,150,평일,17:30,37.4
202403,1,하선,서울역,150,평일,17:30,75.7
202403,1,상선,청량리,158,토요일,17:30,26.5
202403,1,하선,청량리,158,토요일,17:30,25.9
202403,1,상선,제기동,157,토요일,17:30,30.4
202403,1,하선,제기동,157,토요일,17:30,29.6
202403,1,상선,신설동,156,토요일,17:30,32.7
202403,1,하선,신설동,156,토요일,17:30,31.0
202403,1,상선,동묘앞,159,토요일,17:30,34.6
202403,1,하선,동묘앞,159,토요일,17:30,36.2
202403,1,상선,동대문,155,토요일,17:30,34.5
202403,1,하선,동대문,155,토요일,17:30,37.5
202403,1,상선,종로5가,154,토요일,17:30,33.8
202403,1,하선,종로5가,154,토요일,17:30,46.0
202403,1,상선,종로3가,153,토요일,17:30,32.6
202403,1,하선,종로3가,153,토요일,17:30,44.7
202403,1,상선,종각,152,토요일,17:30,30.6
202403,1,하선,종각,152,토요일,17:30,51.5
202403,1,상선,시청,151,토요일,17:30,33.6
202403,1,하선,시청,151,토요일,17:30,52.3
202403,1,상선,서울역,150,토요일,17:30,36.4
202403,1,하선,서울역,150,토요일,17:30,53.4
202403,1,상선,청량리,158,일요일,17:30,21.4
202403,1,하선,청량리,158,일요일,17:30,20.2
202403,1,상선,제기동,157,일요일,17:30,23.9
202403,1,하선,제기동,157,일요일,17:30,23.4
202403,1,상선,신설동,156,일요일,17:30,25.1
202403,1,하선,신설동,156,일요일,17:30,24.7
202403,1,상선,동묘앞,159,일요일,17:30,26.0
202403,1,하선,동묘앞,159,일요일,17:30,31.5
202403,1,상선,동대문,155,일요일,17:30,26.4
202403,1,하선,동대문,155,일요일,17:30,31.0
202403,1,상선,종로5가,154,일요일,17:30,25.7
202403,1,하선,종로5가,154,일요일,17:30,36.3
202403,1,상선,종로3가,153,일요일,17:30,25.6
202403,1,하선,종로3가,153,일요일,17:30,35.2
202403,1,상선,종각,152,일요일,17:30,23.1
202403,1,하선,종각,152,일요일,17:30,38.9
202403,1,상선,시청,151,일요일,17:30,23.4
202403,1,하선,시청,151,일요일,17:30,39.3
202403,1,상선,서울역,150,일요일,17:30,23.1
202403,1,하선,서울역,150,일요일,17:30,40.9
202406,1,상선,청량리,158,평일,17:30,45.3
202406,1,하선,청량리,158,평일,17:30,22.3
202406,1,상선,제기동,157,평일,17:30,51.5
202406,1,하선,제기동,157,평일,17:30,25.7
202406,1,상선,신설동,156,평일,17:30,52.6
202406,1,하선,신설동,156,평일,17:30,32.8
202406,1,상선,동묘앞,159,평일,17:30,49.2
202406,1,하선,동묘앞,159,평일,17:30,37.4
202406,1,상선,동대문,155,평일,17:30,51.3
202406,1,하선,동대문,155,평일,17:30,40.1
202406,1,상선,종로5가,154,평일,17:30,53.1
202406,1,하선,종로5가,154,평일,17:30,50.9
202406,1,상선,종로3가,153,평일,17:30,49.9
202406,1,하선,종로3가,153,평일,17:30,50.1
202406,1,상선,종각,152,평일,17:30,45.2
202406,1,하선,종각,152,평일,17:30,58.9
202406,1,상선,시청,151,평일,17:30,41.8
202406,1,하선,시청,151,평일,17:30,66.2
202406,1,상선,서울역,150,평일,17:30,36.8
202406,1,하선,서울역,150,평일,17:30,74.7
202406,1,상선,청량리,158,토요일,17:30,31.5
202406,1,하선,청량리,158,토요일,17:30,30.4
202406,1,상선,제기동,157,토요일,17:30,34.9
202406,1,하선,제기동,157,토요일,17:30,34.2
202406,1,상선,신설동,156,토요일,17:30,36.1
202406,1,하선,신설동,156,토요일,17:30,36.5
202406,1,상선,동묘앞,159,토요일,17:30,37.5
202406,1,하선,동묘앞,159,토요일,17:30,44.4
202406,1,상선,동대문,155,토요일,17:30,34.5
202406,1,하선,동대문,155,토요일,17:30,44.0
202406,1,상선,종로5가,154,토요일,17:30,36.9
202406,1,하선,종로5가,154,토요일,17:30,50.1
202406,1,상선,종로3가,153,토요일,17:30,34.2
202406,1,하선,종로3가,153,토요일,17:30,47.2
202406,1,상선,종각,152,토요일,17:30,33.8
202406,1,하선,종각,152,토요일,17:30,49.7
202406,1,상선,시청,151,토요일,17:30,35.2
202406,1,하선,시청,151,토요일,17:30,50.6
202406,1,상선,서울역,150,토요일,17:30,35.7
202406,1,하선,서울역,150,토요일,17:30,53.8
202406,1,상선,청량리,158,일요일,17:30,24.2
202406,1,하선,청량리,158,일요일,17:30,21.3
202406,1,상선,제기동,157,일요일,17:30,27.7
202406,1,하선,제기동,157,일요일,17:30,23.5
202406,1,상선,신설동,156,일요일,17:30,29.1
202406,1,하선,신설동,156,일요일,17:30,26.4
202406,1,상선,동묘앞,159,일요일,17:30,29.6
202406,1,하선,동묘앞,159,일요일,17:30,32.0
202406,1,상선,동대문,155,일요일,17:30,26.6
202406,1,하선,동대문,155,일요일,17:30,34.5
202406,1,상선,종로5가,154,일요일,17:30,27.1
202406,1,하선,종로5가,154,일요일,17:30,37.7
202406,1,상선,종로3가,153,일요일,17:30,26.2
202406,1,하선,종로3가,153,일요일,17:30,32.8
202406,1,상선,종각,152,일요일,17:30,24.8
202406,1,하선,종각,152,일요일,17:30,35.4
202406,1,상선,시청,151,일요일,17:30,24.8
202406,1,하선,시청,151,일요일,17:30,36.9
202406,1,상선,서울역,150,일요일,17:30,25.5
202406,1,하선,서울역,150,일요일,17:30,38.9
2020,1,상선,서울역,150,평일,18:00,40.3
2020,1,하선,서울역,150,평일,18:00,105.6
2020,1,상선,시청,151,평일,18:00,51.1
2020,1,하선,시청,151,평일,18:00,88.8
2020,1,상선,종각,152,평일,18:00,65.5
2020,1,하선,종각,152,평일,18:00,74.7
2020,1,상선,종로3가,153,평일,18:00,63.2
2020,1,하선,종로3가,153,평일,18:00,54.2
2020,1,상선,종로5가,154,평일,18:00,69.5
2020,1,하선,종로5가,154,평일,18:00,57.0
2020,1,상선,동대문,155,평일,18:00,67.8
2020,1,하선,동대문,155,평일,18:00,41.8
2020,1,상선,신설동,156,평일,18:00,58.2
2020,1,하선,신설동,156,평일,18:00,39.0
2020,1,상선,제기동,157,평일,18:00,57.3
2020,1,하선,제기동,157,평일,18:00,31.6
2020,1,상선,청량리,158,평일,18:00,42.8
2020,1,하선,청량리,158,평일,18:00,23.7
2020,1,상선,동묘앞,159,평일,18:00,62.3
2020,1,하선,동묘앞,159,평일,18:00,40.5
2020,1,상선,서울역,150,토요일,18:00,28.9
2020,1,하선,서울역,150,토요일,18:00,53.0
2020,1,상선,시청,151,토요일,18:00,31.4
2020,1,하선,시청,151,토요일,18:00,48.2
2020,1,상선,종각,152,토요일,18:00,33.3
2020,1,하선,종각,152,토요일,18:00,45.6
2020,1,상선,종로3가,153,토요일,18:00,37.1
2020,1,하선,종로3가,153,토요일,18:00,41.8
2020,1,상선,종로5가,154,토요일,18:00,36.8
2020,1,하선,종로5가,154,토요일,18:00,38.1
2020,1,상선,동대문,155,토요일,18:00,39.6
2020,1,하선,동대문,155,토요일,18:00,32.9
2020,1,상선,신설동,156,토요일,18:00,34.1
2020,1,하선,신설동,156,토요일,18:00,28.2
2020,1,상선,제기동,157,토요일,18:00,33.5
2020,1,하선,제기동,157,토요일,18:00,24.7
2020,1,상선,청량리,158,토요일,18:00,31.6
2020,1,하선,청량리,158,토요일,18:00,20.9
2020,1,상선,동묘앞,159,토요일,18:00,36.3
2020,1,하선,동묘앞,159,토요일,18:00,33.6
2020,1,상선,서울역,150,일요일,18:00,17.4
2020,1,하선,서울역,150,일요일,18:00,29.2
2020,1,상선,시청,151,일요일,18:00,19.8
2020,1,하선,시청,151,일요일,18:00,25.8
2020,1,상선,종각,152,일요일,18:00,21.2
2020,1,하선,종각,152,일요일,18:00,24.9
2020,1,상선,종로3가,153,일요일,18:00,23.9
2020,1,하선,종로3가,153,일요일,18:00,22.8
2020,1,상선,종로5가,154,일요일,18:00,23.6
2020,1,하선,종로5가,154,일요일,18:00,22.7
2020,1,상선,동대문,155,일요일,18:00,24.5
2020,1,하선,동대문,155,일요일,18:00,22.0
2020,1,상선,신설동,156,일요일,18:00,20.8
2020,1,하선,신설동,156,일요일,18:00,23.0
2020,1,상선,제기동,157,일요일,18:00,20.2
2020,1,하선,제기동,157,일요일,18:00,20.1
2020,1,상선,청량리,158,일요일,18:00,20.0
2020,1,하선,청량리,158,일요일,18:00,19.3
2020,1,상선,동묘앞,159,일요일,18:00,21.9
2020,1,하선,동묘앞,159,일요일,18:00,22.6
2021,1,상선,서울역,150,평일,18:00,24.9
2021,1,하선,서울역,150,평일,18:00,80.9
2021,1,상선,시청,151,평일,18:00,35.7
2021,1,하선,시청,151,평일,18:00,72.5
2021,1,상선,종각,152,평일,18:00,49.8
2021,1,하선,종각,152,평일,18:00,47.9
2021,1,상선,종로3가,153,평일,18:00,53.3
2021,1,하선,종로3가,153,평일,18:00,36.5
2021,1,상선,종로5가,154,평일,18:00,59.1
2021,1,하선,종로5가,154,평일,18:00,37.7
2021,1,상선,동대문,155,평일,18:00,62.8
2021,1,하선,동대문,155,평일,18:00,27.1
2021,1,상선,신설동,156,평일,18:00,45.9
2021,1,하선,신설동,156,평일,18:00,21.8
2021,1,상선,제기동,157,평일,18:00,52.3
2021,1,하선,제기동,157,평일,18:00,16.2
2021,1,상선,청량리,158,평일,18:00,44.9
2021,1,하선,청량리,158,평일,18:00,13.3
2021,1,상선,동묘앞,159,평일,18:00,52.6
2021,1,하선,동묘앞,159,평일,18:00,25.6
2021,1,상선,서울역,150,토요일,18:00,19.8
2021,1,하선,서울역,150,토요일,18:00,32.3
2021,1,상선,시청,151,토요일,18:00,22.8
2021,1,하선,시청,151,토요일,18:00,29.1
2021,1,상선,종각,152,토요일,18:00,24.4
2021,1,하선,종각,152,토요일,18:00,23.5
2021,1,상선,종로3가,153,토요일,18:00,27.2
2021,1,하선,종로3가,153,토요일,18:00,22.3
2021,1,상선,종로5가,154,토요일,18:00,27.4
2021,1,하선,종로5가,154,토요일,18:00,22.5
2021,1,상선,동대문,155,토요일,18:00,30.0
2021,1,하선,동대문,155,토요일,18:00,19.8
2021,1,상선,신설동,156,토요일,18:00,20.7
2021,1,하선,신설동,156,토요일,18:00,15.7
2021,1,상선,제기동,157,토요일,18:00,24.3
2021,1,하선,제기동,157,토요일,18:00,14.1
2021,1,상선,청량리,158,토요일,18:00,20.9
2021,1,하선,청량리,158,토요일,18:00,12.6
2021,1,상선,동묘앞,159,토요일,18:00,25.7
2021,1,하선,동묘앞,159,토요일,18:00,19.1
2021,1,상선,서울역,150,일요일,18:00,13.0
2021,1,하선,서울역,150,일요일,18:00,24.5
2021,1,상선,시청,151,일요일,18:00,15.4
2021,1,하선,시청,151,일요일,18:00,21.3
2021,1,상선,종각,152,일요일,18:00,18.2
2021,1,하선,종각,152,일요일,18:00,16.4
2021,1,상선,종로3가,153,일요일,18:00,19.7
2021,1,하선,종로3가,153,일요일,18:00,15.2
2021,1,상선,종로5가,154,일요일,18:00,20.4
2021,1,하선,종로5가,154,일요일,18:00,14.9
2021,1,상선,동대문,155,일요일,18:00,22.7
2021,1,하선,동대문,155,일요일,18:00,13.9
2021,1,상선,신설동,156,일요일,18:00,15.2
2021,1,하선,신설동,156,일요일,18:00,11.6
2021,1,상선,제기동,157,일요일,18:00,17.6
2021,1,하선,제기동,157,일요일,18:00,10.7
2021,1,상선,청량리,158,일요일,18:00,16.1
2021,1,하선,청량리,158,일요일,18:00,10.0
2021,1,상선,동묘앞,159,일요일,18:00,19.2
2021,1,하선,동묘앞,159,일요일,18:00,14.0
2022,1,상선,서울역,150,평일,18:00,30.8
2022,1,하선,서울역,150,평일,18:00,84.0
2022,1,상선,시청,151,평일,18:00,41.5
2022,1,하선,시청,151,평일,18:00,81.2
2022,1,상선,종각,152,평일,18:00,54.5
2022,1,하선,종각,152,평일,18:00,60.2
2022,1,상선,종로3가,153,평일,18:00,57.5
2022,1,하선,종로3가,153,평일,18:00,39.9
2022,1,상선,종로5가,154,평일,18:00,60.4
2022,1,하선,종로5가,154,평일,18:00,40.5
2022,1,상선,동대문,155,평일,18:00,59.8
2022,1,하선,동대문,155,평일,18:00,29.9
2022,1,상선,신설동,156,평일,18:00,49.8
2022,1,하선,신설동,156,평일,18:00,26.7
2022,1,상선,제기동,157,평일,18:00,52.1
2022,1,하선,제기동,157,평일,18:00,21.5
2022,1,상선,청량리,158,평일,18:00,46.0
2022,1,하선,청량리,158,평일,18:00,17.9
2022,1,상선,동묘앞,159,평일,18:00,52.6
2022,1,하선,동묘앞,159,평일,18:00,29.0
2022,1,상선,서울역,150,토요일,18:00,21.3
2022,1,하선,서울역,150,토요일,18:00,37.6
2022,1,상선,시청,151,토요일,18:00,24.4
2022,1,하선,시청,151,토요일,18:00,34.9
2022,1,상선,종각,152,토요일,18:00,25.6
2022,1,하선,종각,152,토요일,18:00,28.0
2022,1,상선,종로3가,153,토요일,18:00,29.3
2022,1,하선,종로3가,153,토요일,18:00,26.8
2022,1,상선,종로5가,154,토요일,18:00,30.0
2022,1,하선,종로5가,154,토요일,18:00,26.6
2022,1,상선,동대문,155,토요일,18:00,31.1
2022,1,하선,동대문,155,토요일,18:00,24.3
2022,1,상선,신설동,156,토요일,18:00,22.7
2022,1,하선,신설동,156,토요일,18:00,18.6
2022,1,상선,제기동,157,토요일,18:00,28.1
2022,1,하선,제기동,157,토요일,18:00,16.7
2022,1,상선,청량리,158,토요일,18:00,23.9
2022,1,하선,청량리,158,토요일,18:00,15.7
2022,1,상선,동묘앞,159,토요일,18:00,23.9
2022,1,하선,동묘앞,159,토요일,18:00,23.3
2022,1,상선,서울역,150,일요일,18:00,15.1
2022,1,하선,서울역,150,일요일,18:00,30.0
2022,1,상선,시청,151,일요일,18:00,17.1
2022,1,하선,시청,151,일요일,18:00,26.4
2022,1,상선,종각,152,일요일,18:00,20.0
2022,1,하선,종각,152,일요일,18:00,21.4
2022,1,상선,종로3가,153,일요일,18:00,22.2
2022,1,하선,종로3가,153,일요일,18:00,20.5
2022,1,상선,종로5가,154,일요일,18:00,22.5
2022,1,하선,종로5가,154,일요일,18:00,21.2
2022,1,상선,동대문,155,일요일,18:00,23.3
2022,1,하선,동대문,155,일요일,18:00,18.3
2022,1,상선,신설동,156,일요일,18:00,17.9
2022,1,하선,신설동,156,일요일,18:00,14.2
2022,1,상선,제기동,157,일요일,18:00,21.7
2022,1,하선,제기동,157,일요일,18:00,13.0
2022,1,상선,청량리,158,일요일,18:00,18.3
2022,1,하선,청량리,158,일요일,18:00,12.4
2022,1,상선,동묘앞,159,일요일,18:00,18.1
2022,1,하선,동묘앞,159,일요일,18:00,18.4
2023,1,상선,서울역,150,평일,18:00,42.8
2023,1,하선,서울역,150,평일,18:00,107.8
2023,1,상선,시청,151,평일,18:00,58.1
2023,1,하선,시청,151,평일,18:00,105.5
2023,1,상선,종각,152,평일,18:00,76.1
2023,1,하선,종각,152,평일,18:00,79.1
2023,1,상선,종로3가,153,평일,18:00,81.1
2023,1,하선,종로3가,153,평일,18:00,54.7
2023,1,상선,종로5가,154,평일,18:00,83.8
2023,1,하선,종로5가,154,평일,18:00,53.7
2023,1,상선,동대문,155,평일,18:00,81.2
2023,1,하선,동대문,155,평일,18:00,42.2
2023,1,상선,신설동,156,평일,18:00,67.4
2023,1,하선,신설동,156,평일,18:00,37.6
2023,1,상선,제기동,157,평일,18:00,69.2
2023,1,하선,제기동,157,평일,18:00,32.3
2023,1,상선,청량리,158,평일,18:00,63.4
2023,1,하선,청량리,158,평일,18:00,28.1
2023,1,상선,동묘앞,159,평일,18:00,70.2
2023,1,하선,동묘앞,159,평일,18:00,41.5
2023,1,상선,서울역,150,토요일,18:00,29.8
2023,1,하선,서울역,150,토요일,18:00,50.5
2023,1,상선,시청,151,토요일,18:00,34.2
2023,1,하선,시청,151,토요일,18:00,51.3
2023,1,상선,종각,152,토요일,18:00,36.2
2023,1,하선,종각,152,토요일,18:00,42.0
2023,1,상선,종로3가,153,토요일,18:00,37.9
2023,1,하선,종로3가,153,토요일,18:00,42.8
2023,1,상선,종로5가,154,토요일,18:00,40.0
2023,1,하선,종로5가,154,토요일,18:00,43.7
2023,1,상선,동대문,155,토요일,18:00,40.3
2023,1,하선,동대문,155,토요일,18:00,34.1
2023,1,상선,신설동,156,토요일,18:00,30.7
2023,1,하선,신설동,156,토요일,18:00,26.8
2023,1,상선,제기동,157,토요일,18:00,33.7
2023,1,하선,제기동,157,토요일,18:00,24.1
2023,1,상선,청량리,158,토요일,18:00,29.1
2023,1,하선,청량리,158,토요일,18:00,23.5
2023,1,상선,동묘앞,159,토요일,18:00,32.2
2023,1,하선,동묘앞,159,토요일,18:00,33.3
2023,1,상선,서울역,150,공휴일,18:00,18.5
2023,1,하선,서울역,150,공휴일,18:00,36.1
2023,1,상선,시청,151,공휴일,18:00,22.8
2023,1,하선,시청,151,공휴일,18:00,33.5
2023,1,상선,종각,152,공휴일,18:00,26.6
2023,1,하선,종각,152,공휴일,18:00,28.8
2023,1,상선,종로3가,153,공휴일,18:00,30.4
2023,1,하선,종로3가,153,공휴일,18:00,26.3
2023,1,상선,종로5가,154,공휴일,18:00,32.9
2023,1,하선,종로5가,154,공휴일,18:00,26.8
2023,1,상선,동대문,155,공휴일,18:00,33.6
2023,1,하선,동대문,155,공휴일,18:00,24.1
2023,1,상선,신설동,156,공휴일,18:00,24.4
2023,1,하선,신설동,156,공휴일,18:00,20.6
2023,1,상선,제기동,157,공휴일,18:00,26.4
2023,1,하선,제기동,157,공휴일,18:00,17.8
2023,1,상선,청량리,158,공휴일,18:00,22.6
2023,1,하선,청량리,158,공휴일,18:00,16.6
2023,1,상선,동묘앞,159,공휴일,18:00,25.6
2023,1,하선,동묘앞,159,공휴일,18:00,24.3
202403,1,상선,청량리,158,평일,18:00,64.6
202403,1,하선,청량리,158,평일,18:00,27.8
202403,1,상선,제기동,157,평일,18:00,70.9
202403,1,하선,제기동,157,평일,18:00,31.8
202403,1,상선,신설동,156,평일,18:00,69.4
202403,1,하선,신설동,156,평일,18:00,37.1
202403,1,상선,동묘앞,159,평일,18:00,72.9
202403,1,하선,동묘앞,159,평일,18:00,41.7
202403,1,상선,동대문,155,평일,18:00,83.9
202403,1,하선,동대문,155,평일,18:00,42.0
202403,1,상선,종로5가,154,평일,18:00,86.9
202403,1,하선,종로5가,154,평일,18:00,54.7
202403,1,상선,종로3가,153,평일,18:00,84.2
202403,1,하선,종로3가,153,평일,18:00,53.6
202403,1,상선,종각,152,평일,18:00,80.0
202403,1,하선,종각,152,평일,18:00,79.8
202403,1,상선,시청,151,평일,18:00,62.0
202403,1,하선,시청,151,평일,18:00,107.2
202403,1,상선,서울역,150,평일,18:00,46.3
202403,1,하선,서울역,150,평일,18:00,109.1
202403,1,상선,청량리,158,토요일,18:00,28.9
202403,1,하선,청량리,158,토요일,18:00,21.2
202403,1,상선,제기동,157,토요일,18:00,34.0
202403,1,하선,제기동,157,토요일,18:00,22.3
202403,1,상선,신설동,156,토요일,18:00,33.0
202403,1,하선,신설동,156,토요일,18:00,24.9
202403,1,상선,동묘앞,159,토요일,18:00,33.9
202403,1,하선,동묘앞,159,토요일,18:00,32.4
202403,1,상선,동대문,155,토요일,18:00,43.1
202403,1,하선,동대문,155,토요일,18:00,33.6
202403,1,상선,종로5가,154,토요일,18:00,42.7
202403,1,하선,종로5가,154,토요일,18:00,38.6
202403,1,상선,종로3가,153,토요일,18:00,40.2
202403,1,하선,종로3가,153,토요일,18:00,36.6
202403,1,상선,종각,152,토요일,18:00,36.7
202403,1,하선,종각,152,토요일,18:00,36.4
202403,1,상선,시청,151,토요일,18:00,35.6
202403,1,하선,시청,151,토요일,18:00,43.3
202403,1,상선,서울역,150,토요일,18:00,29.0
202403,1,하선,서울역,150,토요일,18:00,45.2
202403,1,상선,청량리,158,일요일,18:00,22.9
202403,1,하선,청량리,158,일요일,18:00,16.3
202403,1,상선,제기동,157,일요일,18:00,27.1
202403,1,하선,제기동,157,일요일,18:00,17.9
202403,1,상선,신설동,156,일요일,18:00,25.0
202403,1,하선,신설동,156,일요일,18:00,20.3
202403,1,상선,동묘앞,159,일요일,18:00,25.9
202403,1,하선,동묘앞,159,일요일,18:00,24.8
202403,1,상선,동대문,155,일요일,18:00,33.7
202403,1,하선,동대문,155,일요일,18:00,24.7
202403,1,상선,종로5가,154,일요일,18:00,33.0
202403,1,하선,종로5가,154,일요일,18:00,25.7
202403,1,상선,종로3가,153,일요일,18:00,30.6
202403,1,하선,종로3가,153,일요일,18:00,24.9
202403,1,상선,종각,152,일요일,18:00,26.8
202403,1,하선,종각,152,일요일,18:00,27.8
202403,1,상선,시청,151,일요일,18:00,24.2
202403,1,하선,시청,151,일요일,18:00,32.9
202403,1,상선,서울역,150,일요일,18:00,21.1
202403,1,하선,서울역,150,일요일,18:00,36.0
202406,1,상선,청량리,158,평일,18:00,49.6
202406,1,하선,청량리,158,평일,18:00,29.8
202406,1,상선,제기동,157,평일,18:00,76.2
202406,1,하선,제기동,157,평일,18:00,36.1
202406,1,상선,신설동,156,평일,18:00,76.4
202406,1,하선,신설동,156,평일,18:00,39.7
202406,1,상선,동묘앞,159,평일,18:00,78.8
202406,1,하선,동묘앞,159,평일,18:00,44.0
202406,1,상선,동대문,155,평일,18:00,92.0
202406,1,하선,동대문,155,평일,18:00,42.7
202406,1,상선,종로5가,154,평일,18:00,94.3
202406,1,하선,종로5가,154,평일,18:00,54.9
202406,1,상선,종로3가,153,평일,18:00,94.1
202406,1,하선,종로3가,153,평일,18:00,53.1
202406,1,상선,종각,152,평일,18:00,89.2
202406,1,하선,종각,152,평일,18:00,79.6
202406,1,상선,시청,151,평일,18:00,69.0
202406,1,하선,시청,151,평일,18:00,108.8
202406,1,상선,서울역,150,평일,18:00,49.6
202406,1,하선,서울역,150,평일,18:00,110.4
202406,1,상선,청량리,158,토요일,18:00,29.9
202406,1,하선,청량리,158,토요일,18:00,19.5
202406,1,상선,제기동,157,토요일,18:00,33.4
202406,1,하선,제기동,157,토요일,18:00,24.9
202406,1,상선,신설동,156,토요일,18:00,31.6
202406,1,하선,신설동,156,토요일,18:00,29.5
202406,1,상선,동묘앞,159,토요일,18:00,31.8
202406,1,하선,동묘앞,159,토요일,18:00,35.1
202406,1,상선,동대문,155,토요일,18:00,40.0
202406,1,하선,동대문,155,토요일,18:00,37.5
202406,1,상선,종로5가,154,토요일,18:00,39.3
202406,1,하선,종로5가,154,토요일,18:00,40.6
202406,1,상선,종로3가,153,토요일,18:00,38.1
202406,1,하선,종로3가,153,토요일,18:00,39.2
202406,1,상선,종각,152,토요일,18:00,31.8
202406,1,하선,종각,152,토요일,18:00,46.5
202406,1,상선,시청,151,토요일,18:00,29.4
202406,1,하선,시청,151,토요일,18:00,48.6
202406,1,상선,서울역,150,토요일,18:00,26.9
202406,1,하선,서울역,150,토요일,18:00,53.7
202406,1,상선,청량리,158,일요일,18:00,23.0
202406,1,하선,청량리,158,일요일,18:00,13.8
202406,1,상선,제기동,157,일요일,18:00,25.3
202406,1,하선,제기동,157,일요일,18:00,16.3
202406,1,상선,신설동,156,일요일,18:00,23.5
202406,1,하선,신설동,156,일요일,18:00,19.1
202406,1,상선,동묘앞,159,일요일,18:00,23.0
202406,1,하선,동묘앞,159,일요일,18:00,25.2
202406,1,상선,동대문,155,일요일,18:00,31.3
202406,1,하선,동대문,155,일요일,18:00,24.5
202406,1,상선,종로5가,154,일요일,18:00,30.5
202406,1,하선,종로5가,154,일요일,18:00,26.3
202406,1,상선,종로3가,153,일요일,18:00,29.5
202406,1,하선,종로3가,153,일요일,18:00,29.0
202406,1,상선,종각,152,일요일,18:00,24.7
202406,1,하선,종각,152,일요일,18:00,35.2
202406,1,상선,시청,151,일요일,18:00,21.9
202406,1,하선,시청,151,일요일,18:00,38.5
202406,1,상선,서울역,150,일요일,18:00,19.4
202406,1,하선,서울역,150,일요일,18:00,42.7
2020,1,상선,서울역,150,평일,18:30,42.7
2020,1,하선,서울역,150,평일,18:30,76.5
2020,1,상선,시청,151,평일,18:30,48.7
2020,1,하선,시청,151,평일,18:30,73.4
2020,1,상선,종각,152,평일,18:30,58.2
2020,1,하선,종각,152,평일,18:30,56.5
2020,1,상선,종로3가,153,평일,18:30,67.2
2020,1,하선,종로3가,153,평일,18:30,43.9
2020,1,상선,종로5가,154,평일,18:30,68.0
2020,1,하선,종로5가,154,평일,18:30,39.4
2020,1,상선,동대문,155,평일,18:30,72.5
2020,1,하선,동대문,155,평일,18:30,31.7
2020,1,상선,신설동,156,평일,18:30,64.1
2020,1,하선,신설동,156,평일,18:30,25.9
2020,1,상선,제기동,157,평일,18:30,63.8
2020,1,하선,제기동,157,평일,18:30,19.8
2020,1,상선,청량리,158,평일,18:30,61.7
2020,1,하선,청량리,158,평일,18:30,17.1
2020,1,상선,동묘앞,159,평일,18:30,63.9
2020,1,하선,동묘앞,159,평일,18:30,31.1
2020,1,상선,서울역,150,토요일,18:30,23.3
2020,1,하선,서울역,150,토요일,18:30,40.2
2020,1,상선,시청,151,토요일,18:30,25.6
2020,1,하선,시청,151,토요일,18:30,37.5
2020,1,상선,종각,152,토요일,18:30,27.5
2020,1,하선,종각,152,토요일,18:30,33.9
2020,1,상선,종로3가,153,토요일,18:30,30.4
2020,1,하선,종로3가,153,토요일,18:30,33.4
2020,1,상선,종로5가,154,토요일,18:30,31.0
2020,1,하선,종로5가,154,토요일,18:30,35.0
2020,1,상선,동대문,155,토요일,18:30,30.8
2020,1,하선,동대문,155,토요일,18:30,30.7
2020,1,상선,신설동,156,토요일,18:30,28.3
2020,1,하선,신설동,156,토요일,18:30,22.6
2020,1,상선,제기동,157,토요일,18:30,28.3
2020,1,하선,제기동,157,토요일,18:30,19.2
2020,1,상선,청량리,158,토요일,18:30,25.0
2020,1,하선,청량리,158,토요일,18:30,18.1
2020,1,상선,동묘앞,159,토요일,18:30,29.6
2020,1,하선,동묘앞,159,토요일,18:30,25.7
2020,1,상선,서울역,150,일요일,18:30,14.6
2020,1,하선,서울역,150,일요일,18:30,24.5
2020,1,상선,시청,151,일요일,18:30,15.8
2020,1,하선,시청,151,일요일,18:30,22.0
2020,1,상선,종각,152,일요일,18:30,18.2
2020,1,하선,종각,152,일요일,18:30,18.8
2020,1,상선,종로3가,153,일요일,18:30,19.5
2020,1,하선,종로3가,153,일요일,18:30,17.5
2020,1,상선,종로5가,154,일요일,18:30,19.8
2020,1,하선,종로5가,154,일요일,18:30,16.2
2020,1,상선,동대문,155,일요일,18:30,20.3
2020,1,하선,동대문,155,일요일,18:30,14.6
2020,1,상선,신설동,156,일요일,18:30,18.4
2020,1,하선,신설동,156,일요일,18:30,13.6
2020,1,상선,제기동,157,일요일,18:30,18.7
2020,1,하선,제기동,157,일요일,18:30,12.0
2020,1,상선,청량리,158,일요일,18:30,15.6
2020,1,하선,청량리,158,일요일,18:30,12.0
2020,1,상선,동묘앞,159,일요일,18:30,19.2
2020,1,하선,동묘앞,159,일요일,18:30,14.5
2021,1,상선,서울역,150,평일,18:30,24.0
2021,1,하선,서울역,150,평일,18:30,53.2
2021,1,상선,시청,151,평일,18:30,28.7
2021,1,하선,시청,151,평일,18:30,52.7
2021,1,상선,종각,152,평일,18:30,37.0
2021,1,하선,종각,152,평일,18:30,46.7
2021,1,상선,종로3가,153,평일,18:30,40.7
2021,1,하선,종로3가,153,평일,18:30,29.5
2021,1,상선,종로5가,154,평일,18:30,43.5
2021,1,하선,종로5가,154,평일,18:30,24.8
2021,1,상선,동대문,155,평일,18:30,49.8
2021,1,하선,동대문,155,평일,18:30,18.0
2021,1,상선,신설동,156,평일,18:30,47.4
2021,1,하선,신설동,156,평일,18:30,15.7
2021,1,상선,제기동,157,평일,18:30,40.8
2021,1,하선,제기동,157,평일,18:30,12.9
2021,1,상선,청량리,158,평일,18:30,35.1
2021,1,하선,청량리,158,평일,18:30,11.7
2021,1,상선,동묘앞,159,평일,18:30,50.3
2021,1,하선,동묘앞,159,평일,18:30,17.3
2021,1,상선,서울역,150,토요일,18:30,12.7
2021,1,하선,서울역,150,토요일,18:30,22.6
2021,1,상선,시청,151,토요일,18:30,13.6
2021,1,하선,시청,151,토요일,18:30,19.8
2021,1,상선,종각,152,토요일,18:30,14.4
2021,1,하선,종각,152,토요일,18:30,22.4
2021,1,상선,종로3가,153,토요일,18:30,14.6
2021,1,하선,종로3가,153,토요일,18:30,19.5
2021,1,상선,종로5가,154,토요일,18:30,16.1
2021,1,하선,종로5가,154,토요일,18:30,16.9
2021,1,상선,동대문,155,토요일,18:30,18.9
2021,1,하선,동대문,155,토요일,18:30,14.5
2021,1,상선,신설동,156,토요일,18:30,19.9
2021,1,하선,신설동,156,토요일,18:30,12.7
2021,1,상선,제기동,157,토요일,18:30,17.2
2021,1,하선,제기동,157,토요일,18:30,11.8
2021,1,상선,청량리,158,토요일,18:30,15.6
2021,1,하선,청량리,158,토요일,18:30,10.4
2021,1,상선,동묘앞,159,토요일,18:30,21.4
2021,1,하선,동묘앞,159,토요일,18:30,14.3
2021,1,상선,서울역,150,일요일,18:30,8.9
2021,1,하선,서울역,150,일요일,18:30,16.5
2021,1,상선,시청,151,일요일,18:30,9.3
2021,1,하선,시청,151,일요일,18:30,14.5
2021,1,상선,종각,152,일요일,18:30,10.5
2021,1,하선,종각,152,일요일,18:30,16.5
2021,1,상선,종로3가,153,일요일,18:30,10.8
2021,1,하선,종로3가,153,일요일,18:30,14.0
2021,1,상선,종로5가,154,일요일,18:30,11.9
2021,1,하선,종로5가,154,일요일,18:30,11.3
2021,1,상선,동대문,155,일요일,18:30,14.0
2021,1,하선,동대문,155,일요일,18:30,9.9
2021,1,상선,신설동,156,일요일,18:30,14.8
2021,1,하선,신설동,156,일요일,18:30,9.5
2021,1,상선,제기동,157,일요일,18:30,12.6
2021,1,하선,제기동,157,일요일,18:30,8.8
2021,1,상선,청량리,158,일요일,18:30,11.4
2021,1,하선,청량리,158,일요일,18:30,8.2
2021,1,상선,동묘앞,159,일요일,18:30,15.6
2021,1,하선,동묘앞,159,일요일,18:30,10.0
2022,1,상선,서울역,150,평일,18:30,28.7
2022,1,하선,서울역,150,평일,18:30,65.1
2022,1,상선,시청,151,평일,18:30,35.6
2022,1,하선,시청,151,평일,18:30,59.2
2022,1,상선,종각,152,평일,18:30,42.0
2022,1,하선,종각,152,평일,18:30,44.2
2022,1,상선,종로3가,153,평일,18:30,51.2
2022,1,하선,종로3가,153,평일,18:30,34.5
2022,1,상선,종로5가,154,평일,18:30,54.6
2022,1,하선,종로5가,154,평일,18:30,27.4
2022,1,상선,동대문,155,평일,18:30,57.4
2022,1,하선,동대문,155,평일,18:30,21.0
2022,1,상선,신설동,156,평일,18:30,53.8
2022,1,하선,신설동,156,평일,18:30,17.4
2022,1,상선,제기동,157,평일,18:30,53.1
2022,1,하선,제기동,157,평일,18:30,13.3
2022,1,상선,청량리,158,평일,18:30,46.5
2022,1,하선,청량리,158,평일,18:30,11.8
2022,1,상선,동묘앞,159,평일,18:30,55.1
2022,1,하선,동묘앞,159,평일,18:30,19.2
2022,1,상선,서울역,150,토요일,18:30,17.1
2022,1,하선,서울역,150,토요일,18:30,27.2
2022,1,상선,시청,151,토요일,18:30,18.4
2022,1,하선,시청,151,토요일,18:30,24.9
2022,1,상선,종각,152,토요일,18:30,17.3
2022,1,하선,종각,152,토요일,18:30,27.5
2022,1,상선,종로3가,153,토요일,18:30,18.5
2022,1,하선,종로3가,153,토요일,18:30,25.6
2022,1,상선,종로5가,154,토요일,18:30,23.1
2022,1,하선,종로5가,154,토요일,18:30,22.3
2022,1,상선,동대문,155,토요일,18:30,24.0
2022,1,하선,동대문,155,토요일,18:30,19.4
2022,1,상선,신설동,156,토요일,18:30,23.7
2022,1,하선,신설동,156,토요일,18:30,18.4
2022,1,상선,제기동,157,토요일,18:30,20.5
2022,1,하선,제기동,157,토요일,18:30,17.3
2022,1,상선,청량리,158,토요일,18:30,18.9
2022,1,하선,청량리,158,토요일,18:30,15.7
2022,1,상선,동묘앞,159,토요일,18:30,25.0
2022,1,하선,동묘앞,159,토요일,18:30,18.9
2022,1,상선,서울역,150,일요일,18:30,11.5
2022,1,하선,서울역,150,일요일,18:30,21.9
2022,1,상선,시청,151,일요일,18:30,12.6
2022,1,하선,시청,151,일요일,18:30,18.9
2022,1,상선,종각,152,일요일,18:30,13.0
2022,1,하선,종각,152,일요일,18:30,20.8
2022,1,상선,종로3가,153,일요일,18:30,13.8
2022,1,하선,종로3가,153,일요일,18:30,18.5
2022,1,상선,종로5가,154,일요일,18:30,17.4
2022,1,하선,종로5가,154,일요일,18:30,15.8
2022,1,상선,동대문,155,일요일,18:30,17.8
2022,1,하선,동대문,155,일요일,18:30,13.9
2022,1,상선,신설동,156,일요일,18:30,17.7
2022,1,하선,신설동,156,일요일,18:30,15.0
2022,1,상선,제기동,157,일요일,18:30,15.2
2022,1,하선,제기동,157,일요일,18:30,14.2
2022,1,상선,청량리,158,일요일,18:30,14.2
2022,1,하선,청량리,158,일요일,18:30,13.2
2022,1,상선,동묘앞,159,일요일,18:30,18.5
2022,1,하선,동묘앞,159,일요일,18:30,13.9
2023,1,상선,서울역,150,평일,18:30,39.1
2023,1,하선,서울역,150,평일,18:30,82.2
2023,1,상선,시청,151,평일,18:30,47.5
2023,1,하선,시청,151,평일,18:30,74.2
2023,1,상선,종각,152,평일,18:30,54.9
2023,1,하선,종각,152,평일,18:30,53.0
2023,1,상선,종로3가,153,평일,18:30,67.7
2023,1,하선,종로3가,153,평일,18:30,42.1
2023,1,상선,종로5가,154,평일,18:30,72.1
2023,1,하선,종로5가,154,평일,18:30,36.4
2023,1,상선,동대문,155,평일,18:30,75.7
2023,1,하선,동대문,155,평일,18:30,30.1
2023,1,상선,신설동,156,평일,18:30,68.0
2023,1,하선,신설동,156,평일,18:30,23.7
2023,1,상선,제기동,157,평일,18:30,67.1
2023,1,하선,제기동,157,평일,18:30,19.5
2023,1,상선,청량리,158,평일,18:30,60.7
2023,1,하선,청량리,158,평일,18:30,17.2
2023,1,상선,동묘앞,159,평일,18:30,70.5
2023,1,하선,동묘앞,159,평일,18:30,27.2
2023,1,상선,서울역,150,토요일,18:30,22.9
2023,1,하선,서울역,150,토요일,18:30,41.0
2023,1,상선,시청,151,토요일,18:30,24.2
2023,1,하선,시청,151,토요일,18:30,36.5
2023,1,상선,종각,152,토요일,18:30,26.6
2023,1,하선,종각,152,토요일,18:30,38.7
2023,1,상선,종로3가,153,토요일,18:30,29.0
2023,1,하선,종로3가,153,토요일,18:30,33.6
2023,1,상선,종로5가,154,토요일,18:30,30.0
2023,1,하선,종로5가,154,토요일,18:30,29.4
2023,1,상선,동대문,155,토요일,18:30,30.5
2023,1,하선,동대문,155,토요일,18:30,25.1
2023,1,상선,신설동,156,토요일,18:30,27.2
2023,1,하선,신설동,156,토요일,18:30,23.9
2023,1,상선,제기동,157,토요일,18:30,25.5
2023,1,하선,제기동,157,토요일,18:30,22.2
2023,1,상선,청량리,158,토요일,18:30,22.9
2023,1,하선,청량리,158,토요일,18:30,18.2
2023,1,상선,동묘앞,159,토요일,18:30,29.6
2023,1,하선,동묘앞,159,토요일,18:30,24.2
2023,1,상선,서울역,150,공휴일,18:30,15.9
2023,1,하선,서울역,150,공휴일,18:30,31.2
2023,1,상선,시청,151,공휴일,18:30,16.7
2023,1,하선,시청,151,공휴일,18:30,27.3
2023,1,상선,종각,152,공휴일,18:30,17.5
2023,1,하선,종각,152,공휴일,18:30,26.0
2023,1,상선,종로3가,153,공휴일,18:30,19.9
2023,1,하선,종로3가,153,공휴일,18:30,23.1
2023,1,상선,종로5가,154,공휴일,18:30,22.1
2023,1,하선,종로5가,154,공휴일,18:30,19.5
2023,1,상선,동대문,155,공휴일,18:30,22.6
2023,1,하선,동대문,155,공휴일,18:30,17.5
2023,1,상선,신설동,156,공휴일,18:30,22.3
2023,1,하선,신설동,156,공휴일,18:30,17.4
2023,1,상선,제기동,157,공휴일,18:30,20.5
2023,1,하선,제기동,157,공휴일,18:30,16.5
2023,1,상선,청량리,158,공휴일,18:30,18.4
2023,1,하선,청량리,158,공휴일,18:30,14.9
2023,1,상선,동묘앞,159,공휴일,18:30,23.9
2023,1,하선,동묘앞,159,공휴일,18:30,17.7
202403,1,상선,청량리,158,평일,18:30,60.4
202403,1,하선,청량리,158,평일,18:30,17.1
202403,1,상선,제기동,157,평일,18:30,68.3
202403,1,하선,제기동,157,평일,18:30,19.1
202403,1,상선,신설동,156,평일,18:30,69.3
202403,1,하선,신설동,156,평일,18:30,23.5
202403,1,상선,동묘앞,159,평일,18:30,71.3
202403,1,하선,동묘앞,159,평일,18:30,26.6
202403,1,상선,동대문,155,평일,18:30,76.2
202403,1,하선,동대문,155,평일,18:30,29.3
202403,1,상선,종로5가,154,평일,18:30,72.7
202403,1,하선,종로5가,154,평일,18:30,36.2
202403,1,상선,종로3가,153,평일,18:30,68.6
202403,1,하선,종로3가,153,평일,18:30,41.5
202403,1,상선,종각,152,평일,18:30,57.5
202403,1,하선,종각,152,평일,18:30,54.5
202403,1,상선,시청,151,평일,18:30,48.9
202403,1,하선,시청,151,평일,18:30,74.9
202403,1,상선,서울역,150,평일,18:30,38.2
202403,1,하선,서울역,150,평일,18:30,81.3
202403,1,상선,청량리,158,토요일,18:30,22.7
202403,1,하선,청량리,158,토요일,18:30,16.8
202403,1,상선,제기동,157,토요일,18:30,25.5
202403,1,하선,제기동,157,토요일,18:30,19.9
202403,1,상선,신설동,156,토요일,18:30,26.1
202403,1,하선,신설동,156,토요일,18:30,21.2
202403,1,상선,동묘앞,159,토요일,18:30,28.3
202403,1,하선,동묘앞,159,토요일,18:30,23.5
202403,1,상선,동대문,155,토요일,18:30,29.6
202403,1,하선,동대문,155,토요일,18:30,24.3
202403,1,상선,종로5가,154,토요일,18:30,29.5
202403,1,하선,종로5가,154,토요일,18:30,28.3
202403,1,상선,종로3가,153,토요일,18:30,28.6
202403,1,하선,종로3가,153,토요일,18:30,29.1
202403,1,상선,종각,152,토요일,18:30,27.1
202403,1,하선,종각,152,토요일,18:30,32.3
202403,1,상선,시청,151,토요일,18:30,26.1
202403,1,하선,시청,151,토요일,18:30,34.1
202403,1,상선,서울역,150,토요일,18:30,25.0
202403,1,하선,서울역,150,토요일,18:30,37.3
202403,1,상선,청량리,158,일요일,18:30,18.7
202403,1,하선,청량리,158,일요일,18:30,13.3
202403,1,상선,제기동,157,일요일,18:30,21.6
202403,1,하선,제기동,157,일요일,18:30,15.0
202403,1,상선,신설동,156,일요일,18:30,23.2
202403,1,하선,신설동,156,일요일,18:30,16.0
202403,1,상선,동묘앞,159,일요일,18:30,24.6
202403,1,하선,동묘앞,159,일요일,18:30,17.1
202403,1,상선,동대문,155,일요일,18:30,24.1
202403,1,하선,동대문,155,일요일,18:30,17.0
202403,1,상선,종로5가,154,일요일,18:30,24.0
202403,1,하선,종로5가,154,일요일,18:30,19.7
202403,1,상선,종로3가,153,일요일,18:30,21.3
202403,1,하선,종로3가,153,일요일,18:30,21.5
202403,1,상선,종각,152,일요일,18:30,19.3
202403,1,하선,종각,152,일요일,18:30,24.3
202403,1,상선,시청,151,일요일,18:30,18.1
202403,1,하선,시청,151,일요일,18:30,26.2
202403,1,상선,서울역,150,일요일,18:30,17.6
202403,1,하선,서울역,150,일요일,18:30,28.0
202406,1,상선,청량리,158,평일,18:30,73.9
202406,1,하선,청량리,158,평일,18:30,16.8
202406,1,상선,제기동,157,평일,18:30,68.6
202406,1,하선,제기동,157,평일,18:30,19.7
202406,1,상선,신설동,156,평일,18:30,68.8
202406,1,하선,신설동,156,평일,18:30,22.3
202406,1,상선,동묘앞,159,평일,18:30,71.4
202406,1,하선,동묘앞,159,평일,18:30,25.7
202406,1,상선,동대문,155,평일,18:30,76.2
202406,1,하선,동대문,155,평일,18:30,29.2
202406,1,상선,종로5가,154,평일,18:30,73.1
202406,1,하선,종로5가,154,평일,18:30,36.6
202406,1,상선,종로3가,153,평일,18:30,68.2
202406,1,하선,종로3가,153,평일,18:30,43.1
202406,1,상선,종각,152,평일,18:30,63.5
202406,1,하선,종각,152,평일,18:30,56.3
202406,1,상선,시청,151,평일,18:30,49.1
202406,1,하선,시청,151,평일,18:30,75.5
202406,1,상선,서울역,150,평일,18:30,39.4
202406,1,하선,서울역,150,평일,18:30,82.1
202406,1,상선,청량리,158,토요일,18:30,24.8
202406,1,하선,청량리,158,토요일,18:30,18.2
202406,1,상선,제기동,157,토요일,18:30,27.6
202406,1,하선,제기동,157,토요일,18:30,18.9
202406,1,상선,신설동,156,토요일,18:30,33.6
202406,1,하선,신설동,156,토요일,18:30,20.6
202406,1,상선,동묘앞,159,토요일,18:30,30.5
202406,1,하선,동묘앞,159,토요일,18:30,23.2
202406,1,상선,동대문,155,토요일,18:30,32.0
202406,1,하선,동대문,155,토요일,18:30,23.9
202406,1,상선,종로5가,154,토요일,18:30,31.1
202406,1,하선,종로5가,154,토요일,18:30,29.2
202406,1,상선,종로3가,153,토요일,18:30,28.5
202406,1,하선,종로3가,153,토요일,18:30,32.0
202406,1,상선,종각,152,토요일,18:30,26.7
202406,1,하선,종각,152,토요일,18:30,33.1
202406,1,상선,시청,151,토요일,18:30,25.0
202406,1,하선,시청,151,토요일,18:30,34.6
202406,1,상선,서울역,150,토요일,18:30,24.0
202406,1,하선,서울역,150,토요일,18:30,39.0
202406,1,상선,청량리,158,일요일,18:30,20.7
202406,1,하선,청량리,158,일요일,18:30,12.9
202406,1,상선,제기동,157,일요일,18:30,23.5
202406,1,하선,제기동,157,일요일,18:30,13.5
202406,1,상선,신설동,156,일요일,18:30,29.7
202406,1,하선,신설동,156,일요일,18:30,14.9
202406,1,상선,동묘앞,159,일요일,18:30,26.5
202406,1,하선,동묘앞,159,일요일,18:30,17.0
202406,1,상선,동대문,155,일요일,18:30,26.3
202406,1,하선,동대문,155,일요일,18:30,17.4
202406,1,상선,종로5가,154,일요일,18:30,26.1
202406,1,하선,종로5가,154,일요일,18:30,20.6
202406,1,상선,종로3가,153,일요일,18:30,25.0
202406,1,하선,종로3가,153,일요일,18:30,22.1
202406,1,상선,종각,152,일요일,18:30,21.7
202406,1,하선,종각,152,일요일,18:30,23.1
202406,1,상선,시청,151,일요일,18:30,19.9
202406,1,하선,시청,151,일요일,18:30,24.0
202406,1,상선,서울역,150,일요일,18:30,19.2
202406,1,하선,서울역,150,일요일,18:30,28.6
2020,1,상선,서울역,150,평일,19:00,29.8
2020,1,하선,서울역,150,평일,19:00,51.0
2020,1,상선,시청,151,평일,19:00,36.1
2020,1,하선,시청,151,평일,19:00,48.1
2020,1,상선,종각,152,평일,19:00,42.1
2020,1,하선,종각,152,평일,19:00,38.6
2020,1,상선,종로3가,153,평일,19:00,45.6
2020,1,하선,종로3가,153,평일,19:00,29.8
2020,1,상선,종로5가,154,평일,19:00,51.5
2020,1,하선,종로5가,154,평일,19:00,28.1
2020,1,상선,동대문,155,평일,19:00,50.4
2020,1,하선,동대문,155,평일,19:00,22.3
2020,1,상선,신설동,156,평일,19:00,45.4
2020,1,하선,신설동,156,평일,19:00,19.3
2020,1,상선,제기동,157,평일,19:00,45.8
2020,1,하선,제기동,157,평일,19:00,16.7
2020,1,상선,청량리,158,평일,19:00,38.5
2020,1,하선,청량리,158,평일,19:00,14.9
2020,1,상선,동묘앞,159,평일,19:00,50.0
2020,1,하선,동묘앞,159,평일,19:00,21.5
2020,1,상선,서울역,150,토요일,19:00,18.6
2020,1,하선,서울역,150,토요일,19:00,37.8
2020,1,상선,시청,151,토요일,19:00,19.8
2020,1,하선,시청,151,토요일,19:00,36.8
2020,1,상선,종각,152,토요일,19:00,21.8
2020,1,하선,종각,152,토요일,19:00,34.9
2020,1,상선,종로3가,153,토요일,19:00,24.5
2020,1,하선,종로3가,153,토요일,19:00,29.1
2020,1,상선,종로5가,154,토요일,19:00,24.9
2020,1,하선,종로5가,154,토요일,19:00,25.5
2020,1,상선,동대문,155,토요일,19:00,25.6
2020,1,하선,동대문,155,토요일,19:00,20.9
2020,1,상선,신설동,156,토요일,19:00,20.4
2020,1,하선,신설동,156,토요일,19:00,17.4
2020,1,상선,제기동,157,토요일,19:00,21.1
2020,1,하선,제기동,157,토요일,19:00,14.9
2020,1,상선,청량리,158,토요일,19:00,17.7
2020,1,하선,청량리,158,토요일,19:00,11.5
2020,1,상선,동묘앞,159,토요일,19:00,21.9
2020,1,하선,동묘앞,159,토요일,19:00,19.9
2020,1,상선,서울역,150,일요일,19:00,13.2
2020,1,하선,서울역,150,일요일,19:00,24.7
2020,1,상선,시청,151,일요일,19:00,14.6
2020,1,하선,시청,151,일요일,19:00,23.3
2020,1,상선,종각,152,일요일,19:00,16.2
2020,1,하선,종각,152,일요일,19:00,20.5
2020,1,상선,종로3가,153,일요일,19:00,18.1
2020,1,하선,종로3가,153,일요일,19:00,17.6
2020,1,상선,종로5가,154,일요일,19:00,18.5
2020,1,하선,종로5가,154,일요일,19:00,14.9
2020,1,상선,동대문,155,일요일,19:00,18.8
2020,1,하선,동대문,155,일요일,19:00,13.1
2020,1,상선,신설동,156,일요일,19:00,14.9
2020,1,하선,신설동,156,일요일,19:00,11.8
2020,1,상선,제기동,157,일요일,19:00,14.8
2020,1,하선,제기동,157,일요일,19:00,11.3
2020,1,상선,청량리,158,일요일,19:00,12.3
2020,1,하선,청량리,158,일요일,19:00,8.7
2020,1,상선,동묘앞,159,일요일,19:00,16.4
2020,1,하선,동묘앞,159,일요일,19:00,12.1
2021,1,상선,서울역,150,평일,19:00,19.7
2021,1,하선,서울역,150,평일,19:00,41.4
2021,1,상선,시청,151,평일,19:00,21.9
2021,1,하선,시청,151,평일,19:00,36.3
2021,1,상선,종각,152,평일,19:00,27.1
2021,1,하선,종각,152,평일,19:00,26.8
2021,1,상선,종로3가,153,평일,19:00,29.8
2021,1,하선,종로3가,153,평일,19:00,19.3
2021,1,상선,종로5가,154,평일,19:00,31.9
2021,1,하선,종로5가,154,평일,19:00,20.3
2021,1,상선,동대문,155,평일,19:00,31.8
2021,1,하선,동대문,155,평일,19:00,15.0
2021,1,상선,신설동,156,평일,19:00,34.6
2021,1,하선,신설동,156,평일,19:00,11.5
2021,1,상선,제기동,157,평일,19:00,35.7
2021,1,하선,제기동,157,평일,19:00,9.8
2021,1,상선,청량리,158,평일,19:00,31.7
2021,1,하선,청량리,158,평일,19:00,8.6
2021,1,상선,동묘앞,159,평일,19:00,29.6
2021,1,하선,동묘앞,159,평일,19:00,14.9
2021,1,상선,서울역,150,토요일,19:00,11.9
2021,1,하선,서울역,150,토요일,19:00,24.0
2021,1,상선,시청,151,토요일,19:00,12.2
2021,1,하선,시청,151,토요일,19:00,22.4
2021,1,상선,종각,152,토요일,19:00,12.2
2021,1,하선,종각,152,토요일,19:00,19.0
2021,1,상선,종로3가,153,토요일,19:00,14.7
2021,1,하선,종로3가,153,토요일,19:00,15.9
2021,1,상선,종로5가,154,토요일,19:00,15.1
2021,1,하선,종로5가,154,토요일,19:00,18.0
2021,1,상선,동대문,155,토요일,19:00,15.6
2021,1,하선,동대문,155,토요일,19:00,14.5
2021,1,상선,신설동,156,토요일,19:00,16.1
2021,1,하선,신설동,156,토요일,19:00,10.7
2021,1,상선,제기동,157,토요일,19:00,16.7
2021,1,하선,제기동,157,토요일,19:00,10.0
2021,1,상선,청량리,158,토요일,19:00,15.4
2021,1,하선,청량리,158,토요일,19:00,9.3
2021,1,상선,동묘앞,159,토요일,19:00,13.6
2021,1,하선,동묘앞,159,토요일,19:00,13.9
2021,1,상선,서울역,150,일요일,19:00,10.4
2021,1,하선,서울역,150,일요일,19:00,20.0
2021,1,상선,시청,151,일요일,19:00,10.2
2021,1,하선,시청,151,일요일,19:00,18.1
2021,1,상선,종각,152,일요일,19:00,10.7
2021,1,하선,종각,152,일요일,19:00,15.5
2021,1,상선,종로3가,153,일요일,19:00,12.6
2021,1,하선,종로3가,153,일요일,19:00,12.6
2021,1,상선,종로5가,154,일요일,19:00,13.0
2021,1,하선,종로5가,154,일요일,19:00,14.7
2021,1,상선,동대문,155,일요일,19:00,13.2
2021,1,하선,동대문,155,일요일,19:00,12.4
2021,1,상선,신설동,156,일요일,19:00,13.2
2021,1,하선,신설동,156,일요일,19:00,9.5
2021,1,상선,제기동,157,일요일,19:00,13.0
2021,1,하선,제기동,157,일요일,19:00,8.9
2021,1,상선,청량리,158,일요일,19:00,11.9
2021,1,하선,청량리,158,일요일,19:00,8.5
2021,1,상선,동묘앞,159,일요일,19:00,11.6
2021,1,하선,동묘앞,159,일요일,19:00,12.4
2022,1,상선,서울역,150,평일,19:00,20.0
2022,1,하선,서울역,150,평일,19:00,37.5
2022,1,상선,시청,151,평일,19:00,24.1
2022,1,하선,시청,151,평일,19:00,33.8
2022,1,상선,종각,152,평일,19:00,28.8
2022,1,하선,종각,152,평일,19:00,22.1
2022,1,상선,종로3가,153,평일,19:00,29.6
2022,1,하선,종로3가,153,평일,19:00,16.8
2022,1,상선,종로5가,154,평일,19:00,34.3
2022,1,하선,종로5가,154,평일,19:00,18.3
2022,1,상선,동대문,155,평일,19:00,34.4
2022,1,하선,동대문,155,평일,19:00,13.0
2022,1,상선,신설동,156,평일,19:00,34.9
2022,1,하선,신설동,156,평일,19:00,11.3
2022,1,상선,제기동,157,평일,19:00,36.1
2022,1,하선,제기동,157,평일,19:00,10.0
2022,1,상선,청량리,158,평일,19:00,31.8
2022,1,하선,청량리,158,평일,19:00,8.8
2022,1,상선,동묘앞,159,평일,19:00,32.5
2022,1,하선,동묘앞,159,평일,19:00,12.4
2022,1,상선,서울역,150,토요일,19:00,13.5
2022,1,하선,서울역,150,토요일,19:00,29.1
2022,1,상선,시청,151,토요일,19:00,13.4
2022,1,하선,시청,151,토요일,19:00,27.5
2022,1,상선,종각,152,토요일,19:00,16.3
2022,1,하선,종각,152,토요일,19:00,23.4
2022,1,상선,종로3가,153,토요일,19:00,17.2
2022,1,하선,종로3가,153,토요일,19:00,18.9
2022,1,상선,종로5가,154,토요일,19:00,17.7
2022,1,하선,종로5가,154,토요일,19:00,21.6
2022,1,상선,동대문,155,토요일,19:00,18.0
2022,1,하선,동대문,155,토요일,19:00,16.8
2022,1,상선,신설동,156,토요일,19:00,18.1
2022,1,하선,신설동,156,토요일,19:00,11.8
2022,1,상선,제기동,157,토요일,19:00,17.6
2022,1,하선,제기동,157,토요일,19:00,10.9
2022,1,상선,청량리,158,토요일,19:00,15.9
2022,1,하선,청량리,158,토요일,19:00,9.8
2022,1,상선,동묘앞,159,토요일,19:00,15.4
2022,1,하선,동묘앞,159,토요일,19:00,16.1
2022,1,상선,서울역,150,일요일,19:00,13.0
2022,1,하선,서울역,150,일요일,19:00,24.2
2022,1,상선,시청,151,일요일,19:00,12.6
2022,1,하선,시청,151,일요일,19:00,22.5
2022,1,상선,종각,152,일요일,19:00,14.2
2022,1,하선,종각,152,일요일,19:00,19.3
2022,1,상선,종로3가,153,일요일,19:00,15.6
2022,1,하선,종로3가,153,일요일,19:00,15.2
2022,1,상선,종로5가,154,일요일,19:00,15.5
2022,1,하선,종로5가,154,일요일,19:00,17.4
2022,1,상선,동대문,155,일요일,19:00,15.5
2022,1,하선,동대문,155,일요일,19:00,14.5
2022,1,상선,신설동,156,일요일,19:00,14.7
2022,1,하선,신설동,156,일요일,19:00,10.8
2022,1,상선,제기동,157,일요일,19:00,14.1
2022,1,하선,제기동,157,일요일,19:00,10.1
2022,1,상선,청량리,158,일요일,19:00,12.8
2022,1,하선,청량리,158,일요일,19:00,9.3
2022,1,상선,동묘앞,159,일요일,19:00,13.2
2022,1,하선,동묘앞,159,일요일,19:00,14.7
2023,1,상선,서울역,150,평일,19:00,28.3
2023,1,하선,서울역,150,평일,19:00,46.5
2023,1,상선,시청,151,평일,19:00,33.2
2023,1,하선,시청,151,평일,19:00,40.7
2023,1,상선,종각,152,평일,19:00,39.6
2023,1,하선,종각,152,평일,19:00,30.4
2023,1,상선,종로3가,153,평일,19:00,40.5
2023,1,하선,종로3가,153,평일,19:00,23.5
2023,1,상선,종로5가,154,평일,19:00,44.6
2023,1,하선,종로5가,154,평일,19:00,24.4
2023,1,상선,동대문,155,평일,19:00,44.1
2023,1,하선,동대문,155,평일,19:00,18.6
2023,1,상선,신설동,156,평일,19:00,44.2
2023,1,하선,신설동,156,평일,19:00,15.6
2023,1,상선,제기동,157,평일,19:00,44.9
2023,1,하선,제기동,157,평일,19:00,13.4
2023,1,상선,청량리,158,평일,19:00,40.2
2023,1,하선,청량리,158,평일,19:00,12.1
2023,1,상선,동묘앞,159,평일,19:00,41.4
2023,1,하선,동묘앞,159,평일,19:00,17.7
2023,1,상선,서울역,150,토요일,19:00,17.1
2023,1,하선,서울역,150,토요일,19:00,44.8
2023,1,상선,시청,151,토요일,19:00,17.6
2023,1,하선,시청,151,토요일,19:00,43.3
2023,1,상선,종각,152,토요일,19:00,20.7
2023,1,하선,종각,152,토요일,19:00,36.5
2023,1,상선,종로3가,153,토요일,19:00,23.3
2023,1,하선,종로3가,153,토요일,19:00,28.3
2023,1,상선,종로5가,154,토요일,19:00,25.2
2023,1,하선,종로5가,154,토요일,19:00,28.4
2023,1,상선,동대문,155,토요일,19:00,24.9
2023,1,하선,동대문,155,토요일,19:00,21.7
2023,1,상선,신설동,156,토요일,19:00,24.9
2023,1,하선,신설동,156,토요일,19:00,15.3
2023,1,상선,제기동,157,토요일,19:00,24.8
2023,1,하선,제기동,157,토요일,19:00,14.0
2023,1,상선,청량리,158,토요일,19:00,22.0
2023,1,하선,청량리,158,토요일,19:00,12.2
2023,1,상선,동묘앞,159,토요일,19:00,21.8
2023,1,하선,동묘앞,159,토요일,19:00,21.1
2023,1,상선,서울역,150,공휴일,19:00,17.2
2023,1,하선,서울역,150,공휴일,19:00,33.1
2023,1,상선,시청,151,공휴일,19:00,16.8
2023,1,하선,시청,151,공휴일,19:00,28.9
2023,1,상선,종각,152,공휴일,19:00,18.7
2023,1,하선,종각,152,공휴일,19:00,25.3
2023,1,상선,종로3가,153,공휴일,19:00,20.8
2023,1,하선,종로3가,153,공휴일,19:00,19.6
2023,1,상선,종로5가,154,공휴일,19:00,20.6
2023,1,하선,종로5가,154,공휴일,19:00,21.7
2023,1,상선,동대문,155,공휴일,19:00,20.7
2023,1,하선,동대문,155,공휴일,19:00,17.7
2023,1,상선,신설동,156,공휴일,19:00,20.5
2023,1,하선,신설동,156,공휴일,19:00,12.7
2023,1,상선,제기동,157,공휴일,19:00,19.7
2023,1,하선,제기동,157,공휴일,19:00,12.0
2023,1,상선,청량리,158,공휴일,19:00,17.7
2023,1,하선,청량리,158,공휴일,19:00,11.3
2023,1,상선,동묘앞,159,공휴일,19:00,17.5
2023,1,하선,동묘앞,159,공휴일,19:00,17.6
202403,1,상선,청량리,158,평일,19:00,40.5
202403,1,하선,청량리,158,평일,19:00,12.1
202403,1,상선,제기동,157,평일,19:00,45.7
202403,1,하선,제기동,157,평일,19:00,13.7
202403,1,상선,신설동,156,평일,19:00,44.5
202403,1,하선,신설동,156,평일,19:00,15.4
202403,1,상선,동묘앞,159,평일,19:00,41.9
202403,1,하선,동묘앞,159,평일,19:00,17.4
202403,1,상선,동대문,155,평일,19:00,44.4
202403,1,하선,동대문,155,평일,19:00,18.4
202403,1,상선,종로5가,154,평일,19:00,45.4
202403,1,하선,종로5가,154,평일,19:00,23.6
202403,1,상선,종로3가,153,평일,19:00,41.4
202403,1,하선,종로3가,153,평일,19:00,23.3
202403,1,상선,종각,152,평일,19:00,41.0
202403,1,하선,종각,152,평일,19:00,31.2
202403,1,상선,시청,151,평일,19:00,34.0
202403,1,하선,시청,151,평일,19:00,42.3
202403,1,상선,서울역,150,평일,19:00,29.1
202403,1,하선,서울역,150,평일,19:00,48.0
202403,1,상선,청량리,158,토요일,19:00,22.2
202403,1,하선,청량리,158,토요일,19:00,12.9
202403,1,상선,제기동,157,토요일,19:00,25.7
202403,1,하선,제기동,157,토요일,19:00,14.1
202403,1,상선,신설동,156,토요일,19:00,25.9
202403,1,하선,신설동,156,토요일,19:00,15.1
202403,1,상선,동묘앞,159,토요일,19:00,23.8
202403,1,하선,동묘앞,159,토요일,19:00,19.8
202403,1,상선,동대문,155,토요일,19:00,24.5
202403,1,하선,동대문,155,토요일,19:00,20.8
202403,1,상선,종로5가,154,토요일,19:00,24.7
202403,1,하선,종로5가,154,토요일,19:00,27.6
202403,1,상선,종로3가,153,토요일,19:00,24.6
202403,1,하선,종로3가,153,토요일,19:00,26.7
202403,1,상선,종각,152,토요일,19:00,23.0
202403,1,하선,종각,152,토요일,19:00,34.0
202403,1,상선,시청,151,토요일,19:00,21.1
202403,1,하선,시청,151,토요일,19:00,39.0
202403,1,상선,서울역,150,토요일,19:00,22.7
202403,1,하선,서울역,150,토요일,19:00,42.0
202403,1,상선,청량리,158,일요일,19:00,19.6
202403,1,하선,청량리,158,일요일,19:00,11.9
202403,1,상선,제기동,157,일요일,19:00,22.3
202403,1,하선,제기동,157,일요일,19:00,12.7
202403,1,상선,신설동,156,일요일,19:00,22.2
202403,1,하선,신설동,156,일요일,19:00,13.4
202403,1,상선,동묘앞,159,일요일,19:00,19.4
202403,1,하선,동묘앞,159,일요일,19:00,17.4
202403,1,상선,동대문,155,일요일,19:00,22.1
202403,1,하선,동대문,155,일요일,19:00,17.4
202403,1,상선,종로5가,154,일요일,19:00,22.4
202403,1,하선,종로5가,154,일요일,19:00,20.7
202403,1,상선,종로3가,153,일요일,19:00,22.4
202403,1,하선,종로3가,153,일요일,19:00,20.6
202403,1,상선,종각,152,일요일,19:00,20.4
202403,1,하선,종각,152,일요일,19:00,25.2
202403,1,상선,시청,151,일요일,19:00,18.9
202403,1,하선,시청,151,일요일,19:00,28.8
202403,1,상선,서울역,150,일요일,19:00,20.1
202403,1,하선,서울역,150,일요일,19:00,34.4
202406,1,상선,청량리,158,평일,19:00,45.3
202406,1,하선,청량리,158,평일,19:00,13.1
202406,1,상선,제기동,157,평일,19:00,45.3
202406,1,하선,제기동,157,평일,19:00,14.9
202406,1,상선,신설동,156,평일,19:00,46.2
202406,1,하선,신설동,156,평일,19:00,16.5
202406,1,상선,동묘앞,159,평일,19:00,43.2
202406,1,하선,동묘앞,159,평일,19:00,19.0
202406,1,상선,동대문,155,평일,19:00,47.3
202406,1,하선,동대문,155,평일,19:00,20.0
202406,1,상선,종로5가,154,평일,19:00,48.7
202406,1,하선,종로5가,154,평일,19:00,25.4
202406,1,상선,종로3가,153,평일,19:00,46.8
202406,1,하선,종로3가,153,평일,19:00,23.9
202406,1,상선,종각,152,평일,19:00,41.8
202406,1,하선,종각,152,평일,19:00,32.3
202406,1,상선,시청,151,평일,19:00,33.6
202406,1,하선,시청,151,평일,19:00,43.5
202406,1,상선,서울역,150,평일,19:00,30.0
202406,1,하선,서울역,150,평일,19:00,49.0
202406,1,상선,청량리,158,토요일,19:00,28.8
202406,1,하선,청량리,158,토요일,19:00,13.5
202406,1,상선,제기동,157,토요일,19:00,30.8
202406,1,하선,제기동,157,토요일,19:00,17.6
202406,1,상선,신설동,156,토요일,19:00,29.9
202406,1,하선,신설동,156,토요일,19:00,18.8
202406,1,상선,동묘앞,159,토요일,19:00,27.4
202406,1,하선,동묘앞,159,토요일,19:00,23.5
202406,1,상선,동대문,155,토요일,19:00,28.9
202406,1,하선,동대문,155,토요일,19:00,24.8
202406,1,상선,종로5가,154,토요일,19:00,29.4
202406,1,하선,종로5가,154,토요일,19:00,30.2
202406,1,상선,종로3가,153,토요일,19:00,29.4
202406,1,하선,종로3가,153,토요일,19:00,30.8
202406,1,상선,종각,152,토요일,19:00,25.4
202406,1,하선,종각,152,토요일,19:00,39.4
202406,1,상선,시청,151,토요일,19:00,23.8
202406,1,하선,시청,151,토요일,19:00,43.1
202406,1,상선,서울역,150,토요일,19:00,22.2
202406,1,하선,서울역,150,토요일,19:00,45.8
202406,1,상선,청량리,158,일요일,19:00,23.2
202406,1,하선,청량리,158,일요일,19:00,13.3
202406,1,상선,제기동,157,일요일,19:00,25.5
202406,1,하선,제기동,157,일요일,19:00,16.6
202406,1,상선,신설동,156,일요일,19:00,24.7
202406,1,하선,신설동,156,일요일,19:00,17.9
202406,1,상선,동묘앞,159,일요일,19:00,22.6
202406,1,하선,동묘앞,159,일요일,19:00,20.7
202406,1,상선,동대문,155,일요일,19:00,23.8
202406,1,하선,동대문,155,일요일,19:00,21.0
202406,1,상선,종로5가,154,일요일,19:00,24.1
202406,1,하선,종로5가,154,일요일,19:00,23.8
202406,1,상선,종로3가,153,일요일,19:00,23.6
202406,1,하선,종로3가,153,일요일,19:00,24.9
202406,1,상선,종각,152,일요일,19:00,21.0
202406,1,하선,종각,152,일요일,19:00,30.2
202406,1,상선,시청,151,일요일,19:00,21.0
202406,1,하선,시청,151,일요일,19:00,34.1
202406,1,상선,서울역,150,일요일,19:00,20.2
202406,1,하선,서울역,150,일요일,19:00,36.0
2020,1,상선,서울역,150,평일,19:30,21.7
2020,1,하선,서울역,150,평일,19:30,37.4
2020,1,상선,시청,151,평일,19:30,24.2
2020,1,하선,시청,151,평일,19:30,34.1
2020,1,상선,종각,152,평일,19:30,30.1
2020,1,하선,종각,152,평일,19:30,26.3
2020,1,상선,종로3가,153,평일,19:30,31.7
2020,1,하선,종로3가,153,평일,19:30,20.7
2020,1,상선,종로5가,154,평일,19:30,33.4
2020,1,하선,종로5가,154,평일,19:30,18.4
2020,1,상선,동대문,155,평일,19:30,34.2
2020,1,하선,동대문,155,평일,19:30,14.5
2020,1,상선,신설동,156,평일,19:30,29.8
2020,1,하선,신설동,156,평일,19:30,14.2
2020,1,상선,제기동,157,평일,19:30,31.2
2020,1,하선,제기동,157,평일,19:30,12.6
2020,1,상선,청량리,158,평일,19:30,26.3
2020,1,하선,청량리,158,평일,19:30,11.4
2020,1,상선,동묘앞,159,평일,19:30,32.0
2020,1,하선,동묘앞,159,평일,19:30,15.5
2020,1,상선,서울역,150,토요일,19:30,18.3
2020,1,하선,서울역,150,토요일,19:30,33.7
2020,1,상선,시청,151,토요일,19:30,19.1
2020,1,하선,시청,151,토요일,19:30,30.6
2020,1,상선,종각,152,토요일,19:30,21.6
2020,1,하선,종각,152,토요일,19:30,25.4
2020,1,상선,종로3가,153,토요일,19:30,22.4
2020,1,하선,종로3가,153,토요일,19:30,20.9
2020,1,상선,종로5가,154,토요일,19:30,22.4
2020,1,하선,종로5가,154,토요일,19:30,17.5
2020,1,상선,동대문,155,토요일,19:30,23.2
2020,1,하선,동대문,155,토요일,19:30,14.0
2020,1,상선,신설동,156,토요일,19:30,21.0
2020,1,하선,신설동,156,토요일,19:30,12.7
2020,1,상선,제기동,157,토요일,19:30,19.7
2020,1,하선,제기동,157,토요일,19:30,12.3
2020,1,상선,청량리,158,토요일,19:30,18.7
2020,1,하선,청량리,158,토요일,19:30,11.1
2020,1,상선,동묘앞,159,토요일,19:30,22.7
2020,1,하선,동묘앞,159,토요일,19:30,14.3
2020,1,상선,서울역,150,일요일,19:30,11.0
2020,1,하선,서울역,150,일요일,19:30,21.5
2020,1,상선,시청,151,일요일,19:30,12.5
2020,1,하선,시청,151,일요일,19:30,19.2
2020,1,상선,종각,152,일요일,19:30,13.6
2020,1,하선,종각,152,일요일,19:30,17.3
2020,1,상선,종로3가,153,일요일,19:30,15.2
2020,1,하선,종로3가,153,일요일,19:30,14.2
2020,1,상선,종로5가,154,일요일,19:30,15.3
2020,1,하선,종로5가,154,일요일,19:30,11.7
2020,1,상선,동대문,155,일요일,19:30,15.0
2020,1,하선,동대문,155,일요일,19:30,10.4
2020,1,상선,신설동,156,일요일,19:30,13.6
2020,1,하선,신설동,156,일요일,19:30,10.4
2020,1,상선,제기동,157,일요일,19:30,13.6
2020,1,하선,제기동,157,일요일,19:30,9.7
2020,1,상선,청량리,158,일요일,19:30,13.0
2020,1,하선,청량리,158,일요일,19:30,8.6
2020,1,상선,동묘앞,159,일요일,19:30,14.8
2020,1,하선,동묘앞,159,일요일,19:30,11.6
2021,1,상선,서울역,150,평일,19:30,15.6
2021,1,하선,서울역,150,평일,19:30,29.0
2021,1,상선,시청,151,평일,19:30,20.5
2021,1,하선,시청,151,평일,19:30,24.3
2021,1,상선,종각,152,평일,19:30,25.4
2021,1,하선,종각,152,평일,19:30,19.7
2021,1,상선,종로3가,153,평일,19:30,28.7
2021,1,하선,종로3가,153,평일,19:30,14.5
2021,1,상선,종로5가,154,평일,19:30,31.0
2021,1,하선,종로5가,154,평일,19:30,13.3
2021,1,상선,동대문,155,평일,19:30,26.6
2021,1,하선,동대문,155,평일,19:30,9.0
2021,1,상선,신설동,156,평일,19:30,22.9
2021,1,하선,신설동,156,평일,19:30,9.4
2021,1,상선,제기동,157,평일,19:30,22.8
2021,1,하선,제기동,157,평일,19:30,9.0
2021,1,상선,청량리,158,평일,19:30,20.2
2021,1,하선,청량리,158,평일,19:30,7.5
2021,1,상선,동묘앞,159,평일,19:30,24.9
2021,1,하선,동묘앞,159,평일,19:30,9.1
2021,1,상선,서울역,150,토요일,19:30,10.8
2021,1,하선,서울역,150,토요일,19:30,19.5
2021,1,상선,시청,151,토요일,19:30,13.7
2021,1,하선,시청,151,토요일,19:30,16.5
2021,1,상선,종각,152,토요일,19:30,15.5
2021,1,하선,종각,152,토요일,19:30,15.3
2021,1,상선,종로3가,153,토요일,19:30,17.4
2021,1,하선,종로3가,153,토요일,19:30,13.5
2021,1,상선,종로5가,154,토요일,19:30,18.8
2021,1,하선,종로5가,154,토요일,19:30,12.8
2021,1,상선,동대문,155,토요일,19:30,16.3
2021,1,하선,동대문,155,토요일,19:30,11.2
2021,1,상선,신설동,156,토요일,19:30,14.6
2021,1,하선,신설동,156,토요일,19:30,10.7
2021,1,상선,제기동,157,토요일,19:30,13.2
2021,1,하선,제기동,157,토요일,19:30,9.8
2021,1,상선,청량리,158,토요일,19:30,11.0
2021,1,하선,청량리,158,토요일,19:30,8.9
2021,1,상선,동묘앞,159,토요일,19:30,15.7
2021,1,하선,동묘앞,159,토요일,19:30,10.8
2021,1,상선,서울역,150,일요일,19:30,11.2
2021,1,하선,서울역,150,일요일,19:30,16.3
2021,1,상선,시청,151,일요일,19:30,12.6
2021,1,하선,시청,151,일요일,19:30,12.7
2021,1,상선,종각,152,일요일,19:30,14.0
2021,1,하선,종각,152,일요일,19:30,11.9
2021,1,상선,종로3가,153,일요일,19:30,15.0
2021,1,하선,종로3가,153,일요일,19:30,10.9
2021,1,상선,종로5가,154,일요일,19:30,16.3
2021,1,하선,종로5가,154,일요일,19:30,10.7
2021,1,상선,동대문,155,일요일,19:30,13.4
2021,1,하선,동대문,155,일요일,19:30,10.1
2021,1,상선,신설동,156,일요일,19:30,12.2
2021,1,하선,신설동,156,일요일,19:30,11.7
2021,1,상선,제기동,157,일요일,19:30,11.1
2021,1,하선,제기동,157,일요일,19:30,11.3
2021,1,상선,청량리,158,일요일,19:30,9.4
2021,1,하선,청량리,158,일요일,19:30,10.6
2021,1,상선,동묘앞,159,일요일,19:30,13.0
2021,1,하선,동묘앞,159,일요일,19:30,10.8
2022,1,상선,서울역,150,평일,19:30,15.1
2022,1,하선,서울역,150,평일,19:30,26.5
2022,1,상선,시청,151,평일,19:30,17.4
2022,1,하선,시청,151,평일,19:30,22.9
2022,1,상선,종각,152,평일,19:30,20.2
2022,1,하선,종각,152,평일,19:30,21.2
2022,1,상선,종로3가,153,평일,19:30,22.2
2022,1,하선,종로3가,153,평일,19:30,16.0
2022,1,상선,종로5가,154,평일,19:30,22.8
2022,1,하선,종로5가,154,평일,19:30,13.8
2022,1,상선,동대문,155,평일,19:30,22.5
2022,1,하선,동대문,155,평일,19:30,10.4
2022,1,상선,신설동,156,평일,19:30,20.3
2022,1,하선,신설동,156,평일,19:30,9.3
2022,1,상선,제기동,157,평일,19:30,19.9
2022,1,하선,제기동,157,평일,19:30,8.1
2022,1,상선,청량리,158,평일,19:30,17.9
2022,1,하선,청량리,158,평일,19:30,7.7
2022,1,상선,동묘앞,159,평일,19:30,21.7
2022,1,하선,동묘앞,159,평일,19:30,10.3
2022,1,상선,서울역,150,토요일,19:30,11.7
2022,1,하선,서울역,150,토요일,19:30,24.3
2022,1,상선,시청,151,토요일,19:30,14.8
2022,1,하선,시청,151,토요일,19:30,22.2
2022,1,상선,종각,152,토요일,19:30,17.4
2022,1,하선,종각,152,토요일,19:30,19.4
2022,1,상선,종로3가,153,토요일,19:30,19.0
2022,1,하선,종로3가,153,토요일,19:30,16.8
2022,1,상선,종로5가,154,토요일,19:30,16.9
2022,1,하선,종로5가,154,토요일,19:30,15.2
2022,1,상선,동대문,155,토요일,19:30,17.3
2022,1,하선,동대문,155,토요일,19:30,12.7
2022,1,상선,신설동,156,토요일,19:30,16.1
2022,1,하선,신설동,156,토요일,19:30,11.1
2022,1,상선,제기동,157,토요일,19:30,15.6
2022,1,하선,제기동,157,토요일,19:30,10.4
2022,1,상선,청량리,158,토요일,19:30,14.5
2022,1,하선,청량리,158,토요일,19:30,9.5
2022,1,상선,동묘앞,159,토요일,19:30,17.1
2022,1,하선,동묘앞,159,토요일,19:30,11.5
2022,1,상선,서울역,150,일요일,19:30,10.9
2022,1,하선,서울역,150,일요일,19:30,19.8
2022,1,상선,시청,151,일요일,19:30,13.4
2022,1,하선,시청,151,일요일,19:30,17.3
2022,1,상선,종각,152,일요일,19:30,14.7
2022,1,하선,종각,152,일요일,19:30,15.7
2022,1,상선,종로3가,153,일요일,19:30,15.8
2022,1,하선,종로3가,153,일요일,19:30,13.5
2022,1,상선,종로5가,154,일요일,19:30,14.3
2022,1,하선,종로5가,154,일요일,19:30,11.9
2022,1,상선,동대문,155,일요일,19:30,14.1
2022,1,하선,동대문,155,일요일,19:30,10.6
2022,1,상선,신설동,156,일요일,19:30,13.4
2022,1,하선,신설동,156,일요일,19:30,10.5
2022,1,상선,제기동,157,일요일,19:30,13.1
2022,1,하선,제기동,157,일요일,19:30,10.1
2022,1,상선,청량리,158,일요일,19:30,11.9
2022,1,하선,청량리,158,일요일,19:30,10.3
2022,1,상선,동묘앞,159,일요일,19:30,14.4
2022,1,하선,동묘앞,159,일요일,19:30,11.0
2023,1,상선,서울역,150,평일,19:30,21.3
2023,1,하선,서울역,150,평일,19:30,37.1
2023,1,상선,시청,151,평일,19:30,24.7
2023,1,하선,시청,151,평일,19:30,32.2
2023,1,상선,종각,152,평일,19:30,28.9
2023,1,하선,종각,152,평일,19:30,26.5
2023,1,상선,종로3가,153,평일,19:30,32.2
2023,1,하선,종로3가,153,평일,19:30,20.5
2023,1,상선,종로5가,154,평일,19:30,32.5
2023,1,하선,종로5가,154,평일,19:30,19.3
2023,1,상선,동대문,155,평일,19:30,32.0
2023,1,하선,동대문,155,평일,19:30,15.5
2023,1,상선,신설동,156,평일,19:30,27.8
2023,1,하선,신설동,156,평일,19:30,13.0
2023,1,상선,제기동,157,평일,19:30,28.1
2023,1,하선,제기동,157,평일,19:30,11.9
2023,1,상선,청량리,158,평일,19:30,26.0
2023,1,하선,청량리,158,평일,19:30,11.0
2023,1,상선,동묘앞,159,평일,19:30,30.4
2023,1,하선,동묘앞,159,평일,19:30,15.1
2023,1,상선,서울역,150,토요일,19:30,20.3
2023,1,하선,서울역,150,토요일,19:30,36.0
2023,1,상선,시청,151,토요일,19:30,23.3
2023,1,하선,시청,151,토요일,19:30,32.5
2023,1,상선,종각,152,토요일,19:30,27.1
2023,1,하선,종각,152,토요일,19:30,29.5
2023,1,상선,종로3가,153,토요일,19:30,29.2
2023,1,하선,종로3가,153,토요일,19:30,26.7
2023,1,상선,종로5가,154,토요일,19:30,26.5
2023,1,하선,종로5가,154,토요일,19:30,24.2
2023,1,상선,동대문,155,토요일,19:30,27.0
2023,1,하선,동대문,155,토요일,19:30,19.5
2023,1,상선,신설동,156,토요일,19:30,23.0
2023,1,하선,신설동,156,토요일,19:30,16.7
2023,1,상선,제기동,157,토요일,19:30,22.0
2023,1,하선,제기동,157,토요일,19:30,15.5
2023,1,상선,청량리,158,토요일,19:30,18.6
2023,1,하선,청량리,158,토요일,19:30,16.3
2023,1,상선,동묘앞,159,토요일,19:30,24.6
2023,1,하선,동묘앞,159,토요일,19:30,17.8
2023,1,상선,서울역,150,공휴일,19:30,15.9
2023,1,하선,서울역,150,공휴일,19:30,24.8
2023,1,상선,시청,151,공휴일,19:30,18.1
2023,1,하선,시청,151,공휴일,19:30,21.1
2023,1,상선,종각,152,공휴일,19:30,19.8
2023,1,하선,종각,152,공휴일,19:30,20.2
2023,1,상선,종로3가,153,공휴일,19:30,22.2
2023,1,하선,종로3가,153,공휴일,19:30,19.3
2023,1,상선,종로5가,154,공휴일,19:30,21.4
2023,1,하선,종로5가,154,공휴일,19:30,17.4
2023,1,상선,동대문,155,공휴일,19:30,21.6
2023,1,하선,동대문,155,공휴일,19:30,15.8
2023,1,상선,신설동,156,공휴일,19:30,19.7
2023,1,하선,신설동,156,공휴일,19:30,15.8
2023,1,상선,제기동,157,공휴일,19:30,19.1
2023,1,하선,제기동,157,공휴일,19:30,15.1
2023,1,상선,청량리,158,공휴일,19:30,17.0
2023,1,하선,청량리,158,공휴일,19:30,14.7
2023,1,상선,동묘앞,159,공휴일,19:30,20.9
2023,1,하선,동묘앞,159,공휴일,19:30,16.0
202403,1,상선,청량리,158,평일,19:30,25.4
202403,1,하선,청량리,158,평일,19:30,11.0
202403,1,상선,제기동,157,평일,19:30,28.4
202403,1,하선,제기동,157,평일,19:30,12.0
202403,1,상선,신설동,156,평일,19:30,28.0
202403,1,하선,신설동,156,평일,19:30,13.5
202403,1,상선,동묘앞,159,평일,19:30,31.0
202403,1,하선,동묘앞,159,평일,19:30,15.3
202403,1,상선,동대문,155,평일,19:30,33.6
202403,1,하선,동대문,155,평일,19:30,15.5
202403,1,상선,종로5가,154,평일,19:30,34.4
202403,1,하선,종로5가,154,평일,19:30,19.8
202403,1,상선,종로3가,153,평일,19:30,33.4
202403,1,하선,종로3가,153,평일,19:30,21.1
202403,1,상선,종각,152,평일,19:30,31.2
202403,1,하선,종각,152,평일,19:30,27.9
202403,1,상선,시청,151,평일,19:30,25.9
202403,1,하선,시청,151,평일,19:30,34.2
202403,1,상선,서울역,150,평일,19:30,22.8
202403,1,하선,서울역,150,평일,19:30,39.3
202403,1,상선,청량리,158,토요일,19:30,20.4
202403,1,하선,청량리,158,토요일,19:30,14.0
202403,1,상선,제기동,157,토요일,19:30,23.3
202403,1,하선,제기동,157,토요일,19:30,14.9
202403,1,상선,신설동,156,토요일,19:30,24.3
202403,1,하선,신설동,156,토요일,19:30,15.6
202403,1,상선,동묘앞,159,토요일,19:30,25.9
202403,1,하선,동묘앞,159,토요일,19:30,17.1
202403,1,상선,동대문,155,토요일,19:30,28.0
202403,1,하선,동대문,155,토요일,19:30,18.0
202403,1,상선,종로5가,154,토요일,19:30,28.1
202403,1,하선,종로5가,154,토요일,19:30,21.9
202403,1,상선,종로3가,153,토요일,19:30,26.4
202403,1,하선,종로3가,153,토요일,19:30,23.7
202403,1,상선,종각,152,토요일,19:30,25.0
202403,1,하선,종각,152,토요일,19:30,26.2
202403,1,상선,시청,151,토요일,19:30,21.7
202403,1,하선,시청,151,토요일,19:30,27.6
202403,1,상선,서울역,150,토요일,19:30,17.9
202403,1,하선,서울역,150,토요일,19:30,32.0
202403,1,상선,청량리,158,일요일,19:30,17.2
202403,1,하선,청량리,158,일요일,19:30,14.9
202403,1,상선,제기동,157,일요일,19:30,19.5
202403,1,하선,제기동,157,일요일,19:30,13.9
202403,1,상선,신설동,156,일요일,19:30,20.6
202403,1,하선,신설동,156,일요일,19:30,14.5
202403,1,상선,동묘앞,159,일요일,19:30,21.7
202403,1,하선,동묘앞,159,일요일,19:30,15.1
202403,1,상선,동대문,155,일요일,19:30,24.0
202403,1,하선,동대문,155,일요일,19:30,14.5
202403,1,상선,종로5가,154,일요일,19:30,23.8
202403,1,하선,종로5가,154,일요일,19:30,15.8
202403,1,상선,종로3가,153,일요일,19:30,24.7
202403,1,하선,종로3가,153,일요일,19:30,16.8
202403,1,상선,종각,152,일요일,19:30,21.9
202403,1,하선,종각,152,일요일,19:30,19.0
202403,1,상선,시청,151,일요일,19:30,21.1
202403,1,하선,시청,151,일요일,19:30,21.3
202403,1,상선,서울역,150,일요일,19:30,18.3
202403,1,하선,서울역,150,일요일,19:30,26.8
202406,1,상선,청량리,158,평일,19:30,30.3
202406,1,하선,청량리,158,평일,19:30,11.7
202406,1,상선,제기동,157,평일,19:30,33.6
202406,1,하선,제기동,157,평일,19:30,12.4
202406,1,상선,신설동,156,평일,19:30,35.0
202406,1,하선,신설동,156,평일,19:30,14.1
202406,1,상선,동묘앞,159,평일,19:30,31.7
202406,1,하선,동묘앞,159,평일,19:30,16.8
202406,1,상선,동대문,155,평일,19:30,35.0
202406,1,하선,동대문,155,평일,19:30,16.8
202406,1,상선,종로5가,154,평일,19:30,33.1
202406,1,하선,종로5가,154,평일,19:30,21.6
202406,1,상선,종로3가,153,평일,19:30,31.7
202406,1,하선,종로3가,153,평일,19:30,23.2
202406,1,상선,종각,152,평일,19:30,30.4
202406,1,하선,종각,152,평일,19:30,30.0
202406,1,상선,시청,151,평일,19:30,26.1
202406,1,하선,시청,151,평일,19:30,35.4
202406,1,상선,서울역,150,평일,19:30,22.7
202406,1,하선,서울역,150,평일,19:30,39.9
202406,1,상선,청량리,158,토요일,19:30,22.5
202406,1,하선,청량리,158,토요일,19:30,12.5
202406,1,상선,제기동,157,토요일,19:30,25.1
202406,1,하선,제기동,157,토요일,19:30,15.2
202406,1,상선,신설동,156,토요일,19:30,25.3
202406,1,하선,신설동,156,토요일,19:30,16.3
202406,1,상선,동묘앞,159,토요일,19:30,27.0
202406,1,하선,동묘앞,159,토요일,19:30,18.5
202406,1,상선,동대문,155,토요일,19:30,27.8
202406,1,하선,동대문,155,토요일,19:30,20.3
202406,1,상선,종로5가,154,토요일,19:30,27.7
202406,1,하선,종로5가,154,토요일,19:30,26.2
202406,1,상선,종로3가,153,토요일,19:30,28.4
202406,1,하선,종로3가,153,토요일,19:30,26.9
202406,1,상선,종각,152,토요일,19:30,25.0
202406,1,하선,종각,152,토요일,19:30,30.7
202406,1,상선,시청,151,토요일,19:30,22.5
202406,1,하선,시청,151,토요일,19:30,35.2
202406,1,상선,서울역,150,토요일,19:30,19.6
202406,1,하선,서울역,150,토요일,19:30,34.7
202406,1,상선,청량리,158,일요일,19:30,18.6
202406,1,하선,청량리,158,일요일,19:30,13.9
202406,1,상선,제기동,157,일요일,19:30,21.1
202406,1,하선,제기동,157,일요일,19:30,15.4
202406,1,상선,신설동,156,일요일,19:30,21.7
202406,1,하선,신설동,156,일요일,19:30,16.6
202406,1,상선,동묘앞,159,일요일,19:30,23.0
202406,1,하선,동묘앞,159,일요일,19:30,19.0
202406,1,상선,동대문,155,일요일,19:30,24.2
202406,1,하선,동대문,155,일요일,19:30,19.6
202406,1,상선,종로5가,154,일요일,19:30,24.9
202406,1,하선,종로5가,154,일요일,19:30,21.3
202406,1,상선,종로3가,153,일요일,19:30,26.3
202406,1,하선,종로3가,153,일요일,19:30,22.4
202406,1,상선,종각,152,일요일,19:30,23.6
202406,1,하선,종각,152,일요일,19:30,26.9
202406,1,상선,시청,151,일요일,19:30,20.7
202406,1,하선,시청,151,일요일,19:30,29.5
202406,1,상선,서울역,150,일요일,19:30,19.7
202406,1,하선,서울역,150,일요일,19:30,30.9
2020,1,상선,서울역,150,평일,20:00,15.1
2020,1,하선,서울역,150,평일,20:00,36.5
2020,1,상선,시청,151,평일,20:00,18.7
2020,1,하선,시청,151,평일,20:00,32.0
2020,1,상선,종각,152,평일,20:00,25.8
2020,1,하선,종각,152,평일,20:00,27.8
2020,1,상선,종로3가,153,평일,20:00,27.1
2020,1,하선,종로3가,153,평일,20:00,20.0
2020,1,상선,종로5가,154,평일,20:00,28.7
2020,1,하선,종로5가,154,평일,20:00,20.2
2020,1,상선,동대문,155,평일,20:00,27.1
2020,1,하선,동대문,155,평일,20:00,16.1
2020,1,상선,신설동,156,평일,20:00,24.0
2020,1,하선,신설동,156,평일,20:00,12.7
2020,1,상선,제기동,157,평일,20:00,23.2
2020,1,하선,제기동,157,평일,20:00,11.3
2020,1,상선,청량리,158,평일,20:00,22.0
2020,1,하선,청량리,158,평일,20:00,10.0
2020,1,상선,동묘앞,159,평일,20:00,25.8
2020,1,하선,동묘앞,159,평일,20:00,14.0
2020,1,상선,서울역,150,토요일,20:00,15.3
2020,1,하선,서울역,150,토요일,20:00,28.0
2020,1,상선,시청,151,토요일,20:00,18.9
2020,1,하선,시청,151,토요일,20:00,29.0
2020,1,상선,종각,152,토요일,20:00,22.9
2020,1,하선,종각,152,토요일,20:00,25.1
2020,1,상선,종로3가,153,토요일,20:00,24.6
2020,1,하선,종로3가,153,토요일,20:00,20.6
2020,1,상선,종로5가,154,토요일,20:00,26.5
2020,1,하선,종로5가,154,토요일,20:00,20.0
2020,1,상선,동대문,155,토요일,20:00,28.9
2020,1,하선,동대문,155,토요일,20:00,16.7
2020,1,상선,신설동,156,토요일,20:00,23.3
2020,1,하선,신설동,156,토요일,20:00,14.2
2020,1,상선,제기동,157,토요일,20:00,22.0
2020,1,하선,제기동,157,토요일,20:00,13.1
2020,1,상선,청량리,158,토요일,20:00,19.2
2020,1,하선,청량리,158,토요일,20:00,11.2
2020,1,상선,동묘앞,159,토요일,20:00,25.4
2020,1,하선,동묘앞,159,토요일,20:00,14.9
2020,1,상선,서울역,150,일요일,20:00,14.2
2020,1,하선,서울역,150,일요일,20:00,17.4
2020,1,상선,시청,151,일요일,20:00,15.3
2020,1,하선,시청,151,일요일,20:00,17.1
2020,1,상선,종각,152,일요일,20:00,17.9
2020,1,하선,종각,152,일요일,20:00,13.9
2020,1,상선,종로3가,153,일요일,20:00,19.7
2020,1,하선,종로3가,153,일요일,20:00,11.6
2020,1,상선,종로5가,154,일요일,20:00,20.6
2020,1,하선,종로5가,154,일요일,20:00,11.6
2020,1,상선,동대문,155,일요일,20:00,21.2
2020,1,하선,동대문,155,일요일,20:00,10.3
2020,1,상선,신설동,156,일요일,20:00,16.4
2020,1,하선,신설동,156,일요일,20:00,9.5
2020,1,상선,제기동,157,일요일,20:00,15.1
2020,1,하선,제기동,157,일요일,20:00,9.1
2020,1,상선,청량리,158,일요일,20:00,14.0
2020,1,하선,청량리,158,일요일,20:00,8.0
2020,1,상선,동묘앞,159,일요일,20:00,18.2
2020,1,하선,동묘앞,159,일요일,20:00,10.0
2021,1,상선,서울역,150,평일,20:00,9.6
2021,1,하선,서울역,150,평일,20:00,26.3
2021,1,상선,시청,151,평일,20:00,11.7
2021,1,하선,시청,151,평일,20:00,22.5
2021,1,상선,종각,152,평일,20:00,16.3
2021,1,하선,종각,152,평일,20:00,17.1
2021,1,상선,종로3가,153,평일,20:00,17.8
2021,1,하선,종로3가,153,평일,20:00,12.1
2021,1,상선,종로5가,154,평일,20:00,18.9
2021,1,하선,종로5가,154,평일,20:00,11.5
2021,1,상선,동대문,155,평일,20:00,19.0
2021,1,하선,동대문,155,평일,20:00,8.5
2021,1,상선,신설동,156,평일,20:00,19.7
2021,1,하선,신설동,156,평일,20:00,7.5
2021,1,상선,제기동,157,평일,20:00,19.2
2021,1,하선,제기동,157,평일,20:00,5.8
2021,1,상선,청량리,158,평일,20:00,17.4
2021,1,하선,청량리,158,평일,20:00,4.9
2021,1,상선,동묘앞,159,평일,20:00,21.1
2021,1,하선,동묘앞,159,평일,20:00,8.1
2021,1,상선,서울역,150,토요일,20:00,8.7
2021,1,하선,서울역,150,토요일,20:00,22.7
2021,1,상선,시청,151,토요일,20:00,9.0
2021,1,하선,시청,151,토요일,20:00,20.1
2021,1,상선,종각,152,토요일,20:00,11.1
2021,1,하선,종각,152,토요일,20:00,16.6
2021,1,상선,종로3가,153,토요일,20:00,12.3
2021,1,하선,종로3가,153,토요일,20:00,13.7
2021,1,상선,종로5가,154,토요일,20:00,13.0
2021,1,하선,종로5가,154,토요일,20:00,11.8
2021,1,상선,동대문,155,토요일,20:00,12.9
2021,1,하선,동대문,155,토요일,20:00,8.9
2021,1,상선,신설동,156,토요일,20:00,19.4
2021,1,하선,신설동,156,토요일,20:00,7.9
2021,1,상선,제기동,157,토요일,20:00,18.8
2021,1,하선,제기동,157,토요일,20:00,7.6
2021,1,상선,청량리,158,토요일,20:00,17.5
2021,1,하선,청량리,158,토요일,20:00,6.7
2021,1,상선,동묘앞,159,토요일,20:00,11.9
2021,1,하선,동묘앞,159,토요일,20:00,8.5
2021,1,상선,서울역,150,일요일,20:00,8.5
2021,1,하선,서울역,150,일요일,20:00,18.9
2021,1,상선,시청,151,일요일,20:00,9.9
2021,1,하선,시청,151,일요일,20:00,15.9
2021,1,상선,종각,152,일요일,20:00,11.7
2021,1,하선,종각,152,일요일,20:00,13.4
2021,1,상선,종로3가,153,일요일,20:00,12.7
2021,1,하선,종로3가,153,일요일,20:00,11.4
2021,1,상선,종로5가,154,일요일,20:00,12.6
2021,1,하선,종로5가,154,일요일,20:00,9.4
2021,1,상선,동대문,155,일요일,20:00,11.7
2021,1,하선,동대문,155,일요일,20:00,7.4
2021,1,상선,신설동,156,일요일,20:00,16.0
2021,1,하선,신설동,156,일요일,20:00,7.4
2021,1,상선,제기동,157,일요일,20:00,15.1
2021,1,하선,제기동,157,일요일,20:00,7.1
2021,1,상선,청량리,158,일요일,20:00,13.7
2021,1,하선,청량리,158,일요일,20:00,6.6
2021,1,상선,동묘앞,159,일요일,20:00,10.7
2021,1,하선,동묘앞,159,일요일,20:00,7.8
2022,1,상선,서울역,150,평일,20:00,11.1
2022,1,하선,서울역,150,평일,20:00,25.5
2022,1,상선,시청,151,평일,20:00,13.7
2022,1,하선,시청,151,평일,20:00,22.0
2022,1,상선,종각,152,평일,20:00,19.1
2022,1,하선,종각,152,평일,20:00,17.6
2022,1,상선,종로3가,153,평일,20:00,21.0
2022,1,하선,종로3가,153,평일,20:00,12.8
2022,1,상선,종로5가,154,평일,20:00,21.5
2022,1,하선,종로5가,154,평일,20:00,12.2
2022,1,상선,동대문,155,평일,20:00,25.0
2022,1,하선,동대문,155,평일,20:00,9.2
2022,1,상선,신설동,156,평일,20:00,21.5
2022,1,하선,신설동,156,평일,20:00,8.8
2022,1,상선,제기동,157,평일,20:00,20.1
2022,1,하선,제기동,157,평일,20:00,8.0
2022,1,상선,청량리,158,평일,20:00,18.8
2022,1,하선,청량리,158,평일,20:00,6.8
2022,1,상선,동묘앞,159,평일,20:00,22.8
2022,1,하선,동묘앞,159,평일,20:00,8.9
2022,1,상선,서울역,150,토요일,20:00,10.8
2022,1,하선,서울역,150,토요일,20:00,30.2
2022,1,상선,시청,151,토요일,20:00,12.5
2022,1,하선,시청,151,토요일,20:00,27.3
2022,1,상선,종각,152,토요일,20:00,15.8
2022,1,하선,종각,152,토요일,20:00,21.6
2022,1,상선,종로3가,153,토요일,20:00,17.5
2022,1,하선,종로3가,153,토요일,20:00,17.3
2022,1,상선,종로5가,154,토요일,20:00,16.3
2022,1,하선,종로5가,154,토요일,20:00,14.0
2022,1,상선,동대문,155,토요일,20:00,16.6
2022,1,하선,동대문,155,토요일,20:00,11.2
2022,1,상선,신설동,156,토요일,20:00,22.8
2022,1,하선,신설동,156,토요일,20:00,9.3
2022,1,상선,제기동,157,토요일,20:00,22.7
2022,1,하선,제기동,157,토요일,20:00,8.9
2022,1,상선,청량리,158,토요일,20:00,19.3
2022,1,하선,청량리,158,토요일,20:00,7.7
2022,1,상선,동묘앞,159,토요일,20:00,17.7
2022,1,하선,동묘앞,159,토요일,20:00,10.2
2022,1,상선,서울역,150,일요일,20:00,10.7
2022,1,하선,서울역,150,일요일,20:00,24.8
2022,1,상선,시청,151,일요일,20:00,11.6
2022,1,하선,시청,151,일요일,20:00,20.8
2022,1,상선,종각,152,일요일,20:00,14.9
2022,1,하선,종각,152,일요일,20:00,17.2
2022,1,상선,종로3가,153,일요일,20:00,16.8
2022,1,하선,종로3가,153,일요일,20:00,14.1
2022,1,상선,종로5가,154,일요일,20:00,14.8
2022,1,하선,종로5가,154,일요일,20:00,12.7
2022,1,상선,동대문,155,일요일,20:00,15.0
2022,1,하선,동대문,155,일요일,20:00,11.1
2022,1,상선,신설동,156,일요일,20:00,20.9
2022,1,하선,신설동,156,일요일,20:00,9.9
2022,1,상선,제기동,157,일요일,20:00,20.0
2022,1,하선,제기동,157,일요일,20:00,9.8
2022,1,상선,청량리,158,일요일,20:00,16.7
2022,1,하선,청량리,158,일요일,20:00,8.7
2022,1,상선,동묘앞,159,일요일,20:00,15.9
2022,1,하선,동묘앞,159,일요일,20:00,10.3
2023,1,상선,서울역,150,평일,20:00,15.6
2023,1,하선,서울역,150,평일,20:00,35.3
2023,1,상선,시청,151,평일,20:00,19.1
2023,1,하선,시청,151,평일,20:00,30.5
2023,1,상선,종각,152,평일,20:00,26.8
2023,1,하선,종각,152,평일,20:00,23.6
2023,1,상선,종로3가,153,평일,20:00,28.9
2023,1,하선,종로3가,153,평일,20:00,17.5
2023,1,상선,종로5가,154,평일,20:00,30.7
2023,1,하선,종로5가,154,평일,20:00,16.6
2023,1,상선,동대문,155,평일,20:00,33.1
2023,1,하선,동대문,155,평일,20:00,13.5
2023,1,상선,신설동,156,평일,20:00,28.2
2023,1,하선,신설동,156,평일,20:00,11.9
2023,1,상선,제기동,157,평일,20:00,27.9
2023,1,하선,제기동,157,평일,20:00,11.0
2023,1,상선,청량리,158,평일,20:00,25.5
2023,1,하선,청량리,158,평일,20:00,9.8
2023,1,상선,동묘앞,159,평일,20:00,30.0
2023,1,하선,동묘앞,159,평일,20:00,12.9
2023,1,상선,서울역,150,토요일,20:00,15.4
2023,1,하선,서울역,150,토요일,20:00,48.2
2023,1,상선,시청,151,토요일,20:00,19.1
2023,1,하선,시청,151,토요일,20:00,43.6
2023,1,상선,종각,152,토요일,20:00,22.7
2023,1,하선,종각,152,토요일,20:00,29.2
2023,1,상선,종로3가,153,토요일,20:00,24.3
2023,1,하선,종로3가,153,토요일,20:00,23.0
2023,1,상선,종로5가,154,토요일,20:00,24.1
2023,1,하선,종로5가,154,토요일,20:00,20.0
2023,1,상선,동대문,155,토요일,20:00,24.5
2023,1,하선,동대문,155,토요일,20:00,16.1
2023,1,상선,신설동,156,토요일,20:00,30.8
2023,1,하선,신설동,156,토요일,20:00,13.8
2023,1,상선,제기동,157,토요일,20:00,30.1
2023,1,하선,제기동,157,토요일,20:00,13.3
2023,1,상선,청량리,158,토요일,20:00,26.4
2023,1,하선,청량리,158,토요일,20:00,10.7
2023,1,상선,동묘앞,159,토요일,20:00,23.8
2023,1,하선,동묘앞,159,토요일,20:00,14.3
2023,1,상선,서울역,150,공휴일,20:00,14.3
2023,1,하선,서울역,150,공휴일,20:00,33.5
2023,1,상선,시청,151,공휴일,20:00,14.2
2023,1,하선,시청,151,공휴일,20:00,27.9
2023,1,상선,종각,152,공휴일,20:00,17.2
2023,1,하선,종각,152,공휴일,20:00,22.0
2023,1,상선,종로3가,153,공휴일,20:00,18.9
2023,1,하선,종로3가,153,공휴일,20:00,18.7
2023,1,상선,종로5가,154,공휴일,20:00,18.8
2023,1,하선,종로5가,154,공휴일,20:00,15.5
2023,1,상선,동대문,155,공휴일,20:00,18.2
2023,1,하선,동대문,155,공휴일,20:00,13.8
2023,1,상선,신설동,156,공휴일,20:00,23.4
2023,1,하선,신설동,156,공휴일,20:00,13.1
2023,1,상선,제기동,157,공휴일,20:00,24.1
2023,1,하선,제기동,157,공휴일,20:00,12.3
2023,1,상선,청량리,158,공휴일,20:00,21.2
2023,1,하선,청량리,158,공휴일,20:00,10.4
2023,1,상선,동묘앞,159,공휴일,20:00,17.4
2023,1,하선,동묘앞,159,공휴일,20:00,13.4
202403,1,상선,청량리,158,평일,20:00,25.5
202403,1,하선,청량리,158,평일,20:00,10.2
202403,1,상선,제기동,157,평일,20:00,28.0
202403,1,하선,제기동,157,평일,20:00,11.3
202403,1,상선,신설동,156,평일,20:00,28.3
202403,1,하선,신설동,156,평일,20:00,12.3
202403,1,상선,동묘앞,159,평일,20:00,30.6
202403,1,하선,동묘앞,159,평일,20:00,13.1
202403,1,상선,동대문,155,평일,20:00,33.6
202403,1,하선,동대문,155,평일,20:00,13.5
202403,1,상선,종로5가,154,평일,20:00,30.8
202403,1,하선,종로5가,154,평일,20:00,17.0
202403,1,상선,종로3가,153,평일,20:00,30.4
202403,1,하선,종로3가,153,평일,20:00,17.7
202403,1,상선,종각,152,평일,20:00,28.4
202403,1,하선,종각,152,평일,20:00,24.9
202403,1,상선,시청,151,평일,20:00,21.0
202403,1,하선,시청,151,평일,20:00,31.8
202403,1,상선,서울역,150,평일,20:00,17.2
202403,1,하선,서울역,150,평일,20:00,36.7
202403,1,상선,청량리,158,토요일,20:00,27.0
202403,1,하선,청량리,158,토요일,20:00,10.0
202403,1,상선,제기동,157,토요일,20:00,31.7
202403,1,하선,제기동,157,토요일,20:00,12.5
202403,1,상선,신설동,156,토요일,20:00,31.4
202403,1,하선,신설동,156,토요일,20:00,13.0
202403,1,상선,동묘앞,159,토요일,20:00,24.1
202403,1,하선,동묘앞,159,토요일,20:00,15.2
202403,1,상선,동대문,155,토요일,20:00,24.0
202403,1,하선,동대문,155,토요일,20:00,16.6
202403,1,상선,종로5가,154,토요일,20:00,24.3
202403,1,하선,종로5가,154,토요일,20:00,20.5
202403,1,상선,종로3가,153,토요일,20:00,25.3
202403,1,하선,종로3가,153,토요일,20:00,25.2
202403,1,상선,종각,152,토요일,20:00,23.1
202403,1,하선,종각,152,토요일,20:00,30.6
202403,1,상선,시청,151,토요일,20:00,19.8
202403,1,하선,시청,151,토요일,20:00,42.0
202403,1,상선,서울역,150,토요일,20:00,18.0
202403,1,하선,서울역,150,토요일,20:00,44.4
202403,1,상선,청량리,158,일요일,20:00,24.5
202403,1,하선,청량리,158,일요일,20:00,16.1
202403,1,상선,제기동,157,일요일,20:00,29.7
202403,1,하선,제기동,157,일요일,20:00,18.2
202403,1,상선,신설동,156,일요일,20:00,29.5
202403,1,하선,신설동,156,일요일,20:00,19.4
202403,1,상선,동묘앞,159,일요일,20:00,23.0
202403,1,하선,동묘앞,159,일요일,20:00,18.2
202403,1,상선,동대문,155,일요일,20:00,23.0
202403,1,하선,동대문,155,일요일,20:00,18.9
202403,1,상선,종로5가,154,일요일,20:00,22.8
202403,1,하선,종로5가,154,일요일,20:00,20.0
202403,1,상선,종로3가,153,일요일,20:00,24.6
202403,1,하선,종로3가,153,일요일,20:00,23.4
202403,1,상선,종각,152,일요일,20:00,22.4
202403,1,하선,종각,152,일요일,20:00,27.1
202403,1,상선,시청,151,일요일,20:00,18.4
202403,1,하선,시청,151,일요일,20:00,32.2
202403,1,상선,서울역,150,일요일,20:00,17.4
202403,1,하선,서울역,150,일요일,20:00,36.3
202406,1,상선,청량리,158,평일,20:00,25.8
202406,1,하선,청량리,158,평일,20:00,12.1
202406,1,상선,제기동,157,평일,20:00,30.4
202406,1,하선,제기동,157,평일,20:00,13.6
202406,1,상선,신설동,156,평일,20:00,30.8
202406,1,하선,신설동,156,평일,20:00,14.7
202406,1,상선,동묘앞,159,평일,20:00,32.7
202406,1,하선,동묘앞,159,평일,20:00,15.4
202406,1,상선,동대문,155,평일,20:00,36.5
202406,1,하선,동대문,155,평일,20:00,15.8
202406,1,상선,종로5가,154,평일,20:00,33.8
202406,1,하선,종로5가,154,평일,20:00,19.4
202406,1,상선,종로3가,153,평일,20:00,32.7
202406,1,하선,종로3가,153,평일,20:00,20.0
202406,1,상선,종각,152,평일,20:00,31.8
202406,1,하선,종각,152,평일,20:00,27.1
202406,1,상선,시청,151,평일,20:00,23.2
202406,1,하선,시청,151,평일,20:00,34.2
202406,1,상선,서울역,150,평일,20:00,19.3
202406,1,하선,서울역,150,평일,20:00,39.6
202406,1,상선,청량리,158,토요일,20:00,24.8
202406,1,하선,청량리,158,토요일,20:00,11.9
202406,1,상선,제기동,157,토요일,20:00,32.3
202406,1,하선,제기동,157,토요일,20:00,13.3
202406,1,상선,신설동,156,토요일,20:00,31.3
202406,1,하선,신설동,156,토요일,20:00,14.2
202406,1,상선,동묘앞,159,토요일,20:00,28.8
202406,1,하선,동묘앞,159,토요일,20:00,14.4
202406,1,상선,동대문,155,토요일,20:00,31.0
202406,1,하선,동대문,155,토요일,20:00,15.8
202406,1,상선,종로5가,154,토요일,20:00,28.1
202406,1,하선,종로5가,154,토요일,20:00,20.0
202406,1,상선,종로3가,153,토요일,20:00,25.7
202406,1,하선,종로3가,153,토요일,20:00,24.5
202406,1,상선,종각,152,토요일,20:00,25.4
202406,1,하선,종각,152,토요일,20:00,29.7
202406,1,상선,시청,151,토요일,20:00,20.6
202406,1,하선,시청,151,토요일,20:00,34.0
202406,1,상선,서울역,150,토요일,20:00,17.7
202406,1,하선,서울역,150,토요일,20:00,41.4
202406,1,상선,청량리,158,일요일,20:00,21.3
202406,1,하선,청량리,158,일요일,20:00,13.4
202406,1,상선,제기동,157,일요일,20:00,27.0
202406,1,하선,제기동,157,일요일,20:00,14.5
202406,1,상선,신설동,156,일요일,20:00,26.7
202406,1,하선,신설동,156,일요일,20:00,14.7
202406,1,상선,동묘앞,159,일요일,20:00,25.4
202406,1,하선,동묘앞,159,일요일,20:00,14.5
202406,1,상선,동대문,155,일요일,20:00,27.5
202406,1,하선,동대문,155,일요일,20:00,15.1
202406,1,상선,종로5가,154,일요일,20:00,24.7
202406,1,하선,종로5가,154,일요일,20:00,18.0
202406,1,상선,종로3가,153,일요일,20:00,23.8
202406,1,하선,종로3가,153,일요일,20:00,20.2
202406,1,상선,종각,152,일요일,20:00,21.1
202406,1,하선,종각,152,일요일,20:00,23.7
202406,1,상선,시청,151,일요일,20:00,18.5
202406,1,하선,시청,151,일요일,20:00,27.9
202406,1,상선,서울역,150,일요일,20:00,16.7
202406,1,하선,서울역,150,일요일,20:00,33.9
2020,1,상선,서울역,150,평일,20:30,15.9
2020,1,하선,서울역,150,평일,20:30,31.2
2020,1,상선,시청,151,평일,20:30,18.3
2020,1,하선,시청,151,평일,20:30,27.7
2020,1,상선,종각,152,평일,20:30,24.2
2020,1,하선,종각,152,평일,20:30,21.5
2020,1,상선,종로3가,153,평일,20:30,25.2
2020,1,하선,종로3가,153,평일,20:30,15.6
2020,1,상선,종로5가,154,평일,20:30,27.6
2020,1,하선,종로5가,154,평일,20:30,13.3
2020,1,상선,동대문,155,평일,20:30,27.6
2020,1,하선,동대문,155,평일,20:30,11.2
2020,1,상선,신설동,156,평일,20:30,26.6
2020,1,하선,신설동,156,평일,20:30,10.0
2020,1,상선,제기동,157,평일,20:30,25.4
2020,1,하선,제기동,157,평일,20:30,9.1
2020,1,상선,청량리,158,평일,20:30,23.1
2020,1,하선,청량리,158,평일,20:30,8.2
2020,1,상선,동묘앞,159,평일,20:30,25.3
2020,1,하선,동묘앞,159,평일,20:30,11.0
2020,1,상선,서울역,150,토요일,20:30,16.5
2020,1,하선,서울역,150,토요일,20:30,29.2
2020,1,상선,시청,151,토요일,20:30,19.8
2020,1,하선,시청,151,토요일,20:30,24.6
2020,1,상선,종각,152,토요일,20:30,22.3
2020,1,하선,종각,152,토요일,20:30,23.1
2020,1,상선,종로3가,153,토요일,20:30,24.3
2020,1,하선,종로3가,153,토요일,20:30,18.0
2020,1,상선,종로5가,154,토요일,20:30,24.5
2020,1,하선,종로5가,154,토요일,20:30,15.3
2020,1,상선,동대문,155,토요일,20:30,24.7
2020,1,하선,동대문,155,토요일,20:30,11.9
2020,1,상선,신설동,156,토요일,20:30,20.4
2020,1,하선,신설동,156,토요일,20:30,11.6
2020,1,상선,제기동,157,토요일,20:30,20.1
2020,1,하선,제기동,157,토요일,20:30,10.9
2020,1,상선,청량리,158,토요일,20:30,18.8
2020,1,하선,청량리,158,토요일,20:30,10.6
2020,1,상선,동묘앞,159,토요일,20:30,22.3
2020,1,하선,동묘앞,159,토요일,20:30,11.7
2020,1,상선,서울역,150,일요일,20:30,11.8
2020,1,하선,서울역,150,일요일,20:30,20.1
2020,1,상선,시청,151,일요일,20:30,13.5
2020,1,하선,시청,151,일요일,20:30,16.0
2020,1,상선,종각,152,일요일,20:30,15.5
2020,1,하선,종각,152,일요일,20:30,14.4
2020,1,상선,종로3가,153,일요일,20:30,16.6
2020,1,하선,종로3가,153,일요일,20:30,11.4
2020,1,상선,종로5가,154,일요일,20:30,15.8
2020,1,하선,종로5가,154,일요일,20:30,10.6
2020,1,상선,동대문,155,일요일,20:30,16.4
2020,1,하선,동대문,155,일요일,20:30,8.8
2020,1,상선,신설동,156,일요일,20:30,13.8
2020,1,하선,신설동,156,일요일,20:30,8.6
2020,1,상선,제기동,157,일요일,20:30,13.2
2020,1,하선,제기동,157,일요일,20:30,8.6
2020,1,상선,청량리,158,일요일,20:30,13.6
2020,1,하선,청량리,158,일요일,20:30,8.3
2020,1,상선,동묘앞,159,일요일,20:30,15.2
2020,1,하선,동묘앞,159,일요일,20:30,8.8
2021,1,상선,서울역,150,평일,20:30,10.8
2021,1,하선,서울역,150,평일,20:30,20.4
2021,1,상선,시청,151,평일,20:30,12.8
2021,1,하선,시청,151,평일,20:30,19.0
2021,1,상선,종각,152,평일,20:30,16.9
2021,1,하선,종각,152,평일,20:30,15.3
2021,1,상선,종로3가,153,평일,20:30,18.8
2021,1,하선,종로3가,153,평일,20:30,10.3
2021,1,상선,종로5가,154,평일,20:30,20.8
2021,1,하선,종로5가,154,평일,20:30,9.8
2021,1,상선,동대문,155,평일,20:30,20.9
2021,1,하선,동대문,155,평일,20:30,7.4
2021,1,상선,신설동,156,평일,20:30,16.6
2021,1,하선,신설동,156,평일,20:30,6.6
2021,1,상선,제기동,157,평일,20:30,16.0
2021,1,하선,제기동,157,평일,20:30,5.8
2021,1,상선,청량리,158,평일,20:30,15.0
2021,1,하선,청량리,158,평일,20:30,5.6
2021,1,상선,동묘앞,159,평일,20:30,17.0
2021,1,하선,동묘앞,159,평일,20:30,7.1
2021,1,상선,서울역,150,토요일,20:30,8.3
2021,1,하선,서울역,150,토요일,20:30,17.0
2021,1,상선,시청,151,토요일,20:30,10.1
2021,1,하선,시청,151,토요일,20:30,13.8
2021,1,상선,종각,152,토요일,20:30,11.7
2021,1,하선,종각,152,토요일,20:30,11.5
2021,1,상선,종로3가,153,토요일,20:30,12.8
2021,1,하선,종로3가,153,토요일,20:30,9.4
2021,1,상선,종로5가,154,토요일,20:30,13.1
2021,1,하선,종로5가,154,토요일,20:30,8.6
2021,1,상선,동대문,155,토요일,20:30,13.4
2021,1,하선,동대문,155,토요일,20:30,7.3
2021,1,상선,신설동,156,토요일,20:30,10.6
2021,1,하선,신설동,156,토요일,20:30,6.4
2021,1,상선,제기동,157,토요일,20:30,10.0
2021,1,하선,제기동,157,토요일,20:30,6.4
2021,1,상선,청량리,158,토요일,20:30,11.1
2021,1,하선,청량리,158,토요일,20:30,6.5
2021,1,상선,동묘앞,159,토요일,20:30,12.6
2021,1,하선,동묘앞,159,토요일,20:30,7.3
2021,1,상선,서울역,150,일요일,20:30,8.9
2021,1,하선,서울역,150,일요일,20:30,13.6
2021,1,상선,시청,151,일요일,20:30,9.5
2021,1,하선,시청,151,일요일,20:30,10.2
2021,1,상선,종각,152,일요일,20:30,10.4
2021,1,하선,종각,152,일요일,20:30,8.7
2021,1,상선,종로3가,153,일요일,20:30,11.4
2021,1,하선,종로3가,153,일요일,20:30,7.4
2021,1,상선,종로5가,154,일요일,20:30,11.6
2021,1,하선,종로5가,154,일요일,20:30,7.0
2021,1,상선,동대문,155,일요일,20:30,12.1
2021,1,하선,동대문,155,일요일,20:30,6.9
2021,1,상선,신설동,156,일요일,20:30,9.4
2021,1,하선,신설동,156,일요일,20:30,6.9
2021,1,상선,제기동,157,일요일,20:30,9.0
2021,1,하선,제기동,157,일요일,20:30,6.7
2021,1,상선,청량리,158,일요일,20:30,9.6
2021,1,하선,청량리,158,일요일,20:30,6.6
2021,1,상선,동묘앞,159,일요일,20:30,11.1
2021,1,하선,동묘앞,159,일요일,20:30,7.3
2022,1,상선,서울역,150,평일,20:30,12.0
2022,1,하선,서울역,150,평일,20:30,26.4
2022,1,상선,시청,151,평일,20:30,14.5
2022,1,하선,시청,151,평일,20:30,24.1
2022,1,상선,종각,152,평일,20:30,18.7
2022,1,하선,종각,152,평일,20:30,19.2
2022,1,상선,종로3가,153,평일,20:30,18.9
2022,1,하선,종로3가,153,평일,20:30,13.2
2022,1,상선,종로5가,154,평일,20:30,21.9
2022,1,하선,종로5가,154,평일,20:30,12.1
2022,1,상선,동대문,155,평일,20:30,19.2
2022,1,하선,동대문,155,평일,20:30,8.7
2022,1,상선,신설동,156,평일,20:30,16.0
2022,1,하선,신설동,156,평일,20:30,7.2
2022,1,상선,제기동,157,평일,20:30,16.6
2022,1,하선,제기동,157,평일,20:30,6.5
2022,1,상선,청량리,158,평일,20:30,15.0
2022,1,하선,청량리,158,평일,20:30,5.8
2022,1,상선,동묘앞,159,평일,20:30,17.6
2022,1,하선,동묘앞,159,평일,20:30,8.3
2022,1,상선,서울역,150,토요일,20:30,10.2
2022,1,하선,서울역,150,토요일,20:30,20.8
2022,1,상선,시청,151,토요일,20:30,11.8
2022,1,하선,시청,151,토요일,20:30,19.3
2022,1,상선,종각,152,토요일,20:30,14.5
2022,1,하선,종각,152,토요일,20:30,16.3
2022,1,상선,종로3가,153,토요일,20:30,16.0
2022,1,하선,종로3가,153,토요일,20:30,12.1
2022,1,상선,종로5가,154,토요일,20:30,17.9
2022,1,하선,종로5가,154,토요일,20:30,11.2
2022,1,상선,동대문,155,토요일,20:30,17.8
2022,1,하선,동대문,155,토요일,20:30,9.0
2022,1,상선,신설동,156,토요일,20:30,13.2
2022,1,하선,신설동,156,토요일,20:30,8.8
2022,1,상선,제기동,157,토요일,20:30,13.4
2022,1,하선,제기동,157,토요일,20:30,8.4
2022,1,상선,청량리,158,토요일,20:30,13.6
2022,1,하선,청량리,158,토요일,20:30,7.6
2022,1,상선,동묘앞,159,토요일,20:30,14.0
2022,1,하선,동묘앞,159,토요일,20:30,8.7
2022,1,상선,서울역,150,일요일,20:30,9.5
2022,1,하선,서울역,150,일요일,20:30,17.0
2022,1,상선,시청,151,일요일,20:30,10.9
2022,1,하선,시청,151,일요일,20:30,14.4
2022,1,상선,종각,152,일요일,20:30,12.5
2022,1,하선,종각,152,일요일,20:30,12.0
2022,1,상선,종로3가,153,일요일,20:30,13.9
2022,1,하선,종로3가,153,일요일,20:30,9.4
2022,1,상선,종로5가,154,일요일,20:30,15.7
2022,1,하선,종로5가,154,일요일,20:30,8.3
2022,1,상선,동대문,155,일요일,20:30,16.0
2022,1,하선,동대문,155,일요일,20:30,7.2
2022,1,상선,신설동,156,일요일,20:30,11.4
2022,1,하선,신설동,156,일요일,20:30,7.1
2022,1,상선,제기동,157,일요일,20:30,11.5
2022,1,하선,제기동,157,일요일,20:30,6.6
2022,1,상선,청량리,158,일요일,20:30,11.6
2022,1,하선,청량리,158,일요일,20:30,6.0
2022,1,상선,동묘앞,159,일요일,20:30,12.4
2022,1,하선,동묘앞,159,일요일,20:30,7.0
2023,1,상선,서울역,150,평일,20:30,17.1
2023,1,하선,서울역,150,평일,20:30,36.1
2023,1,상선,시청,151,평일,20:30,20.7
2023,1,하선,시청,151,평일,20:30,32.4
2023,1,상선,종각,152,평일,20:30,25.2
2023,1,하선,종각,152,평일,20:30,26.0
2023,1,상선,종로3가,153,평일,20:30,25.3
2023,1,하선,종로3가,153,평일,20:30,18.9
2023,1,상선,종로5가,154,평일,20:30,28.6
2023,1,하선,종로5가,154,평일,20:30,18.1
2023,1,상선,동대문,155,평일,20:30,26.6
2023,1,하선,동대문,155,평일,20:30,13.6
2023,1,상선,신설동,156,평일,20:30,22.0
2023,1,하선,신설동,156,평일,20:30,10.8
2023,1,상선,제기동,157,평일,20:30,21.5
2023,1,하선,제기동,157,평일,20:30,9.9
2023,1,상선,청량리,158,평일,20:30,20.1
2023,1,하선,청량리,158,평일,20:30,8.8
2023,1,상선,동묘앞,159,평일,20:30,24.1
2023,1,하선,동묘앞,159,평일,20:30,12.9
2023,1,상선,서울역,150,토요일,20:30,15.2
2023,1,하선,서울역,150,토요일,20:30,32.4
2023,1,상선,시청,151,토요일,20:30,18.2
2023,1,하선,시청,151,토요일,20:30,28.8
2023,1,상선,종각,152,토요일,20:30,20.8
2023,1,하선,종각,152,토요일,20:30,23.8
2023,1,상선,종로3가,153,토요일,20:30,23.5
2023,1,하선,종로3가,153,토요일,20:30,19.0
2023,1,상선,종로5가,154,토요일,20:30,25.5
2023,1,하선,종로5가,154,토요일,20:30,15.4
2023,1,상선,동대문,155,토요일,20:30,25.4
2023,1,하선,동대문,155,토요일,20:30,11.4
2023,1,상선,신설동,156,토요일,20:30,19.6
2023,1,하선,신설동,156,토요일,20:30,10.6
2023,1,상선,제기동,157,토요일,20:30,19.9
2023,1,하선,제기동,157,토요일,20:30,9.5
2023,1,상선,청량리,158,토요일,20:30,19.9
2023,1,하선,청량리,158,토요일,20:30,8.8
2023,1,상선,동묘앞,159,토요일,20:30,21.0
2023,1,하선,동묘앞,159,토요일,20:30,10.8
2023,1,상선,서울역,150,공휴일,20:30,14.0
2023,1,하선,서울역,150,공휴일,20:30,22.4
2023,1,상선,시청,151,공휴일,20:30,17.1
2023,1,하선,시청,151,공휴일,20:30,19.7
2023,1,상선,종각,152,공휴일,20:30,18.2
2023,1,하선,종각,152,공휴일,20:30,16.2
2023,1,상선,종로3가,153,공휴일,20:30,20.7
2023,1,하선,종로3가,153,공휴일,20:30,13.2
2023,1,상선,종로5가,154,공휴일,20:30,21.7
2023,1,하선,종로5가,154,공휴일,20:30,11.8
2023,1,상선,동대문,155,공휴일,20:30,22.5
2023,1,하선,동대문,155,공휴일,20:30,10.4
2023,1,상선,신설동,156,공휴일,20:30,16.2
2023,1,하선,신설동,156,공휴일,20:30,9.4
2023,1,상선,제기동,157,공휴일,20:30,15.6
2023,1,하선,제기동,157,공휴일,20:30,9.4
2023,1,상선,청량리,158,공휴일,20:30,15.7
2023,1,하선,청량리,158,공휴일,20:30,8.7
2023,1,상선,동묘앞,159,공휴일,20:30,17.4
2023,1,하선,동묘앞,159,공휴일,20:30,9.6
202403,1,상선,청량리,158,평일,20:30,20.7
202403,1,하선,청량리,158,평일,20:30,8.9
202403,1,상선,제기동,157,평일,20:30,22.9
202403,1,하선,제기동,157,평일,20:30,10.1
202403,1,상선,신설동,156,평일,20:30,23.3
202403,1,하선,신설동,156,평일,20:30,11.0
202403,1,상선,동묘앞,159,평일,20:30,26.1
202403,1,하선,동묘앞,159,평일,20:30,13.0
202403,1,상선,동대문,155,평일,20:30,28.8
202403,1,하선,동대문,155,평일,20:30,13.8
202403,1,상선,종로5가,154,평일,20:30,31.6
202403,1,하선,종로5가,154,평일,20:30,18.1
202403,1,상선,종로3가,153,평일,20:30,28.1
202403,1,하선,종로3가,153,평일,20:30,19.1
202403,1,상선,종각,152,평일,20:30,27.7
202403,1,하선,종각,152,평일,20:30,26.7
202403,1,상선,시청,151,평일,20:30,22.6
202403,1,하선,시청,151,평일,20:30,34.6
202403,1,상선,서울역,150,평일,20:30,17.9
202403,1,하선,서울역,150,평일,20:30,38.1
202403,1,상선,청량리,158,토요일,20:30,19.6
202403,1,하선,청량리,158,토요일,20:30,13.1
202403,1,상선,제기동,157,토요일,20:30,20.8
202403,1,하선,제기동,157,토요일,20:30,13.6
202403,1,상선,신설동,156,토요일,20:30,20.8
202403,1,하선,신설동,156,토요일,20:30,14.0
202403,1,상선,동묘앞,159,토요일,20:30,22.1
202403,1,하선,동묘앞,159,토요일,20:30,13.4
202403,1,상선,동대문,155,토요일,20:30,26.4
202403,1,하선,동대문,155,토요일,20:30,13.9
202403,1,상선,종로5가,154,토요일,20:30,26.3
202403,1,하선,종로5가,154,토요일,20:30,17.0
202403,1,상선,종로3가,153,토요일,20:30,24.1
202403,1,하선,종로3가,153,토요일,20:30,17.5
202403,1,상선,종각,152,토요일,20:30,21.7
202403,1,하선,종각,152,토요일,20:30,21.4
202403,1,상선,시청,151,토요일,20:30,19.6
202403,1,하선,시청,151,토요일,20:30,26.5
202403,1,상선,서울역,150,토요일,20:30,16.0
202403,1,하선,서울역,150,토요일,20:30,30.8
202403,1,상선,청량리,158,일요일,20:30,16.4
202403,1,하선,청량리,158,일요일,20:30,10.3
202403,1,상선,제기동,157,일요일,20:30,16.8
202403,1,하선,제기동,157,일요일,20:30,10.6
202403,1,상선,신설동,156,일요일,20:30,16.3
202403,1,하선,신설동,156,일요일,20:30,11.2
202403,1,상선,동묘앞,159,일요일,20:30,17.8
202403,1,하선,동묘앞,159,일요일,20:30,11.3
202403,1,상선,동대문,155,일요일,20:30,21.7
202403,1,하선,동대문,155,일요일,20:30,12.0
202403,1,상선,종로5가,154,일요일,20:30,21.5
202403,1,하선,종로5가,154,일요일,20:30,13.2
202403,1,상선,종로3가,153,일요일,20:30,19.8
202403,1,하선,종로3가,153,일요일,20:30,14.0
202403,1,상선,종각,152,일요일,20:30,17.9
202403,1,하선,종각,152,일요일,20:30,16.4
202403,1,상선,시청,151,일요일,20:30,18.0
202403,1,하선,시청,151,일요일,20:30,19.7
202403,1,상선,서울역,150,일요일,20:30,15.7
202403,1,하선,서울역,150,일요일,20:30,25.1
202406,1,상선,청량리,158,평일,20:30,25.3
202406,1,하선,청량리,158,평일,20:30,10.3
202406,1,상선,제기동,157,평일,20:30,24.8
202406,1,하선,제기동,157,평일,20:30,11.5
202406,1,상선,신설동,156,평일,20:30,25.6
202406,1,하선,신설동,156,평일,20:30,12.6
202406,1,상선,동묘앞,159,평일,20:30,27.3
202406,1,하선,동묘앞,159,평일,20:30,14.0
202406,1,상선,동대문,155,평일,20:30,30.3
202406,1,하선,동대문,155,평일,20:30,14.7
202406,1,상선,종로5가,154,평일,20:30,33.5
202406,1,하선,종로5가,154,평일,20:30,18.4
202406,1,상선,종로3가,153,평일,20:30,31.8
202406,1,하선,종로3가,153,평일,20:30,19.2
202406,1,상선,종각,152,평일,20:30,29.5
202406,1,하선,종각,152,평일,20:30,27.4
202406,1,상선,시청,151,평일,20:30,22.5
202406,1,하선,시청,151,평일,20:30,33.5
202406,1,상선,서울역,150,평일,20:30,18.7
202406,1,하선,서울역,150,평일,20:30,36.9
202406,1,상선,청량리,158,토요일,20:30,22.4
202406,1,하선,청량리,158,토요일,20:30,12.8
202406,1,상선,제기동,157,토요일,20:30,22.6
202406,1,하선,제기동,157,토요일,20:30,13.7
202406,1,상선,신설동,156,토요일,20:30,23.7
202406,1,하선,신설동,156,토요일,20:30,14.3
202406,1,상선,동묘앞,159,토요일,20:30,27.3
202406,1,하선,동묘앞,159,토요일,20:30,14.8
202406,1,상선,동대문,155,토요일,20:30,28.5
202406,1,하선,동대문,155,토요일,20:30,15.8
202406,1,상선,종로5가,154,토요일,20:30,32.4
202406,1,하선,종로5가,154,토요일,20:30,18.8
202406,1,상선,종로3가,153,토요일,20:30,30.7
202406,1,하선,종로3가,153,토요일,20:30,21.5
202406,1,상선,종각,152,토요일,20:30,24.2
202406,1,하선,종각,152,토요일,20:30,27.0
202406,1,상선,시청,151,토요일,20:30,20.4
202406,1,하선,시청,151,토요일,20:30,30.2
202406,1,상선,서울역,150,토요일,20:30,18.3
202406,1,하선,서울역,150,토요일,20:30,34.1
202406,1,상선,청량리,158,일요일,20:30,18.8
202406,1,하선,청량리,158,일요일,20:30,11.1
202406,1,상선,제기동,157,일요일,20:30,18.6
202406,1,하선,제기동,157,일요일,20:30,12.3
202406,1,상선,신설동,156,일요일,20:30,18.9
202406,1,하선,신설동,156,일요일,20:30,13.2
202406,1,상선,동묘앞,159,일요일,20:30,21.0
202406,1,하선,동묘앞,159,일요일,20:30,13.7
202406,1,상선,동대문,155,일요일,20:30,22.8
202406,1,하선,동대문,155,일요일,20:30,14.4
202406,1,상선,종로5가,154,일요일,20:30,25.3
202406,1,하선,종로5가,154,일요일,20:30,17.2
202406,1,상선,종로3가,153,일요일,20:30,25.7
202406,1,하선,종로3가,153,일요일,20:30,18.1
202406,1,상선,종각,152,일요일,20:30,21.9
202406,1,하선,종각,152,일요일,20:30,21.0
202406,1,상선,시청,151,일요일,20:30,19.4
202406,1,하선,시청,151,일요일,20:30,23.9
202406,1,상선,서울역,150,일요일,20:30,18.7
202406,1,하선,서울역,150,일요일,20:30,28.1
2020,1,상선,서울역,150,평일,21:00,17.1
2020,1,하선,서울역,150,평일,21:00,37.6
2020,1,상선,시청,151,평일,21:00,20.7
2020,1,하선,시청,151,평일,21:00,34.8
2020,1,상선,종각,152,평일,21:00,30.0
2020,1,하선,종각,152,평일,21:00,28.7
2020,1,상선,종로3가,153,평일,21:00,32.9
2020,1,하선,종로3가,153,평일,21:00,18.5
2020,1,상선,종로5가,154,평일,21:00,33.5
2020,1,하선,종로5가,154,평일,21:00,18.6
2020,1,상선,동대문,155,평일,21:00,35.1
2020,1,하선,동대문,155,평일,21:00,14.2
2020,1,상선,신설동,156,평일,21:00,29.0
2020,1,하선,신설동,156,평일,21:00,13.5
2020,1,상선,제기동,157,평일,21:00,28.2
2020,1,하선,제기동,157,평일,21:00,11.5
2020,1,상선,청량리,158,평일,21:00,20.2
2020,1,하선,청량리,158,평일,21:00,9.2
2020,1,상선,동묘앞,159,평일,21:00,31.8
2020,1,하선,동묘앞,159,평일,21:00,14.9
2020,1,상선,서울역,150,토요일,21:00,15.9
2020,1,하선,서울역,150,토요일,21:00,34.8
2020,1,상선,시청,151,토요일,21:00,18.2
2020,1,하선,시청,151,토요일,21:00,31.9
2020,1,상선,종각,152,토요일,21:00,24.1
2020,1,하선,종각,152,토요일,21:00,27.5
2020,1,상선,종로3가,153,토요일,21:00,26.7
2020,1,하선,종로3가,153,토요일,21:00,21.6
2020,1,상선,종로5가,154,토요일,21:00,27.2
2020,1,하선,종로5가,154,토요일,21:00,16.2
2020,1,상선,동대문,155,토요일,21:00,29.1
2020,1,하선,동대문,155,토요일,21:00,13.1
2020,1,상선,신설동,156,토요일,21:00,23.9
2020,1,하선,신설동,156,토요일,21:00,17.7
2020,1,상선,제기동,157,토요일,21:00,23.4
2020,1,하선,제기동,157,토요일,21:00,16.5
2020,1,상선,청량리,158,토요일,21:00,17.8
2020,1,하선,청량리,158,토요일,21:00,14.2
2020,1,상선,동묘앞,159,토요일,21:00,27.4
2020,1,하선,동묘앞,159,토요일,21:00,15.1
2020,1,상선,서울역,150,일요일,21:00,11.0
2020,1,하선,서울역,150,일요일,21:00,21.3
2020,1,상선,시청,151,일요일,21:00,12.4
2020,1,하선,시청,151,일요일,21:00,19.5
2020,1,상선,종각,152,일요일,21:00,15.4
2020,1,하선,종각,152,일요일,21:00,17.3
2020,1,상선,종로3가,153,일요일,21:00,17.9
2020,1,하선,종로3가,153,일요일,21:00,14.3
2020,1,상선,종로5가,154,일요일,21:00,18.5
2020,1,하선,종로5가,154,일요일,21:00,12.2
2020,1,상선,동대문,155,일요일,21:00,19.0
2020,1,하선,동대문,155,일요일,21:00,10.9
2020,1,상선,신설동,156,일요일,21:00,15.9
2020,1,하선,신설동,156,일요일,21:00,8.9
2020,1,상선,제기동,157,일요일,21:00,15.2
2020,1,하선,제기동,157,일요일,21:00,8.4
2020,1,상선,청량리,158,일요일,21:00,11.9
2020,1,하선,청량리,158,일요일,21:00,7.0
2020,1,상선,동묘앞,159,일요일,21:00,17.7
2020,1,하선,동묘앞,159,일요일,21:00,11.5
2021,1,상선,서울역,150,평일,21:00,12.1
2021,1,하선,서울역,150,평일,21:00,31.1
2021,1,상선,시청,151,평일,21:00,15.1
2021,1,하선,시청,151,평일,21:00,25.6
2021,1,상선,종각,152,평일,21:00,22.0
2021,1,하선,종각,152,평일,21:00,19.6
2021,1,상선,종로3가,153,평일,21:00,24.1
2021,1,하선,종로3가,153,평일,21:00,12.4
2021,1,상선,종로5가,154,평일,21:00,25.5
2021,1,하선,종로5가,154,평일,21:00,10.8
2021,1,상선,동대문,155,평일,21:00,23.2
2021,1,하선,동대문,155,평일,21:00,8.6
2021,1,상선,신설동,156,평일,21:00,22.1
2021,1,하선,신설동,156,평일,21:00,7.3
2021,1,상선,제기동,157,평일,21:00,21.3
2021,1,하선,제기동,157,평일,21:00,6.5
2021,1,상선,청량리,158,평일,21:00,18.4
2021,1,하선,청량리,158,평일,21:00,5.5
2021,1,상선,동묘앞,159,평일,21:00,24.4
2021,1,하선,동묘앞,159,평일,21:00,7.8
2021,1,상선,서울역,150,토요일,21:00,10.0
2021,1,하선,서울역,150,토요일,21:00,20.1
2021,1,상선,시청,151,토요일,21:00,10.5
2021,1,하선,시청,151,토요일,21:00,17.3
2021,1,상선,종각,152,토요일,21:00,13.3
2021,1,하선,종각,152,토요일,21:00,16.3
2021,1,상선,종로3가,153,토요일,21:00,14.4
2021,1,하선,종로3가,153,토요일,21:00,13.3
2021,1,상선,종로5가,154,토요일,21:00,14.9
2021,1,하선,종로5가,154,토요일,21:00,10.9
2021,1,상선,동대문,155,토요일,21:00,15.3
2021,1,하선,동대문,155,토요일,21:00,9.3
2021,1,상선,신설동,156,토요일,21:00,14.4
2021,1,하선,신설동,156,토요일,21:00,7.7
2021,1,상선,제기동,157,토요일,21:00,13.8
2021,1,하선,제기동,157,토요일,21:00,7.2
2021,1,상선,청량리,158,토요일,21:00,11.1
2021,1,하선,청량리,158,토요일,21:00,6.8
2021,1,상선,동묘앞,159,토요일,21:00,13.8
2021,1,하선,동묘앞,159,토요일,21:00,8.4
2021,1,상선,서울역,150,일요일,21:00,9.9
2021,1,하선,서울역,150,일요일,21:00,15.6
2021,1,상선,시청,151,일요일,21:00,9.9
2021,1,하선,시청,151,일요일,21:00,12.2
2021,1,상선,종각,152,일요일,21:00,11.8
2021,1,하선,종각,152,일요일,21:00,11.8
2021,1,상선,종로3가,153,일요일,21:00,12.1
2021,1,하선,종로3가,153,일요일,21:00,10.1
2021,1,상선,종로5가,154,일요일,21:00,12.2
2021,1,하선,종로5가,154,일요일,21:00,8.5
2021,1,상선,동대문,155,일요일,21:00,12.5
2021,1,하선,동대문,155,일요일,21:00,7.7
2021,1,상선,신설동,156,일요일,21:00,11.4
2021,1,하선,신설동,156,일요일,21:00,6.3
2021,1,상선,제기동,157,일요일,21:00,10.8
2021,1,하선,제기동,157,일요일,21:00,6.4
2021,1,상선,청량리,158,일요일,21:00,9.2
2021,1,하선,청량리,158,일요일,21:00,6.2
2021,1,상선,동묘앞,159,일요일,21:00,11.3
2021,1,하선,동묘앞,159,일요일,21:00,6.6
2022,1,상선,서울역,150,평일,21:00,12.5
2022,1,하선,서울역,150,평일,21:00,26.3
2022,1,상선,시청,151,평일,21:00,15.8
2022,1,하선,시청,151,평일,21:00,23.0
2022,1,상선,종각,152,평일,21:00,22.2
2022,1,하선,종각,152,평일,21:00,18.2
2022,1,상선,종로3가,153,평일,21:00,26.1
2022,1,하선,종로3가,153,평일,21:00,11.7
2022,1,상선,종로5가,154,평일,21:00,27.8
2022,1,하선,종로5가,154,평일,21:00,10.8
2022,1,상선,동대문,155,평일,21:00,25.7
2022,1,하선,동대문,155,평일,21:00,8.9
2022,1,상선,신설동,156,평일,21:00,27.0
2022,1,하선,신설동,156,평일,21:00,7.3
2022,1,상선,제기동,157,평일,21:00,26.0
2022,1,하선,제기동,157,평일,21:00,6.5
2022,1,상선,청량리,158,평일,21:00,21.2
2022,1,하선,청량리,158,평일,21:00,6.1
2022,1,상선,동묘앞,159,평일,21:00,24.3
2022,1,하선,동묘앞,159,평일,21:00,8.0
2022,1,상선,서울역,150,토요일,21:00,12.9
2022,1,하선,서울역,150,토요일,21:00,27.3
2022,1,상선,시청,151,토요일,21:00,14.3
2022,1,하선,시청,151,토요일,21:00,23.7
2022,1,상선,종각,152,토요일,21:00,18.5
2022,1,하선,종각,152,토요일,21:00,21.5
2022,1,상선,종로3가,153,토요일,21:00,20.3
2022,1,하선,종로3가,153,토요일,21:00,15.2
2022,1,상선,종로5가,154,토요일,21:00,18.0
2022,1,하선,종로5가,154,토요일,21:00,12.2
2022,1,상선,동대문,155,토요일,21:00,18.5
2022,1,하선,동대문,155,토요일,21:00,9.9
2022,1,상선,신설동,156,토요일,21:00,17.4
2022,1,하선,신설동,156,토요일,21:00,8.3
2022,1,상선,제기동,157,토요일,21:00,16.9
2022,1,하선,제기동,157,토요일,21:00,8.0
2022,1,상선,청량리,158,토요일,21:00,13.6
2022,1,하선,청량리,158,토요일,21:00,7.7
2022,1,상선,동묘앞,159,토요일,21:00,18.9
2022,1,하선,동묘앞,159,토요일,21:00,9.0
2022,1,상선,서울역,150,일요일,21:00,11.5
2022,1,하선,서울역,150,일요일,21:00,19.6
2022,1,상선,시청,151,일요일,21:00,12.3
2022,1,하선,시청,151,일요일,21:00,15.4
2022,1,상선,종각,152,일요일,21:00,14.8
2022,1,하선,종각,152,일요일,21:00,13.9
2022,1,상선,종로3가,153,일요일,21:00,16.4
2022,1,하선,종로3가,153,일요일,21:00,11.0
2022,1,상선,종로5가,154,일요일,21:00,15.0
2022,1,하선,종로5가,154,일요일,21:00,9.2
2022,1,상선,동대문,155,일요일,21:00,15.3
2022,1,하선,동대문,155,일요일,21:00,8.4
2022,1,상선,신설동,156,일요일,21:00,14.8
2022,1,하선,신설동,156,일요일,21:00,7.3
2022,1,상선,제기동,157,일요일,21:00,13.9
2022,1,하선,제기동,157,일요일,21:00,7.3
2022,1,상선,청량리,158,일요일,21:00,11.6
2022,1,하선,청량리,158,일요일,21:00,7.7
2022,1,상선,동묘앞,159,일요일,21:00,16.1
2022,1,하선,동묘앞,159,일요일,21:00,7.6
2023,1,상선,서울역,150,평일,21:00,17.7
2023,1,하선,서울역,150,평일,21:00,35.0
2023,1,상선,시청,151,평일,21:00,21.8
2023,1,하선,시청,151,평일,21:00,31.1
2023,1,상선,종각,152,평일,21:00,29.7
2023,1,하선,종각,152,평일,21:00,24.9
2023,1,상선,종로3가,153,평일,21:00,35.8
2023,1,하선,종로3가,153,평일,21:00,17.2
2023,1,상선,종로5가,154,평일,21:00,37.7
2023,1,하선,종로5가,154,평일,21:00,15.9
2023,1,상선,동대문,155,평일,21:00,36.7
2023,1,하선,동대문,155,평일,21:00,13.4
2023,1,상선,신설동,156,평일,21:00,33.1
2023,1,하선,신설동,156,평일,21:00,11.0
2023,1,상선,제기동,157,평일,21:00,31.9
2023,1,하선,제기동,157,평일,21:00,9.7
2023,1,상선,청량리,158,평일,21:00,27.3
2023,1,하선,청량리,158,평일,21:00,9.5
2023,1,상선,동묘앞,159,평일,21:00,32.6
2023,1,하선,동묘앞,159,평일,21:00,12.0
2023,1,상선,서울역,150,토요일,21:00,19.2
2023,1,하선,서울역,150,토요일,21:00,37.0
2023,1,상선,시청,151,토요일,21:00,19.2
2023,1,하선,시청,151,토요일,21:00,30.9
2023,1,상선,종각,152,토요일,21:00,24.2
2023,1,하선,종각,152,토요일,21:00,26.4
2023,1,상선,종로3가,153,토요일,21:00,27.7
2023,1,하선,종로3가,153,토요일,21:00,19.7
2023,1,상선,종로5가,154,토요일,21:00,25.6
2023,1,하선,종로5가,154,토요일,21:00,16.6
2023,1,상선,동대문,155,토요일,21:00,27.1
2023,1,하선,동대문,155,토요일,21:00,13.3
2023,1,상선,신설동,156,토요일,21:00,24.3
2023,1,하선,신설동,156,토요일,21:00,9.8
2023,1,상선,제기동,157,토요일,21:00,23.3
2023,1,하선,제기동,157,토요일,21:00,9.3
2023,1,상선,청량리,158,토요일,21:00,19.3
2023,1,하선,청량리,158,토요일,21:00,8.7
2023,1,상선,동묘앞,159,토요일,21:00,26.4
2023,1,하선,동묘앞,159,토요일,21:00,11.4
2023,1,상선,서울역,150,공휴일,21:00,17.3
2023,1,하선,서울역,150,공휴일,21:00,26.2
2023,1,상선,시청,151,공휴일,21:00,17.7
2023,1,하선,시청,151,공휴일,21:00,20.8
2023,1,상선,종각,152,공휴일,21:00,20.6
2023,1,하선,종각,152,공휴일,21:00,17.5
2023,1,상선,종로3가,153,공휴일,21:00,23.5
2023,1,하선,종로3가,153,공휴일,21:00,14.3
2023,1,상선,종로5가,154,공휴일,21:00,21.0
2023,1,하선,종로5가,154,공휴일,21:00,12.3
2023,1,상선,동대문,155,공휴일,21:00,21.6
2023,1,하선,동대문,155,공휴일,21:00,11.7
2023,1,상선,신설동,156,공휴일,21:00,19.0
2023,1,하선,신설동,156,공휴일,21:00,10.0
2023,1,상선,제기동,157,공휴일,21:00,18.1
2023,1,하선,제기동,157,공휴일,21:00,9.7
2023,1,상선,청량리,158,공휴일,21:00,14.8
2023,1,하선,청량리,158,공휴일,21:00,9.5
2023,1,상선,동묘앞,159,공휴일,21:00,20.7
2023,1,하선,동묘앞,159,공휴일,21:00,10.6
202403,1,상선,청량리,158,평일,21:00,27.8
202403,1,하선,청량리,158,평일,21:00,10.2
202403,1,상선,제기동,157,평일,21:00,33.2
202403,1,하선,제기동,157,평일,21:00,10.3
202403,1,상선,신설동,156,평일,21:00,34.4
202403,1,하선,신설동,156,평일,21:00,11.4
202403,1,상선,동묘앞,159,평일,21:00,33.6
202403,1,하선,동묘앞,159,평일,21:00,12.5
202403,1,상선,동대문,155,평일,21:00,37.7
202403,1,하선,동대문,155,평일,21:00,13.7
202403,1,상선,종로5가,154,평일,21:00,39.6
202403,1,하선,종로5가,154,평일,21:00,15.6
202403,1,상선,종로3가,153,평일,21:00,37.8
202403,1,하선,종로3가,153,평일,21:00,16.6
202403,1,상선,종각,152,평일,21:00,31.9
202403,1,하선,종각,152,평일,21:00,24.3
202403,1,상선,시청,151,평일,21:00,24.0
202403,1,하선,시청,151,평일,21:00,31.6
202403,1,상선,서울역,150,평일,21:00,19.5
202403,1,하선,서울역,150,평일,21:00,35.2
202403,1,상선,청량리,158,토요일,21:00,20.8
202403,1,하선,청량리,158,토요일,21:00,14.0
202403,1,상선,제기동,157,토요일,21:00,25.7
202403,1,하선,제기동,157,토요일,21:00,15.2
202403,1,상선,신설동,156,토요일,21:00,26.5
202403,1,하선,신설동,156,토요일,21:00,15.8
202403,1,상선,동묘앞,159,토요일,21:00,29.3
202403,1,하선,동묘앞,159,토요일,21:00,18.8
202403,1,상선,동대문,155,토요일,21:00,30.6
202403,1,하선,동대문,155,토요일,21:00,19.6
202403,1,상선,종로5가,154,토요일,21:00,29.9
202403,1,하선,종로5가,154,토요일,21:00,22.3
202403,1,상선,종로3가,153,토요일,21:00,31.4
202403,1,하선,종로3가,153,토요일,21:00,26.1
202403,1,상선,종각,152,토요일,21:00,27.6
202403,1,하선,종각,152,토요일,21:00,31.8
202403,1,상선,시청,151,토요일,21:00,23.8
202403,1,하선,시청,151,토요일,21:00,33.9
202403,1,상선,서울역,150,토요일,21:00,21.3
202403,1,하선,서울역,150,토요일,21:00,39.7
202403,1,상선,청량리,158,일요일,21:00,16.3
202403,1,하선,청량리,158,일요일,21:00,11.3
202403,1,상선,제기동,157,일요일,21:00,20.5
202403,1,하선,제기동,157,일요일,21:00,11.7
202403,1,상선,신설동,156,일요일,21:00,21.3
202403,1,하선,신설동,156,일요일,21:00,12.2
202403,1,상선,동묘앞,159,일요일,21:00,23.2
202403,1,하선,동묘앞,159,일요일,21:00,12.6
202403,1,상선,동대문,155,일요일,21:00,24.8
202403,1,하선,동대문,155,일요일,21:00,13.1
202403,1,상선,종로5가,154,일요일,21:00,24.1
202403,1,하선,종로5가,154,일요일,21:00,14.5
202403,1,상선,종로3가,153,일요일,21:00,25.4
202403,1,하선,종로3가,153,일요일,21:00,15.9
202403,1,상선,종각,152,일요일,21:00,23.1
202403,1,하선,종각,152,일요일,21:00,18.6
202403,1,상선,시청,151,일요일,21:00,20.1
202403,1,하선,시청,151,일요일,21:00,21.2
202403,1,상선,서울역,150,일요일,21:00,19.5
202403,1,하선,서울역,150,일요일,21:00,26.9
202406,1,상선,청량리,158,평일,21:00,27.4
202406,1,하선,청량리,158,평일,21:00,11.8
202406,1,상선,제기동,157,평일,21:00,34.1
202406,1,하선,제기동,157,평일,21:00,12.1
202406,1,상선,신설동,156,평일,21:00,35.3
202406,1,하선,신설동,156,평일,21:00,13.9
202406,1,상선,동묘앞,159,평일,21:00,40.9
202406,1,하선,동묘앞,159,평일,21:00,15.4
202406,1,상선,동대문,155,평일,21:00,38.9
202406,1,하선,동대문,155,평일,21:00,16.7
202406,1,상선,종로5가,154,평일,21:00,39.4
202406,1,하선,종로5가,154,평일,21:00,20.2
202406,1,상선,종로3가,153,평일,21:00,39.2
202406,1,하선,종로3가,153,평일,21:00,21.9
202406,1,상선,종각,152,평일,21:00,32.5
202406,1,하선,종각,152,평일,21:00,31.7
202406,1,상선,시청,151,평일,21:00,23.0
202406,1,하선,시청,151,평일,21:00,39.1
202406,1,상선,서울역,150,평일,21:00,18.3
202406,1,하선,서울역,150,평일,21:00,42.5
202406,1,상선,청량리,158,토요일,21:00,26.6
202406,1,하선,청량리,158,토요일,21:00,12.4
202406,1,상선,제기동,157,토요일,21:00,26.7
202406,1,하선,제기동,157,토요일,21:00,13.8
202406,1,상선,신설동,156,토요일,21:00,26.8
202406,1,하선,신설동,156,토요일,21:00,14.7
202406,1,상선,동묘앞,159,토요일,21:00,27.2
202406,1,하선,동묘앞,159,토요일,21:00,16.2
202406,1,상선,동대문,155,토요일,21:00,31.7
202406,1,하선,동대문,155,토요일,21:00,17.2
202406,1,상선,종로5가,154,토요일,21:00,31.6
202406,1,하선,종로5가,154,토요일,21:00,19.6
202406,1,상선,종로3가,153,토요일,21:00,27.3
202406,1,하선,종로3가,153,토요일,21:00,23.5
202406,1,상선,종각,152,토요일,21:00,24.1
202406,1,하선,종각,152,토요일,21:00,29.4
202406,1,상선,시청,151,토요일,21:00,20.7
202406,1,하선,시청,151,토요일,21:00,33.4
202406,1,상선,서울역,150,토요일,21:00,18.8
202406,1,하선,서울역,150,토요일,21:00,37.8
202406,1,상선,청량리,158,일요일,21:00,20.3
202406,1,하선,청량리,158,일요일,21:00,10.2
202406,1,상선,제기동,157,일요일,21:00,20.8
202406,1,하선,제기동,157,일요일,21:00,10.9
202406,1,상선,신설동,156,일요일,21:00,22.0
202406,1,하선,신설동,156,일요일,21:00,11.0
202406,1,상선,동묘앞,159,일요일,21:00,24.1
202406,1,하선,동묘앞,159,일요일,21:00,12.7
202406,1,상선,동대문,155,일요일,21:00,26.9
202406,1,하선,동대문,155,일요일,21:00,13.1
202406,1,상선,종로5가,154,일요일,21:00,27.2
202406,1,하선,종로5가,154,일요일,21:00,14.7
202406,1,상선,종로3가,153,일요일,21:00,24.3
202406,1,하선,종로3가,153,일요일,21:00,16.0
202406,1,상선,종각,152,일요일,21:00,21.4
202406,1,하선,종각,152,일요일,21:00,19.2
202406,1,상선,시청,151,일요일,21:00,19.9
202406,1,하선,시청,151,일요일,21:00,21.1
202406,1,상선,서울역,150,일요일,21:00,18.5
202406,1,하선,서울역,150,일요일,21:00,25.9
2020,1,상선,서울역,150,평일,21:30,16.0
2020,1,하선,서울역,150,평일,21:30,44.6
2020,1,상선,시청,151,평일,21:30,22.0
2020,1,하선,시청,151,평일,21:30,39.3
2020,1,상선,종각,152,평일,21:30,31.9
2020,1,하선,종각,152,평일,21:30,32.2
2020,1,상선,종로3가,153,평일,21:30,33.8
2020,1,하선,종로3가,153,평일,21:30,21.4
2020,1,상선,종로5가,154,평일,21:30,34.9
2020,1,하선,종로5가,154,평일,21:30,18.0
2020,1,상선,동대문,155,평일,21:30,35.5
2020,1,하선,동대문,155,평일,21:30,14.3
2020,1,상선,신설동,156,평일,21:30,32.1
2020,1,하선,신설동,156,평일,21:30,11.6
2020,1,상선,제기동,157,평일,21:30,32.1
2020,1,하선,제기동,157,평일,21:30,10.8
2020,1,상선,청량리,158,평일,21:30,32.5
2020,1,하선,청량리,158,평일,21:30,10.7
2020,1,상선,동묘앞,159,평일,21:30,32.0
2020,1,하선,동묘앞,159,평일,21:30,13.5
2020,1,상선,서울역,150,토요일,21:30,16.8
2020,1,하선,서울역,150,토요일,21:30,38.0
2020,1,상선,시청,151,토요일,21:30,20.1
2020,1,하선,시청,151,토요일,21:30,36.9
2020,1,상선,종각,152,토요일,21:30,26.3
2020,1,하선,종각,152,토요일,21:30,32.9
2020,1,상선,종로3가,153,토요일,21:30,28.1
2020,1,하선,종로3가,153,토요일,21:30,24.1
2020,1,상선,종로5가,154,토요일,21:30,28.1
2020,1,하선,종로5가,154,토요일,21:30,23.4
2020,1,상선,동대문,155,토요일,21:30,28.7
2020,1,하선,동대문,155,토요일,21:30,18.7
2020,1,상선,신설동,156,토요일,21:30,29.3
2020,1,하선,신설동,156,토요일,21:30,15.2
2020,1,상선,제기동,157,토요일,21:30,28.1
2020,1,하선,제기동,157,토요일,21:30,14.3
2020,1,상선,청량리,158,토요일,21:30,24.9
2020,1,하선,청량리,158,토요일,21:30,13.5
2020,1,상선,동묘앞,159,토요일,21:30,25.8
2020,1,하선,동묘앞,159,토요일,21:30,15.8
2020,1,상선,서울역,150,일요일,21:30,16.2
2020,1,하선,서울역,150,일요일,21:30,23.2
2020,1,상선,시청,151,일요일,21:30,16.3
2020,1,하선,시청,151,일요일,21:30,20.5
2020,1,상선,종각,152,일요일,21:30,20.6
2020,1,하선,종각,152,일요일,21:30,18.0
2020,1,상선,종로3가,153,일요일,21:30,21.2
2020,1,하선,종로3가,153,일요일,21:30,14.0
2020,1,상선,종로5가,154,일요일,21:30,20.7
2020,1,하선,종로5가,154,일요일,21:30,14.2
2020,1,상선,동대문,155,일요일,21:30,21.2
2020,1,하선,동대문,155,일요일,21:30,12.6
2020,1,상선,신설동,156,일요일,21:30,19.6
2020,1,하선,신설동,156,일요일,21:30,8.9
2020,1,상선,제기동,157,일요일,21:30,18.6
2020,1,하선,제기동,157,일요일,21:30,8.5
2020,1,상선,청량리,158,일요일,21:30,16.8
2020,1,하선,청량리,158,일요일,21:30,8.9
2020,1,상선,동묘앞,159,일요일,21:30,18.7
2020,1,하선,동묘앞,159,일요일,21:30,10.5
2021,1,상선,서울역,150,평일,21:30,10.4
2021,1,하선,서울역,150,평일,21:30,19.5
2021,1,상선,시청,151,평일,21:30,12.0
2021,1,하선,시청,151,평일,21:30,16.6
2021,1,상선,종각,152,평일,21:30,16.1
2021,1,하선,종각,152,평일,21:30,13.7
2021,1,상선,종로3가,153,평일,21:30,17.9
2021,1,하선,종로3가,153,평일,21:30,9.3
2021,1,상선,종로5가,154,평일,21:30,18.4
2021,1,하선,종로5가,154,평일,21:30,8.7
2021,1,상선,동대문,155,평일,21:30,24.4
2021,1,하선,동대문,155,평일,21:30,6.9
2021,1,상선,신설동,156,평일,21:30,21.3
2021,1,하선,신설동,156,평일,21:30,5.4
2021,1,상선,제기동,157,평일,21:30,18.0
2021,1,하선,제기동,157,평일,21:30,5.1
2021,1,상선,청량리,158,평일,21:30,16.4
2021,1,하선,청량리,158,평일,21:30,4.6
2021,1,상선,동묘앞,159,평일,21:30,19.5
2021,1,하선,동묘앞,159,평일,21:30,6.6
2021,1,상선,서울역,150,토요일,21:30,10.7
2021,1,하선,서울역,150,토요일,21:30,21.1
2021,1,상선,시청,151,토요일,21:30,12.5
2021,1,하선,시청,151,토요일,21:30,17.3
2021,1,상선,종각,152,토요일,21:30,15.5
2021,1,하선,종각,152,토요일,21:30,14.5
2021,1,상선,종로3가,153,토요일,21:30,17.5
2021,1,하선,종로3가,153,토요일,21:30,10.2
2021,1,상선,종로5가,154,토요일,21:30,18.1
2021,1,하선,종로5가,154,토요일,21:30,8.7
2021,1,상선,동대문,155,토요일,21:30,19.5
2021,1,하선,동대문,155,토요일,21:30,7.0
2021,1,상선,신설동,156,토요일,21:30,15.3
2021,1,하선,신설동,156,토요일,21:30,5.4
2021,1,상선,제기동,157,토요일,21:30,13.6
2021,1,하선,제기동,157,토요일,21:30,4.5
2021,1,상선,청량리,158,토요일,21:30,12.2
2021,1,하선,청량리,158,토요일,21:30,4.1
2021,1,상선,동묘앞,159,토요일,21:30,19.1
2021,1,하선,동묘앞,159,토요일,21:30,6.3
2021,1,상선,서울역,150,일요일,21:30,9.9
2021,1,하선,서울역,150,일요일,21:30,16.0
2021,1,상선,시청,151,일요일,21:30,10.8
2021,1,하선,시청,151,일요일,21:30,11.6
2021,1,상선,종각,152,일요일,21:30,12.6
2021,1,하선,종각,152,일요일,21:30,9.2
2021,1,상선,종로3가,153,일요일,21:30,13.9
2021,1,하선,종로3가,153,일요일,21:30,7.0
2021,1,상선,종로5가,154,일요일,21:30,13.8
2021,1,하선,종로5가,154,일요일,21:30,6.0
2021,1,상선,동대문,155,일요일,21:30,14.9
2021,1,하선,동대문,155,일요일,21:30,5.4
2021,1,상선,신설동,156,일요일,21:30,11.7
2021,1,하선,신설동,156,일요일,21:30,4.8
2021,1,상선,제기동,157,일요일,21:30,9.8
2021,1,하선,제기동,157,일요일,21:30,4.2
2021,1,상선,청량리,158,일요일,21:30,8.9
2021,1,하선,청량리,158,일요일,21:30,4.3
2021,1,상선,동묘앞,159,일요일,21:30,15.1
2021,1,하선,동묘앞,159,일요일,21:30,5.0
2022,1,상선,서울역,150,평일,21:30,10.1
2022,1,하선,서울역,150,평일,21:30,21.1
2022,1,상선,시청,151,평일,21:30,12.1
2022,1,하선,시청,151,평일,21:30,21.0
2022,1,상선,종각,152,평일,21:30,16.1
2022,1,하선,종각,152,평일,21:30,17.0
2022,1,상선,종로3가,153,평일,21:30,18.3
2022,1,하선,종로3가,153,평일,21:30,10.1
2022,1,상선,종로5가,154,평일,21:30,22.4
2022,1,하선,종로5가,154,평일,21:30,9.6
2022,1,상선,동대문,155,평일,21:30,24.8
2022,1,하선,동대문,155,평일,21:30,6.8
2022,1,상선,신설동,156,평일,21:30,19.7
2022,1,하선,신설동,156,평일,21:30,6.1
2022,1,상선,제기동,157,평일,21:30,19.2
2022,1,하선,제기동,157,평일,21:30,5.5
2022,1,상선,청량리,158,평일,21:30,17.3
2022,1,하선,청량리,158,평일,21:30,5.3
2022,1,상선,동묘앞,159,평일,21:30,21.0
2022,1,하선,동묘앞,159,평일,21:30,6.4
2022,1,상선,서울역,150,토요일,21:30,11.2
2022,1,하선,서울역,150,토요일,21:30,24.0
2022,1,상선,시청,151,토요일,21:30,13.5
2022,1,하선,시청,151,토요일,21:30,20.9
2022,1,상선,종각,152,토요일,21:30,17.4
2022,1,하선,종각,152,토요일,21:30,18.2
2022,1,상선,종로3가,153,토요일,21:30,19.0
2022,1,하선,종로3가,153,토요일,21:30,12.4
2022,1,상선,종로5가,154,토요일,21:30,22.9
2022,1,하선,종로5가,154,토요일,21:30,10.2
2022,1,상선,동대문,155,토요일,21:30,23.9
2022,1,하선,동대문,155,토요일,21:30,7.7
2022,1,상선,신설동,156,토요일,21:30,19.2
2022,1,하선,신설동,156,토요일,21:30,5.8
2022,1,상선,제기동,157,토요일,21:30,19.2
2022,1,하선,제기동,157,토요일,21:30,6.1
2022,1,상선,청량리,158,토요일,21:30,16.8
2022,1,하선,청량리,158,토요일,21:30,5.8
2022,1,상선,동묘앞,159,토요일,21:30,20.3
2022,1,하선,동묘앞,159,토요일,21:30,7.1
2022,1,상선,서울역,150,일요일,21:30,11.2
2022,1,하선,서울역,150,일요일,21:30,18.7
2022,1,상선,시청,151,일요일,21:30,12.4
2022,1,하선,시청,151,일요일,21:30,14.3
2022,1,상선,종각,152,일요일,21:30,14.5
2022,1,하선,종각,152,일요일,21:30,12.0
2022,1,상선,종로3가,153,일요일,21:30,15.5
2022,1,하선,종로3가,153,일요일,21:30,8.8
2022,1,상선,종로5가,154,일요일,21:30,17.4
2022,1,하선,종로5가,154,일요일,21:30,7.5
2022,1,상선,동대문,155,일요일,21:30,18.0
2022,1,하선,동대문,155,일요일,21:30,6.5
2022,1,상선,신설동,156,일요일,21:30,14.2
2022,1,하선,신설동,156,일요일,21:30,5.1
2022,1,상선,제기동,157,일요일,21:30,14.1
2022,1,하선,제기동,157,일요일,21:30,5.4
2022,1,상선,청량리,158,일요일,21:30,12.9
2022,1,하선,청량리,158,일요일,21:30,5.2
2022,1,상선,동묘앞,159,일요일,21:30,15.2
2022,1,하선,동묘앞,159,일요일,21:30,6.0
2023,1,상선,서울역,150,평일,21:30,14.9
2023,1,하선,서울역,150,평일,21:30,29.4
2023,1,상선,시청,151,평일,21:30,17.5
2023,1,하선,시청,151,평일,21:30,28.5
2023,1,상선,종각,152,평일,21:30,22.6
2023,1,하선,종각,152,평일,21:30,22.8
2023,1,상선,종로3가,153,평일,21:30,26.3
2023,1,하선,종로3가,153,평일,21:30,15.3
2023,1,상선,종로5가,154,평일,21:30,30.2
2023,1,하선,종로5가,154,평일,21:30,14.3
2023,1,상선,동대문,155,평일,21:30,31.7
2023,1,하선,동대문,155,평일,21:30,10.9
2023,1,상선,신설동,156,평일,21:30,28.0
2023,1,하선,신설동,156,평일,21:30,9.3
2023,1,상선,제기동,157,평일,21:30,27.0
2023,1,하선,제기동,157,평일,21:30,8.8
2023,1,상선,청량리,158,평일,21:30,24.1
2023,1,하선,청량리,158,평일,21:30,8.5
2023,1,상선,동묘앞,159,평일,21:30,28.0
2023,1,하선,동묘앞,159,평일,21:30,10.4
2023,1,상선,서울역,150,토요일,21:30,18.4
2023,1,하선,서울역,150,토요일,21:30,33.6
2023,1,상선,시청,151,토요일,21:30,21.2
2023,1,하선,시청,151,토요일,21:30,28.6
2023,1,상선,종각,152,토요일,21:30,26.9
2023,1,하선,종각,152,토요일,21:30,24.9
2023,1,상선,종로3가,153,토요일,21:30,29.1
2023,1,하선,종로3가,153,토요일,21:30,18.8
2023,1,상선,종로5가,154,토요일,21:30,33.1
2023,1,하선,종로5가,154,토요일,21:30,15.9
2023,1,상선,동대문,155,토요일,21:30,33.9
2023,1,하선,동대문,155,토요일,21:30,11.8
2023,1,상선,신설동,156,토요일,21:30,28.1
2023,1,하선,신설동,156,토요일,21:30,10.2
2023,1,상선,제기동,157,토요일,21:30,25.7
2023,1,하선,제기동,157,토요일,21:30,9.4
2023,1,상선,청량리,158,토요일,21:30,23.6
2023,1,하선,청량리,158,토요일,21:30,8.8
2023,1,상선,동묘앞,159,토요일,21:30,30.7
2023,1,하선,동묘앞,159,토요일,21:30,10.9
2023,1,상선,서울역,150,공휴일,21:30,16.7
2023,1,하선,서울역,150,공휴일,21:30,22.7
2023,1,상선,시청,151,공휴일,21:30,18.1
2023,1,하선,시청,151,공휴일,21:30,17.1
2023,1,상선,종각,152,공휴일,21:30,20.5
2023,1,하선,종각,152,공휴일,21:30,14.6
2023,1,상선,종로3가,153,공휴일,21:30,22.1
2023,1,하선,종로3가,153,공휴일,21:30,11.8
2023,1,상선,종로5가,154,공휴일,21:30,24.6
2023,1,하선,종로5가,154,공휴일,21:30,9.8
2023,1,상선,동대문,155,공휴일,21:30,25.4
2023,1,하선,동대문,155,공휴일,21:30,9.6
2023,1,상선,신설동,156,공휴일,21:30,21.4
2023,1,하선,신설동,156,공휴일,21:30,7.6
2023,1,상선,제기동,157,공휴일,21:30,20.2
2023,1,하선,제기동,157,공휴일,21:30,7.7
2023,1,상선,청량리,158,공휴일,21:30,17.9
2023,1,하선,청량리,158,공휴일,21:30,7.4
2023,1,상선,동묘앞,159,공휴일,21:30,22.9
2023,1,하선,동묘앞,159,공휴일,21:30,8.9
202403,1,상선,청량리,158,평일,21:30,24.4
202403,1,하선,청량리,158,평일,21:30,9.2
202403,1,상선,제기동,157,평일,21:30,27.8
202403,1,하선,제기동,157,평일,21:30,9.4
202403,1,상선,신설동,156,평일,21:30,28.9
202403,1,하선,신설동,156,평일,21:30,10.1
202403,1,상선,동묘앞,159,평일,21:30,29.2
202403,1,하선,동묘앞,159,평일,21:30,11.2
202403,1,상선,동대문,155,평일,21:30,33.9
202403,1,하선,동대문,155,평일,21:30,11.9
202403,1,상선,종로5가,154,평일,21:30,32.1
202403,1,하선,종로5가,154,평일,21:30,15.4
202403,1,상선,종로3가,153,평일,21:30,28.1
202403,1,하선,종로3가,153,평일,21:30,16.4
202403,1,상선,종각,152,평일,21:30,25.3
202403,1,하선,종각,152,평일,21:30,24.6
202403,1,상선,시청,151,평일,21:30,19.3
202403,1,하선,시청,151,평일,21:30,30.4
202403,1,상선,서울역,150,평일,21:30,15.6
202403,1,하선,서울역,150,평일,21:30,30.9
202403,1,상선,청량리,158,토요일,21:30,24.4
202403,1,하선,청량리,158,토요일,21:30,9.7
202403,1,상선,제기동,157,토요일,21:30,27.3
202403,1,하선,제기동,157,토요일,21:30,10.3
202403,1,상선,신설동,156,토요일,21:30,27.4
202403,1,하선,신설동,156,토요일,21:30,10.9
202403,1,상선,동묘앞,159,토요일,21:30,29.6
202403,1,하선,동묘앞,159,토요일,21:30,12.9
202403,1,상선,동대문,155,토요일,21:30,32.5
202403,1,하선,동대문,155,토요일,21:30,14.3
202403,1,상선,종로5가,154,토요일,21:30,31.8
202403,1,하선,종로5가,154,토요일,21:30,17.8
202403,1,상선,종로3가,153,토요일,21:30,27.4
202403,1,하선,종로3가,153,토요일,21:30,20.4
202403,1,상선,종각,152,토요일,21:30,27.1
202403,1,하선,종각,152,토요일,21:30,25.7
202403,1,상선,시청,151,토요일,21:30,22.5
202403,1,하선,시청,151,토요일,21:30,29.2
202403,1,상선,서울역,150,토요일,21:30,19.6
202403,1,하선,서울역,150,토요일,21:30,34.8
202403,1,상선,청량리,158,일요일,21:30,18.1
202403,1,하선,청량리,158,일요일,21:30,7.7
202403,1,상선,제기동,157,일요일,21:30,19.9
202403,1,하선,제기동,157,일요일,21:30,8.0
202403,1,상선,신설동,156,일요일,21:30,20.4
202403,1,하선,신설동,156,일요일,21:30,8.8
202403,1,상선,동묘앞,159,일요일,21:30,22.5
202403,1,하선,동묘앞,159,일요일,21:30,9.7
202403,1,상선,동대문,155,일요일,21:30,25.0
202403,1,하선,동대문,155,일요일,21:30,10.2
202403,1,상선,종로5가,154,일요일,21:30,24.4
202403,1,하선,종로5가,154,일요일,21:30,10.9
202403,1,상선,종로3가,153,일요일,21:30,22.8
202403,1,하선,종로3가,153,일요일,21:30,12.4
202403,1,상선,종각,152,일요일,21:30,20.6
202403,1,하선,종각,152,일요일,21:30,15.8
202403,1,상선,시청,151,일요일,21:30,18.3
202403,1,하선,시청,151,일요일,21:30,18.3
202403,1,상선,서울역,150,일요일,21:30,17.0
202403,1,하선,서울역,150,일요일,21:30,22.5
202406,1,상선,청량리,158,평일,21:30,23.3
202406,1,하선,청량리,158,평일,21:30,9.9
202406,1,상선,제기동,157,평일,21:30,26.5
202406,1,하선,제기동,157,평일,21:30,10.2
202406,1,상선,신설동,156,평일,21:30,27.5
202406,1,하선,신설동,156,평일,21:30,10.6
202406,1,상선,동묘앞,159,평일,21:30,28.4
202406,1,하선,동묘앞,159,평일,21:30,12.1
202406,1,상선,동대문,155,평일,21:30,33.7
202406,1,하선,동대문,155,평일,21:30,12.9
202406,1,상선,종로5가,154,평일,21:30,34.0
202406,1,하선,종로5가,154,평일,21:30,16.3
202406,1,상선,종로3가,153,평일,21:30,27.7
202406,1,하선,종로3가,153,평일,21:30,16.2
202406,1,상선,종각,152,평일,21:30,24.8
202406,1,하선,종각,152,평일,21:30,24.9
202406,1,상선,시청,151,평일,21:30,18.5
202406,1,하선,시청,151,평일,21:30,30.2
202406,1,상선,서울역,150,평일,21:30,14.9
202406,1,하선,서울역,150,평일,21:30,36.6
202406,1,상선,청량리,158,토요일,21:30,21.2
202406,1,하선,청량리,158,토요일,21:30,10.0
202406,1,상선,제기동,157,토요일,21:30,25.5
202406,1,하선,제기동,157,토요일,21:30,10.6
202406,1,상선,신설동,156,토요일,21:30,26.5
202406,1,하선,신설동,156,토요일,21:30,11.3
202406,1,상선,동묘앞,159,토요일,21:30,28.7
202406,1,하선,동묘앞,159,토요일,21:30,12.7
202406,1,상선,동대문,155,토요일,21:30,28.6
202406,1,하선,동대문,155,토요일,21:30,14.7
202406,1,상선,종로5가,154,토요일,21:30,25.7
202406,1,하선,종로5가,154,토요일,21:30,18.6
202406,1,상선,종로3가,153,토요일,21:30,26.9
202406,1,하선,종로3가,153,토요일,21:30,23.9
202406,1,상선,종각,152,토요일,21:30,23.8
202406,1,하선,종각,152,토요일,21:30,30.4
202406,1,상선,시청,151,토요일,21:30,19.6
202406,1,하선,시청,151,토요일,21:30,34.5
202406,1,상선,서울역,150,토요일,21:30,17.2
202406,1,하선,서울역,150,토요일,21:30,40.3
202406,1,상선,청량리,158,일요일,21:30,17.1
202406,1,하선,청량리,158,일요일,21:30,8.1
202406,1,상선,제기동,157,일요일,21:30,19.3
202406,1,하선,제기동,157,일요일,21:30,8.2
202406,1,상선,신설동,156,일요일,21:30,19.9
202406,1,하선,신설동,156,일요일,21:30,8.2
202406,1,상선,동묘앞,159,일요일,21:30,22.1
202406,1,하선,동묘앞,159,일요일,21:30,9.1
202406,1,상선,동대문,155,일요일,21:30,23.9
202406,1,하선,동대문,155,일요일,21:30,10.4
202406,1,상선,종로5가,154,일요일,21:30,22.0
202406,1,하선,종로5가,154,일요일,21:30,12.0
202406,1,상선,종로3가,153,일요일,21:30,23.6
202406,1,하선,종로3가,153,일요일,21:30,14.2
202406,1,상선,종각,152,일요일,21:30,20.7
202406,1,하선,종각,152,일요일,21:30,17.7
202406,1,상선,시청,151,일요일,21:30,16.6
202406,1,하선,시청,151,일요일,21:30,19.9
202406,1,상선,서울역,150,일요일,21:30,15.2
202406,1,하선,서울역,150,일요일,21:30,26.3
2020,1,상선,서울역,150,평일,22:00,19.0
2020,1,하선,서울역,150,평일,22:00,45.6
2020,1,상선,시청,151,평일,22:00,24.0
2020,1,하선,시청,151,평일,22:00,37.4
2020,1,상선,종각,152,평일,22:00,34.0
2020,1,하선,종각,152,평일,22:00,35.3
2020,1,상선,종로3가,153,평일,22:00,40.1
2020,1,하선,종로3가,153,평일,22:00,21.9
2020,1,상선,종로5가,154,평일,22:00,42.7
2020,1,하선,종로5가,154,평일,22:00,19.2
2020,1,상선,동대문,155,평일,22:00,41.2
2020,1,하선,동대문,155,평일,22:00,15.1
2020,1,상선,신설동,156,평일,22:00,41.0
2020,1,하선,신설동,156,평일,22:00,13.5
2020,1,상선,제기동,157,평일,22:00,35.9
2020,1,하선,제기동,157,평일,22:00,13.3
2020,1,상선,청량리,158,평일,22:00,25.2
2020,1,하선,청량리,158,평일,22:00,13.1
2020,1,상선,동묘앞,159,평일,22:00,37.4
2020,1,하선,동묘앞,159,평일,22:00,12.5
2020,1,상선,서울역,150,토요일,22:00,18.9
2020,1,하선,서울역,150,토요일,22:00,41.1
2020,1,상선,시청,151,토요일,22:00,22.2
2020,1,하선,시청,151,토요일,22:00,33.5
2020,1,상선,종각,152,토요일,22:00,28.8
2020,1,하선,종각,152,토요일,22:00,30.3
2020,1,상선,종로3가,153,토요일,22:00,31.9
2020,1,하선,종로3가,153,토요일,22:00,22.8
2020,1,상선,종로5가,154,토요일,22:00,33.1
2020,1,하선,종로5가,154,토요일,22:00,17.8
2020,1,상선,동대문,155,토요일,22:00,34.6
2020,1,하선,동대문,155,토요일,22:00,13.9
2020,1,상선,신설동,156,토요일,22:00,28.1
2020,1,하선,신설동,156,토요일,22:00,10.6
2020,1,상선,제기동,157,토요일,22:00,27.0
2020,1,하선,제기동,157,토요일,22:00,9.6
2020,1,상선,청량리,158,토요일,22:00,20.8
2020,1,하선,청량리,158,토요일,22:00,10.6
2020,1,상선,동묘앞,159,토요일,22:00,31.8
2020,1,하선,동묘앞,159,토요일,22:00,11.2
2020,1,상선,서울역,150,일요일,22:00,14.7
2020,1,하선,서울역,150,일요일,22:00,23.5
2020,1,상선,시청,151,일요일,22:00,16.4
2020,1,하선,시청,151,일요일,22:00,16.9
2020,1,상선,종각,152,일요일,22:00,17.5
2020,1,하선,종각,152,일요일,22:00,15.1
2020,1,상선,종로3가,153,일요일,22:00,19.4
2020,1,하선,종로3가,153,일요일,22:00,11.6
2020,1,상선,종로5가,154,일요일,22:00,21.2
2020,1,하선,종로5가,154,일요일,22:00,9.8
2020,1,상선,동대문,155,일요일,22:00,22.1
2020,1,하선,동대문,155,일요일,22:00,8.5
2020,1,상선,신설동,156,일요일,22:00,18.9
2020,1,하선,신설동,156,일요일,22:00,6.5
2020,1,상선,제기동,157,일요일,22:00,17.7
2020,1,하선,제기동,157,일요일,22:00,5.9
2020,1,상선,청량리,158,일요일,22:00,13.5
2020,1,하선,청량리,158,일요일,22:00,6.5
2020,1,상선,동묘앞,159,일요일,22:00,20.0
2020,1,하선,동묘앞,159,일요일,22:00,7.3
2021,1,상선,서울역,150,평일,22:00,8.9
2021,1,하선,서울역,150,평일,22:00,18.4
2021,1,상선,시청,151,평일,22:00,11.7
2021,1,하선,시청,151,평일,22:00,15.6
2021,1,상선,종각,152,평일,22:00,15.6
2021,1,하선,종각,152,평일,22:00,12.9
2021,1,상선,종로3가,153,평일,22:00,18.8
2021,1,하선,종로3가,153,평일,22:00,8.9
2021,1,상선,종로5가,154,평일,22:00,19.9
2021,1,하선,종로5가,154,평일,22:00,8.5
2021,1,상선,동대문,155,평일,22:00,17.3
2021,1,하선,동대문,155,평일,22:00,6.8
2021,1,상선,신설동,156,평일,22:00,16.7
2021,1,하선,신설동,156,평일,22:00,5.5
2021,1,상선,제기동,157,평일,22:00,19.3
2021,1,하선,제기동,157,평일,22:00,4.7
2021,1,상선,청량리,158,평일,22:00,17.5
2021,1,하선,청량리,158,평일,22:00,4.0
2021,1,상선,동묘앞,159,평일,22:00,11.9
2021,1,하선,동묘앞,159,평일,22:00,6.5
2021,1,상선,서울역,150,토요일,22:00,8.3
2021,1,하선,서울역,150,토요일,22:00,16.6
2021,1,상선,시청,151,토요일,22:00,10.0
2021,1,하선,시청,151,토요일,22:00,13.8
2021,1,상선,종각,152,토요일,22:00,12.8
2021,1,하선,종각,152,토요일,22:00,12.3
2021,1,상선,종로3가,153,토요일,22:00,15.1
2021,1,하선,종로3가,153,토요일,22:00,9.0
2021,1,상선,종로5가,154,토요일,22:00,16.1
2021,1,하선,종로5가,154,토요일,22:00,7.2
2021,1,상선,동대문,155,토요일,22:00,16.4
2021,1,하선,동대문,155,토요일,22:00,6.0
2021,1,상선,신설동,156,토요일,22:00,21.2
2021,1,하선,신설동,156,토요일,22:00,5.4
2021,1,상선,제기동,157,토요일,22:00,19.7
2021,1,하선,제기동,157,토요일,22:00,5.1
2021,1,상선,청량리,158,토요일,22:00,18.6
2021,1,하선,청량리,158,토요일,22:00,4.7
2021,1,상선,동묘앞,159,토요일,22:00,14.5
2021,1,하선,동묘앞,159,토요일,22:00,5.8
2021,1,상선,서울역,150,일요일,22:00,8.2
2021,1,하선,서울역,150,일요일,22:00,11.1
2021,1,상선,시청,151,일요일,22:00,9.2
2021,1,하선,시청,151,일요일,22:00,8.8
2021,1,상선,종각,152,일요일,22:00,11.2
2021,1,하선,종각,152,일요일,22:00,7.9
2021,1,상선,종로3가,153,일요일,22:00,12.7
2021,1,하선,종로3가,153,일요일,22:00,6.7
2021,1,상선,종로5가,154,일요일,22:00,13.0
2021,1,하선,종로5가,154,일요일,22:00,6.0
2021,1,상선,동대문,155,일요일,22:00,13.3
2021,1,하선,동대문,155,일요일,22:00,5.5
2021,1,상선,신설동,156,일요일,22:00,16.4
2021,1,하선,신설동,156,일요일,22:00,5.2
2021,1,상선,제기동,157,일요일,22:00,15.2
2021,1,하선,제기동,157,일요일,22:00,5.1
2021,1,상선,청량리,158,일요일,22:00,13.4
2021,1,하선,청량리,158,일요일,22:00,4.7
2021,1,상선,동묘앞,159,일요일,22:00,11.7
2021,1,하선,동묘앞,159,일요일,22:00,5.3
2022,1,상선,서울역,150,평일,22:00,10.4
2022,1,하선,서울역,150,평일,22:00,32.1
2022,1,상선,시청,151,평일,22:00,14.5
2022,1,하선,시청,151,평일,22:00,24.8
2022,1,상선,종각,152,평일,22:00,21.8
2022,1,하선,종각,152,평일,22:00,21.1
2022,1,상선,종로3가,153,평일,22:00,22.8
2022,1,하선,종로3가,153,평일,22:00,12.9
2022,1,상선,종로5가,154,평일,22:00,20.8
2022,1,하선,종로5가,154,평일,22:00,11.1
2022,1,상선,동대문,155,평일,22:00,24.2
2022,1,하선,동대문,155,평일,22:00,8.5
2022,1,상선,신설동,156,평일,22:00,23.8
2022,1,하선,신설동,156,평일,22:00,7.3
2022,1,상선,제기동,157,평일,22:00,22.6
2022,1,하선,제기동,157,평일,22:00,6.6
2022,1,상선,청량리,158,평일,22:00,20.0
2022,1,하선,청량리,158,평일,22:00,5.2
2022,1,상선,동묘앞,159,평일,22:00,18.0
2022,1,하선,동묘앞,159,평일,22:00,8.2
2022,1,상선,서울역,150,토요일,22:00,10.2
2022,1,하선,서울역,150,토요일,22:00,20.9
2022,1,상선,시청,151,토요일,22:00,12.4
2022,1,하선,시청,151,토요일,22:00,19.4
2022,1,상선,종각,152,토요일,22:00,16.7
2022,1,하선,종각,152,토요일,22:00,17.0
2022,1,상선,종로3가,153,토요일,22:00,18.7
2022,1,하선,종로3가,153,토요일,22:00,11.9
2022,1,상선,종로5가,154,토요일,22:00,20.2
2022,1,하선,종로5가,154,토요일,22:00,8.9
2022,1,상선,동대문,155,토요일,22:00,20.1
2022,1,하선,동대문,155,토요일,22:00,6.8
2022,1,상선,신설동,156,토요일,22:00,26.2
2022,1,하선,신설동,156,토요일,22:00,5.5
2022,1,상선,제기동,157,토요일,22:00,20.3
2022,1,하선,제기동,157,토요일,22:00,4.6
2022,1,상선,청량리,158,토요일,22:00,18.5
2022,1,하선,청량리,158,토요일,22:00,4.4
2022,1,상선,동묘앞,159,토요일,22:00,18.1
2022,1,하선,동묘앞,159,토요일,22:00,6.3
2022,1,상선,서울역,150,일요일,22:00,10.1
2022,1,하선,서울역,150,일요일,22:00,15.0
2022,1,상선,시청,151,일요일,22:00,11.4
2022,1,하선,시청,151,일요일,22:00,11.6
2022,1,상선,종각,152,일요일,22:00,13.3
2022,1,하선,종각,152,일요일,22:00,10.4
2022,1,상선,종로3가,153,일요일,22:00,14.7
2022,1,하선,종로3가,153,일요일,22:00,7.7
2022,1,상선,종로5가,154,일요일,22:00,14.8
2022,1,하선,종로5가,154,일요일,22:00,6.8
2022,1,상선,동대문,155,일요일,22:00,15.3
2022,1,하선,동대문,155,일요일,22:00,5.7
2022,1,상선,신설동,156,일요일,22:00,18.1
2022,1,하선,신설동,156,일요일,22:00,4.9
2022,1,상선,제기동,157,일요일,22:00,14.2
2022,1,하선,제기동,157,일요일,22:00,4.4
2022,1,상선,청량리,158,일요일,22:00,13.1
2022,1,하선,청량리,158,일요일,22:00,4.2
2022,1,상선,동묘앞,159,일요일,22:00,13.0
2022,1,하선,동묘앞,159,일요일,22:00,5.5
2023,1,상선,서울역,150,평일,22:00,13.7
2023,1,하선,서울역,150,평일,22:00,39.2
2023,1,상선,시청,151,평일,22:00,18.5
2023,1,하선,시청,151,평일,22:00,30.2
2023,1,상선,종각,152,평일,22:00,26.1
2023,1,하선,종각,152,평일,22:00,24.9
2023,1,상선,종로3가,153,평일,22:00,29.1
2023,1,하선,종로3가,153,평일,22:00,16.8
2023,1,상선,종로5가,154,평일,22:00,27.6
2023,1,하선,종로5가,154,평일,22:00,15.6
2023,1,상선,동대문,155,평일,22:00,29.3
2023,1,하선,동대문,155,평일,22:00,12.8
2023,1,상선,신설동,156,평일,22:00,29.9
2023,1,하선,신설동,156,평일,22:00,10.4
2023,1,상선,제기동,157,평일,22:00,28.3
2023,1,하선,제기동,157,평일,22:00,9.4
2023,1,상선,청량리,158,평일,22:00,25.9
2023,1,하선,청량리,158,평일,22:00,7.5
2023,1,상선,동묘앞,159,평일,22:00,22.8
2023,1,하선,동묘앞,159,평일,22:00,12.2
2023,1,상선,서울역,150,토요일,22:00,16.8
2023,1,하선,서울역,150,토요일,22:00,29.0
2023,1,상선,시청,151,토요일,22:00,20.1
2023,1,하선,시청,151,토요일,22:00,25.4
2023,1,상선,종각,152,토요일,22:00,24.5
2023,1,하선,종각,152,토요일,22:00,22.8
2023,1,상선,종로3가,153,토요일,22:00,28.3
2023,1,하선,종로3가,153,토요일,22:00,16.3
2023,1,상선,종로5가,154,토요일,22:00,30.8
2023,1,하선,종로5가,154,토요일,22:00,12.6
2023,1,상선,동대문,155,토요일,22:00,30.2
2023,1,하선,동대문,155,토요일,22:00,9.1
2023,1,상선,신설동,156,토요일,22:00,37.7
2023,1,하선,신설동,156,토요일,22:00,7.5
2023,1,상선,제기동,157,토요일,22:00,32.4
2023,1,하선,제기동,157,토요일,22:00,6.8
2023,1,상선,청량리,158,토요일,22:00,28.8
2023,1,하선,청량리,158,토요일,22:00,6.7
2023,1,상선,동묘앞,159,토요일,22:00,26.5
2023,1,하선,동묘앞,159,토요일,22:00,8.5
2023,1,상선,서울역,150,공휴일,22:00,12.8
2023,1,하선,서울역,150,공휴일,22:00,19.2
2023,1,상선,시청,151,공휴일,22:00,14.4
2023,1,하선,시청,151,공휴일,22:00,15.8
2023,1,상선,종각,152,공휴일,22:00,16.5
2023,1,하선,종각,152,공휴일,22:00,13.9
2023,1,상선,종로3가,153,공휴일,22:00,19.5
2023,1,하선,종로3가,153,공휴일,22:00,11.3
2023,1,상선,종로5가,154,공휴일,22:00,20.4
2023,1,하선,종로5가,154,공휴일,22:00,9.9
2023,1,상선,동대문,155,공휴일,22:00,20.8
2023,1,하선,동대문,155,공휴일,22:00,7.4
2023,1,상선,신설동,156,공휴일,22:00,25.1
2023,1,하선,신설동,156,공휴일,22:00,6.6
2023,1,상선,제기동,157,공휴일,22:00,20.4
2023,1,하선,제기동,157,공휴일,22:00,5.7
2023,1,상선,청량리,158,공휴일,22:00,19.6
2023,1,하선,청량리,158,공휴일,22:00,5.6
2023,1,상선,동묘앞,159,공휴일,22:00,17.7
2023,1,하선,동묘앞,159,공휴일,22:00,7.0
202403,1,상선,청량리,158,평일,22:00,27.2
202403,1,하선,청량리,158,평일,22:00,8.3
202403,1,상선,제기동,157,평일,22:00,29.9
202403,1,하선,제기동,157,평일,22:00,10.5
202403,1,상선,신설동,156,평일,22:00,31.3
202403,1,하선,신설동,156,평일,22:00,11.3
202403,1,상선,동묘앞,159,평일,22:00,24.4
202403,1,하선,동묘앞,159,평일,22:00,13.0
202403,1,상선,동대문,155,평일,22:00,31.2
202403,1,하선,동대문,155,평일,22:00,13.8
202403,1,상선,종로5가,154,평일,22:00,28.6
202403,1,하선,종로5가,154,평일,22:00,16.7
202403,1,상선,종로3가,153,평일,22:00,30.0
202403,1,하선,종로3가,153,평일,22:00,18.3
202403,1,상선,종각,152,평일,22:00,27.5
202403,1,하선,종각,152,평일,22:00,26.8
202403,1,상선,시청,151,평일,22:00,19.9
202403,1,하선,시청,151,평일,22:00,33.0
202403,1,상선,서울역,150,평일,22:00,15.5
202403,1,하선,서울역,150,평일,22:00,42.4
202403,1,상선,청량리,158,토요일,22:00,28.2
202403,1,하선,청량리,158,토요일,22:00,8.0
202403,1,상선,제기동,157,토요일,22:00,29.7
202403,1,하선,제기동,157,토요일,22:00,8.4
202403,1,상선,신설동,156,토요일,22:00,37.5
202403,1,하선,신설동,156,토요일,22:00,9.4
202403,1,상선,동묘앞,159,토요일,22:00,27.2
202403,1,하선,동묘앞,159,토요일,22:00,10.1
202403,1,상선,동대문,155,토요일,22:00,30.2
202403,1,하선,동대문,155,토요일,22:00,11.6
202403,1,상선,종로5가,154,토요일,22:00,29.5
202403,1,하선,종로5가,154,토요일,22:00,14.4
202403,1,상선,종로3가,153,토요일,22:00,27.8
202403,1,하선,종로3가,153,토요일,22:00,16.5
202403,1,상선,종각,152,토요일,22:00,24.7
202403,1,하선,종각,152,토요일,22:00,22.7
202403,1,상선,시청,151,토요일,22:00,20.2
202403,1,하선,시청,151,토요일,22:00,26.1
202403,1,상선,서울역,150,토요일,22:00,17.6
202403,1,하선,서울역,150,토요일,22:00,30.9
202403,1,상선,청량리,158,일요일,22:00,19.1
202403,1,하선,청량리,158,일요일,22:00,6.2
202403,1,상선,제기동,157,일요일,22:00,20.1
202403,1,하선,제기동,157,일요일,22:00,6.5
202403,1,상선,신설동,156,일요일,22:00,24.8
202403,1,하선,신설동,156,일요일,22:00,6.8
202403,1,상선,동묘앞,159,일요일,22:00,17.5
202403,1,하선,동묘앞,159,일요일,22:00,7.1
202403,1,상선,동대문,155,일요일,22:00,20.3
202403,1,하선,동대문,155,일요일,22:00,8.1
202403,1,상선,종로5가,154,일요일,22:00,19.8
202403,1,하선,종로5가,154,일요일,22:00,10.0
202403,1,상선,종로3가,153,일요일,22:00,19.3
202403,1,하선,종로3가,153,일요일,22:00,11.0
202403,1,상선,종각,152,일요일,22:00,17.9
202403,1,하선,종각,152,일요일,22:00,13.1
202403,1,상선,시청,151,일요일,22:00,16.1
202403,1,하선,시청,151,일요일,22:00,15.3
202403,1,상선,서울역,150,일요일,22:00,14.2
202403,1,하선,서울역,150,일요일,22:00,20.5
202406,1,상선,청량리,158,평일,22:00,22.3
202406,1,하선,청량리,158,평일,22:00,9.2
202406,1,상선,제기동,157,평일,22:00,25.2
202406,1,하선,제기동,157,평일,22:00,10.2
202406,1,상선,신설동,156,평일,22:00,26.3
202406,1,하선,신설동,156,평일,22:00,11.9
202406,1,상선,동묘앞,159,평일,22:00,29.2
202406,1,하선,동묘앞,159,평일,22:00,13.9
202406,1,상선,동대문,155,평일,22:00,32.8
202406,1,하선,동대문,155,평일,22:00,15.9
202406,1,상선,종로5가,154,평일,22:00,33.0
202406,1,하선,종로5가,154,평일,22:00,19.5
202406,1,상선,종로3가,153,평일,22:00,31.0
202406,1,하선,종로3가,153,평일,22:00,20.9
202406,1,상선,종각,152,평일,22:00,28.2
202406,1,하선,종각,152,평일,22:00,29.5
202406,1,상선,시청,151,평일,22:00,21.6
202406,1,하선,시청,151,평일,22:00,35.1
202406,1,상선,서울역,150,평일,22:00,17.5
202406,1,하선,서울역,150,평일,22:00,41.0
202406,1,상선,청량리,158,토요일,22:00,28.1
202406,1,하선,청량리,158,토요일,22:00,7.9
202406,1,상선,제기동,157,토요일,22:00,31.1
202406,1,하선,제기동,157,토요일,22:00,8.4
202406,1,상선,신설동,156,토요일,22:00,35.9
202406,1,하선,신설동,156,토요일,22:00,9.9
202406,1,상선,동묘앞,159,토요일,22:00,27.1
202406,1,하선,동묘앞,159,토요일,22:00,10.3
202406,1,상선,동대문,155,토요일,22:00,28.0
202406,1,하선,동대문,155,토요일,22:00,11.8
202406,1,상선,종로5가,154,토요일,22:00,30.5
202406,1,하선,종로5가,154,토요일,22:00,14.5
202406,1,상선,종로3가,153,토요일,22:00,29.2
202406,1,하선,종로3가,153,토요일,22:00,19.4
202406,1,상선,종각,152,토요일,22:00,22.7
202406,1,하선,종각,152,토요일,22:00,25.6
202406,1,상선,시청,151,토요일,22:00,18.5
202406,1,하선,시청,151,토요일,22:00,29.7
202406,1,상선,서울역,150,토요일,22:00,16.2
202406,1,하선,서울역,150,토요일,22:00,34.4
202406,1,상선,청량리,158,일요일,22:00,22.6
202406,1,하선,청량리,158,일요일,22:00,6.4
202406,1,상선,제기동,157,일요일,22:00,24.3
202406,1,하선,제기동,157,일요일,22:00,6.7
202406,1,상선,신설동,156,일요일,22:00,27.1
202406,1,하선,신설동,156,일요일,22:00,7.8
202406,1,상선,동묘앞,159,일요일,22:00,20.6
202406,1,하선,동묘앞,159,일요일,22:00,8.4
202406,1,상선,동대문,155,일요일,22:00,21.6
202406,1,하선,동대문,155,일요일,22:00,9.8
202406,1,상선,종로5가,154,일요일,22:00,22.3
202406,1,하선,종로5가,154,일요일,22:00,10.6
202406,1,상선,종로3가,153,일요일,22:00,22.1
202406,1,하선,종로3가,153,일요일,22:00,11.9
202406,1,상선,종각,152,일요일,22:00,18.4
202406,1,하선,종각,152,일요일,22:00,14.2
202406,1,상선,시청,151,일요일,22:00,16.4
202406,1,하선,시청,151,일요일,22:00,16.0
202406,1,상선,서울역,150,일요일,22:00,14.3
202406,1,하선,서울역,150,일요일,22:00,21.5
2020,1,상선,서울역,150,평일,22:30,15.2
2020,1,하선,서울역,150,평일,22:30,37.8
2020,1,상선,시청,151,평일,22:30,18.7
2020,1,하선,시청,151,평일,22:30,36.3
2020,1,상선,종각,152,평일,22:30,26.8
2020,1,하선,종각,152,평일,22:30,27.7
2020,1,상선,종로3가,153,평일,22:30,28.9
2020,1,하선,종로3가,153,평일,22:30,19.0
2020,1,상선,종로5가,154,평일,22:30,29.1
2020,1,하선,종로5가,154,평일,22:30,18.4
2020,1,상선,동대문,155,평일,22:30,33.4
2020,1,하선,동대문,155,평일,22:30,14.2
2020,1,상선,신설동,156,평일,22:30,31.2
2020,1,하선,신설동,156,평일,22:30,11.4
2020,1,상선,제기동,157,평일,22:30,32.5
2020,1,하선,제기동,157,평일,22:30,8.7
2020,1,상선,청량리,158,평일,22:30,26.4
2020,1,하선,청량리,158,평일,22:30,8.7
2020,1,상선,동묘앞,159,평일,22:30,29.4
2020,1,하선,동묘앞,159,평일,22:30,12.7
2020,1,상선,서울역,150,토요일,22:30,14.4
2020,1,하선,서울역,150,토요일,22:30,29.5
2020,1,상선,시청,151,토요일,22:30,18.0
2020,1,하선,시청,151,토요일,22:30,27.2
2020,1,상선,종각,152,토요일,22:30,23.8
2020,1,하선,종각,152,토요일,22:30,24.4
2020,1,상선,종로3가,153,토요일,22:30,25.3
2020,1,하선,종로3가,153,토요일,22:30,18.1
2020,1,상선,종로5가,154,토요일,22:30,28.7
2020,1,하선,종로5가,154,토요일,22:30,15.9
2020,1,상선,동대문,155,토요일,22:30,30.2
2020,1,하선,동대문,155,토요일,22:30,13.5
2020,1,상선,신설동,156,토요일,22:30,35.6
2020,1,하선,신설동,156,토요일,22:30,12.6
2020,1,상선,제기동,157,토요일,22:30,33.5
2020,1,하선,제기동,157,토요일,22:30,11.7
2020,1,상선,청량리,158,토요일,22:30,37.6
2020,1,하선,청량리,158,토요일,22:30,10.6
2020,1,상선,동묘앞,159,토요일,22:30,27.1
2020,1,하선,동묘앞,159,토요일,22:30,14.1
2020,1,상선,서울역,150,일요일,22:30,8.8
2020,1,하선,서울역,150,일요일,22:30,14.4
2020,1,상선,시청,151,일요일,22:30,11.6
2020,1,하선,시청,151,일요일,22:30,12.1
2020,1,상선,종각,152,일요일,22:30,13.7
2020,1,하선,종각,152,일요일,22:30,10.8
2020,1,상선,종로3가,153,일요일,22:30,15.1
2020,1,하선,종로3가,153,일요일,22:30,8.7
2020,1,상선,종로5가,154,일요일,22:30,16.7
2020,1,하선,종로5가,154,일요일,22:30,8.6
2020,1,상선,동대문,155,일요일,22:30,17.4
2020,1,하선,동대문,155,일요일,22:30,8.2
2020,1,상선,신설동,156,일요일,22:30,20.3
2020,1,하선,신설동,156,일요일,22:30,7.0
2020,1,상선,제기동,157,일요일,22:30,19.0
2020,1,하선,제기동,157,일요일,22:30,6.5
2020,1,상선,청량리,158,일요일,22:30,22.9
2020,1,하선,청량리,158,일요일,22:30,5.2
2020,1,상선,동묘앞,159,일요일,22:30,15.3
2020,1,하선,동묘앞,159,일요일,22:30,8.4
2021,1,상선,서울역,150,평일,22:30,7.5
2021,1,하선,서울역,150,평일,22:30,12.7
2021,1,상선,시청,151,평일,22:30,8.7
2021,1,하선,시청,151,평일,22:30,11.6
2021,1,상선,종각,152,평일,22:30,11.3
2021,1,하선,종각,152,평일,22:30,10.3
2021,1,상선,종로3가,153,평일,22:30,11.3
2021,1,하선,종로3가,153,평일,22:30,7.6
2021,1,상선,종로5가,154,평일,22:30,12.7
2021,1,하선,종로5가,154,평일,22:30,7.4
2021,1,상선,동대문,155,평일,22:30,12.7
2021,1,하선,동대문,155,평일,22:30,5.9
2021,1,상선,신설동,156,평일,22:30,15.8
2021,1,하선,신설동,156,평일,22:30,5.8
2021,1,상선,제기동,157,평일,22:30,14.8
2021,1,하선,제기동,157,평일,22:30,5.4
2021,1,상선,청량리,158,평일,22:30,13.4
2021,1,하선,청량리,158,평일,22:30,4.8
2021,1,상선,동묘앞,159,평일,22:30,15.5
2021,1,하선,동묘앞,159,평일,22:30,5.8
2021,1,상선,서울역,150,토요일,22:30,8.6
2021,1,하선,서울역,150,토요일,22:30,14.1
2021,1,상선,시청,151,토요일,22:30,10.4
2021,1,하선,시청,151,토요일,22:30,12.5
2021,1,상선,종각,152,토요일,22:30,12.7
2021,1,하선,종각,152,토요일,22:30,11.6
2021,1,상선,종로3가,153,토요일,22:30,13.0
2021,1,하선,종로3가,153,토요일,22:30,8.5
2021,1,상선,종로5가,154,토요일,22:30,13.3
2021,1,하선,종로5가,154,토요일,22:30,7.0
2021,1,상선,동대문,155,토요일,22:30,13.4
2021,1,하선,동대문,155,토요일,22:30,6.1
2021,1,상선,신설동,156,토요일,22:30,13.8
2021,1,하선,신설동,156,토요일,22:30,5.9
2021,1,상선,제기동,157,토요일,22:30,14.4
2021,1,하선,제기동,157,토요일,22:30,5.6
2021,1,상선,청량리,158,토요일,22:30,13.3
2021,1,하선,청량리,158,토요일,22:30,5.1
2021,1,상선,동묘앞,159,토요일,22:30,12.4
2021,1,하선,동묘앞,159,토요일,22:30,6.3
2021,1,상선,서울역,150,일요일,22:30,8.2
2021,1,하선,서울역,150,일요일,22:30,9.2
2021,1,상선,시청,151,일요일,22:30,9.3
2021,1,하선,시청,151,일요일,22:30,6.9
2021,1,상선,종각,152,일요일,22:30,10.1
2021,1,하선,종각,152,일요일,22:30,6.5
2021,1,상선,종로3가,153,일요일,22:30,10.5
2021,1,하선,종로3가,153,일요일,22:30,5.1
2021,1,상선,종로5가,154,일요일,22:30,10.7
2021,1,하선,종로5가,154,일요일,22:30,4.9
2021,1,상선,동대문,155,일요일,22:30,10.5
2021,1,하선,동대문,155,일요일,22:30,4.6
2021,1,상선,신설동,156,일요일,22:30,11.0
2021,1,하선,신설동,156,일요일,22:30,4.3
2021,1,상선,제기동,157,일요일,22:30,11.3
2021,1,하선,제기동,157,일요일,22:30,4.3
2021,1,상선,청량리,158,일요일,22:30,10.7
2021,1,하선,청량리,158,일요일,22:30,3.9
2021,1,상선,동묘앞,159,일요일,22:30,9.8
2021,1,하선,동묘앞,159,일요일,22:30,4.7
2022,1,상선,서울역,150,평일,22:30,16.4
2022,1,하선,서울역,150,평일,22:30,20.3
2022,1,상선,시청,151,평일,22:30,18.3
2022,1,하선,시청,151,평일,22:30,18.5
2022,1,상선,종각,152,평일,22:30,25.1
2022,1,하선,종각,152,평일,22:30,15.1
2022,1,상선,종로3가,153,평일,22:30,29.0
2022,1,하선,종로3가,153,평일,22:30,9.6
2022,1,상선,종로5가,154,평일,22:30,29.8
2022,1,하선,종로5가,154,평일,22:30,7.9
2022,1,상선,동대문,155,평일,22:30,23.6
2022,1,하선,동대문,155,평일,22:30,6.6
2022,1,상선,신설동,156,평일,22:30,26.6
2022,1,하선,신설동,156,평일,22:30,5.5
2022,1,상선,제기동,157,평일,22:30,24.6
2022,1,하선,제기동,157,평일,22:30,4.9
2022,1,상선,청량리,158,평일,22:30,22.0
2022,1,하선,청량리,158,평일,22:30,5.1
2022,1,상선,동묘앞,159,평일,22:30,27.6
2022,1,하선,동묘앞,159,평일,22:30,5.8
2022,1,상선,서울역,150,토요일,22:30,10.7
2022,1,하선,서울역,150,토요일,22:30,17.2
2022,1,상선,시청,151,토요일,22:30,12.1
2022,1,하선,시청,151,토요일,22:30,14.4
2022,1,상선,종각,152,토요일,22:30,15.1
2022,1,하선,종각,152,토요일,22:30,12.8
2022,1,상선,종로3가,153,토요일,22:30,16.6
2022,1,하선,종로3가,153,토요일,22:30,8.9
2022,1,상선,종로5가,154,토요일,22:30,16.8
2022,1,하선,종로5가,154,토요일,22:30,6.9
2022,1,상선,동대문,155,토요일,22:30,17.1
2022,1,하선,동대문,155,토요일,22:30,5.3
2022,1,상선,신설동,156,토요일,22:30,17.9
2022,1,하선,신설동,156,토요일,22:30,5.1
2022,1,상선,제기동,157,토요일,22:30,19.9
2022,1,하선,제기동,157,토요일,22:30,4.7
2022,1,상선,청량리,158,토요일,22:30,18.4
2022,1,하선,청량리,158,토요일,22:30,4.2
2022,1,상선,동묘앞,159,토요일,22:30,16.0
2022,1,하선,동묘앞,159,토요일,22:30,5.1
2022,1,상선,서울역,150,일요일,22:30,9.6
2022,1,하선,서울역,150,일요일,22:30,11.6
2022,1,상선,시청,151,일요일,22:30,10.2
2022,1,하선,시청,151,일요일,22:30,8.6
2022,1,상선,종각,152,일요일,22:30,11.7
2022,1,하선,종각,152,일요일,22:30,7.5
2022,1,상선,종로3가,153,일요일,22:30,12.8
2022,1,하선,종로3가,153,일요일,22:30,5.7
2022,1,상선,종로5가,154,일요일,22:30,13.3
2022,1,하선,종로5가,154,일요일,22:30,4.8
2022,1,상선,동대문,155,일요일,22:30,13.4
2022,1,하선,동대문,155,일요일,22:30,4.3
2022,1,상선,신설동,156,일요일,22:30,12.8
2022,1,하선,신설동,156,일요일,22:30,4.7
2022,1,상선,제기동,157,일요일,22:30,14.6
2022,1,하선,제기동,157,일요일,22:30,4.7
2022,1,상선,청량리,158,일요일,22:30,12.9
2022,1,하선,청량리,158,일요일,22:30,4.3
2022,1,상선,동묘앞,159,일요일,22:30,12.0
2022,1,하선,동묘앞,159,일요일,22:30,4.1
2023,1,상선,서울역,150,평일,22:30,17.2
2023,1,하선,서울역,150,평일,22:30,26.1
2023,1,상선,시청,151,평일,22:30,18.4
2023,1,하선,시청,151,평일,22:30,22.2
2023,1,상선,종각,152,평일,22:30,24.0
2023,1,하선,종각,152,평일,22:30,18.0
2023,1,상선,종로3가,153,평일,22:30,28.0
2023,1,하선,종로3가,153,평일,22:30,11.7
2023,1,상선,종로5가,154,평일,22:30,28.7
2023,1,하선,종로5가,154,평일,22:30,9.8
2023,1,상선,동대문,155,평일,22:30,26.8
2023,1,하선,동대문,155,평일,22:30,8.2
2023,1,상선,신설동,156,평일,22:30,28.6
2023,1,하선,신설동,156,평일,22:30,6.6
2023,1,상선,제기동,157,평일,22:30,26.8
2023,1,하선,제기동,157,평일,22:30,6.1
2023,1,상선,청량리,158,평일,22:30,24.9
2023,1,하선,청량리,158,평일,22:30,6.6
2023,1,상선,동묘앞,159,평일,22:30,30.2
2023,1,하선,동묘앞,159,평일,22:30,6.9
2023,1,상선,서울역,150,토요일,22:30,20.0
2023,1,하선,서울역,150,토요일,22:30,25.3
2023,1,상선,시청,151,토요일,22:30,20.4
2023,1,하선,시청,151,토요일,22:30,21.7
2023,1,상선,종각,152,토요일,22:30,25.4
2023,1,하선,종각,152,토요일,22:30,18.1
2023,1,상선,종로3가,153,토요일,22:30,26.5
2023,1,하선,종로3가,153,토요일,22:30,13.0
2023,1,상선,종로5가,154,토요일,22:30,25.8
2023,1,하선,종로5가,154,토요일,22:30,9.6
2023,1,상선,동대문,155,토요일,22:30,25.1
2023,1,하선,동대문,155,토요일,22:30,8.3
2023,1,상선,신설동,156,토요일,22:30,23.3
2023,1,하선,신설동,156,토요일,22:30,7.7
2023,1,상선,제기동,157,토요일,22:30,27.9
2023,1,하선,제기동,157,토요일,22:30,7.3
2023,1,상선,청량리,158,토요일,22:30,25.5
2023,1,하선,청량리,158,토요일,22:30,6.3
2023,1,상선,동묘앞,159,토요일,22:30,21.3
2023,1,하선,동묘앞,159,토요일,22:30,7.6
2023,1,상선,서울역,150,공휴일,22:30,12.5
2023,1,하선,서울역,150,공휴일,22:30,14.4
2023,1,상선,시청,151,공휴일,22:30,13.5
2023,1,하선,시청,151,공휴일,22:30,9.4
2023,1,상선,종각,152,공휴일,22:30,15.6
2023,1,하선,종각,152,공휴일,22:30,8.3
2023,1,상선,종로3가,153,공휴일,22:30,16.6
2023,1,하선,종로3가,153,공휴일,22:30,6.6
2023,1,상선,종로5가,154,공휴일,22:30,16.3
2023,1,하선,종로5가,154,공휴일,22:30,5.7
2023,1,상선,동대문,155,공휴일,22:30,17.4
2023,1,하선,동대문,155,공휴일,22:30,5.5
2023,1,상선,신설동,156,공휴일,22:30,15.5
2023,1,하선,신설동,156,공휴일,22:30,5.6
2023,1,상선,제기동,157,공휴일,22:30,19.2
2023,1,하선,제기동,157,공휴일,22:30,5.7
2023,1,상선,청량리,158,공휴일,22:30,17.9
2023,1,하선,청량리,158,공휴일,22:30,5.1
2023,1,상선,동묘앞,159,공휴일,22:30,14.4
2023,1,하선,동묘앞,159,공휴일,22:30,4.9
202403,1,상선,청량리,158,평일,22:30,27.6
202403,1,하선,청량리,158,평일,22:30,7.6
202403,1,상선,제기동,157,평일,22:30,30.0
202403,1,하선,제기동,157,평일,22:30,7.1
202403,1,상선,신설동,156,평일,22:30,31.9
202403,1,하선,신설동,156,평일,22:30,7.6
202403,1,상선,동묘앞,159,평일,22:30,34.1
202403,1,하선,동묘앞,159,평일,22:30,8.3
202403,1,상선,동대문,155,평일,22:30,29.9
202403,1,하선,동대문,155,평일,22:30,9.7
202403,1,상선,종로5가,154,평일,22:30,32.8
202403,1,하선,종로5가,154,평일,22:30,11.3
202403,1,상선,종로3가,153,평일,22:30,32.3
202403,1,하선,종로3가,153,평일,22:30,13.3
202403,1,상선,종각,152,평일,22:30,28.3
202403,1,하선,종각,152,평일,22:30,19.7
202403,1,상선,시청,151,평일,22:30,22.2
202403,1,하선,시청,151,평일,22:30,24.3
202403,1,상선,서울역,150,평일,22:30,18.7
202403,1,하선,서울역,150,평일,22:30,29.0
202403,1,상선,청량리,158,토요일,22:30,27.7
202403,1,하선,청량리,158,토요일,22:30,7.6
202403,1,상선,제기동,157,토요일,22:30,30.9
202403,1,하선,제기동,157,토요일,22:30,8.6
202403,1,상선,신설동,156,토요일,22:30,26.5
202403,1,하선,신설동,156,토요일,22:30,9.3
202403,1,상선,동묘앞,159,토요일,22:30,24.1
202403,1,하선,동묘앞,159,토요일,22:30,8.4
202403,1,상선,동대문,155,토요일,22:30,28.2
202403,1,하선,동대문,155,토요일,22:30,9.0
202403,1,상선,종로5가,154,토요일,22:30,26.7
202403,1,하선,종로5가,154,토요일,22:30,10.7
202403,1,상선,종로3가,153,토요일,22:30,27.5
202403,1,하선,종로3가,153,토요일,22:30,13.2
202403,1,상선,종각,152,토요일,22:30,24.5
202403,1,하선,종각,152,토요일,22:30,18.8
202403,1,상선,시청,151,토요일,22:30,20.2
202403,1,하선,시청,151,토요일,22:30,21.1
202403,1,상선,서울역,150,토요일,22:30,17.5
202403,1,하선,서울역,150,토요일,22:30,26.4
202403,1,상선,청량리,158,일요일,22:30,18.7
202403,1,하선,청량리,158,일요일,22:30,5.7
202403,1,상선,제기동,157,일요일,22:30,20.4
202403,1,하선,제기동,157,일요일,22:30,6.3
202403,1,상선,신설동,156,일요일,22:30,18.0
202403,1,하선,신설동,156,일요일,22:30,6.4
202403,1,상선,동묘앞,159,일요일,22:30,16.9
202403,1,하선,동묘앞,159,일요일,22:30,6.4
202403,1,상선,동대문,155,일요일,22:30,20.6
202403,1,하선,동대문,155,일요일,22:30,6.9
202403,1,상선,종로5가,154,일요일,22:30,18.7
202403,1,하선,종로5가,154,일요일,22:30,7.1
202403,1,상선,종로3가,153,일요일,22:30,19.3
202403,1,하선,종로3가,153,일요일,22:30,7.5
202403,1,상선,종각,152,일요일,22:30,17.5
202403,1,하선,종각,152,일요일,22:30,10.1
202403,1,상선,시청,151,일요일,22:30,15.4
202403,1,하선,시청,151,일요일,22:30,11.5
202403,1,상선,서울역,150,일요일,22:30,13.2
202403,1,하선,서울역,150,일요일,22:30,17.1
202406,1,상선,청량리,158,평일,22:30,23.3
202406,1,하선,청량리,158,평일,22:30,8.9
202406,1,상선,제기동,157,평일,22:30,26.4
202406,1,하선,제기동,157,평일,22:30,9.2
202406,1,상선,신설동,156,평일,22:30,27.8
202406,1,하선,신설동,156,평일,22:30,9.2
202406,1,상선,동묘앞,159,평일,22:30,25.5
202406,1,하선,동묘앞,159,평일,22:30,9.9
202406,1,상선,동대문,155,평일,22:30,28.0
202406,1,하선,동대문,155,평일,22:30,10.9
202406,1,상선,종로5가,154,평일,22:30,29.1
202406,1,하선,종로5가,154,평일,22:30,12.9
202406,1,상선,종로3가,153,평일,22:30,31.7
202406,1,하선,종로3가,153,평일,22:30,14.7
202406,1,상선,종각,152,평일,22:30,28.4
202406,1,하선,종각,152,평일,22:30,19.9
202406,1,상선,시청,151,평일,22:30,21.5
202406,1,하선,시청,151,평일,22:30,24.5
202406,1,상선,서울역,150,평일,22:30,18.8
202406,1,하선,서울역,150,평일,22:30,29.1
202406,1,상선,청량리,158,토요일,22:30,27.2
202406,1,하선,청량리,158,토요일,22:30,7.9
202406,1,상선,제기동,157,토요일,22:30,30.3
202406,1,하선,제기동,157,토요일,22:30,7.9
202406,1,상선,신설동,156,토요일,22:30,27.6
202406,1,하선,신설동,156,토요일,22:30,8.6
202406,1,상선,동묘앞,159,토요일,22:30,23.6
202406,1,하선,동묘앞,159,토요일,22:30,8.4
202406,1,상선,동대문,155,토요일,22:30,27.4
202406,1,하선,동대문,155,토요일,22:30,9.6
202406,1,상선,종로5가,154,토요일,22:30,26.0
202406,1,하선,종로5가,154,토요일,22:30,11.5
202406,1,상선,종로3가,153,토요일,22:30,25.3
202406,1,하선,종로3가,153,토요일,22:30,16.5
202406,1,상선,종각,152,토요일,22:30,22.8
202406,1,하선,종각,152,토요일,22:30,21.4
202406,1,상선,시청,151,토요일,22:30,19.0
202406,1,하선,시청,151,토요일,22:30,23.7
202406,1,상선,서울역,150,토요일,22:30,15.5
202406,1,하선,서울역,150,토요일,22:30,28.3
202406,1,상선,청량리,158,일요일,22:30,18.5
202406,1,하선,청량리,158,일요일,22:30,5.3
202406,1,상선,제기동,157,일요일,22:30,20.6
202406,1,하선,제기동,157,일요일,22:30,5.7
202406,1,상선,신설동,156,일요일,22:30,19.5
202406,1,하선,신설동,156,일요일,22:30,5.9
202406,1,상선,동묘앞,159,일요일,22:30,17.5
202406,1,하선,동묘앞,159,일요일,22:30,5.6
202406,1,상선,동대문,155,일요일,22:30,21.8
202406,1,하선,동대문,155,일요일,22:30,6.1
202406,1,상선,종로5가,154,일요일,22:30,20.8
202406,1,하선,종로5가,154,일요일,22:30,6.6
202406,1,상선,종로3가,153,일요일,22:30,20.9
202406,1,하선,종로3가,153,일요일,22:30,9.2
202406,1,상선,종각,152,일요일,22:30,18.7
202406,1,하선,종각,152,일요일,22:30,10.9
202406,1,상선,시청,151,일요일,22:30,17.4
202406,1,하선,시청,151,일요일,22:30,12.6
202406,1,상선,서울역,150,일요일,22:30,17.5
202406,1,하선,서울역,150,일요일,22:30,17.8
2020,1,상선,서울역,150,평일,23:00,10.5
2020,1,하선,서울역,150,평일,23:00,28.8
2020,1,상선,시청,151,평일,23:00,13.7
2020,1,하선,시청,151,평일,23:00,23.0
2020,1,상선,종각,152,평일,23:00,18.8
2020,1,하선,종각,152,평일,23:00,20.4
2020,1,상선,종로3가,153,평일,23:00,20.5
2020,1,하선,종로3가,153,평일,23:00,12.8
2020,1,상선,종로5가,154,평일,23:00,21.9
2020,1,하선,종로5가,154,평일,23:00,11.8
2020,1,상선,동대문,155,평일,23:00,22.2
2020,1,하선,동대문,155,평일,23:00,10.9
2020,1,상선,신설동,156,평일,23:00,20.6
2020,1,하선,신설동,156,평일,23:00,10.1
2020,1,상선,제기동,157,평일,23:00,19.6
2020,1,하선,제기동,157,평일,23:00,9.8
2020,1,상선,청량리,158,평일,23:00,23.8
2020,1,하선,청량리,158,평일,23:00,8.0
2020,1,상선,동묘앞,159,평일,23:00,22.1
2020,1,하선,동묘앞,159,평일,23:00,10.0
2020,1,상선,서울역,150,토요일,23:00,12.5
2020,1,하선,서울역,150,토요일,23:00,27.4
2020,1,상선,시청,151,토요일,23:00,15.2
2020,1,하선,시청,151,토요일,23:00,24.2
2020,1,상선,종각,152,토요일,23:00,19.3
2020,1,하선,종각,152,토요일,23:00,22.0
2020,1,상선,종로3가,153,토요일,23:00,19.9
2020,1,하선,종로3가,153,토요일,23:00,13.6
2020,1,상선,종로5가,154,토요일,23:00,20.3
2020,1,하선,종로5가,154,토요일,23:00,10.8
2020,1,상선,동대문,155,토요일,23:00,21.9
2020,1,하선,동대문,155,토요일,23:00,9.8
2020,1,상선,신설동,156,토요일,23:00,20.7
2020,1,하선,신설동,156,토요일,23:00,8.1
2020,1,상선,제기동,157,토요일,23:00,19.9
2020,1,하선,제기동,157,토요일,23:00,8.5
2020,1,상선,청량리,158,토요일,23:00,14.0
2020,1,하선,청량리,158,토요일,23:00,7.3
2020,1,상선,동묘앞,159,토요일,23:00,18.5
2020,1,하선,동묘앞,159,토요일,23:00,8.5
2020,1,상선,서울역,150,일요일,23:00,7.6
2020,1,하선,서울역,150,일요일,23:00,12.6
2020,1,상선,시청,151,일요일,23:00,8.6
2020,1,하선,시청,151,일요일,23:00,10.0
2020,1,상선,종각,152,일요일,23:00,9.7
2020,1,하선,종각,152,일요일,23:00,8.7
2020,1,상선,종로3가,153,일요일,23:00,10.3
2020,1,하선,종로3가,153,일요일,23:00,6.6
2020,1,상선,종로5가,154,일요일,23:00,10.1
2020,1,하선,종로5가,154,일요일,23:00,5.8
2020,1,상선,동대문,155,일요일,23:00,11.3
2020,1,하선,동대문,155,일요일,23:00,5.6
2020,1,상선,신설동,156,일요일,23:00,10.2
2020,1,하선,신설동,156,일요일,23:00,4.7
2020,1,상선,제기동,157,일요일,23:00,9.6
2020,1,하선,제기동,157,일요일,23:00,5.4
2020,1,상선,청량리,158,일요일,23:00,7.8
2020,1,하선,청량리,158,일요일,23:00,4.9
2020,1,상선,동묘앞,159,일요일,23:00,9.1
2020,1,하선,동묘앞,159,일요일,23:00,4.8
2021,1,상선,서울역,150,평일,23:00,6.9
2021,1,하선,서울역,150,평일,23:00,11.8
2021,1,상선,시청,151,평일,23:00,7.9
2021,1,하선,시청,151,평일,23:00,10.3
2021,1,상선,종각,152,평일,23:00,9.2
2021,1,하선,종각,152,평일,23:00,8.3
2021,1,상선,종로3가,153,평일,23:00,12.0
2021,1,하선,종로3가,153,평일,23:00,6.2
2021,1,상선,종로5가,154,평일,23:00,12.2
2021,1,하선,종로5가,154,평일,23:00,5.7
2021,1,상선,동대문,155,평일,23:00,11.9
2021,1,하선,동대문,155,평일,23:00,4.8
2021,1,상선,신설동,156,평일,23:00,9.7
2021,1,하선,신설동,156,평일,23:00,4.9
2021,1,상선,제기동,157,평일,23:00,9.9
2021,1,하선,제기동,157,평일,23:00,4.7
2021,1,상선,청량리,158,평일,23:00,8.9
2021,1,하선,청량리,158,평일,23:00,4.1
2021,1,상선,동묘앞,159,평일,23:00,10.8
2021,1,하선,동묘앞,159,평일,23:00,4.7
2021,1,상선,서울역,150,토요일,23:00,8.3
2021,1,하선,서울역,150,토요일,23:00,13.5
2021,1,상선,시청,151,토요일,23:00,8.8
2021,1,하선,시청,151,토요일,23:00,11.6
2021,1,상선,종각,152,토요일,23:00,11.4
2021,1,하선,종각,152,토요일,23:00,11.5
2021,1,상선,종로3가,153,토요일,23:00,14.3
2021,1,하선,종로3가,153,토요일,23:00,8.3
2021,1,상선,종로5가,154,토요일,23:00,15.0
2021,1,하선,종로5가,154,토요일,23:00,7.4
2021,1,상선,동대문,155,토요일,23:00,14.8
2021,1,하선,동대문,155,토요일,23:00,6.7
2021,1,상선,신설동,156,토요일,23:00,12.7
2021,1,하선,신설동,156,토요일,23:00,5.5
2021,1,상선,제기동,157,토요일,23:00,12.5
2021,1,하선,제기동,157,토요일,23:00,5.1
2021,1,상선,청량리,158,토요일,23:00,10.8
2021,1,하선,청량리,158,토요일,23:00,5.1
2021,1,상선,동묘앞,159,토요일,23:00,13.9
2021,1,하선,동묘앞,159,토요일,23:00,5.7
2021,1,상선,서울역,150,일요일,23:00,6.9
2021,1,하선,서울역,150,일요일,23:00,6.9
2021,1,상선,시청,151,일요일,23:00,7.2
2021,1,하선,시청,151,일요일,23:00,5.3
2021,1,상선,종각,152,일요일,23:00,8.4
2021,1,하선,종각,152,일요일,23:00,5.2
2021,1,상선,종로3가,153,일요일,23:00,10.3
2021,1,하선,종로3가,153,일요일,23:00,4.2
2021,1,상선,종로5가,154,일요일,23:00,10.0
2021,1,하선,종로5가,154,일요일,23:00,3.9
2021,1,상선,동대문,155,일요일,23:00,9.8
2021,1,하선,동대문,155,일요일,23:00,3.8
2021,1,상선,신설동,156,일요일,23:00,8.3
2021,1,하선,신설동,156,일요일,23:00,3.5
2021,1,상선,제기동,157,일요일,23:00,8.0
2021,1,하선,제기동,157,일요일,23:00,3.4
2021,1,상선,청량리,158,일요일,23:00,7.2
2021,1,하선,청량리,158,일요일,23:00,3.6
2021,1,상선,동묘앞,159,일요일,23:00,8.6
2021,1,하선,동묘앞,159,일요일,23:00,3.2
2022,1,상선,서울역,150,평일,23:00,7.8
2022,1,하선,서울역,150,평일,23:00,12.6
2022,1,상선,시청,151,평일,23:00,11.7
2022,1,하선,시청,151,평일,23:00,11.8
2022,1,상선,종각,152,평일,23:00,16.3
2022,1,하선,종각,152,평일,23:00,10.7
2022,1,상선,종로3가,153,평일,23:00,18.2
2022,1,하선,종로3가,153,평일,23:00,6.9
2022,1,상선,종로5가,154,평일,23:00,18.7
2022,1,하선,종로5가,154,평일,23:00,6.7
2022,1,상선,동대문,155,평일,23:00,19.0
2022,1,하선,동대문,155,평일,23:00,5.7
2022,1,상선,신설동,156,평일,23:00,22.7
2022,1,하선,신설동,156,평일,23:00,5.2
2022,1,상선,제기동,157,평일,23:00,21.4
2022,1,하선,제기동,157,평일,23:00,5.7
2022,1,상선,청량리,158,평일,23:00,19.3
2022,1,하선,청량리,158,평일,23:00,5.5
2022,1,상선,동묘앞,159,평일,23:00,21.9
2022,1,하선,동묘앞,159,평일,23:00,5.1
2022,1,상선,서울역,150,토요일,23:00,8.1
2022,1,하선,서울역,150,토요일,23:00,14.9
2022,1,상선,시청,151,토요일,23:00,8.4
2022,1,하선,시청,151,토요일,23:00,13.1
2022,1,상선,종각,152,토요일,23:00,13.0
2022,1,하선,종각,152,토요일,23:00,12.8
2022,1,상선,종로3가,153,토요일,23:00,14.4
2022,1,하선,종로3가,153,토요일,23:00,8.4
2022,1,상선,종로5가,154,토요일,23:00,14.9
2022,1,하선,종로5가,154,토요일,23:00,5.8
2022,1,상선,동대문,155,토요일,23:00,14.9
2022,1,하선,동대문,155,토요일,23:00,5.2
2022,1,상선,신설동,156,토요일,23:00,12.4
2022,1,하선,신설동,156,토요일,23:00,4.1
2022,1,상선,제기동,157,토요일,23:00,12.0
2022,1,하선,제기동,157,토요일,23:00,3.8
2022,1,상선,청량리,158,토요일,23:00,10.9
2022,1,하선,청량리,158,토요일,23:00,4.1
2022,1,상선,동묘앞,159,토요일,23:00,13.6
2022,1,하선,동묘앞,159,토요일,23:00,5.2
2022,1,상선,서울역,150,일요일,23:00,8.0
2022,1,하선,서울역,150,일요일,23:00,8.7
2022,1,상선,시청,151,일요일,23:00,7.9
2022,1,하선,시청,151,일요일,23:00,6.4
2022,1,상선,종각,152,일요일,23:00,9.5
2022,1,하선,종각,152,일요일,23:00,6.2
2022,1,상선,종로3가,153,일요일,23:00,10.4
2022,1,하선,종로3가,153,일요일,23:00,5.0
2022,1,상선,종로5가,154,일요일,23:00,10.5
2022,1,하선,종로5가,154,일요일,23:00,4.6
2022,1,상선,동대문,155,일요일,23:00,10.8
2022,1,하선,동대문,155,일요일,23:00,4.5
2022,1,상선,신설동,156,일요일,23:00,8.9
2022,1,하선,신설동,156,일요일,23:00,4.0
2022,1,상선,제기동,157,일요일,23:00,8.3
2022,1,하선,제기동,157,일요일,23:00,3.9
2022,1,상선,청량리,158,일요일,23:00,7.5
2022,1,하선,청량리,158,일요일,23:00,4.1
2022,1,상선,동묘앞,159,일요일,23:00,9.7
2022,1,하선,동묘앞,159,일요일,23:00,4.4
2023,1,상선,서울역,150,평일,23:00,10.4
2023,1,하선,서울역,150,평일,23:00,17.1
2023,1,상선,시청,151,평일,23:00,14.9
2023,1,하선,시청,151,평일,23:00,15.4
2023,1,상선,종각,152,평일,23:00,19.7
2023,1,하선,종각,152,평일,23:00,12.7
2023,1,상선,종로3가,153,평일,23:00,22.2
2023,1,하선,종로3가,153,평일,23:00,8.4
2023,1,상선,종로5가,154,평일,23:00,22.4
2023,1,하선,종로5가,154,평일,23:00,9.0
2023,1,상선,동대문,155,평일,23:00,21.8
2023,1,하선,동대문,155,평일,23:00,8.0
2023,1,상선,신설동,156,평일,23:00,20.2
2023,1,하선,신설동,156,평일,23:00,7.2
2023,1,상선,제기동,157,평일,23:00,19.2
2023,1,하선,제기동,157,평일,23:00,7.7
2023,1,상선,청량리,158,평일,23:00,18.5
2023,1,하선,청량리,158,평일,23:00,7.3
2023,1,상선,동묘앞,159,평일,23:00,20.8
2023,1,하선,동묘앞,159,평일,23:00,7.6
2023,1,상선,서울역,150,토요일,23:00,15.8
2023,1,하선,서울역,150,토요일,23:00,21.2
2023,1,상선,시청,151,토요일,23:00,16.4
2023,1,하선,시청,151,토요일,23:00,17.2
2023,1,상선,종각,152,토요일,23:00,21.5
2023,1,하선,종각,152,토요일,23:00,16.3
2023,1,상선,종로3가,153,토요일,23:00,23.5
2023,1,하선,종로3가,153,토요일,23:00,10.5
2023,1,상선,종로5가,154,토요일,23:00,23.0
2023,1,하선,종로5가,154,토요일,23:00,7.3
2023,1,상선,동대문,155,토요일,23:00,23.7
2023,1,하선,동대문,155,토요일,23:00,6.4
2023,1,상선,신설동,156,토요일,23:00,19.2
2023,1,하선,신설동,156,토요일,23:00,4.1
2023,1,상선,제기동,157,토요일,23:00,18.0
2023,1,하선,제기동,157,토요일,23:00,4.8
2023,1,상선,청량리,158,토요일,23:00,16.7
2023,1,하선,청량리,158,토요일,23:00,5.4
2023,1,상선,동묘앞,159,토요일,23:00,21.2
2023,1,하선,동묘앞,159,토요일,23:00,6.2
2023,1,상선,서울역,150,공휴일,23:00,10.1
2023,1,하선,서울역,150,공휴일,23:00,11.9
2023,1,상선,시청,151,공휴일,23:00,10.3
2023,1,하선,시청,151,공휴일,23:00,9.2
2023,1,상선,종각,152,공휴일,23:00,11.5
2023,1,하선,종각,152,공휴일,23:00,8.7
2023,1,상선,종로3가,153,공휴일,23:00,13.6
2023,1,하선,종로3가,153,공휴일,23:00,6.8
2023,1,상선,종로5가,154,공휴일,23:00,13.3
2023,1,하선,종로5가,154,공휴일,23:00,6.3
2023,1,상선,동대문,155,공휴일,23:00,13.3
2023,1,하선,동대문,155,공휴일,23:00,6.0
2023,1,상선,신설동,156,공휴일,23:00,9.7
2023,1,하선,신설동,156,공휴일,23:00,5.1
2023,1,상선,제기동,157,공휴일,23:00,9.3
2023,1,하선,제기동,157,공휴일,23:00,4.9
2023,1,상선,청량리,158,공휴일,23:00,8.9
2023,1,하선,청량리,158,공휴일,23:00,5.1
2023,1,상선,동묘앞,159,공휴일,23:00,11.3
2023,1,하선,동묘앞,159,공휴일,23:00,5.9
202403,1,상선,청량리,158,평일,23:00,19.6
202403,1,하선,청량리,158,평일,23:00,10.8
202403,1,상선,제기동,157,평일,23:00,20.6
202403,1,하선,제기동,157,평일,23:00,11.1
202403,1,상선,신설동,156,평일,23:00,21.6
202403,1,하선,신설동,156,평일,23:00,9.8
202403,1,상선,동묘앞,159,평일,23:00,22.5
202403,1,하선,동묘앞,159,평일,23:00,10.2
202403,1,상선,동대문,155,평일,23:00,24.4
202403,1,하선,동대문,155,평일,23:00,11.2
202403,1,상선,종로5가,154,평일,23:00,24.1
202403,1,하선,종로5가,154,평일,23:00,12.5
202403,1,상선,종로3가,153,평일,23:00,23.9
202403,1,하선,종로3가,153,평일,23:00,11.3
202403,1,상선,종각,152,평일,23:00,21.5
202403,1,하선,종각,152,평일,23:00,16.1
202403,1,상선,시청,151,평일,23:00,16.5
202403,1,하선,시청,151,평일,23:00,18.1
202403,1,상선,서울역,150,평일,23:00,12.4
202403,1,하선,서울역,150,평일,23:00,20.5
202403,1,상선,청량리,158,토요일,23:00,16.1
202403,1,하선,청량리,158,토요일,23:00,7.8
202403,1,상선,제기동,157,토요일,23:00,17.7
202403,1,하선,제기동,157,토요일,23:00,7.1
202403,1,상선,신설동,156,토요일,23:00,18.2
202403,1,하선,신설동,156,토요일,23:00,7.4
202403,1,상선,동묘앞,159,토요일,23:00,20.2
202403,1,하선,동묘앞,159,토요일,23:00,8.9
202403,1,상선,동대문,155,토요일,23:00,22.2
202403,1,하선,동대문,155,토요일,23:00,9.9
202403,1,상선,종로5가,154,토요일,23:00,21.8
202403,1,하선,종로5가,154,토요일,23:00,10.6
202403,1,상선,종로3가,153,토요일,23:00,22.9
202403,1,하선,종로3가,153,토요일,23:00,13.6
202403,1,상선,종각,152,토요일,23:00,20.5
202403,1,하선,종각,152,토요일,23:00,17.9
202403,1,상선,시청,151,토요일,23:00,15.9
202403,1,하선,시청,151,토요일,23:00,18.9
202403,1,상선,서울역,150,토요일,23:00,13.3
202403,1,하선,서울역,150,토요일,23:00,24.1
202403,1,상선,청량리,158,일요일,23:00,10.4
202403,1,하선,청량리,158,일요일,23:00,5.7
202403,1,상선,제기동,157,일요일,23:00,11.1
202403,1,하선,제기동,157,일요일,23:00,5.5
202403,1,상선,신설동,156,일요일,23:00,11.3
202403,1,하선,신설동,156,일요일,23:00,5.3
202403,1,상선,동묘앞,159,일요일,23:00,13.2
202403,1,하선,동묘앞,159,일요일,23:00,5.8
202403,1,상선,동대문,155,일요일,23:00,15.4
202403,1,하선,동대문,155,일요일,23:00,6.1
202403,1,상선,종로5가,154,일요일,23:00,14.5
202403,1,하선,종로5가,154,일요일,23:00,6.5
202403,1,상선,종로3가,153,일요일,23:00,15.5
202403,1,하선,종로3가,153,일요일,23:00,7.0
202403,1,상선,종각,152,일요일,23:00,14.5
202403,1,하선,종각,152,일요일,23:00,7.5
202403,1,상선,시청,151,일요일,23:00,13.6
202403,1,하선,시청,151,일요일,23:00,8.3
202403,1,상선,서울역,150,일요일,23:00,12.2
202403,1,하선,서울역,150,일요일,23:00,12.3
202406,1,상선,청량리,158,평일,23:00,23.6
202406,1,하선,청량리,158,평일,23:00,8.2
202406,1,상선,제기동,157,평일,23:00,26.2
202406,1,하선,제기동,157,평일,23:00,8.5
202406,1,상선,신설동,156,평일,23:00,26.1
202406,1,하선,신설동,156,평일,23:00,8.7
202406,1,상선,동묘앞,159,평일,23:00,28.5
202406,1,하선,동묘앞,159,평일,23:00,9.1
202406,1,상선,동대문,155,평일,23:00,32.2
202406,1,하선,동대문,155,평일,23:00,8.8
202406,1,상선,종로5가,154,평일,23:00,29.1
202406,1,하선,종로5가,154,평일,23:00,9.8
202406,1,상선,종로3가,153,평일,23:00,28.9
202406,1,하선,종로3가,153,평일,23:00,9.8
202406,1,상선,종각,152,평일,23:00,26.7
202406,1,하선,종각,152,평일,23:00,13.9
202406,1,상선,시청,151,평일,23:00,19.4
202406,1,하선,시청,151,평일,23:00,15.8
202406,1,상선,서울역,150,평일,23:00,15.2
202406,1,하선,서울역,150,평일,23:00,18.4
202406,1,상선,청량리,158,토요일,23:00,21.6
202406,1,하선,청량리,158,토요일,23:00,9.3
202406,1,상선,제기동,157,토요일,23:00,24.0
202406,1,하선,제기동,157,토요일,23:00,9.3
202406,1,상선,신설동,156,토요일,23:00,26.5
202406,1,하선,신설동,156,토요일,23:00,8.6
202406,1,상선,동묘앞,159,토요일,23:00,30.2
202406,1,하선,동묘앞,159,토요일,23:00,9.9
202406,1,상선,동대문,155,토요일,23:00,34.2
202406,1,하선,동대문,155,토요일,23:00,10.6
202406,1,상선,종로5가,154,토요일,23:00,36.3
202406,1,하선,종로5가,154,토요일,23:00,11.8
202406,1,상선,종로3가,153,토요일,23:00,35.8
202406,1,하선,종로3가,153,토요일,23:00,12.9
202406,1,상선,종각,152,토요일,23:00,30.5
202406,1,하선,종각,152,토요일,23:00,17.6
202406,1,상선,시청,151,토요일,23:00,24.5
202406,1,하선,시청,151,토요일,23:00,21.2
202406,1,상선,서울역,150,토요일,23:00,18.6
202406,1,하선,서울역,150,토요일,23:00,25.0
202406,1,상선,청량리,158,일요일,23:00,15.1
202406,1,하선,청량리,158,일요일,23:00,6.3
202406,1,상선,제기동,157,일요일,23:00,16.1
202406,1,하선,제기동,157,일요일,23:00,6.3
202406,1,상선,신설동,156,일요일,23:00,18.4
202406,1,하선,신설동,156,일요일,23:00,5.6
202406,1,상선,동묘앞,159,일요일,23:00,21.7
202406,1,하선,동묘앞,159,일요일,23:00,6.3
202406,1,상선,동대문,155,일요일,23:00,26.0
202406,1,하선,동대문,155,일요일,23:00,7.1
202406,1,상선,종로5가,154,일요일,23:00,27.6
202406,1,하선,종로5가,154,일요일,23:00,7.6
202406,1,상선,종로3가,153,일요일,23:00,27.9
202406,1,하선,종로3가,153,일요일,23:00,7.9
202406,1,상선,종각,152,일요일,23:00,22.5
202406,1,하선,종각,152,일요일,23:00,9.6
202406,1,상선,시청,151,일요일,23:00,20.5
202406,1,하선,시청,151,일요일,23:00,10.6
202406,1,상선,서울역,150,일요일,23:00,15.6
202406,1,하선,서울역,150,일요일,23:00,14.4
2020,1,상선,서울역,150,평일,23:30,7.8
2020,1,하선,서울역,150,평일,23:30,19.3
2020,1,상선,시청,151,평일,23:30,10.0
2020,1,하선,시청,151,평일,23:30,18.1
2020,1,상선,종각,152,평일,23:30,12.5
2020,1,하선,종각,152,평일,23:30,17.0
2020,1,상선,종로3가,153,평일,23:30,14.2
2020,1,하선,종로3가,153,평일,23:30,10.9
2020,1,상선,종로5가,154,평일,23:30,14.0
2020,1,하선,종로5가,154,평일,23:30,11.7
2020,1,상선,동대문,155,평일,23:30,15.3
2020,1,하선,동대문,155,평일,23:30,8.1
2020,1,상선,신설동,156,평일,23:30,13.0
2020,1,하선,신설동,156,평일,23:30,7.7
2020,1,상선,제기동,157,평일,23:30,12.2
2020,1,하선,제기동,157,평일,23:30,6.9
2020,1,상선,청량리,158,평일,23:30,10.2
2020,1,하선,청량리,158,평일,23:30,6.2
2020,1,상선,동묘앞,159,평일,23:30,14.3
2020,1,하선,동묘앞,159,평일,23:30,7.8
2020,1,상선,서울역,150,토요일,23:30,18.4
2020,1,하선,서울역,150,토요일,23:30,11.4
2020,1,상선,시청,151,토요일,23:30,18.3
2020,1,하선,시청,151,토요일,23:30,10.9
2020,1,상선,종각,152,토요일,23:30,23.7
2020,1,하선,종각,152,토요일,23:30,10.9
2020,1,상선,종로3가,153,토요일,23:30,24.9
2020,1,하선,종로3가,153,토요일,23:30,8.1
2020,1,상선,종로5가,154,토요일,23:30,23.6
2020,1,하선,종로5가,154,토요일,23:30,7.8
2020,1,상선,동대문,155,토요일,23:30,18.5
2020,1,하선,동대문,155,토요일,23:30,7.4
2020,1,상선,신설동,156,토요일,23:30,22.9
2020,1,하선,신설동,156,토요일,23:30,7.2
2020,1,상선,제기동,157,토요일,23:30,21.4
2020,1,하선,제기동,157,토요일,23:30,6.0
2020,1,상선,청량리,158,토요일,23:30,22.2
2020,1,하선,청량리,158,토요일,23:30,5.6
2020,1,상선,동묘앞,159,토요일,23:30,19.7
2020,1,하선,동묘앞,159,토요일,23:30,7.0
2020,1,상선,서울역,150,일요일,23:30,8.1
2020,1,하선,서울역,150,일요일,23:30,6.1
2020,1,상선,시청,151,일요일,23:30,8.5
2020,1,하선,시청,151,일요일,23:30,4.0
2020,1,상선,종각,152,일요일,23:30,9.7
2020,1,하선,종각,152,일요일,23:30,3.4
2020,1,상선,종로3가,153,일요일,23:30,10.3
2020,1,하선,종로3가,153,일요일,23:30,3.0
2020,1,상선,종로5가,154,일요일,23:30,10.6
2020,1,하선,종로5가,154,일요일,23:30,3.6
2020,1,상선,동대문,155,일요일,23:30,9.6
2020,1,하선,동대문,155,일요일,23:30,3.4
2020,1,상선,신설동,156,일요일,23:30,11.0
2020,1,하선,신설동,156,일요일,23:30,4.3
2020,1,상선,제기동,157,일요일,23:30,10.1
2020,1,하선,제기동,157,일요일,23:30,3.2
2020,1,상선,청량리,158,일요일,23:30,10.6
2020,1,하선,청량리,158,일요일,23:30,3.2
2020,1,상선,동묘앞,159,일요일,23:30,9.7
2020,1,하선,동묘앞,159,일요일,23:30,3.5
2021,1,상선,서울역,150,평일,23:30,3.6
2021,1,하선,서울역,150,평일,23:30,6.8
2021,1,상선,시청,151,평일,23:30,6.1
2021,1,하선,시청,151,평일,23:30,5.6
2021,1,상선,종각,152,평일,23:30,7.9
2021,1,하선,종각,152,평일,23:30,4.6
2021,1,상선,종로3가,153,평일,23:30,10.7
2021,1,하선,종로3가,153,평일,23:30,3.5
2021,1,상선,종로5가,154,평일,23:30,10.9
2021,1,하선,종로5가,154,평일,23:30,3.4
2021,1,상선,동대문,155,평일,23:30,10.6
2021,1,하선,동대문,155,평일,23:30,2.5
2021,1,상선,신설동,156,평일,23:30,9.1
2021,1,하선,신설동,156,평일,23:30,2.9
2021,1,상선,제기동,157,평일,23:30,8.7
2021,1,하선,제기동,157,평일,23:30,2.8
2021,1,상선,청량리,158,평일,23:30,7.4
2021,1,하선,청량리,158,평일,23:30,2.3
2021,1,상선,동묘앞,159,평일,23:30,9.7
2021,1,하선,동묘앞,159,평일,23:30,2.6
2021,1,상선,서울역,150,토요일,23:30,4.1
2021,1,하선,서울역,150,토요일,23:30,6.6
2021,1,상선,시청,151,토요일,23:30,8.4
2021,1,하선,시청,151,토요일,23:30,6.6
2021,1,상선,종각,152,토요일,23:30,11.8
2021,1,하선,종각,152,토요일,23:30,6.1
2021,1,상선,종로3가,153,토요일,23:30,12.6
2021,1,하선,종로3가,153,토요일,23:30,4.6
2021,1,상선,종로5가,154,토요일,23:30,12.5
2021,1,하선,종로5가,154,토요일,23:30,3.2
2021,1,상선,동대문,155,토요일,23:30,13.3
2021,1,하선,동대문,155,토요일,23:30,2.9
2021,1,상선,신설동,156,토요일,23:30,12.0
2021,1,하선,신설동,156,토요일,23:30,2.8
2021,1,상선,제기동,157,토요일,23:30,10.6
2021,1,하선,제기동,157,토요일,23:30,3.0
2021,1,상선,청량리,158,토요일,23:30,9.1
2021,1,하선,청량리,158,토요일,23:30,2.9
2021,1,상선,동묘앞,159,토요일,23:30,12.9
2021,1,하선,동묘앞,159,토요일,23:30,3.0
2021,1,상선,서울역,150,일요일,23:30,3.1
2021,1,하선,서울역,150,일요일,23:30,3.4
2021,1,상선,시청,151,일요일,23:30,5.9
2021,1,하선,시청,151,일요일,23:30,2.5
2021,1,상선,종각,152,일요일,23:30,7.9
2021,1,하선,종각,152,일요일,23:30,2.4
2021,1,상선,종로3가,153,일요일,23:30,8.4
2021,1,하선,종로3가,153,일요일,23:30,2.0
2021,1,상선,종로5가,154,일요일,23:30,8.8
2021,1,하선,종로5가,154,일요일,23:30,1.9
2021,1,상선,동대문,155,일요일,23:30,8.2
2021,1,하선,동대문,155,일요일,23:30,1.9
2021,1,상선,신설동,156,일요일,23:30,6.9
2021,1,하선,신설동,156,일요일,23:30,2.5
2021,1,상선,제기동,157,일요일,23:30,6.3
2021,1,하선,제기동,157,일요일,23:30,2.0
2021,1,상선,청량리,158,일요일,23:30,5.3
2021,1,하선,청량리,158,일요일,23:30,2.3
2021,1,상선,동묘앞,159,일요일,23:30,7.4
2021,1,하선,동묘앞,159,일요일,23:30,2.2
2022,1,상선,서울역,150,평일,23:30,6.1
2022,1,하선,서울역,150,평일,23:30,10.3
2022,1,상선,시청,151,평일,23:30,11.7
2022,1,하선,시청,151,평일,23:30,9.1
2022,1,상선,종각,152,평일,23:30,14.8
2022,1,하선,종각,152,평일,23:30,7.1
2022,1,상선,종로3가,153,평일,23:30,16.6
2022,1,하선,종로3가,153,평일,23:30,4.9
2022,1,상선,종로5가,154,평일,23:30,16.7
2022,1,하선,종로5가,154,평일,23:30,4.3
2022,1,상선,동대문,155,평일,23:30,16.7
2022,1,하선,동대문,155,평일,23:30,3.9
2022,1,상선,신설동,156,평일,23:30,13.5
2022,1,하선,신설동,156,평일,23:30,4.3
2022,1,상선,제기동,157,평일,23:30,12.7
2022,1,하선,제기동,157,평일,23:30,4.4
2022,1,상선,청량리,158,평일,23:30,11.1
2022,1,하선,청량리,158,평일,23:30,4.4
2022,1,상선,동묘앞,159,평일,23:30,15.4
2022,1,하선,동묘앞,159,평일,23:30,3.8
2022,1,상선,서울역,150,토요일,23:30,4.4
2022,1,하선,서울역,150,토요일,23:30,9.2
2022,1,상선,시청,151,토요일,23:30,13.4
2022,1,하선,시청,151,토요일,23:30,7.0
2022,1,상선,종각,152,토요일,23:30,14.7
2022,1,하선,종각,152,토요일,23:30,6.4
2022,1,상선,종로3가,153,토요일,23:30,16.0
2022,1,하선,종로3가,153,토요일,23:30,5.1
2022,1,상선,종로5가,154,토요일,23:30,15.6
2022,1,하선,종로5가,154,토요일,23:30,4.0
2022,1,상선,동대문,155,토요일,23:30,16.5
2022,1,하선,동대문,155,토요일,23:30,3.6
2022,1,상선,신설동,156,토요일,23:30,15.9
2022,1,하선,신설동,156,토요일,23:30,3.2
2022,1,상선,제기동,157,토요일,23:30,13.6
2022,1,하선,제기동,157,토요일,23:30,3.4
2022,1,상선,청량리,158,토요일,23:30,12.3
2022,1,하선,청량리,158,토요일,23:30,3.5
2022,1,상선,동묘앞,159,토요일,23:30,16.6
2022,1,하선,동묘앞,159,토요일,23:30,3.6
2022,1,상선,서울역,150,일요일,23:30,4.3
2022,1,하선,서울역,150,일요일,23:30,5.6
2022,1,상선,시청,151,일요일,23:30,10.3
2022,1,하선,시청,151,일요일,23:30,2.8
2022,1,상선,종각,152,일요일,23:30,10.4
2022,1,하선,종각,152,일요일,23:30,2.6
2022,1,상선,종로3가,153,일요일,23:30,11.1
2022,1,하선,종로3가,153,일요일,23:30,2.4
2022,1,상선,종로5가,154,일요일,23:30,10.5
2022,1,하선,종로5가,154,일요일,23:30,2.3
2022,1,상선,동대문,155,일요일,23:30,10.4
2022,1,하선,동대문,155,일요일,23:30,2.2
2022,1,상선,신설동,156,일요일,23:30,9.0
2022,1,하선,신설동,156,일요일,23:30,3.1
2022,1,상선,제기동,157,일요일,23:30,8.2
2022,1,하선,제기동,157,일요일,23:30,3.4
2022,1,상선,청량리,158,일요일,23:30,7.5
2022,1,하선,청량리,158,일요일,23:30,3.3
2022,1,상선,동묘앞,159,일요일,23:30,9.7
2022,1,하선,동묘앞,159,일요일,23:30,2.6
2023,1,상선,서울역,150,평일,23:30,8.8
2023,1,하선,서울역,150,평일,23:30,11.8
2023,1,상선,시청,151,평일,23:30,11.5
2023,1,하선,시청,151,평일,23:30,10.1
2023,1,상선,종각,152,평일,23:30,14.6
2023,1,하선,종각,152,평일,23:30,8.6
2023,1,상선,종로3가,153,평일,23:30,15.9
2023,1,하선,종로3가,153,평일,23:30,6.1
2023,1,상선,종로5가,154,평일,23:30,16.1
2023,1,하선,종로5가,154,평일,23:30,6.8
2023,1,상선,동대문,155,평일,23:30,17.6
2023,1,하선,동대문,155,평일,23:30,6.1
2023,1,상선,신설동,156,평일,23:30,14.0
2023,1,하선,신설동,156,평일,23:30,6.0
2023,1,상선,제기동,157,평일,23:30,13.2
2023,1,하선,제기동,157,평일,23:30,6.0
2023,1,상선,청량리,158,평일,23:30,13.2
2023,1,하선,청량리,158,평일,23:30,6.2
2023,1,상선,동묘앞,159,평일,23:30,15.3
2023,1,하선,동묘앞,159,평일,23:30,5.9
2023,1,상선,서울역,150,토요일,23:30,8.4
2023,1,하선,서울역,150,토요일,23:30,12.1
2023,1,상선,시청,151,토요일,23:30,19.8
2023,1,하선,시청,151,토요일,23:30,10.2
2023,1,상선,종각,152,토요일,23:30,21.6
2023,1,하선,종각,152,토요일,23:30,9.9
2023,1,상선,종로3가,153,토요일,23:30,23.8
2023,1,하선,종로3가,153,토요일,23:30,8.1
2023,1,상선,종로5가,154,토요일,23:30,23.9
2023,1,하선,종로5가,154,토요일,23:30,7.7
2023,1,상선,동대문,155,토요일,23:30,27.5
2023,1,하선,동대문,155,토요일,23:30,7.5
2023,1,상선,신설동,156,토요일,23:30,22.5
2023,1,하선,신설동,156,토요일,23:30,6.9
2023,1,상선,제기동,157,토요일,23:30,19.7
2023,1,하선,제기동,157,토요일,23:30,6.0
2023,1,상선,청량리,158,토요일,23:30,17.4
2023,1,하선,청량리,158,토요일,23:30,6.0
2023,1,상선,동묘앞,159,토요일,23:30,24.2
2023,1,하선,동묘앞,159,토요일,23:30,6.7
2023,1,상선,서울역,150,공휴일,23:30,6.7
2023,1,하선,서울역,150,공휴일,23:30,7.4
2023,1,상선,시청,151,공휴일,23:30,12.7
2023,1,하선,시청,151,공휴일,23:30,4.5
2023,1,상선,종각,152,공휴일,23:30,13.1
2023,1,하선,종각,152,공휴일,23:30,4.1
2023,1,상선,종로3가,153,공휴일,23:30,13.9
2023,1,하선,종로3가,153,공휴일,23:30,3.7
2023,1,상선,종로5가,154,공휴일,23:30,13.6
2023,1,하선,종로5가,154,공휴일,23:30,3.3
2023,1,상선,동대문,155,공휴일,23:30,14.0
2023,1,하선,동대문,155,공휴일,23:30,3.5
2023,1,상선,신설동,156,공휴일,23:30,10.9
2023,1,하선,신설동,156,공휴일,23:30,4.1
2023,1,상선,제기동,157,공휴일,23:30,10.0
2023,1,하선,제기동,157,공휴일,23:30,5.2
2023,1,상선,청량리,158,공휴일,23:30,9.2
2023,1,하선,청량리,158,공휴일,23:30,5.3
2023,1,상선,동묘앞,159,공휴일,23:30,12.2
2023,1,하선,동묘앞,159,공휴일,23:30,3.6
202403,1,상선,청량리,158,평일,23:30,14.3
202403,1,하선,청량리,158,평일,23:30,7.2
202403,1,상선,제기동,157,평일,23:30,14.5
202403,1,하선,제기동,157,평일,23:30,7.1
202403,1,상선,신설동,156,평일,23:30,15.3
202403,1,하선,신설동,156,평일,23:30,6.9
202403,1,상선,동묘앞,159,평일,23:30,16.6
202403,1,하선,동묘앞,159,평일,23:30,6.9
202403,1,상선,동대문,155,평일,23:30,18.6
202403,1,하선,동대문,155,평일,23:30,7.5
202403,1,상선,종로5가,154,평일,23:30,16.4
202403,1,하선,종로5가,154,평일,23:30,8.0
202403,1,상선,종로3가,153,평일,23:30,16.5
202403,1,하선,종로3가,153,평일,23:30,7.0
202403,1,상선,종각,152,평일,23:30,15.1
202403,1,하선,종각,152,평일,23:30,9.1
202403,1,상선,시청,151,평일,23:30,12.4
202403,1,하선,시청,151,평일,23:30,11.5
202403,1,상선,서울역,150,평일,23:30,9.0
202403,1,하선,서울역,150,평일,23:30,13.3
202403,1,상선,청량리,158,토요일,23:30,16.7
202403,1,하선,청량리,158,토요일,23:30,6.1
202403,1,상선,제기동,157,토요일,23:30,19.0
202403,1,하선,제기동,157,토요일,23:30,5.7
202403,1,상선,신설동,156,토요일,23:30,21.2
202403,1,하선,신설동,156,토요일,23:30,5.9
202403,1,상선,동묘앞,159,토요일,23:30,22.5
202403,1,하선,동묘앞,159,토요일,23:30,5.9
202403,1,상선,동대문,155,토요일,23:30,25.2
202403,1,하선,동대문,155,토요일,23:30,6.6
202403,1,상선,종로5가,154,토요일,23:30,22.4
202403,1,하선,종로5가,154,토요일,23:30,6.8
202403,1,상선,종로3가,153,토요일,23:30,21.5
202403,1,하선,종로3가,153,토요일,23:30,7.7
202403,1,상선,종각,152,토요일,23:30,19.9
202403,1,하선,종각,152,토요일,23:30,9.4
202403,1,상선,시청,151,토요일,23:30,18.4
202403,1,하선,시청,151,토요일,23:30,9.4
202403,1,상선,서울역,150,토요일,23:30,9.4
202403,1,하선,서울역,150,토요일,23:30,11.6
202403,1,상선,청량리,158,일요일,23:30,10.2
202403,1,하선,청량리,158,일요일,23:30,4.8
202403,1,상선,제기동,157,일요일,23:30,11.2
202403,1,하선,제기동,157,일요일,23:30,4.5
202403,1,상선,신설동,156,일요일,23:30,12.8
202403,1,하선,신설동,156,일요일,23:30,4.5
202403,1,상선,동묘앞,159,일요일,23:30,13.7
202403,1,하선,동묘앞,159,일요일,23:30,3.7
202403,1,상선,동대문,155,일요일,23:30,16.7
202403,1,하선,동대문,155,일요일,23:30,3.7
202403,1,상선,종로5가,154,일요일,23:30,15.6
202403,1,하선,종로5가,154,일요일,23:30,3.8
202403,1,상선,종로3가,153,일요일,23:30,15.0
202403,1,하선,종로3가,153,일요일,23:30,4.0
202403,1,상선,종각,152,일요일,23:30,13.5
202403,1,하선,종각,152,일요일,23:30,4.2
202403,1,상선,시청,151,일요일,23:30,13.1
202403,1,하선,시청,151,일요일,23:30,4.7
202403,1,상선,서울역,150,일요일,23:30,7.7
202403,1,하선,서울역,150,일요일,23:30,7.3
202406,1,상선,청량리,158,평일,23:30,16.1
202406,1,하선,청량리,158,평일,23:30,6.7
202406,1,상선,제기동,157,평일,23:30,18.7
202406,1,하선,제기동,157,평일,23:30,6.8
202406,1,상선,신설동,156,평일,23:30,18.9
202406,1,하선,신설동,156,평일,23:30,6.6
202406,1,상선,동묘앞,159,평일,23:30,15.7
202406,1,하선,동묘앞,159,평일,23:30,7.1
202406,1,상선,동대문,155,평일,23:30,20.4
202406,1,하선,동대문,155,평일,23:30,8.9
202406,1,상선,종로5가,154,평일,23:30,18.7
202406,1,하선,종로5가,154,평일,23:30,9.5
202406,1,상선,종로3가,153,평일,23:30,18.8
202406,1,하선,종로3가,153,평일,23:30,8.3
202406,1,상선,종각,152,평일,23:30,16.9
202406,1,하선,종각,152,평일,23:30,11.0
202406,1,상선,시청,151,평일,23:30,14.3
202406,1,하선,시청,151,평일,23:30,14.1
202406,1,상선,서울역,150,평일,23:30,13.0
202406,1,하선,서울역,150,평일,23:30,16.1
202406,1,상선,청량리,158,토요일,23:30,20.9
202406,1,하선,청량리,158,토요일,23:30,7.2
202406,1,상선,제기동,157,토요일,23:30,23.7
202406,1,하선,제기동,157,토요일,23:30,7.2
202406,1,상선,신설동,156,토요일,23:30,22.5
202406,1,하선,신설동,156,토요일,23:30,9.0
202406,1,상선,동묘앞,159,토요일,23:30,25.0
202406,1,하선,동묘앞,159,토요일,23:30,8.8
202406,1,상선,동대문,155,토요일,23:30,28.6
202406,1,하선,동대문,155,토요일,23:30,9.9
202406,1,상선,종로5가,154,토요일,23:30,26.8
202406,1,하선,종로5가,154,토요일,23:30,10.5
202406,1,상선,종로3가,153,토요일,23:30,26.8
202406,1,하선,종로3가,153,토요일,23:30,12.3
202406,1,상선,종각,152,토요일,23:30,20.6
202406,1,하선,종각,152,토요일,23:30,14.4
202406,1,상선,시청,151,토요일,23:30,18.5
202406,1,하선,시청,151,토요일,23:30,14.6
202406,1,상선,서울역,150,토요일,23:30,11.5
202406,1,하선,서울역,150,토요일,23:30,16.4
202406,1,상선,청량리,158,일요일,23:30,13.6
202406,1,하선,청량리,158,일요일,23:30,4.4
202406,1,상선,제기동,157,일요일,23:30,15.3
202406,1,하선,제기동,157,일요일,23:30,4.3
202406,1,상선,신설동,156,일요일,23:30,13.9
202406,1,하선,신설동,156,일요일,23:30,5.2
202406,1,상선,동묘앞,159,일요일,23:30,15.2
202406,1,하선,동묘앞,159,일요일,23:30,4.7
202406,1,상선,동대문,155,일요일,23:30,17.7
202406,1,하선,동대문,155,일요일,23:30,5.3
202406,1,상선,종로5가,154,일요일,23:30,17.2
202406,1,하선,종로5가,154,일요일,23:30,5.2
202406,1,상선,종로3가,153,일요일,23:30,17.7
202406,1,하선,종로3가,153,일요일,23:30,6.0
202406,1,상선,종각,152,일요일,23:30,14.4
202406,1,하선,종각,152,일요일,23:30,6.2
202406,1,상선,시청,151,일요일,23:30,14.1
202406,1,하선,시청,151,일요일,23:30,7.0
202406,1,상선,서울역,150,일요일,23:30,9.7
202406,1,하선,서울역,150,일요일,23:30,10.0
2020,1,상선,서울역,150,평일,24:00,6.0
2020,1,하선,서울역,150,평일,24:00,7.1
2020,1,상선,시청,151,평일,24:00,6.9
2020,1,하선,시청,151,평일,24:00,4.0
2020,1,상선,종각,152,평일,24:00,9.1
2020,1,하선,종각,152,평일,24:00,4.2
2020,1,상선,종로3가,153,평일,24:00,10.4
2020,1,하선,종로3가,153,평일,24:00,2.6
2020,1,상선,종로5가,154,평일,24:00,11.0
2020,1,하선,종로5가,154,평일,24:00,2.9
2020,1,상선,동대문,155,평일,24:00,12.4
2020,1,하선,동대문,155,평일,24:00,1.6
2020,1,상선,신설동,156,평일,24:00,9.3
2020,1,하선,신설동,156,평일,24:00,1.4
2020,1,상선,제기동,157,평일,24:00,10.4
2020,1,하선,제기동,157,평일,24:00,1.2
2020,1,상선,청량리,158,평일,24:00,8.0
2020,1,하선,청량리,158,평일,24:00,0.9
2020,1,상선,동묘앞,159,평일,24:00,11.9
2020,1,하선,동묘앞,159,평일,24:00,1.5
2020,1,상선,서울역,150,토요일,24:00,0.0
2020,1,하선,서울역,150,토요일,24:00,0.0
2020,1,상선,시청,151,토요일,24:00,0.0
2020,1,하선,시청,151,토요일,24:00,0.0
2020,1,상선,종각,152,토요일,24:00,0.0
2020,1,하선,종각,152,토요일,24:00,0.0
2020,1,상선,종로3가,153,토요일,24:00,0.0
2020,1,하선,종로3가,153,토요일,24:00,0.0
2020,1,상선,종로5가,154,토요일,24:00,0.0
2020,1,하선,종로5가,154,토요일,24:00,0.0
2020,1,상선,동대문,155,토요일,24:00,0.0
2020,1,하선,동대문,155,토요일,24:00,0.0
2020,1,상선,신설동,156,토요일,24:00,0.0
2020,1,하선,신설동,156,토요일,24:00,0.0
2020,1,상선,제기동,157,토요일,24:00,0.0
2020,1,하선,제기동,157,토요일,24:00,0.0
2020,1,상선,청량리,158,토요일,24:00,0.0
2020,1,하선,청량리,158,토요일,24:00,0.0
2020,1,상선,동묘앞,159,토요일,24:00,0.0
2020,1,하선,동묘앞,159,토요일,24:00,0.0
2020,1,상선,서울역,150,일요일,24:00,0.0
2020,1,하선,서울역,150,일요일,24:00,0.0
2020,1,상선,시청,151,일요일,24:00,0.0
2020,1,하선,시청,151,일요일,24:00,0.0
2020,1,상선,종각,152,일요일,24:00,0.0
2020,1,하선,종각,152,일요일,24:00,0.0
2020,1,상선,종로3가,153,일요일,24:00,0.0
2020,1,하선,종로3가,153,일요일,24:00,0.0
2020,1,상선,종로5가,154,일요일,24:00,0.0
2020,1,하선,종로5가,154,일요일,24:00,0.0
2020,1,상선,동대문,155,일요일,24:00,0.0
2020,1,하선,동대문,155,일요일,24:00,0.0
2020,1,상선,신설동,156,일요일,24:00,0.0
2020,1,하선,신설동,156,일요일,24:00,0.0
2020,1,상선,제기동,157,일요일,24:00,0.0
2020,1,하선,제기동,157,일요일,24:00,0.0
2020,1,상선,청량리,158,일요일,24:00,0.0
2020,1,하선,청량리,158,일요일,24:00,0.0
2020,1,상선,동묘앞,159,일요일,24:00,0.0
2020,1,하선,동묘앞,159,일요일,24:00,0.0
2021,1,상선,서울역,150,평일,24:00,0.0
2021,1,하선,서울역,150,평일,24:00,0.0
2021,1,상선,시청,151,평일,24:00,0.0
2021,1,하선,시청,151,평일,24:00,0.0
2021,1,상선,종각,152,평일,24:00,0.0
2021,1,하선,종각,152,평일,24:00,0.0
2021,1,상선,종로3가,153,평일,24:00,0.0
2021,1,하선,종로3가,153,평일,24:00,0.0
2021,1,상선,종로5가,154,평일,24:00,0.0
2021,1,하선,종로5가,154,평일,24:00,0.0
2021,1,상선,동대문,155,평일,24:00,0.0
2021,1,하선,동대문,155,평일,24:00,0.0
2021,1,상선,신설동,156,평일,24:00,0.0
2021,1,하선,신설동,156,평일,24:00,0.0
2021,1,상선,제기동,157,평일,24:00,0.0
2021,1,하선,제기동,157,평일,24:00,0.0
2021,1,상선,청량리,158,평일,24:00,0.0
2021,1,하선,청량리,158,평일,24:00,0.0
2021,1,상선,동묘앞,159,평일,24:00,0.0
2021,1,하선,동묘앞,159,평일,24:00,0.0
2021,1,상선,서울역,150,토요일,24:00,0.0
2021,1,하선,서울역,150,토요일,24:00,0.0
2021,1,상선,시청,151,토요일,24:00,0.0
2021,1,하선,시청,151,토요일,24:00,0.0
2021,1,상선,종각,152,토요일,24:00,0.0
2021,1,하선,종각,152,토요일,24:00,0.0
2021,1,상선,종로3가,153,토요일,24:00,0.0
2021,1,하선,종로3가,153,토요일,24:00,0.0
2021,1,상선,종로5가,154,토요일,24:00,0.0
2021,1,하선,종로5가,154,토요일,24:00,0.0
2021,1,상선,동대문,155,토요일,24:00,0.0
2021,1,하선,동대문,155,토요일,24:00,0.0
2021,1,상선,신설동,156,토요일,24:00,0.0
2021,1,하선,신설동,156,토요일,24:00,0.0
2021,1,상선,제기동,157,토요일,24:00,0.0
2021,1,하선,제기동,157,토요일,24:00,0.0
2021,1,상선,청량리,158,토요일,24:00,0.0
2021,1,하선,청량리,158,토요일,24:00,0.0
2021,1,상선,동묘앞,159,토요일,24:00,0.0
2021,1,하선,동묘앞,159,토요일,24:00,0.0
2021,1,상선,서울역,150,일요일,24:00,0.0
2021,1,하선,서울역,150,일요일,24:00,0.0
2021,1,상선,시청,151,일요일,24:00,0.0
2021,1,하선,시청,151,일요일,24:00,0.0
2021,1,상선,종각,152,일요일,24:00,0.0
2021,1,하선,종각,152,일요일,24:00,0.0
2021,1,상선,종로3가,153,일요일,24:00,0.0
2021,1,하선,종로3가,153,일요일,24:00,0.0
2021,1,상선,종로5가,154,일요일,24:00,0.0
2021,1,하선,종로5가,154,일요일,24:00,0.0
2021,1,상선,동대문,155,일요일,24:00,0.0
2021,1,하선,동대문,155,일요일,24:00,0.0
2021,1,상선,신설동,156,일요일,24:00,0.0
2021,1,하선,신설동,156,일요일,24:00,0.0
2021,1,상선,제기동,157,일요일,24:00,0.0
2021,1,하선,제기동,157,일요일,24:00,0.0
2021,1,상선,청량리,158,일요일,24:00,0.0
2021,1,하선,청량리,158,일요일,24:00,0.0
2021,1,상선,동묘앞,159,일요일,24:00,0.0
2021,1,하선,동묘앞,159,일요일,24:00,0.0
2022,1,상선,서울역,150,평일,24:00,0.0
2022,1,하선,서울역,150,평일,24:00,0.0
2022,1,상선,시청,151,평일,24:00,0.0
2022,1,하선,시청,151,평일,24:00,0.0
2022,1,상선,종각,152,평일,24:00,0.0
2022,1,하선,종각,152,평일,24:00,0.0
2022,1,상선,종로3가,153,평일,24:00,0.0
2022,1,하선,종로3가,153,평일,24:00,0.0
2022,1,상선,종로5가,154,평일,24:00,0.0
2022,1,하선,종로5가,154,평일,24:00,0.0
2022,1,상선,동대문,155,평일,24:00,0.0
2022,1,하선,동대문,155,평일,24:00,0.0
2022,1,상선,신설동,156,평일,24:00,0.0
2022,1,하선,신설동,156,평일,24:00,0.0
2022,1,상선,제기동,157,평일,24:00,0.0
2022,1,하선,제기동,157,평일,24:00,0.0
2022,1,상선,청량리,158,평일,24:00,0.0
2022,1,하선,청량리,158,평일,24:00,0.0
2022,1,상선,동묘앞,159,평일,24:00,0.0
2022,1,하선,동묘앞,159,평일,24:00,0.0
2022,1,상선,서울역,150,토요일,24:00,0.0
2022,1,하선,서울역,150,토요일,24:00,0.0
2022,1,상선,시청,151,토요일,24:00,0.0
2022,1,하선,시청,151,토요일,24:00,0.0
2022,1,상선,종각,152,토요일,24:00,0.0
2022,1,하선,종각,152,토요일,24:00,0.0
2022,1,상선,종로3가,153,토요일,24:00,0.0
2022,1,하선,종로3가,153,토요일,24:00,0.0
2022,1,상선,종로5가,154,토요일,24:00,0.0
2022,1,하선,종로5가,154,토요일,24:00,0.0
2022,1,상선,동대문,155,토요일,24:00,0.0
2022,1,하선,동대문,155,토요일,24:00,0.0
2022,1,상선,신설동,156,토요일,24:00,0.0
2022,1,하선,신설동,156,토요일,24:00,0.0
2022,1,상선,제기동,157,토요일,24:00,0.0
2022,1,하선,제기동,157,토요일,24:00,0.0
2022,1,상선,청량리,158,토요일,24:00,0.0
2022,1,하선,청량리,158,토요일,24:00,0.0
2022,1,상선,동묘앞,159,토요일,24:00,0.0
2022,1,하선,동묘앞,159,토요일,24:00,0.0
2022,1,상선,서울역,150,일요일,24:00,0.0
2022,1,하선,서울역,150,일요일,24:00,0.0
2022,1,상선,시청,151,일요일,24:00,0.0
2022,1,하선,시청,151,일요일,24:00,0.0
2022,1,상선,종각,152,일요일,24:00,0.0
2022,1,하선,종각,152,일요일,24:00,0.0
2022,1,상선,종로3가,153,일요일,24:00,0.0
2022,1,하선,종로3가,153,일요일,24:00,0.0
2022,1,상선,종로5가,154,일요일,24:00,0.0
2022,1,하선,종로5가,154,일요일,24:00,0.0
2022,1,상선,동대문,155,일요일,24:00,0.0
2022,1,하선,동대문,155,일요일,24:00,0.0
2022,1,상선,신설동,156,일요일,24:00,0.0
2022,1,하선,신설동,156,일요일,24:00,0.0
2022,1,상선,제기동,157,일요일,24:00,0.0
2022,1,하선,제기동,157,일요일,24:00,0.0
2022,1,상선,청량리,158,일요일,24:00,0.0
2022,1,하선,청량리,158,일요일,24:00,0.0
2022,1,상선,동묘앞,159,일요일,24:00,0.0
2022,1,하선,동묘앞,159,일요일,24:00,0.0
2023,1,상선,서울역,150,평일,24:00,0.0
2023,1,하선,서울역,150,평일,24:00,0.0
2023,1,상선,시청,151,평일,24:00,0.0
2023,1,하선,시청,151,평일,24:00,0.0
2023,1,상선,종각,152,평일,24:00,0.0
2023,1,하선,종각,152,평일,24:00,0.0
2023,1,상선,종로3가,153,평일,24:00,0.0
2023,1,하선,종로3가,153,평일,24:00,0.0
2023,1,상선,종로5가,154,평일,24:00,0.0
2023,1,하선,종로5가,154,평일,24:00,0.0
2023,1,상선,동대문,155,평일,24:00,0.0
2023,1,하선,동대문,155,평일,24:00,0.0
2023,1,상선,신설동,156,평일,24:00,0.0
2023,1,하선,신설동,156,평일,24:00,0.0
2023,1,상선,제기동,157,평일,24:00,0.0
2023,1,하선,제기동,157,평일,24:00,0.0
2023,1,상선,청량리,158,평일,24:00,0.0
2023,1,하선,청량리,158,평일,24:00,0.0
2023,1,상선,동묘앞,159,평일,24:00,0.0
2023,1,하선,동묘앞,159,평일,24:00,0.0
2023,1,상선,서울역,150,토요일,24:00,0.0
2023,1,하선,서울역,150,토요일,24:00,0.0
2023,1,상선,시청,151,토요일,24:00,0.0
2023,1,하선,시청,151,토요일,24:00,0.0
2023,1,상선,종각,152,토요일,24:00,0.0
2023,1,하선,종각,152,토요일,24:00,0.0
2023,1,상선,종로3가,153,토요일,24:00,0.0
2023,1,하선,종로3가,153,토요일,24:00,0.0
2023,1,상선,종로5가,154,토요일,24:00,0.0
2023,1,하선,종로5가,154,토요일,24:00,0.0
2023,1,상선,동대문,155,토요일,24:00,0.0
2023,1,하선,동대문,155,토요일,24:00,0.0
2023,1,상선,신설동,156,토요일,24:00,0.0
2023,1,하선,신설동,156,토요일,24:00,0.0
2023,1,상선,제기동,157,토요일,24:00,0.0
2023,1,하선,제기동,157,토요일,24:00,0.0
2023,1,상선,청량리,158,토요일,24:00,0.0
2023,1,하선,청량리,158,토요일,24:00,0.0
2023,1,상선,동묘앞,159,토요일,24:00,0.0
2023,1,하선,동묘앞,159,토요일,24:00,0.0
2023,1,상선,서울역,150,공휴일,24:00,0.0
2023,1,하선,서울역,150,공휴일,24:00,0.0
2023,1,상선,시청,151,공휴일,24:00,0.0
2023,1,하선,시청,151,공휴일,24:00,0.0
2023,1,상선,종각,152,공휴일,24:00,0.0
2023,1,하선,종각,152,공휴일,24:00,0.0
2023,1,상선,종로3가,153,공휴일,24:00,0.0
2023,1,하선,종로3가,153,공휴일,24:00,0.0
2023,1,상선,종로5가,154,공휴일,24:00,0.0
2023,1,하선,종로5가,154,공휴일,24:00,0.0
2023,1,상선,동대문,155,공휴일,24:00,0.0
2023,1,하선,동대문,155,공휴일,24:00,0.0
2023,1,상선,신설동,156,공휴일,24:00,0.0
2023,1,하선,신설동,156,공휴일,24:00,0.0
2023,1,상선,제기동,157,공휴일,24:00,0.0
2023,1,하선,제기동,157,공휴일,24:00,0.0
2023,1,상선,청량리,158,공휴일,24:00,0.0
2023,1,하선,청량리,158,공휴일,24:00,0.0
2023,1,상선,동묘앞,159,공휴일,24:00,0.0
2023,1,하선,동묘앞,159,공휴일,24:00,0.0
202403,1,상선,청량리,158,평일,24:00,0.0
202403,1,하선,청량리,158,평일,24:00,0.0
202403,1,상선,제기동,157,평일,24:00,0.0
202403,1,하선,제기동,157,평일,24:00,0.0
202403,1,상선,신설동,156,평일,24:00,0.0
202403,1,하선,신설동,156,평일,24:00,0.0
202403,1,상선,동묘앞,159,평일,24:00,0.0
202403,1,하선,동묘앞,159,평일,24:00,0.0
202403,1,상선,동대문,155,평일,24:00,0.0
202403,1,하선,동대문,155,평일,24:00,0.0
202403,1,상선,종로5가,154,평일,24:00,0.0
202403,1,하선,종로5가,154,평일,24:00,0.0
202403,1,상선,종로3가,153,평일,24:00,0.0
202403,1,하선,종로3가,153,평일,24:00,0.0
202403,1,상선,종각,152,평일,24:00,0.0
202403,1,하선,종각,152,평일,24:00,0.0
202403,1,상선,시청,151,평일,24:00,0.0
202403,1,하선,시청,151,평일,24:00,0.0
202403,1,상선,서울역,150,평일,24:00,0.0
202403,1,하선,서울역,150,평일,24:00,0.0
202403,1,상선,청량리,158,토요일,24:00,0.0
202403,1,하선,청량리,158,토요일,24:00,0.0
202403,1,상선,제기동,157,토요일,24:00,0.0
202403,1,하선,제기동,157,토요일,24:00,0.0
202403,1,상선,신설동,156,토요일,24:00,0.0
202403,1,하선,신설동,156,토요일,24:00,0.0
202403,1,상선,동묘앞,159,토요일,24:00,0.0
202403,1,하선,동묘앞,159,토요일,24:00,0.0
202403,1,상선,동대문,155,토요일,24:00,0.0
202403,1,하선,동대문,155,토요일,24:00,0.0
202403,1,상선,종로5가,154,토요일,24:00,0.0
202403,1,하선,종로5가,154,토요일,24:00,0.0
202403,1,상선,종로3가,153,토요일,24:00,0.0
202403,1,하선,종로3가,153,토요일,24:00,0.0
202403,1,상선,종각,152,토요일,24:00,0.0
202403,1,하선,종각,152,토요일,24:00,0.0
202403,1,상선,시청,151,토요일,24:00,0.0
202403,1,하선,시청,151,토요일,24:00,0.0
202403,1,상선,서울역,150,토요일,24:00,0.0
202403,1,하선,서울역,150,토요일,24:00,0.0
202403,1,상선,청량리,158,일요일,24:00,0.0
202403,1,하선,청량리,158,일요일,24:00,0.0
202403,1,상선,제기동,157,일요일,24:00,0.0
202403,1,하선,제기동,157,일요일,24:00,0.0
202403,1,상선,신설동,156,일요일,24:00,0.0
202403,1,하선,신설동,156,일요일,24:00,0.0
202403,1,상선,동묘앞,159,일요일,24:00,0.0
202403,1,하선,동묘앞,159,일요일,24:00,0.0
202403,1,상선,동대문,155,일요일,24:00,0.0
202403,1,하선,동대문,155,일요일,24:00,0.0
202403,1,상선,종로5가,154,일요일,24:00,0.0
202403,1,하선,종로5가,154,일요일,24:00,0.0
202403,1,상선,종로3가,153,일요일,24:00,0.0
202403,1,하선,종로3가,153,일요일,24:00,0.0
202403,1,상선,종각,152,일요일,24:00,0.0
202403,1,하선,종각,152,일요일,24:00,0.0
202403,1,상선,시청,151,일요일,24:00,0.0
202403,1,하선,시청,151,일요일,24:00,0.0
202403,1,상선,서울역,150,일요일,24:00,0.0
202403,1,하선,서울역,150,일요일,24:00,0.0
202406,1,상선,청량리,158,평일,24:00,0.0
202406,1,하선,청량리,158,평일,24:00,0.0
202406,1,상선,제기동,157,평일,24:00,0.0
202406,1,하선,제기동,157,평일,24:00,0.0
202406,1,상선,신설동,156,평일,24:00,0.0
202406,1,하선,신설동,156,평일,24:00,0.0
202406,1,상선,동묘앞,159,평일,24:00,0.0
202406,1,하선,동묘앞,159,평일,24:00,0.0
202406,1,상선,동대문,155,평일,24:00,0.0
202406,1,하선,동대문,155,평일,24:00,0.0
202406,1,상선,종로5가,154,평일,24:00,0.0
202406,1,하선,종로5가,154,평일,24:00,0.0
202406,1,상선,종로3가,153,평일,24:00,0.0
202406,1,하선,종로3가,153,평일,24:00,0.0
202406,1,상선,종각,152,평일,24:00,0.0
202406,1,하선,종각,152,평일,24:00,0.0
202406,1,상선,시청,151,평일,24:00,0.0
202406,1,하선,시청,151,평일,24:00,0.0
202406,1,상선,서울역,150,평일,24:00,0.0
202406,1,하선,서울역,150,평일,24:00,0.0
202406,1,상선,청량리,158,토요일,24:00,0.0
202406,1,하선,청량리,158,토요일,24:00,0.0
202406,1,상선,제기동,157,토요일,24:00,0.0
202406,1,하선,제기동,157,토요일,24:00,0.0
202406,1,상선,신설동,156,토요일,24:00,0.0
202406,1,하선,신설동,156,토요일,24:00,0.0
202406,1,상선,동묘앞,159,토요일,24:00,0.0
202406,1,하선,동묘앞,159,토요일,24:00,0.0
202406,1,상선,동대문,155,토요일,24:00,0.0
202406,1,하선,동대문,155,토요일,24:00,0.0
202406,1,상선,종로5가,154,토요일,24:00,0.0
202406,1,하선,종로5가,154,토요일,24:00,0.0
202406,1,상선,종로3가,153,토요일,24:00,0.0
202406,1,하선,종로3가,153,토요일,24:00,0.0
202406,1,상선,종각,152,토요일,24:00,0.0
202406,1,하선,종각,152,토요일,24:00,0.0
202406,1,상선,시청,151,토요일,24:00,0.0
202406,1,하선,시청,151,토요일,24:00,0.0
202406,1,상선,서울역,150,토요일,24:00,0.0
202406,1,하선,서울역,150,토요일,24:00,0.0
202406,1,상선,청량리,158,일요일,24:00,0.0
202406,1,하선,청량리,158,일요일,24:00,0.0
202406,1,상선,제기동,157,일요일,24:00,0.0
202406,1,하선,제기동,157,일요일,24:00,0.0
202406,1,상선,신설동,156,일요일,24:00,0.0
202406,1,하선,신설동,156,일요일,24:00,0.0
202406,1,상선,동묘앞,159,일요일,24:00,0.0
202406,1,하선,동묘앞,159,일요일,24:00,0.0
202406,1,상선,동대문,155,일요일,24:00,0.0
202406,1,하선,동대문,155,일요일,24:00,0.0
202406,1,상선,종로5가,154,일요일,24:00,0.0
202406,1,하선,종로5가,154,일요일,24:00,0.0
202406,1,상선,종로3가,153,일요일,24:00,0.0
202406,1,하선,종로3가,153,일요일,24:00,0.0
202406,1,상선,종각,152,일요일,24:00,0.0
202406,1,하선,종각,152,일요일,24:00,0.0
202406,1,상선,시청,151,일요일,24:00,0.0
202406,1,하선,시청,151,일요일,24:00,0.0
202406,1,상선,서울역,150,일요일,24:00,0.0
202406,1,하선,서울역,150,일요일,24:00,0.0
2020,1,상선,서울역,150,평일,24:30,0.9
2020,1,하선,서울역,150,평일,24:30,0.4
2020,1,상선,시청,151,평일,24:30,1.0
2020,1,하선,시청,151,평일,24:30,1.6
2020,1,상선,종각,152,평일,24:30,1.2
2020,1,하선,종각,152,평일,24:30,1.8
2020,1,상선,종로3가,153,평일,24:30,1.2
2020,1,하선,종로3가,153,평일,24:30,1.3
2020,1,상선,종로5가,154,평일,24:30,1.1
2020,1,하선,종로5가,154,평일,24:30,1.7
2020,1,상선,동대문,155,평일,24:30,1.3
2020,1,하선,동대문,155,평일,24:30,0.7
2020,1,상선,신설동,156,평일,24:30,8.0
2020,1,하선,신설동,156,평일,24:30,0.4
2020,1,상선,제기동,157,평일,24:30,7.0
2020,1,하선,제기동,157,평일,24:30,0.3
2020,1,상선,청량리,158,평일,24:30,0.9
2020,1,하선,청량리,158,평일,24:30,0.1
2020,1,상선,동묘앞,159,평일,24:30,0.2
2020,1,하선,동묘앞,159,평일,24:30,0.8
2020,1,상선,서울역,150,토요일,24:30,0.0
2020,1,하선,서울역,150,토요일,24:30,0.0
2020,1,상선,시청,151,토요일,24:30,0.0
2020,1,하선,시청,151,토요일,24:30,0.0
2020,1,상선,종각,152,토요일,24:30,0.0
2020,1,하선,종각,152,토요일,24:30,0.0
2020,1,상선,종로3가,153,토요일,24:30,0.0
2020,1,하선,종로3가,153,토요일,24:30,0.0
2020,1,상선,종로5가,154,토요일,24:30,0.0
2020,1,하선,종로5가,154,토요일,24:30,0.0
2020,1,상선,동대문,155,토요일,24:30,0.0
2020,1,하선,동대문,155,토요일,24:30,0.0
2020,1,상선,신설동,156,토요일,24:30,0.0
2020,1,하선,신설동,156,토요일,24:30,0.0
2020,1,상선,제기동,157,토요일,24:30,0.0
2020,1,하선,제기동,157,토요일,24:30,0.0
2020,1,상선,청량리,158,토요일,24:30,0.0
2020,1,하선,청량리,158,토요일,24:30,0.0
2020,1,상선,동묘앞,159,토요일,24:30,0.0
2020,1,하선,동묘앞,159,토요일,24:30,0.0
2020,1,상선,서울역,150,일요일,24:30,0.0
2020,1,하선,서울역,150,일요일,24:30,0.0
2020,1,상선,시청,151,일요일,24:30,0.0
2020,1,하선,시청,151,일요일,24:30,0.0
2020,1,상선,종각,152,일요일,24:30,0.0
2020,1,하선,종각,152,일요일,24:30,0.0
2020,1,상선,종로3가,153,일요일,24:30,0.0
2020,1,하선,종로3가,153,일요일,24:30,0.0
2020,1,상선,종로5가,154,일요일,24:30,0.0
2020,1,하선,종로5가,154,일요일,24:30,0.0
2020,1,상선,동대문,155,일요일,24:30,0.0
2020,1,하선,동대문,155,일요일,24:30,0.0
2020,1,상선,신설동,156,일요일,24:30,0.0
2020,1,하선,신설동,156,일요일,24:30,0.0
2020,1,상선,제기동,157,일요일,24:30,0.0
2020,1,하선,제기동,157,일요일,24:30,0.0
2020,1,상선,청량리,158,일요일,24:30,0.0
2020,1,하선,청량리,158,일요일,24:30,0.0
2020,1,상선,동묘앞,159,일요일,24:30,0.0
2020,1,하선,동묘앞,159,일요일,24:30,0.0
2021,1,상선,서울역,150,평일,24:30,0.0
2021,1,하선,서울역,150,평일,24:30,0.0
2021,1,상선,시청,151,평일,24:30,0.0
2021,1,하선,시청,151,평일,24:30,0.0
2021,1,상선,종각,152,평일,24:30,0.0
2021,1,하선,종각,152,평일,24:30,0.0
2021,1,상선,종로3가,153,평일,24:30,0.0
2021,1,하선,종로3가,153,평일,24:30,0.0
2021,1,상선,종로5가,154,평일,24:30,0.0
2021,1,하선,종로5가,154,평일,24:30,0.0
2021,1,상선,동대문,155,평일,24:30,0.0
2021,1,하선,동대문,155,평일,24:30,0.0
2021,1,상선,신설동,156,평일,24:30,0.0
2021,1,하선,신설동,156,평일,24:30,0.0
2021,1,상선,제기동,157,평일,24:30,0.0
2021,1,하선,제기동,157,평일,24:30,0.0
2021,1,상선,청량리,158,평일,24:30,0.0
2021,1,하선,청량리,158,평일,24:30,0.0
2021,1,상선,동묘앞,159,평일,24:30,0.0
2021,1,하선,동묘앞,159,평일,24:30,0.0
2021,1,상선,서울역,150,토요일,24:30,0.0
2021,1,하선,서울역,150,토요일,24:30,0.0
2021,1,상선,시청,151,토요일,24:30,0.0
2021,1,하선,시청,151,토요일,24:30,0.0
2021,1,상선,종각,152,토요일,24:30,0.0
2021,1,하선,종각,152,토요일,24:30,0.0
2021,1,상선,종로3가,153,토요일,24:30,0.0
2021,1,하선,종로3가,153,토요일,24:30,0.0
2021,1,상선,종로5가,154,토요일,24:30,0.0
2021,1,하선,종로5가,154,토요일,24:30,0.0
2021,1,상선,동대문,155,토요일,24:30,0.0
2021,1,하선,동대문,155,토요일,24:30,0.0
2021,1,상선,신설동,156,토요일,24:30,0.0
2021,1,하선,신설동,156,토요일,24:30,0.0
2021,1,상선,제기동,157,토요일,24:30,0.0
2021,1,하선,제기동,157,토요일,24:30,0.0
2021,1,상선,청량리,158,토요일,24:30,0.0
2021,1,하선,청량리,158,토요일,24:30,0.0
2021,1,상선,동묘앞,159,토요일,24:30,0.0
2021,1,하선,동묘앞,159,토요일,24:30,0.0
2021,1,상선,서울역,150,일요일,24:30,0.0
2021,1,하선,서울역,150,일요일,24:30,0.0
2021,1,상선,시청,151,일요일,24:30,0.0
2021,1,하선,시청,151,일요일,24:30,0.0
2021,1,상선,종각,152,일요일,24:30,0.0
2021,1,하선,종각,152,일요일,24:30,0.0
2021,1,상선,종로3가,153,일요일,24:30,0.0
2021,1,하선,종로3가,153,일요일,24:30,0.0
2021,1,상선,종로5가,154,일요일,24:30,0.0
2021,1,하선,종로5가,154,일요일,24:30,0.0
2021,1,상선,동대문,155,일요일,24:30,0.0
2021,1,하선,동대문,155,일요일,24:30,0.0
2021,1,상선,신설동,156,일요일,24:30,0.0
2021,1,하선,신설동,156,일요일,24:30,0.0
2021,1,상선,제기동,157,일요일,24:30,0.0
2021,1,하선,제기동,157,일요일,24:30,0.0
2021,1,상선,청량리,158,일요일,24:30,0.0
2021,1,하선,청량리,158,일요일,24:30,0.0
2021,1,상선,동묘앞,159,일요일,24:30,0.0
2021,1,하선,동묘앞,159,일요일,24:30,0.0
2022,1,상선,서울역,150,평일,24:30,0.0
2022,1,하선,서울역,150,평일,24:30,0.0
2022,1,상선,시청,151,평일,24:30,0.0
2022,1,하선,시청,151,평일,24:30,0.0
2022,1,상선,종각,152,평일,24:30,0.0
2022,1,하선,종각,152,평일,24:30,0.0
2022,1,상선,종로3가,153,평일,24:30,0.0
2022,1,하선,종로3가,153,평일,24:30,0.0
2022,1,상선,종로5가,154,평일,24:30,0.0
2022,1,하선,종로5가,154,평일,24:30,0.0
2022,1,상선,동대문,155,평일,24:30,0.0
2022,1,하선,동대문,155,평일,24:30,0.0
2022,1,상선,신설동,156,평일,24:30,0.0
2022,1,하선,신설동,156,평일,24:30,0.0
2022,1,상선,제기동,157,평일,24:30,0.0
2022,1,하선,제기동,157,평일,24:30,0.0
2022,1,상선,청량리,158,평일,24:30,0.0
2022,1,하선,청량리,158,평일,24:30,0.0
2022,1,상선,동묘앞,159,평일,24:30,0.0
2022,1,하선,동묘앞,159,평일,24:30,0.0
2022,1,상선,서울역,150,토요일,24:30,0.0
2022,1,하선,서울역,150,토요일,24:30,0.0
2022,1,상선,시청,151,토요일,24:30,0.0
2022,1,하선,시청,151,토요일,24:30,0.0
2022,1,상선,종각,152,토요일,24:30,0.0
2022,1,하선,종각,152,토요일,24:30,0.0
2022,1,상선,종로3가,153,토요일,24:30,0.0
2022,1,하선,종로3가,153,토요일,24:30,0.0
2022,1,상선,종로5가,154,토요일,24:30,0.0
2022,1,하선,종로5가,154,토요일,24:30,0.0
2022,1,상선,동대문,155,토요일,24:30,0.0
2022,1,하선,동대문,155,토요일,24:30,0.0
2022,1,상선,신설동,156,토요일,24:30,0.0
2022,1,하선,신설동,156,토요일,24:30,0.0
2022,1,상선,제기동,157,토요일,24:30,0.0
2022,1,하선,제기동,157,토요일,24:30,0.0
2022,1,상선,청량리,158,토요일,24:30,0.0
2022,1,하선,청량리,158,토요일,24:30,0.0
2022,1,상선,동묘앞,159,토요일,24:30,0.0
2022,1,하선,동묘앞,159,토요일,24:30,0.0
2022,1,상선,서울역,150,일요일,24:30,0.0
2022,1,하선,서울역,150,일요일,24:30,0.0
2022,1,상선,시청,151,일요일,24:30,0.0
2022,1,하선,시청,151,일요일,24:30,0.0
2022,1,상선,종각,152,일요일,24:30,0.0
2022,1,하선,종각,152,일요일,24:30,0.0
2022,1,상선,종로3가,153,일요일,24:30,0.0
2022,1,하선,종로3가,153,일요일,24:30,0.0
2022,1,상선,종로5가,154,일요일,24:30,0.0
2022,1,하선,종로5가,154,일요일,24:30,0.0
2022,1,상선,동대문,155,일요일,24:30,0.0
2022,1,하선,동대문,155,일요일,24:30,0.0
2022,1,상선,신설동,156,일요일,24:30,0.0
2022,1,하선,신설동,156,일요일,24:30,0.0
2022,1,상선,제기동,157,일요일,24:30,0.0
2022,1,하선,제기동,157,일요일,24:30,0.0
2022,1,상선,청량리,158,일요일,24:30,0.0
2022,1,하선,청량리,158,일요일,24:30,0.0
2022,1,상선,동묘앞,159,일요일,24:30,0.0
2022,1,하선,동묘앞,159,일요일,24:30,0.0
2023,1,상선,서울역,150,평일,24:30,0.0
2023,1,하선,서울역,150,평일,24:30,0.0
2023,1,상선,시청,151,평일,24:30,0.0
2023,1,하선,시청,151,평일,24:30,0.0
2023,1,상선,종각,152,평일,24:30,0.0
2023,1,하선,종각,152,평일,24:30,0.0
2023,1,상선,종로3가,153,평일,24:30,0.0
2023,1,하선,종로3가,153,평일,24:30,0.0
2023,1,상선,종로5가,154,평일,24:30,0.0
2023,1,하선,종로5가,154,평일,24:30,0.0
2023,1,상선,동대문,155,평일,24:30,0.0
2023,1,하선,동대문,155,평일,24:30,0.0
2023,1,상선,신설동,156,평일,24:30,0.0
2023,1,하선,신설동,156,평일,24:30,0.0
2023,1,상선,제기동,157,평일,24:30,0.0
2023,1,하선,제기동,157,평일,24:30,0.0
2023,1,상선,청량리,158,평일,24:30,0.0
2023,1,하선,청량리,158,평일,24:30,0.0
2023,1,상선,동묘앞,159,평일,24:30,0.0
2023,1,하선,동묘앞,159,평일,24:30,0.0
2023,1,상선,서울역,150,토요일,24:30,0.0
2023,1,하선,서울역,150,토요일,24:30,0.0
2023,1,상선,시청,151,토요일,24:30,0.0
2023,1,하선,시청,151,토요일,24:30,0.0
2023,1,상선,종각,152,토요일,24:30,0.0
2023,1,하선,종각,152,토요일,24:30,0.0
2023,1,상선,종로3가,153,토요일,24:30,0.0
2023,1,하선,종로3가,153,토요일,24:30,0.0
2023,1,상선,종로5가,154,토요일,24:30,0.0
2023,1,하선,종로5가,154,토요일,24:30,0.0
2023,1,상선,동대문,155,토요일,24:30,0.0
2023,1,하선,동대문,155,토요일,24:30,0.0
2023,1,상선,신설동,156,토요일,24:30,0.0
2023,1,하선,신설동,156,토요일,24:30,0.0
2023,1,상선,제기동,157,토요일,24:30,0.0
2023,1,하선,제기동,157,토요일,24:30,0.0
2023,1,상선,청량리,158,토요일,24:30,0.0
2023,1,하선,청량리,158,토요일,24:30,0.0
2023,1,상선,동묘앞,159,토요일,24:30,0.0
2023,1,하선,동묘앞,159,토요일,24:30,0.0
2023,1,상선,서울역,150,공휴일,24:30,0.0
2023,1,하선,서울역,150,공휴일,24:30,0.0
2023,1,상선,시청,151,공휴일,24:30,0.0
2023,1,하선,시청,151,공휴일,24:30,0.0
2023,1,상선,종각,152,공휴일,24:30,0.0
2023,1,하선,종각,152,공휴일,24:30,0.0
2023,1,상선,종로3가,153,공휴일,24:30,0.0
2023,1,하선,종로3가,153,공휴일,24:30,0.0
2023,1,상선,종로5가,154,공휴일,24:30,0.0
2023,1,하선,종로5가,154,공휴일,24:30,0.0
2023,1,상선,동대문,155,공휴일,24:30,0.0
2023,1,하선,동대문,155,공휴일,24:30,0.0
2023,1,상선,신설동,156,공휴일,24:30,0.0
2023,1,하선,신설동,156,공휴일,24:30,0.0
2023,1,상선,제기동,157,공휴일,24:30,0.0
2023,1,하선,제기동,157,공휴일,24:30,0.0
2023,1,상선,청량리,158,공휴일,24:30,0.0
2023,1,하선,청량리,158,공휴일,24:30,0.0
2023,1,상선,동묘앞,159,공휴일,24:30,0.0
2023,1,하선,동묘앞,159,공휴일,24:30,0.0
202403,1,상선,청량리,158,평일,24:30,0.0
202403,1,하선,청량리,158,평일,24:30,0.0
202403,1,상선,제기동,157,평일,24:30,0.0
202403,1,하선,제기동,157,평일,24:30,0.0
202403,1,상선,신설동,156,평일,24:30,0.0
202403,1,하선,신설동,156,평일,24:30,0.0
202403,1,상선,동묘앞,159,평일,24:30,0.0
202403,1,하선,동묘앞,159,평일,24:30,0.0
202403,1,상선,동대문,155,평일,24:30,0.0
202403,1,하선,동대문,155,평일,24:30,0.0
202403,1,상선,종로5가,154,평일,24:30,0.0
202403,1,하선,종로5가,154,평일,24:30,0.0
202403,1,상선,종로3가,153,평일,24:30,0.0
202403,1,하선,종로3가,153,평일,24:30,0.0
202403,1,상선,종각,152,평일,24:30,0.0
202403,1,하선,종각,152,평일,24:30,0.0
202403,1,상선,시청,151,평일,24:30,0.0
202403,1,하선,시청,151,평일,24:30,0.0
202403,1,상선,서울역,150,평일,24:30,0.0
202403,1,하선,서울역,150,평일,24:30,0.0
202403,1,상선,청량리,158,토요일,24:30,0.0
202403,1,하선,청량리,158,토요일,24:30,0.0
202403,1,상선,제기동,157,토요일,24:30,0.0
202403,1,하선,제기동,157,토요일,24:30,0.0
202403,1,상선,신설동,156,토요일,24:30,0.0
202403,1,하선,신설동,156,토요일,24:30,0.0
202403,1,상선,동묘앞,159,토요일,24:30,0.0
202403,1,하선,동묘앞,159,토요일,24:30,0.0
202403,1,상선,동대문,155,토요일,24:30,0.0
202403,1,하선,동대문,155,토요일,24:30,0.0
202403,1,상선,종로5가,154,토요일,24:30,0.0
202403,1,하선,종로5가,154,토요일,24:30,0.0
202403,1,상선,종로3가,153,토요일,24:30,0.0
202403,1,하선,종로3가,153,토요일,24:30,0.0
202403,1,상선,종각,152,토요일,24:30,0.0
202403,1,하선,종각,152,토요일,24:30,0.0
202403,1,상선,시청,151,토요일,24:30,0.0
202403,1,하선,시청,151,토요일,24:30,0.0
202403,1,상선,서울역,150,토요일,24:30,0.0
202403,1,하선,서울역,150,토요일,24:30,0.0
202403,1,상선,청량리,158,일요일,24:30,0.0
202403,1,하선,청량리,158,일요일,24:30,0.0
202403,1,상선,제기동,157,일요일,24:30,0.0
202403,1,하선,제기동,157,일요일,24:30,0.0
202403,1,상선,신설동,156,일요일,24:30,0.0
202403,1,하선,신설동,156,일요일,24:30,0.0
202403,1,상선,동묘앞,159,일요일,24:30,0.0
202403,1,하선,동묘앞,159,일요일,24:30,0.0
202403,1,상선,동대문,155,일요일,24:30,0.0
202403,1,하선,동대문,155,일요일,24:30,0.0
202403,1,상선,종로5가,154,일요일,24:30,0.0
202403,1,하선,종로5가,154,일요일,24:30,0.0
202403,1,상선,종로3가,153,일요일,24:30,0.0
202403,1,하선,종로3가,153,일요일,24:30,0.0
202403,1,상선,종각,152,일요일,24:30,0.0
202403,1,하선,종각,152,일요일,24:30,0.0
202403,1,상선,시청,151,일요일,24:30,0.0
202403,1,하선,시청,151,일요일,24:30,0.0
202403,1,상선,서울역,150,일요일,24:30,0.0
202403,1,하선,서울역,150,일요일,24:30,0.0
202406,1,상선,청량리,158,평일,24:30,0.0
202406,1,하선,청량리,158,평일,24:30,0.0
202406,1,상선,제기동,157,평일,24:30,0.0
202406,1,하선,제기동,157,평일,24:30,0.0
202406,1,상선,신설동,156,평일,24:30,0.0
202406,1,하선,신설동,156,평일,24:30,0.0
202406,1,상선,동묘앞,159,평일,24:30,0.0
202406,1,하선,동묘앞,159,평일,24:30,0.0
202406,1,상선,동대문,155,평일,24:30,0.0
202406,1,하선,동대문,155,평일,24:30,0.0
202406,1,상선,종로5가,154,평일,24:30,0.0
202406,1,하선,종로5가,154,평일,24:30,0.0
202406,1,상선,종로3가,153,평일,24:30,0.0
202406,1,하선,종로3가,153,평일,24:30,0.0
202406,1,상선,종각,152,평일,24:30,0.0
202406,1,하선,종각,152,평일,24:30,0.0
202406,1,상선,시청,151,평일,24:30,0.0
202406,1,하선,시청,151,평일,24:30,0.0
202406,1,상선,서울역,150,평일,24:30,0.0
202406,1,하선,서울역,150,평일,24:30,0.0
202406,1,상선,청량리,158,토요일,24:30,0.0
202406,1,하선,청량리,158,토요일,24:30,0.0
202406,1,상선,제기동,157,토요일,24:30,0.0
202406,1,하선,제기동,157,토요일,24:30,0.0
202406,1,상선,신설동,156,토요일,24:30,0.0
202406,1,하선,신설동,156,토요일,24:30,0.0
202406,1,상선,동묘앞,159,토요일,24:30,0.0
202406,1,하선,동묘앞,159,토요일,24:30,0.0
202406,1,상선,동대문,155,토요일,24:30,0.0
202406,1,하선,동대문,155,토요일,24:30,0.0
202406,1,상선,종로5가,154,토요일,24:30,0.0
202406,1,하선,종로5가,154,토요일,24:30,0.0
202406,1,상선,종로3가,153,토요일,24:30,0.0
202406,1,하선,종로3가,153,토요일,24:30,0.0
202406,1,상선,종각,152,토요일,24:30,0.0
202406,1,하선,종각,152,토요일,24:30,0.0
202406,1,상선,시청,151,토요일,24:30,0.0
202406,1,하선,시청,151,토요일,24:30,0.0
202406,1,상선,서울역,150,토요일,24:30,0.0
202406,1,하선,서울역,150,토요일,24:30,0.0
202406,1,상선,청량리,158,일요일,24:30,0.0
202406,1,하선,청량리,158,일요일,24:30,0.0
202406,1,상선,제기동,157,일요일,24:30,0.0
202406,1,하선,제기동,157,일요일,24:30,0.0
202406,1,상선,신설동,156,일요일,24:30,0.0
202406,1,하선,신설동,156,일요일,24:30,0.0
202406,1,상선,동묘앞,159,일요일,24:30,0.0
202406,1,하선,동묘앞,159,일요일,24:30,0.0
202406,1,상선,동대문,155,일요일,24:30,0.0
202406,1,하선,동대문,155,일요일,24:30,0.0
202406,1,상선,종로5가,154,일요일,24:30,0.0
202406,1,하선,종로5가,154,일요일,24:30,0.0
202406,1,상선,종로3가,153,일요일,24:30,0.0
202406,1,하선,종로3가,153,일요일,24:30,0.0
202406,1,상선,종각,152,일요일,24:30,0.0
202406,1,하선,종각,152,일요일,24:30,0.0
202406,1,상선,시청,151,일요일,24:30,0.0
202406,1,하선,시청,151,일요일,24:30,0.0
202406,1,상선,서울역,150,일요일,24:30,0.0
202406,1,하선,서울역,150,일요일,24:30,0.0
