year,line,direction,station_name,station_id,day_type,time,congestion
2020,8,상선,암사,2811,평일,5:30,0.0
2020,8,하선,암사,2811,평일,5:30,14.8
2020,8,상선,천호,2812,평일,5:30,2.3
2020,8,하선,천호,2812,평일,5:30,24.0
2020,8,상선,강동구청,2813,평일,5:30,7.1
2020,8,하선,강동구청,2813,평일,5:30,28.1
2020,8,상선,몽촌토성,2814,평일,5:30,6.4
2020,8,하선,몽촌토성,2814,평일,5:30,28.6
2020,8,상선,잠실,2815,평일,5:30,6.6
2020,8,하선,잠실,2815,평일,5:30,22.4
2020,8,상선,석촌,2816,평일,5:30,18.2
2020,8,하선,석촌,2816,평일,5:30,25.3
2020,8,상선,송파,2817,평일,5:30,20.6
2020,8,하선,송파,2817,평일,5:30,26.4
2020,8,상선,가락시장,2818,평일,5:30,19.1
2020,8,하선,가락시장,2818,평일,5:30,21.3
2020,8,상선,문정,2819,평일,5:30,32.9
2020,8,하선,문정,2819,평일,5:30,18.8
2020,8,상선,장지,2820,평일,5:30,32.8
2020,8,하선,장지,2820,평일,5:30,15.3
2020,8,상선,복정,2821,평일,5:30,28.3
2020,8,하선,복정,2821,평일,5:30,6.8
2020,8,상선,산성,2822,평일,5:30,23.3
2020,8,하선,산성,2822,평일,5:30,8.2
2020,8,상선,남한산성입구,2823,평일,5:30,18.8
2020,8,하선,남한산성입구,2823,평일,5:30,11.1
2020,8,상선,단대오거리,2824,평일,5:30,11.9
2020,8,하선,단대오거리,2824,평일,5:30,11.9
2020,8,상선,신흥,2825,평일,5:30,6.4
2020,8,하선,신흥,2825,평일,5:30,12.5
2020,8,상선,수진,2826,평일,5:30,4.4
2020,8,하선,수진,2826,평일,5:30,16.2
2020,8,상선,모란,2827,평일,5:30,2.0
2020,8,하선,모란,2827,평일,5:30,0.0
2020,8,상선,암사,2811,토요일,5:30,0.0
2020,8,하선,암사,2811,토요일,5:30,10.0
2020,8,상선,천호,2812,토요일,5:30,2.0
2020,8,하선,천호,2812,토요일,5:30,17.4
2020,8,상선,강동구청,2813,토요일,5:30,5.2
2020,8,하선,강동구청,2813,토요일,5:30,19.6
2020,8,상선,몽촌토성,2814,토요일,5:30,5.3
2020,8,하선,몽촌토성,2814,토요일,5:30,20.1
2020,8,상선,잠실,2815,토요일,5:30,5.2
2020,8,하선,잠실,2815,토요일,5:30,17.6
2020,8,상선,석촌,2816,토요일,5:30,12.8
2020,8,하선,석촌,2816,토요일,5:30,20.7
2020,8,상선,송파,2817,토요일,5:30,15.1
2020,8,하선,송파,2817,토요일,5:30,21.6
2020,8,상선,가락시장,2818,토요일,5:30,14.3
2020,8,하선,가락시장,2818,토요일,5:30,17.5
2020,8,상선,문정,2819,토요일,5:30,25.3
2020,8,하선,문정,2819,토요일,5:30,16.1
2020,8,상선,장지,2820,토요일,5:30,24.5
2020,8,하선,장지,2820,토요일,5:30,13.5
2020,8,상선,복정,2821,토요일,5:30,21.6
2020,8,하선,복정,2821,토요일,5:30,5.6
2020,8,상선,산성,2822,토요일,5:30,17.3
2020,8,하선,산성,2822,토요일,5:30,6.6
2020,8,상선,남한산성입구,2823,토요일,5:30,13.7
2020,8,하선,남한산성입구,2823,토요일,5:30,8.8
2020,8,상선,단대오거리,2824,토요일,5:30,8.7
2020,8,하선,단대오거리,2824,토요일,5:30,9.3
2020,8,상선,신흥,2825,토요일,5:30,4.9
2020,8,하선,신흥,2825,토요일,5:30,9.5
2020,8,상선,수진,2826,토요일,5:30,3.4
2020,8,하선,수진,2826,토요일,5:30,14.0
2020,8,상선,모란,2827,토요일,5:30,2.1
2020,8,하선,모란,2827,토요일,5:30,0.0
2020,8,상선,암사,2811,일요일,5:30,0.0
2020,8,하선,암사,2811,일요일,5:30,4.7
2020,8,상선,천호,2812,일요일,5:30,1.3
2020,8,하선,천호,2812,일요일,5:30,8.5
2020,8,상선,강동구청,2813,일요일,5:30,3.6
2020,8,하선,강동구청,2813,일요일,5:30,9.9
2020,8,상선,몽촌토성,2814,일요일,5:30,3.2
2020,8,하선,몽촌토성,2814,일요일,5:30,10.3
2020,8,상선,잠실,2815,일요일,5:30,3.1
2020,8,하선,잠실,2815,일요일,5:30,9.3
2020,8,상선,석촌,2816,일요일,5:30,7.3
2020,8,하선,석촌,2816,일요일,5:30,9.5
2020,8,상선,송파,2817,일요일,5:30,8.4
2020,8,하선,송파,2817,일요일,5:30,10.1
2020,8,상선,가락시장,2818,일요일,5:30,8.0
2021,8,상선,암사,2811,평일,5:30,0.0
2021,8,하선,암사,2811,평일,5:30,14.4
2021,8,상선,천호,2812,평일,5:30,2.3
2021,8,하선,천호,2812,평일,5:30,23.5
2021,8,상선,강동구청,2813,평일,5:30,7.0
2021,8,하선,강동구청,2813,평일,5:30,27.2
2021,8,상선,몽촌토성,2814,평일,5:30,6.6
2021,8,하선,몽촌토성,2814,평일,5:30,27.3
2021,8,상선,잠실,2815,평일,5:30,6.9
2021,8,하선,잠실,2815,평일,5:30,22.0
2021,8,상선,석촌,2816,평일,5:30,17.7
2021,8,하선,석촌,2816,평일,5:30,26.9
2021,8,상선,송파,2817,평일,5:30,21.2
2021,8,하선,송파,2817,평일,5:30,27.3
2021,8,상선,가락시장,2818,평일,5:30,19.8
2021,8,하선,가락시장,2818,평일,5:30,22.9
2021,8,상선,문정,2819,평일,5:30,34.0
2021,8,하선,문정,2819,평일,5:30,18.8
2021,8,상선,장지,2820,평일,5:30,34.2
2021,8,하선,장지,2820,평일,5:30,14.0
2021,8,상선,복정,2821,평일,5:30,30.4
2021,8,하선,복정,2821,평일,5:30,6.1
2021,8,상선,산성,2822,평일,5:30,24.2
2021,8,하선,산성,2822,평일,5:30,6.4
2021,8,상선,남한산성입구,2823,평일,5:30,21.4
2021,8,하선,남한산성입구,2823,평일,5:30,9.6
2021,8,상선,단대오거리,2824,평일,5:30,13.1
2021,8,하선,단대오거리,2824,평일,5:30,10.4
2021,8,상선,신흥,2825,평일,5:30,6.6
2021,8,하선,신흥,2825,평일,5:30,11.3
2021,8,상선,수진,2826,평일,5:30,4.7
2021,8,하선,수진,2826,평일,5:30,15.6
2021,8,상선,모란,2827,평일,5:30,2.4
2021,8,하선,모란,2827,평일,5:30,0.0
2021,8,상선,암사,2811,토요일,5:30,0.0
2021,8,하선,암사,2811,토요일,5:30,10.1
2021,8,상선,천호,2812,토요일,5:30,1.8
2021,8,하선,천호,2812,토요일,5:30,16.1
2021,8,상선,강동구청,2813,토요일,5:30,6.1
2021,8,하선,강동구청,2813,토요일,5:30,18.3
2021,8,상선,몽촌토성,2814,토요일,5:30,5.9
2021,8,하선,몽촌토성,2814,토요일,5:30,18.7
2021,8,상선,잠실,2815,토요일,5:30,6.3
2021,8,하선,잠실,2815,토요일,5:30,17.1
2021,8,상선,석촌,2816,토요일,5:30,13.8
2021,8,하선,석촌,2816,토요일,5:30,19.7
2021,8,상선,송파,2817,토요일,5:30,16.3
2021,8,하선,송파,2817,토요일,5:30,19.6
2021,8,상선,가락시장,2818,토요일,5:30,15.5
2021,8,하선,가락시장,2818,토요일,5:30,16.5
2021,8,상선,문정,2819,토요일,5:30,25.9
2021,8,하선,문정,2819,토요일,5:30,15.2
2021,8,상선,장지,2820,토요일,5:30,25.5
2021,8,하선,장지,2820,토요일,5:30,12.3
2021,8,상선,복정,2821,토요일,5:30,22.9
2021,8,하선,복정,2821,토요일,5:30,5.7
2021,8,상선,산성,2822,토요일,5:30,17.6
2021,8,하선,산성,2822,토요일,5:30,5.9
2021,8,상선,남한산성입구,2823,토요일,5:30,16.2
2021,8,하선,남한산성입구,2823,토요일,5:30,8.2
2021,8,상선,단대오거리,2824,토요일,5:30,10.9
2021,8,하선,단대오거리,2824,토요일,5:30,9.0
2021,8,상선,신흥,2825,토요일,5:30,5.7
2021,8,하선,신흥,2825,토요일,5:30,9.2
2021,8,상선,수진,2826,토요일,5:30,3.6
2021,8,하선,수진,2826,토요일,5:30,12.5
2021,8,상선,모란,2827,토요일,5:30,2.2
2021,8,하선,모란,2827,토요일,5:30,0.0
2022,8,상선,암사,2811,평일,5:30,0.0
2022,8,하선,암사,2811,평일,5:30,16.3
2022,8,상선,천호,2812,평일,5:30,1.8
2022,8,하선,천호,2812,평일,5:30,26.9
2022,8,상선,강동구청,2813,평일,5:30,7.8
2022,8,하선,강동구청,2813,평일,5:30,31.4
2022,8,상선,몽촌토성,2814,평일,5:30,7.8
2022,8,하선,몽촌토성,2814,평일,5:30,31.5
2022,8,상선,잠실,2815,평일,5:30,8.7
2022,8,하선,잠실,2815,평일,5:30,26.0
2022,8,상선,석촌,2816,평일,5:30,22.1
2022,8,하선,석촌,2816,평일,5:30,29.4
2022,8,상선,송파,2817,평일,5:30,27.0
2022,8,하선,송파,2817,평일,5:30,30.3
2022,8,상선,가락시장,2818,평일,5:30,24.2
2022,8,하선,가락시장,2818,평일,5:30,24.3
2022,8,상선,문정,2819,평일,5:30,40.2
2022,8,하선,문정,2819,평일,5:30,20.5
2022,8,상선,장지,2820,평일,5:30,40.0
2022,8,하선,장지,2820,평일,5:30,18.4
2022,8,상선,복정,2821,평일,5:30,35.6
2022,8,하선,복정,2821,평일,5:30,6.0
2022,8,상선,산성,2822,평일,5:30,27.6
2022,8,하선,산성,2822,평일,5:30,7.0
2022,8,상선,남한산성입구,2823,평일,5:30,24.3
2022,8,하선,남한산성입구,2823,평일,5:30,11.5
2022,8,상선,단대오거리,2824,평일,5:30,14.5
2022,8,하선,단대오거리,2824,평일,5:30,13.8
2022,8,상선,신흥,2825,평일,5:30,7.5
2022,8,하선,신흥,2825,평일,5:30,14.8
2022,8,상선,수진,2826,평일,5:30,4.8
2022,8,하선,수진,2826,평일,5:30,20.3
2022,8,상선,모란,2827,평일,5:30,2.4
2022,8,하선,모란,2827,평일,5:30,0.0
2022,8,상선,암사,2811,토요일,5:30,0.0
2022,8,하선,암사,2811,토요일,5:30,10.6
2022,8,상선,천호,2812,토요일,5:30,1.4
2022,8,하선,천호,2812,토요일,5:30,17.5
2022,8,상선,강동구청,2813,토요일,5:30,5.7
2022,8,하선,강동구청,2813,토요일,5:30,20.6
2022,8,상선,몽촌토성,2814,토요일,5:30,5.8
2022,8,하선,몽촌토성,2814,토요일,5:30,21.0
2022,8,상선,잠실,2815,토요일,5:30,5.8
2022,8,하선,잠실,2815,토요일,5:30,18.4
2022,8,상선,석촌,2816,토요일,5:30,14.5
2022,8,하선,석촌,2816,토요일,5:30,20.0
2022,8,상선,송파,2817,토요일,5:30,16.3
2022,8,하선,송파,2817,토요일,5:30,20.9
2022,8,상선,가락시장,2818,토요일,5:30,15.8
2022,8,하선,가락시장,2818,토요일,5:30,17.7
2022,8,상선,문정,2819,토요일,5:30,27.0
2022,8,하선,문정,2819,토요일,5:30,16.0
2022,8,상선,장지,2820,토요일,5:30,25.8
2022,8,하선,장지,2820,토요일,5:30,14.5
2022,8,상선,복정,2821,토요일,5:30,23.1
2022,8,하선,복정,2821,토요일,5:30,4.8
2022,8,상선,산성,2822,토요일,5:30,17.5
2022,8,하선,산성,2822,토요일,5:30,3.4
2022,8,상선,남한산성입구,2823,토요일,5:30,15.6
2022,8,하선,남한산성입구,2823,토요일,5:30,6.5
2022,8,상선,단대오거리,2824,토요일,5:30,9.9
2022,8,하선,단대오거리,2824,토요일,5:30,8.4
2022,8,상선,신흥,2825,토요일,5:30,5.5
2022,8,하선,신흥,2825,토요일,5:30,9.1
2022,8,상선,암사,2811,공휴일,5:30,0.0
2022,8,하선,암사,2811,공휴일,5:30,5.6
2022,8,상선,천호,2812,공휴일,5:30,0.9
2022,8,하선,천호,2812,공휴일,5:30,8.5
2022,8,상선,강동구청,2813,공휴일,5:30,2.8
2022,8,하선,강동구청,2813,공휴일,5:30,10.0
2022,8,상선,몽촌토성,2814,공휴일,5:30,2.7
2022,8,하선,몽촌토성,2814,공휴일,5:30,10.2
2022,8,상선,잠실,2815,공휴일,5:30,2.7
2022,8,하선,잠실,2815,공휴일,5:30,8.6
2022,8,상선,석촌,2816,공휴일,5:30,6.6
2022,8,하선,석촌,2816,공휴일,5:30,9.7
2022,8,상선,송파,2817,공휴일,5:30,7.7
2022,8,하선,송파,2817,공휴일,5:30,10.0
2022,8,상선,가락시장,2818,공휴일,5:30,6.9
2022,8,하선,가락시장,2818,공휴일,5:30,8.2
2022,8,상선,문정,2819,공휴일,5:30,12.9
2022,8,하선,문정,2819,공휴일,5:30,8.1
2022,8,상선,장지,2820,공휴일,5:30,12.2
2022,8,하선,장지,2820,공휴일,5:30,7.3
2022,8,상선,복정,2821,공휴일,5:30,10.6
2022,8,하선,복정,2821,공휴일,5:30,2.4
2022,8,상선,산성,2822,공휴일,5:30,8.4
2022,8,하선,산성,2822,공휴일,5:30,2.5
2022,8,상선,남한산성입구,2823,공휴일,5:30,7.5
2022,8,하선,남한산성입구,2823,공휴일,5:30,3.9
2022,8,상선,단대오거리,2824,공휴일,5:30,4.8
2022,8,하선,단대오거리,2824,공휴일,5:30,5.6
2022,8,상선,신흥,2825,공휴일,5:30,3.4
2022,8,하선,신흥,2825,공휴일,5:30,6.5
2022,8,상선,수진,2826,공휴일,5:30,2.3
2022,8,하선,수진,2826,공휴일,5:30,9.2
2022,8,상선,모란,2827,공휴일,5:30,1.5
2022,8,하선,모란,2827,공휴일,5:30,0.0
2023,8,상선,암사,2811,평일,5:30,0.0
2023,8,하선,암사,2811,평일,5:30,16.8
2023,8,상선,천호,2812,평일,5:30,1.4
2023,8,하선,천호,2812,평일,5:30,26.8
2023,8,상선,강동구청,2813,평일,5:30,9.0
2023,8,하선,강동구청,2813,평일,5:30,31.4
2023,8,상선,몽촌토성,2814,평일,5:30,8.8
2023,8,하선,몽촌토성,2814,평일,5:30,31.0
2023,8,상선,잠실,2815,평일,5:30,10.7
2023,8,하선,잠실,2815,평일,5:30,24.3
2023,8,상선,석촌,2816,평일,5:30,26.7
2023,8,하선,석촌,2816,평일,5:30,27.3
2023,8,상선,송파,2817,평일,5:30,32.1
2023,8,하선,송파,2817,평일,5:30,28.1
2023,8,상선,가락시장,2818,평일,5:30,28.9
2023,8,하선,가락시장,2818,평일,5:30,23.1
2023,8,상선,문정,2819,평일,5:30,47.1
2023,8,하선,문정,2819,평일,5:30,18.8
2023,8,상선,장지,2820,평일,5:30,46.6
2023,8,하선,장지,2820,평일,5:30,17.5
2023,8,상선,복정,2821,평일,5:30,42.5
2023,8,하선,복정,2821,평일,5:30,6.0
2023,8,상선,산성,2822,평일,5:30,32.5
2023,8,하선,산성,2822,평일,5:30,7.2
2023,8,상선,남한산성입구,2823,평일,5:30,28.1
2023,8,하선,남한산성입구,2823,평일,5:30,11.0
2023,8,상선,단대오거리,2824,평일,5:30,17.5
2023,8,하선,단대오거리,2824,평일,5:30,14.0
2023,8,상선,신흥,2825,평일,5:30,8.4
2023,8,하선,신흥,2825,평일,5:30,14.8
2023,8,상선,수진,2826,평일,5:30,4.9
2023,8,하선,수진,2826,평일,5:30,20.9
2023,8,상선,모란,2827,평일,5:30,1.8
2023,8,하선,모란,2827,평일,5:30,0.0
2023,8,상선,암사,2811,토요일,5:30,0.0
2023,8,하선,암사,2811,토요일,5:30,10.6
2023,8,상선,천호,2812,토요일,5:30,1.5
2023,8,하선,천호,2812,토요일,5:30,17.4
2023,8,상선,강동구청,2813,토요일,5:30,7.0
2023,8,하선,강동구청,2813,토요일,5:30,20.3
2023,8,상선,몽촌토성,2814,토요일,5:30,7.2
2023,8,하선,몽촌토성,2814,토요일,5:30,20.2
2023,8,상선,잠실,2815,토요일,5:30,8.5
2023,8,하선,잠실,2815,토요일,5:30,16.9
2023,8,상선,석촌,2816,토요일,5:30,19.4
2023,8,하선,석촌,2816,토요일,5:30,17.9
2023,8,상선,송파,2817,토요일,5:30,22.7
2023,8,하선,송파,2817,토요일,5:30,18.5
2023,8,상선,가락시장,2818,토요일,5:30,21.3
2023,8,하선,가락시장,2818,토요일,5:30,15.4
2023,8,상선,문정,2819,토요일,5:30,34.9
2023,8,하선,문정,2819,토요일,5:30,14.2
2023,8,상선,장지,2820,토요일,5:30,33.9
2023,8,하선,장지,2820,토요일,5:30,12.8
2023,8,상선,복정,2821,토요일,5:30,30.4
2023,8,하선,복정,2821,토요일,5:30,4.9
2023,8,상선,산성,2822,토요일,5:30,22.6
2023,8,하선,산성,2822,토요일,5:30,4.8
2023,8,상선,남한산성입구,2823,토요일,5:30,19.9
2023,8,하선,남한산성입구,2823,토요일,5:30,7.2
2023,8,상선,단대오거리,2824,토요일,5:30,12.4
2023,8,하선,단대오거리,2824,토요일,5:30,9.3
2023,8,상선,신흥,2825,토요일,5:30,6.3
2023,8,하선,신흥,2825,토요일,5:30,9.8
2023,8,상선,수진,2826,토요일,5:30,3.8
2023,8,하선,수진,2826,토요일,5:30,14.4
2023,8,상선,모란,2827,토요일,5:30,1.7
2023,8,하선,모란,2827,토요일,5:30,0.0
2023,8,상선,암사,2811,일요일,5:30,0.0
2023,8,하선,암사,2811,일요일,5:30,5.4
2023,8,상선,천호,2812,일요일,5:30,0.9
2023,8,하선,천호,2812,일요일,5:30,9.0
2023,8,상선,강동구청,2813,일요일,5:30,3.2
2023,8,하선,강동구청,2813,일요일,5:30,10.1
2023,8,상선,몽촌토성,2814,일요일,5:30,3.2
2023,8,하선,몽촌토성,2814,일요일,5:30,10.7
2023,8,상선,잠실,2815,일요일,5:30,3.1
2023,8,하선,잠실,2815,일요일,5:30,9.8
2023,8,상선,석촌,2816,일요일,5:30,8.2
2023,8,하선,석촌,2816,일요일,5:30,10.7
2023,8,상선,송파,2817,일요일,5:30,9.6
2023,8,하선,송파,2817,일요일,5:30,11.2
2023,8,상선,가락시장,2818,일요일,5:30,8.4
2023,8,하선,가락시장,2818,일요일,5:30,8.8
2023,8,상선,문정,2819,일요일,5:30,13.7
2023,8,하선,문정,2819,일요일,5:30,8.5
2023,8,상선,장지,2820,일요일,5:30,13.1
2023,8,하선,장지,2820,일요일,5:30,8.5
2023,8,상선,복정,2821,일요일,5:30,11.3
2023,8,하선,복정,2821,일요일,5:30,3.8
2023,8,상선,산성,2822,일요일,5:30,8.8
2023,8,하선,산성,2822,일요일,5:30,4.2
2023,8,상선,남한산성입구,2823,일요일,5:30,7.7
2023,8,하선,남한산성입구,2823,일요일,5:30,5.6
2023,8,상선,단대오거리,2824,일요일,5:30,5.0
2023,8,하선,단대오거리,2824,일요일,5:30,6.4
2023,8,상선,신흥,2825,일요일,5:30,2.8
2023,8,하선,신흥,2825,일요일,5:30,7.1
2023,8,상선,수진,2826,일요일,5:30,2.0
2023,8,하선,수진,2826,일요일,5:30,9.8
2023,8,상선,모란,2827,일요일,5:30,1.2
202403,8,상선,암사,2811,평일,5:30,0.0
202403,8,하선,암사,2811,평일,5:30,18.1
202403,8,상선,천호,2812,평일,5:30,1.3
202403,8,하선,천호,2812,평일,5:30,29.2
202403,8,상선,강동구청,2813,평일,5:30,9.0
202403,8,하선,강동구청,2813,평일,5:30,34.4
202403,8,상선,몽촌토성,2814,평일,5:30,8.7
202403,8,하선,몽촌토성,2814,평일,5:30,33.5
202403,8,상선,잠실,2815,평일,5:30,9.8
202403,8,하선,잠실,2815,평일,5:30,26.0
202403,8,상선,석촌,2816,평일,5:30,25.3
202403,8,하선,석촌,2816,평일,5:30,29.3
202403,8,상선,송파,2817,평일,5:30,31.1
202403,8,하선,송파,2817,평일,5:30,30.3
202403,8,상선,가락시장,2818,평일,5:30,29.7
202403,8,하선,가락시장,2818,평일,5:30,24.7
202403,8,상선,문정,2819,평일,5:30,48.1
202403,8,하선,문정,2819,평일,5:30,20.0
202403,8,상선,장지,2820,평일,5:30,47.3
202403,8,하선,장지,2820,평일,5:30,18.9
202403,8,상선,복정,2821,평일,5:30,41.6
202403,8,하선,복정,2821,평일,5:30,6.9
202403,8,상선,산성,2822,평일,5:30,31.1
202403,8,하선,산성,2822,평일,5:30,7.3
202403,8,상선,남한산성입구,2823,평일,5:30,26.0
202403,8,하선,남한산성입구,2823,평일,5:30,10.7
202403,8,상선,단대오거리,2824,평일,5:30,16.6
202403,8,하선,단대오거리,2824,평일,5:30,13.0
202403,8,상선,신흥,2825,평일,5:30,8.0
202403,8,하선,신흥,2825,평일,5:30,13.3
202403,8,상선,수진,2826,평일,5:30,4.6
202403,8,하선,수진,2826,평일,5:30,17.9
202403,8,상선,모란,2827,평일,5:30,1.9
202403,8,하선,모란,2827,평일,5:30,0.0
202403,8,상선,암사,2811,토요일,5:30,0.0
202403,8,하선,암사,2811,토요일,5:30,11.1
202403,8,상선,천호,2812,토요일,5:30,1.2
202403,8,하선,천호,2812,토요일,5:30,18.0
202403,8,상선,강동구청,2813,토요일,5:30,7.3
202403,8,하선,강동구청,2813,토요일,5:30,20.9
202403,8,상선,몽촌토성,2814,토요일,5:30,7.2
202403,8,하선,몽촌토성,2814,토요일,5:30,20.7
202403,8,상선,잠실,2815,토요일,5:30,8.0
202403,8,하선,잠실,2815,토요일,5:30,18.9
202403,8,상선,석촌,2816,토요일,5:30,20.6
202403,8,하선,석촌,2816,토요일,5:30,20.1
202403,8,상선,송파,2817,토요일,5:30,23.1
202403,8,하선,송파,2817,토요일,5:30,20.7
202403,8,상선,가락시장,2818,토요일,5:30,23.1
202403,8,하선,가락시장,2818,토요일,5:30,17.4
202403,8,상선,문정,2819,토요일,5:30,38.1
202403,8,하선,문정,2819,토요일,5:30,15.5
202403,8,상선,장지,2820,토요일,5:30,37.6
202403,8,하선,장지,2820,토요일,5:30,14.4
202403,8,상선,복정,2821,토요일,5:30,29.3
202403,8,하선,복정,2821,토요일,5:30,6.1
202403,8,상선,산성,2822,토요일,5:30,21.6
202403,8,하선,산성,2822,토요일,5:30,6.4
202403,8,상선,남한산성입구,2823,토요일,5:30,18.2
202403,8,하선,남한산성입구,2823,토요일,5:30,9.0
202403,8,상선,단대오거리,2824,토요일,5:30,12.5
202403,8,하선,단대오거리,2824,토요일,5:30,11.0
202403,8,상선,신흥,2825,토요일,5:30,5.9
202403,8,하선,신흥,2825,토요일,5:30,11.1
202403,8,상선,수진,2826,토요일,5:30,3.8
202403,8,하선,수진,2826,토요일,5:30,14.1
202403,8,상선,모란,2827,토요일,5:30,1.6
202403,8,하선,모란,2827,토요일,5:30,0.0
202403,8,상선,암사,2811,일요일,5:30,0.0
202403,8,하선,암사,2811,일요일,5:30,5.7
202403,8,상선,천호,2812,일요일,5:30,0.7
202403,8,하선,천호,2812,일요일,5:30,9.5
202403,8,상선,강동구청,2813,일요일,5:30,3.3
202403,8,하선,강동구청,2813,일요일,5:30,11.1
202403,8,상선,몽촌토성,2814,일요일,5:30,3.1
202403,8,하선,몽촌토성,2814,일요일,5:30,11.6
202403,8,상선,잠실,2815,일요일,5:30,3.2
202403,8,하선,잠실,2815,일요일,5:30,9.7
202403,8,상선,석촌,2816,일요일,5:30,8.9
202403,8,하선,석촌,2816,일요일,5:30,10.4
202403,8,상선,송파,2817,일요일,5:30,9.9
202403,8,하선,송파,2817,일요일,5:30,11.2
202403,8,상선,가락시장,2818,일요일,5:30,8.5
202403,8,하선,가락시장,2818,일요일,5:30,9.7
202403,8,상선,문정,2819,일요일,5:30,14.7
202403,8,하선,문정,2819,일요일,5:30,9.0
202403,8,상선,장지,2820,일요일,5:30,13.9
202403,8,하선,장지,2820,일요일,5:30,9.1
202403,8,상선,복정,2821,일요일,5:30,13.0
202403,8,하선,복정,2821,일요일,5:30,4.1
202403,8,상선,산성,2822,일요일,5:30,11.2
202403,8,하선,산성,2822,일요일,5:30,4.2
202403,8,상선,남한산성입구,2823,일요일,5:30,9.8
202403,8,하선,남한산성입구,2823,일요일,5:30,5.2
202403,8,상선,단대오거리,2824,일요일,5:30,6.2
202403,8,하선,단대오거리,2824,일요일,5:30,6.3
202403,8,상선,신흥,2825,일요일,5:30,3.2
202403,8,하선,신흥,2825,일요일,5:30,6.5
202403,8,상선,수진,2826,일요일,5:30,2.2
202403,8,하선,수진,2826,일요일,5:30,8.8
202403,8,상선,모란,2827,일요일,5:30,1.4
202406,8,상선,암사,2811,평일,5:30,0.0
202406,8,하선,암사,2811,평일,5:30,18.8
202406,8,상선,천호,2812,평일,5:30,1.6
202406,8,하선,천호,2812,평일,5:30,29.8
202406,8,상선,강동구청,2813,평일,5:30,8.9
202406,8,하선,강동구청,2813,평일,5:30,35.5
202406,8,상선,몽촌토성,2814,평일,5:30,8.2
202406,8,하선,몽촌토성,2814,평일,5:30,34.6
202406,8,상선,잠실,2815,평일,5:30,9.4
202406,8,하선,잠실,2815,평일,5:30,27.8
202406,8,상선,석촌,2816,평일,5:30,25.6
202406,8,하선,석촌,2816,평일,5:30,31.7
202406,8,상선,송파,2817,평일,5:30,31.6
202406,8,하선,송파,2817,평일,5:30,33.0
202406,8,상선,가락시장,2818,평일,5:30,29.7
202406,8,하선,가락시장,2818,평일,5:30,27.2
202406,8,상선,문정,2819,평일,5:30,49.2
202406,8,하선,문정,2819,평일,5:30,22.8
202406,8,상선,장지,2820,평일,5:30,48.5
202406,8,하선,장지,2820,평일,5:30,21.2
202406,8,상선,복정,2821,평일,5:30,44.0
202406,8,하선,복정,2821,평일,5:30,6.5
202406,8,상선,산성,2822,평일,5:30,34.4
202406,8,하선,산성,2822,평일,5:30,7.8
202406,8,상선,남한산성입구,2823,평일,5:30,28.7
202406,8,하선,남한산성입구,2823,평일,5:30,11.6
202406,8,상선,단대오거리,2824,평일,5:30,17.9
202406,8,하선,단대오거리,2824,평일,5:30,14.4
202406,8,상선,신흥,2825,평일,5:30,8.1
202406,8,하선,신흥,2825,평일,5:30,15.2
202406,8,상선,수진,2826,평일,5:30,4.7
202406,8,하선,수진,2826,평일,5:30,20.5
202406,8,상선,모란,2827,평일,5:30,2.2
202406,8,하선,모란,2827,평일,5:30,0.0
202406,8,상선,암사,2811,토요일,5:30,0.0
202406,8,하선,암사,2811,토요일,5:30,13.1
202406,8,상선,천호,2812,토요일,5:30,1.5
202406,8,하선,천호,2812,토요일,5:30,20.5
202406,8,상선,강동구청,2813,토요일,5:30,7.8
202406,8,하선,강동구청,2813,토요일,5:30,23.9
202406,8,상선,몽촌토성,2814,토요일,5:30,7.5
202406,8,하선,몽촌토성,2814,토요일,5:30,23.6
202406,8,상선,잠실,2815,토요일,5:30,7.9
202406,8,하선,잠실,2815,토요일,5:30,20.4
202406,8,상선,석촌,2816,토요일,5:30,20.8
202406,8,하선,석촌,2816,토요일,5:30,21.1
202406,8,상선,송파,2817,토요일,5:30,22.6
202406,8,하선,송파,2817,토요일,5:30,22.0
202406,8,상선,가락시장,2818,토요일,5:30,23.1
202406,8,하선,가락시장,2818,토요일,5:30,17.6
202406,8,상선,문정,2819,토요일,5:30,37.9
202406,8,하선,문정,2819,토요일,5:30,16.0
202406,8,상선,장지,2820,토요일,5:30,36.2
202406,8,하선,장지,2820,토요일,5:30,15.1
202406,8,상선,복정,2821,토요일,5:30,31.4
202406,8,하선,복정,2821,토요일,5:30,5.7
202406,8,상선,산성,2822,토요일,5:30,22.3
202406,8,하선,산성,2822,토요일,5:30,5.9
202406,8,상선,남한산성입구,2823,토요일,5:30,18.7
202406,8,하선,남한산성입구,2823,토요일,5:30,8.2
202406,8,상선,단대오거리,2824,토요일,5:30,12.8
202406,8,하선,단대오거리,2824,토요일,5:30,10.1
202406,8,상선,신흥,2825,토요일,5:30,6.1
202406,8,하선,신흥,2825,토요일,5:30,10.3
202406,8,상선,수진,2826,토요일,5:30,3.8
202406,8,하선,수진,2826,토요일,5:30,13.9
202406,8,상선,모란,2827,토요일,5:30,2.1
202406,8,하선,모란,2827,토요일,5:30,0.0
202406,8,상선,암사,2811,일요일,5:30,0.0
202406,8,하선,암사,2811,일요일,5:30,5.8
202406,8,상선,천호,2812,일요일,5:30,1.2
202406,8,하선,천호,2812,일요일,5:30,8.5
202406,8,상선,강동구청,2813,일요일,5:30,4.4
202406,8,하선,강동구청,2813,일요일,5:30,10.8
202406,8,상선,몽촌토성,2814,일요일,5:30,4.2
202406,8,하선,몽촌토성,2814,일요일,5:30,11.0
202406,8,상선,잠실,2815,일요일,5:30,4.2
202406,8,하선,잠실,2815,일요일,5:30,10.2
202406,8,상선,석촌,2816,일요일,5:30,9.5
202406,8,하선,석촌,2816,일요일,5:30,10.6
202406,8,상선,송파,2817,일요일,5:30,10.9
202406,8,하선,송파,2817,일요일,5:30,11.5
202406,8,상선,가락시장,2818,일요일,5:30,9.6
202406,8,하선,가락시장,2818,일요일,5:30,9.3
202406,8,상선,문정,2819,일요일,5:30,15.3
202406,8,하선,문정,2819,일요일,5:30,8.6
202406,8,상선,장지,2820,일요일,5:30,14.4
202406,8,하선,장지,2820,일요일,5:30,8.1
202406,8,상선,복정,2821,일요일,5:30,12.7
202406,8,하선,복정,2821,일요일,5:30,3.7
202406,8,상선,산성,2822,일요일,5:30,10.4
202406,8,하선,산성,2822,일요일,5:30,3.8
202406,8,상선,남한산성입구,2823,일요일,5:30,9.1
202406,8,하선,남한산성입구,2823,일요일,5:30,5.2
202406,8,상선,단대오거리,2824,일요일,5:30,6.3
202406,8,하선,단대오거리,2824,일요일,5:30,6.3
202406,8,상선,신흥,2825,일요일,5:30,3.3
202406,8,하선,신흥,2825,일요일,5:30,6.9
202406,8,상선,수진,2826,일요일,5:30,2.4
202406,8,하선,수진,2826,일요일,5:30,9.8
202406,8,상선,모란,2827,일요일,5:30,1.2
2020,8,상선,암사,2811,평일,6:00,0.0
2020,8,하선,암사,2811,평일,6:00,12.2
2020,8,상선,천호,2812,평일,6:00,2.9
2020,8,하선,천호,2812,평일,6:00,28.4
2020,8,상선,강동구청,2813,평일,6:00,11.0
2020,8,하선,강동구청,2813,평일,6:00,31.3
2020,8,상선,몽촌토성,2814,평일,6:00,11.3
2020,8,하선,몽촌토성,2814,평일,6:00,30.6
2020,8,상선,잠실,2815,평일,6:00,13.3
2020,8,하선,잠실,2815,평일,6:00,30.2
2020,8,상선,석촌,2816,평일,6:00,20.2
2020,8,하선,석촌,2816,평일,6:00,29.1
2020,8,상선,송파,2817,평일,6:00,25.5
2020,8,하선,송파,2817,평일,6:00,28.7
2020,8,상선,가락시장,2818,평일,6:00,22.9
2020,8,하선,가락시장,2818,평일,6:00,25.0
2020,8,상선,문정,2819,평일,6:00,23.5
2020,8,하선,문정,2819,평일,6:00,20.6
2020,8,상선,장지,2820,평일,6:00,22.9
2020,8,하선,장지,2820,평일,6:00,17.8
2020,8,상선,복정,2821,평일,6:00,19.6
2020,8,하선,복정,2821,평일,6:00,8.9
2020,8,상선,산성,2822,평일,6:00,18.9
2020,8,하선,산성,2822,평일,6:00,7.6
2020,8,상선,남한산성입구,2823,평일,6:00,15.1
2020,8,하선,남한산성입구,2823,평일,6:00,8.4
2020,8,상선,단대오거리,2824,평일,6:00,9.0
2020,8,하선,단대오거리,2824,평일,6:00,7.0
2020,8,상선,신흥,2825,평일,6:00,4.8
2020,8,하선,신흥,2825,평일,6:00,6.7
2020,8,상선,수진,2826,평일,6:00,3.4
2020,8,하선,수진,2826,평일,6:00,8.5
2020,8,상선,모란,2827,평일,6:00,2.2
2020,8,하선,모란,2827,평일,6:00,0.0
2020,8,상선,암사,2811,토요일,6:00,0.0
2020,8,하선,암사,2811,토요일,6:00,7.0
2020,8,상선,천호,2812,토요일,6:00,3.0
2020,8,하선,천호,2812,토요일,6:00,18.6
2020,8,상선,강동구청,2813,토요일,6:00,9.8
2020,8,하선,강동구청,2813,토요일,6:00,19.9
2020,8,상선,몽촌토성,2814,토요일,6:00,10.4
2020,8,하선,몽촌토성,2814,토요일,6:00,19.4
2020,8,상선,잠실,2815,토요일,6:00,11.8
2020,8,하선,잠실,2815,토요일,6:00,20.2
2020,8,상선,석촌,2816,토요일,6:00,14.4
2020,8,하선,석촌,2816,토요일,6:00,21.0
2020,8,상선,송파,2817,토요일,6:00,16.0
2020,8,하선,송파,2817,토요일,6:00,20.2
2020,8,상선,가락시장,2818,토요일,6:00,15.5
2020,8,하선,가락시장,2818,토요일,6:00,18.1
2020,8,상선,문정,2819,토요일,6:00,16.5
2020,8,하선,문정,2819,토요일,6:00,15.2
2020,8,상선,장지,2820,토요일,6:00,16.4
2020,8,하선,장지,2820,토요일,6:00,13.0
2020,8,상선,복정,2821,토요일,6:00,12.6
2020,8,하선,복정,2821,토요일,6:00,7.6
2020,8,상선,산성,2822,토요일,6:00,11.5
2020,8,하선,산성,2822,토요일,6:00,6.3
2020,8,상선,남한산성입구,2823,토요일,6:00,9.4
2020,8,하선,남한산성입구,2823,토요일,6:00,7.0
2020,8,상선,단대오거리,2824,토요일,6:00,6.1
2020,8,하선,단대오거리,2824,토요일,6:00,5.6
2020,8,상선,신흥,2825,토요일,6:00,3.6
2020,8,하선,신흥,2825,토요일,6:00,5.1
2020,8,상선,수진,2826,토요일,6:00,2.6
2020,8,하선,수진,2826,토요일,6:00,5.8
2020,8,상선,모란,2827,토요일,6:00,1.3
2020,8,하선,모란,2827,토요일,6:00,0.0
2020,8,상선,암사,2811,일요일,6:00,0.0
2020,8,하선,암사,2811,일요일,6:00,4.1
2020,8,상선,천호,2812,일요일,6:00,1.3
2020,8,하선,천호,2812,일요일,6:00,9.3
2020,8,상선,강동구청,2813,일요일,6:00,4.3
2020,8,하선,강동구청,2813,일요일,6:00,9.9
2020,8,상선,몽촌토성,2814,일요일,6:00,4.6
2020,8,하선,몽촌토성,2814,일요일,6:00,9.9
2020,8,상선,잠실,2815,일요일,6:00,5.1
2020,8,하선,잠실,2815,일요일,6:00,10.1
2020,8,상선,석촌,2816,일요일,6:00,6.7
2020,8,하선,석촌,2816,일요일,6:00,10.2
2020,8,상선,송파,2817,일요일,6:00,7.2
2020,8,하선,송파,2817,일요일,6:00,10.1
2020,8,상선,가락시장,2818,일요일,6:00,6.6
2021,8,상선,암사,2811,평일,6:00,0.0
2021,8,하선,암사,2811,평일,6:00,13.6
2021,8,상선,천호,2812,평일,6:00,2.7
2021,8,하선,천호,2812,평일,6:00,29.8
2021,8,상선,강동구청,2813,평일,6:00,11.0
2021,8,하선,강동구청,2813,평일,6:00,32.7
2021,8,상선,몽촌토성,2814,평일,6:00,11.6
2021,8,하선,몽촌토성,2814,평일,6:00,33.0
2021,8,상선,잠실,2815,평일,6:00,13.0
2021,8,하선,잠실,2815,평일,6:00,31.6
2021,8,상선,석촌,2816,평일,6:00,19.1
2021,8,하선,석촌,2816,평일,6:00,28.4
2021,8,상선,송파,2817,평일,6:00,24.3
2021,8,하선,송파,2817,평일,6:00,28.4
2021,8,상선,가락시장,2818,평일,6:00,22.3
2021,8,하선,가락시장,2818,평일,6:00,25.4
2021,8,상선,문정,2819,평일,6:00,23.2
2021,8,하선,문정,2819,평일,6:00,20.8
2021,8,상선,장지,2820,평일,6:00,22.5
2021,8,하선,장지,2820,평일,6:00,18.1
2021,8,상선,복정,2821,평일,6:00,18.4
2021,8,하선,복정,2821,평일,6:00,9.6
2021,8,상선,산성,2822,평일,6:00,18.4
2021,8,하선,산성,2822,평일,6:00,7.8
2021,8,상선,남한산성입구,2823,평일,6:00,15.6
2021,8,하선,남한산성입구,2823,평일,6:00,8.9
2021,8,상선,단대오거리,2824,평일,6:00,9.0
2021,8,하선,단대오거리,2824,평일,6:00,7.4
2021,8,상선,신흥,2825,평일,6:00,4.6
2021,8,하선,신흥,2825,평일,6:00,6.9
2021,8,상선,수진,2826,평일,6:00,3.4
2021,8,하선,수진,2826,평일,6:00,8.1
2021,8,상선,모란,2827,평일,6:00,1.9
2021,8,하선,모란,2827,평일,6:00,0.0
2021,8,상선,암사,2811,토요일,6:00,0.0
2021,8,하선,암사,2811,토요일,6:00,6.7
2021,8,상선,천호,2812,토요일,6:00,2.3
2021,8,하선,천호,2812,토요일,6:00,17.7
2021,8,상선,강동구청,2813,토요일,6:00,10.0
2021,8,하선,강동구청,2813,토요일,6:00,19.0
2021,8,상선,몽촌토성,2814,토요일,6:00,10.1
2021,8,하선,몽촌토성,2814,토요일,6:00,19.2
2021,8,상선,잠실,2815,토요일,6:00,11.0
2021,8,하선,잠실,2815,토요일,6:00,21.8
2021,8,상선,석촌,2816,토요일,6:00,14.4
2021,8,하선,석촌,2816,토요일,6:00,20.9
2021,8,상선,송파,2817,토요일,6:00,15.0
2021,8,하선,송파,2817,토요일,6:00,20.8
2021,8,상선,가락시장,2818,토요일,6:00,14.7
2021,8,하선,가락시장,2818,토요일,6:00,18.0
2021,8,상선,문정,2819,토요일,6:00,15.9
2021,8,하선,문정,2819,토요일,6:00,14.5
2021,8,상선,장지,2820,토요일,6:00,15.3
2021,8,하선,장지,2820,토요일,6:00,12.7
2021,8,상선,복정,2821,토요일,6:00,12.2
2021,8,하선,복정,2821,토요일,6:00,8.2
2021,8,상선,산성,2822,토요일,6:00,11.9
2021,8,하선,산성,2822,토요일,6:00,6.0
2021,8,상선,남한산성입구,2823,토요일,6:00,10.4
2021,8,하선,남한산성입구,2823,토요일,6:00,6.8
2021,8,상선,단대오거리,2824,토요일,6:00,6.1
2021,8,하선,단대오거리,2824,토요일,6:00,5.8
2021,8,상선,신흥,2825,토요일,6:00,3.2
2021,8,하선,신흥,2825,토요일,6:00,5.3
2021,8,상선,수진,2826,토요일,6:00,2.1
2021,8,하선,수진,2826,토요일,6:00,6.4
2021,8,상선,모란,2827,토요일,6:00,1.0
2021,8,하선,모란,2827,토요일,6:00,0.0
2022,8,상선,암사,2811,평일,6:00,0.0
2022,8,하선,암사,2811,평일,6:00,14.8
2022,8,상선,천호,2812,평일,6:00,3.0
2022,8,하선,천호,2812,평일,6:00,38.0
2022,8,상선,강동구청,2813,평일,6:00,14.5
2022,8,하선,강동구청,2813,평일,6:00,41.6
2022,8,상선,몽촌토성,2814,평일,6:00,14.6
2022,8,하선,몽촌토성,2814,평일,6:00,41.0
2022,8,상선,잠실,2815,평일,6:00,18.2
2022,8,하선,잠실,2815,평일,6:00,37.9
2022,8,상선,석촌,2816,평일,6:00,25.7
2022,8,하선,석촌,2816,평일,6:00,34.6
2022,8,상선,송파,2817,평일,6:00,29.1
2022,8,하선,송파,2817,평일,6:00,33.9
2022,8,상선,가락시장,2818,평일,6:00,30.3
2022,8,하선,가락시장,2818,평일,6:00,29.6
2022,8,상선,문정,2819,평일,6:00,31.3
2022,8,하선,문정,2819,평일,6:00,24.5
2022,8,상선,장지,2820,평일,6:00,30.4
2022,8,하선,장지,2820,평일,6:00,21.1
2022,8,상선,복정,2821,평일,6:00,24.9
2022,8,하선,복정,2821,평일,6:00,12.1
2022,8,상선,산성,2822,평일,6:00,21.7
2022,8,하선,산성,2822,평일,6:00,7.6
2022,8,상선,남한산성입구,2823,평일,6:00,18.7
2022,8,하선,남한산성입구,2823,평일,6:00,8.7
2022,8,상선,단대오거리,2824,평일,6:00,11.0
2022,8,하선,단대오거리,2824,평일,6:00,7.9
2022,8,상선,신흥,2825,평일,6:00,5.7
2022,8,하선,신흥,2825,평일,6:00,8.0
2022,8,상선,수진,2826,평일,6:00,3.9
2022,8,하선,수진,2826,평일,6:00,9.9
2022,8,상선,모란,2827,평일,6:00,2.2
2022,8,하선,모란,2827,평일,6:00,0.0
2022,8,상선,암사,2811,토요일,6:00,0.0
2022,8,하선,암사,2811,토요일,6:00,8.5
2022,8,상선,천호,2812,토요일,6:00,2.3
2022,8,하선,천호,2812,토요일,6:00,23.7
2022,8,상선,강동구청,2813,토요일,6:00,11.6
2022,8,하선,강동구청,2813,토요일,6:00,25.1
2022,8,상선,몽촌토성,2814,토요일,6:00,12.1
2022,8,하선,몽촌토성,2814,토요일,6:00,24.4
2022,8,상선,잠실,2815,토요일,6:00,14.8
2022,8,하선,잠실,2815,토요일,6:00,26.3
2022,8,상선,석촌,2816,토요일,6:00,17.6
2022,8,하선,석촌,2816,토요일,6:00,26.2
2022,8,상선,송파,2817,토요일,6:00,21.3
2022,8,하선,송파,2817,토요일,6:00,25.3
2022,8,상선,가락시장,2818,토요일,6:00,21.9
2022,8,하선,가락시장,2818,토요일,6:00,21.3
2022,8,상선,문정,2819,토요일,6:00,22.8
2022,8,하선,문정,2819,토요일,6:00,18.0
2022,8,상선,장지,2820,토요일,6:00,22.3
2022,8,하선,장지,2820,토요일,6:00,15.5
2022,8,상선,복정,2821,토요일,6:00,16.1
2022,8,하선,복정,2821,토요일,6:00,10.4
2022,8,상선,산성,2822,토요일,6:00,14.1
2022,8,하선,산성,2822,토요일,6:00,6.1
2022,8,상선,남한산성입구,2823,토요일,6:00,12.4
2022,8,하선,남한산성입구,2823,토요일,6:00,6.6
2022,8,상선,단대오거리,2824,토요일,6:00,8.0
2022,8,하선,단대오거리,2824,토요일,6:00,5.9
2022,8,상선,신흥,2825,토요일,6:00,4.2
2022,8,하선,신흥,2825,토요일,6:00,5.8
2022,8,상선,암사,2811,공휴일,6:00,0.0
2022,8,하선,암사,2811,공휴일,6:00,5.0
2022,8,상선,천호,2812,공휴일,6:00,1.6
2022,8,하선,천호,2812,공휴일,6:00,10.9
2022,8,상선,강동구청,2813,공휴일,6:00,6.3
2022,8,하선,강동구청,2813,공휴일,6:00,11.2
2022,8,상선,몽촌토성,2814,공휴일,6:00,6.9
2022,8,하선,몽촌토성,2814,공휴일,6:00,11.2
2022,8,상선,잠실,2815,공휴일,6:00,7.8
2022,8,하선,잠실,2815,공휴일,6:00,11.3
2022,8,상선,석촌,2816,공휴일,6:00,7.8
2022,8,하선,석촌,2816,공휴일,6:00,11.8
2022,8,상선,송파,2817,공휴일,6:00,8.9
2022,8,하선,송파,2817,공휴일,6:00,11.9
2022,8,상선,가락시장,2818,공휴일,6:00,9.0
2022,8,하선,가락시장,2818,공휴일,6:00,10.0
2022,8,상선,문정,2819,공휴일,6:00,9.1
2022,8,하선,문정,2819,공휴일,6:00,8.3
2022,8,상선,장지,2820,공휴일,6:00,9.0
2022,8,하선,장지,2820,공휴일,6:00,7.4
2022,8,상선,복정,2821,공휴일,6:00,7.6
2022,8,하선,복정,2821,공휴일,6:00,3.2
2022,8,상선,산성,2822,공휴일,6:00,5.7
2022,8,하선,산성,2822,공휴일,6:00,3.0
2022,8,상선,남한산성입구,2823,공휴일,6:00,5.2
2022,8,하선,남한산성입구,2823,공휴일,6:00,3.2
2022,8,상선,단대오거리,2824,공휴일,6:00,3.8
2022,8,하선,단대오거리,2824,공휴일,6:00,2.9
2022,8,상선,신흥,2825,공휴일,6:00,2.5
2022,8,하선,신흥,2825,공휴일,6:00,3.1
2022,8,상선,수진,2826,공휴일,6:00,2.0
2022,8,하선,수진,2826,공휴일,6:00,3.7
2022,8,상선,모란,2827,공휴일,6:00,1.0
2022,8,하선,모란,2827,공휴일,6:00,0.0
2023,8,상선,암사,2811,평일,6:00,0.0
2023,8,하선,암사,2811,평일,6:00,15.1
2023,8,상선,천호,2812,평일,6:00,2.8
2023,8,하선,천호,2812,평일,6:00,37.4
2023,8,상선,강동구청,2813,평일,6:00,16.0
2023,8,하선,강동구청,2813,평일,6:00,41.4
2023,8,상선,몽촌토성,2814,평일,6:00,16.9
2023,8,하선,몽촌토성,2814,평일,6:00,40.7
2023,8,상선,잠실,2815,평일,6:00,20.5
2023,8,하선,잠실,2815,평일,6:00,37.1
2023,8,상선,석촌,2816,평일,6:00,28.5
2023,8,하선,석촌,2816,평일,6:00,33.5
2023,8,상선,송파,2817,평일,6:00,33.4
2023,8,하선,송파,2817,평일,6:00,32.2
2023,8,상선,가락시장,2818,평일,6:00,33.9
2023,8,하선,가락시장,2818,평일,6:00,27.7
2023,8,상선,문정,2819,평일,6:00,35.4
2023,8,하선,문정,2819,평일,6:00,21.9
2023,8,상선,장지,2820,평일,6:00,34.3
2023,8,하선,장지,2820,평일,6:00,18.7
2023,8,상선,복정,2821,평일,6:00,29.0
2023,8,하선,복정,2821,평일,6:00,9.8
2023,8,상선,산성,2822,평일,6:00,24.4
2023,8,하선,산성,2822,평일,6:00,7.5
2023,8,상선,남한산성입구,2823,평일,6:00,20.6
2023,8,하선,남한산성입구,2823,평일,6:00,8.4
2023,8,상선,단대오거리,2824,평일,6:00,12.9
2023,8,하선,단대오거리,2824,평일,6:00,8.1
2023,8,상선,신흥,2825,평일,6:00,6.2
2023,8,하선,신흥,2825,평일,6:00,8.4
2023,8,상선,수진,2826,평일,6:00,4.1
2023,8,하선,수진,2826,평일,6:00,9.5
2023,8,상선,모란,2827,평일,6:00,2.3
2023,8,하선,모란,2827,평일,6:00,0.0
2023,8,상선,암사,2811,토요일,6:00,0.0
2023,8,하선,암사,2811,토요일,6:00,8.0
2023,8,상선,천호,2812,토요일,6:00,2.4
2023,8,하선,천호,2812,토요일,6:00,18.8
2023,8,상선,강동구청,2813,토요일,6:00,13.2
2023,8,하선,강동구청,2813,토요일,6:00,21.0
2023,8,상선,몽촌토성,2814,토요일,6:00,13.9
2023,8,하선,몽촌토성,2814,토요일,6:00,20.6
2023,8,상선,잠실,2815,토요일,6:00,17.0
2023,8,하선,잠실,2815,토요일,6:00,22.7
2023,8,상선,석촌,2816,토요일,6:00,19.3
2023,8,하선,석촌,2816,토요일,6:00,25.1
2023,8,상선,송파,2817,토요일,6:00,22.9
2023,8,하선,송파,2817,토요일,6:00,23.1
2023,8,상선,가락시장,2818,토요일,6:00,22.0
2023,8,하선,가락시장,2818,토요일,6:00,19.3
2023,8,상선,문정,2819,토요일,6:00,22.8
2023,8,하선,문정,2819,토요일,6:00,14.7
2023,8,상선,장지,2820,토요일,6:00,22.3
2023,8,하선,장지,2820,토요일,6:00,12.3
2023,8,상선,복정,2821,토요일,6:00,16.6
2023,8,하선,복정,2821,토요일,6:00,8.1
2023,8,상선,산성,2822,토요일,6:00,13.1
2023,8,하선,산성,2822,토요일,6:00,5.9
2023,8,상선,남한산성입구,2823,토요일,6:00,10.9
2023,8,하선,남한산성입구,2823,토요일,6:00,6.1
2023,8,상선,단대오거리,2824,토요일,6:00,8.0
2023,8,하선,단대오거리,2824,토요일,6:00,5.4
2023,8,상선,신흥,2825,토요일,6:00,4.5
2023,8,하선,신흥,2825,토요일,6:00,4.9
2023,8,상선,수진,2826,토요일,6:00,3.0
2023,8,하선,수진,2826,토요일,6:00,6.5
2023,8,상선,모란,2827,토요일,6:00,1.7
2023,8,하선,모란,2827,토요일,6:00,0.0
2023,8,상선,암사,2811,일요일,6:00,0.0
2023,8,하선,암사,2811,일요일,6:00,5.2
2023,8,상선,천호,2812,일요일,6:00,1.9
2023,8,하선,천호,2812,일요일,6:00,11.9
2023,8,상선,강동구청,2813,일요일,6:00,6.1
2023,8,하선,강동구청,2813,일요일,6:00,13.3
2023,8,상선,몽촌토성,2814,일요일,6:00,6.5
2023,8,하선,몽촌토성,2814,일요일,6:00,13.3
2023,8,상선,잠실,2815,일요일,6:00,7.1
2023,8,하선,잠실,2815,일요일,6:00,12.4
2023,8,상선,석촌,2816,일요일,6:00,9.0
2023,8,하선,석촌,2816,일요일,6:00,10.2
2023,8,상선,송파,2817,일요일,6:00,10.4
2023,8,하선,송파,2817,일요일,6:00,10.1
2023,8,상선,가락시장,2818,일요일,6:00,10.6
2023,8,하선,가락시장,2818,일요일,6:00,8.6
2023,8,상선,문정,2819,일요일,6:00,10.6
2023,8,하선,문정,2819,일요일,6:00,7.3
2023,8,상선,장지,2820,일요일,6:00,10.1
2023,8,하선,장지,2820,일요일,6:00,6.8
2023,8,상선,복정,2821,일요일,6:00,8.7
2023,8,하선,복정,2821,일요일,6:00,3.4
2023,8,상선,산성,2822,일요일,6:00,7.3
2023,8,하선,산성,2822,일요일,6:00,3.4
2023,8,상선,남한산성입구,2823,일요일,6:00,5.9
2023,8,하선,남한산성입구,2823,일요일,6:00,3.3
2023,8,상선,단대오거리,2824,일요일,6:00,4.2
2023,8,하선,단대오거리,2824,일요일,6:00,3.2
2023,8,상선,신흥,2825,일요일,6:00,2.7
2023,8,하선,신흥,2825,일요일,6:00,3.2
2023,8,상선,수진,2826,일요일,6:00,1.8
2023,8,하선,수진,2826,일요일,6:00,4.3
2023,8,상선,모란,2827,일요일,6:00,0.8
202403,8,상선,암사,2811,평일,6:00,0.0
202403,8,하선,암사,2811,평일,6:00,14.9
202403,8,상선,천호,2812,평일,6:00,2.6
202403,8,하선,천호,2812,평일,6:00,37.1
202403,8,상선,강동구청,2813,평일,6:00,16.6
202403,8,하선,강동구청,2813,평일,6:00,41.2
202403,8,상선,몽촌토성,2814,평일,6:00,17.3
202403,8,하선,몽촌토성,2814,평일,6:00,41.0
202403,8,상선,잠실,2815,평일,6:00,20.9
202403,8,하선,잠실,2815,평일,6:00,37.7
202403,8,상선,석촌,2816,평일,6:00,29.1
202403,8,하선,석촌,2816,평일,6:00,34.0
202403,8,상선,송파,2817,평일,6:00,35.2
202403,8,하선,송파,2817,평일,6:00,31.7
202403,8,상선,가락시장,2818,평일,6:00,36.0
202403,8,하선,가락시장,2818,평일,6:00,26.0
202403,8,상선,문정,2819,평일,6:00,37.7
202403,8,하선,문정,2819,평일,6:00,21.7
202403,8,상선,장지,2820,평일,6:00,36.3
202403,8,하선,장지,2820,평일,6:00,18.7
202403,8,상선,복정,2821,평일,6:00,30.1
202403,8,하선,복정,2821,평일,6:00,9.9
202403,8,상선,산성,2822,평일,6:00,26.2
202403,8,하선,산성,2822,평일,6:00,8.0
202403,8,상선,남한산성입구,2823,평일,6:00,21.7
202403,8,하선,남한산성입구,2823,평일,6:00,8.5
202403,8,상선,단대오거리,2824,평일,6:00,13.9
202403,8,하선,단대오거리,2824,평일,6:00,8.0
202403,8,상선,신흥,2825,평일,6:00,6.6
202403,8,하선,신흥,2825,평일,6:00,7.9
202403,8,상선,수진,2826,평일,6:00,4.0
202403,8,하선,수진,2826,평일,6:00,9.1
202403,8,상선,모란,2827,평일,6:00,2.4
202403,8,하선,모란,2827,평일,6:00,0.0
202403,8,상선,암사,2811,토요일,6:00,0.0
202403,8,하선,암사,2811,토요일,6:00,7.5
202403,8,상선,천호,2812,토요일,6:00,2.3
202403,8,하선,천호,2812,토요일,6:00,19.8
202403,8,상선,강동구청,2813,토요일,6:00,14.1
202403,8,하선,강동구청,2813,토요일,6:00,20.9
202403,8,상선,몽촌토성,2814,토요일,6:00,15.1
202403,8,하선,몽촌토성,2814,토요일,6:00,20.5
202403,8,상선,잠실,2815,토요일,6:00,18.1
202403,8,하선,잠실,2815,토요일,6:00,21.9
202403,8,상선,석촌,2816,토요일,6:00,21.5
202403,8,하선,석촌,2816,토요일,6:00,22.3
202403,8,상선,송파,2817,토요일,6:00,23.1
202403,8,하선,송파,2817,토요일,6:00,20.4
202403,8,상선,가락시장,2818,토요일,6:00,21.8
202403,8,하선,가락시장,2818,토요일,6:00,17.1
202403,8,상선,문정,2819,토요일,6:00,21.8
202403,8,하선,문정,2819,토요일,6:00,14.4
202403,8,상선,장지,2820,토요일,6:00,21.5
202403,8,하선,장지,2820,토요일,6:00,11.8
202403,8,상선,복정,2821,토요일,6:00,16.6
202403,8,하선,복정,2821,토요일,6:00,7.7
202403,8,상선,산성,2822,토요일,6:00,13.6
202403,8,하선,산성,2822,토요일,6:00,6.1
202403,8,상선,남한산성입구,2823,토요일,6:00,11.6
202403,8,하선,남한산성입구,2823,토요일,6:00,5.9
202403,8,상선,단대오거리,2824,토요일,6:00,7.7
202403,8,하선,단대오거리,2824,토요일,6:00,5.0
202403,8,상선,신흥,2825,토요일,6:00,4.0
202403,8,하선,신흥,2825,토요일,6:00,4.7
202403,8,상선,수진,2826,토요일,6:00,2.6
202403,8,하선,수진,2826,토요일,6:00,6.1
202403,8,상선,모란,2827,토요일,6:00,1.0
202403,8,하선,모란,2827,토요일,6:00,0.0
202403,8,상선,암사,2811,일요일,6:00,0.0
202403,8,하선,암사,2811,일요일,6:00,4.7
202403,8,상선,천호,2812,일요일,6:00,1.4
202403,8,하선,천호,2812,일요일,6:00,11.3
202403,8,상선,강동구청,2813,일요일,6:00,6.2
202403,8,하선,강동구청,2813,일요일,6:00,12.3
202403,8,상선,몽촌토성,2814,일요일,6:00,6.6
202403,8,하선,몽촌토성,2814,일요일,6:00,12.6
202403,8,상선,잠실,2815,일요일,6:00,7.1
202403,8,하선,잠실,2815,일요일,6:00,12.7
202403,8,상선,석촌,2816,일요일,6:00,8.5
202403,8,하선,석촌,2816,일요일,6:00,11.6
202403,8,상선,송파,2817,일요일,6:00,10.5
202403,8,하선,송파,2817,일요일,6:00,11.3
202403,8,상선,가락시장,2818,일요일,6:00,10.8
202403,8,하선,가락시장,2818,일요일,6:00,8.7
202403,8,상선,문정,2819,일요일,6:00,10.6
202403,8,하선,문정,2819,일요일,6:00,7.4
202403,8,상선,장지,2820,일요일,6:00,10.1
202403,8,하선,장지,2820,일요일,6:00,6.6
202403,8,상선,복정,2821,일요일,6:00,9.0
202403,8,하선,복정,2821,일요일,6:00,3.4
202403,8,상선,산성,2822,일요일,6:00,7.0
202403,8,하선,산성,2822,일요일,6:00,3.4
202403,8,상선,남한산성입구,2823,일요일,6:00,6.2
202403,8,하선,남한산성입구,2823,일요일,6:00,3.7
202403,8,상선,단대오거리,2824,일요일,6:00,4.1
202403,8,하선,단대오거리,2824,일요일,6:00,3.4
202403,8,상선,신흥,2825,일요일,6:00,2.4
202403,8,하선,신흥,2825,일요일,6:00,3.4
202403,8,상선,수진,2826,일요일,6:00,1.8
202403,8,하선,수진,2826,일요일,6:00,3.9
202403,8,상선,모란,2827,일요일,6:00,1.0
202406,8,상선,암사,2811,평일,6:00,0.0
202406,8,하선,암사,2811,평일,6:00,16.4
202406,8,상선,천호,2812,평일,6:00,3.0
202406,8,하선,천호,2812,평일,6:00,40.5
202406,8,상선,강동구청,2813,평일,6:00,17.1
202406,8,하선,강동구청,2813,평일,6:00,44.8
202406,8,상선,몽촌토성,2814,평일,6:00,17.7
202406,8,하선,몽촌토성,2814,평일,6:00,44.1
202406,8,상선,잠실,2815,평일,6:00,21.3
202406,8,하선,잠실,2815,평일,6:00,41.2
202406,8,상선,석촌,2816,평일,6:00,30.9
202406,8,하선,석촌,2816,평일,6:00,38.0
202406,8,상선,송파,2817,평일,6:00,36.5
202406,8,하선,송파,2817,평일,6:00,35.8
202406,8,상선,가락시장,2818,평일,6:00,40.4
202406,8,하선,가락시장,2818,평일,6:00,29.3
202406,8,상선,문정,2819,평일,6:00,42.5
202406,8,하선,문정,2819,평일,6:00,24.9
202406,8,상선,장지,2820,평일,6:00,40.2
202406,8,하선,장지,2820,평일,6:00,21.5
202406,8,상선,복정,2821,평일,6:00,33.9
202406,8,하선,복정,2821,평일,6:00,10.3
202406,8,상선,산성,2822,평일,6:00,29.0
202406,8,하선,산성,2822,평일,6:00,7.6
202406,8,상선,남한산성입구,2823,평일,6:00,24.2
202406,8,하선,남한산성입구,2823,평일,6:00,8.7
202406,8,상선,단대오거리,2824,평일,6:00,15.3
202406,8,하선,단대오거리,2824,평일,6:00,8.8
202406,8,상선,신흥,2825,평일,6:00,7.0
202406,8,하선,신흥,2825,평일,6:00,9.0
202406,8,상선,수진,2826,평일,6:00,4.3
202406,8,하선,수진,2826,평일,6:00,10.4
202406,8,상선,모란,2827,평일,6:00,2.3
202406,8,하선,모란,2827,평일,6:00,0.0
202406,8,상선,암사,2811,토요일,6:00,0.0
202406,8,하선,암사,2811,토요일,6:00,8.5
202406,8,상선,천호,2812,토요일,6:00,2.9
202406,8,하선,천호,2812,토요일,6:00,21.1
202406,8,상선,강동구청,2813,토요일,6:00,14.2
202406,8,하선,강동구청,2813,토요일,6:00,23.5
202406,8,상선,몽촌토성,2814,토요일,6:00,14.8
202406,8,하선,몽촌토성,2814,토요일,6:00,23.1
202406,8,상선,잠실,2815,토요일,6:00,17.8
202406,8,하선,잠실,2815,토요일,6:00,23.0
202406,8,상선,석촌,2816,토요일,6:00,21.7
202406,8,하선,석촌,2816,토요일,6:00,24.8
202406,8,상선,송파,2817,토요일,6:00,24.5
202406,8,하선,송파,2817,토요일,6:00,22.8
202406,8,상선,가락시장,2818,토요일,6:00,22.8
202406,8,하선,가락시장,2818,토요일,6:00,17.8
202406,8,상선,문정,2819,토요일,6:00,24.2
202406,8,하선,문정,2819,토요일,6:00,14.8
202406,8,상선,장지,2820,토요일,6:00,22.8
202406,8,하선,장지,2820,토요일,6:00,12.0
202406,8,상선,복정,2821,토요일,6:00,17.6
202406,8,하선,복정,2821,토요일,6:00,7.1
202406,8,상선,산성,2822,토요일,6:00,13.7
202406,8,하선,산성,2822,토요일,6:00,6.3
202406,8,상선,남한산성입구,2823,토요일,6:00,11.9
202406,8,하선,남한산성입구,2823,토요일,6:00,6.9
202406,8,상선,단대오거리,2824,토요일,6:00,8.2
202406,8,하선,단대오거리,2824,토요일,6:00,6.5
202406,8,상선,신흥,2825,토요일,6:00,4.7
202406,8,하선,신흥,2825,토요일,6:00,5.9
202406,8,상선,수진,2826,토요일,6:00,3.5
202406,8,하선,수진,2826,토요일,6:00,6.5
202406,8,상선,모란,2827,토요일,6:00,1.6
202406,8,하선,모란,2827,토요일,6:00,0.0
202406,8,상선,암사,2811,일요일,6:00,0.0
202406,8,하선,암사,2811,일요일,6:00,4.7
202406,8,상선,천호,2812,일요일,6:00,1.7
202406,8,하선,천호,2812,일요일,6:00,12.6
202406,8,상선,강동구청,2813,일요일,6:00,6.8
202406,8,하선,강동구청,2813,일요일,6:00,13.8
202406,8,상선,몽촌토성,2814,일요일,6:00,7.5
202406,8,하선,몽촌토성,2814,일요일,6:00,13.1
202406,8,상선,잠실,2815,일요일,6:00,10.1
202406,8,하선,잠실,2815,일요일,6:00,12.8
202406,8,상선,석촌,2816,일요일,6:00,10.6
202406,8,하선,석촌,2816,일요일,6:00,12.8
202406,8,상선,송파,2817,일요일,6:00,11.9
202406,8,하선,송파,2817,일요일,6:00,12.7
202406,8,상선,가락시장,2818,일요일,6:00,11.6
202406,8,하선,가락시장,2818,일요일,6:00,10.1
202406,8,상선,문정,2819,일요일,6:00,11.4
202406,8,하선,문정,2819,일요일,6:00,8.4
202406,8,상선,장지,2820,일요일,6:00,11.0
202406,8,하선,장지,2820,일요일,6:00,7.5
202406,8,상선,복정,2821,일요일,6:00,9.4
202406,8,하선,복정,2821,일요일,6:00,4.5
202406,8,상선,산성,2822,일요일,6:00,6.8
202406,8,하선,산성,2822,일요일,6:00,4.1
202406,8,상선,남한산성입구,2823,일요일,6:00,5.9
202406,8,하선,남한산성입구,2823,일요일,6:00,4.1
202406,8,상선,단대오거리,2824,일요일,6:00,3.6
202406,8,하선,단대오거리,2824,일요일,6:00,3.3
202406,8,상선,신흥,2825,일요일,6:00,2.1
202406,8,하선,신흥,2825,일요일,6:00,3.3
202406,8,상선,수진,2826,일요일,6:00,1.3
202406,8,하선,수진,2826,일요일,6:00,4.0
202406,8,상선,모란,2827,일요일,6:00,0.8
2020,8,상선,암사,2811,평일,6:30,0.0
2020,8,하선,암사,2811,평일,6:30,18.4
2020,8,상선,천호,2812,평일,6:30,2.9
2020,8,하선,천호,2812,평일,6:30,43.2
2020,8,상선,강동구청,2813,평일,6:30,11.5
2020,8,하선,강동구청,2813,평일,6:30,48.1
2020,8,상선,몽촌토성,2814,평일,6:30,12.3
2020,8,하선,몽촌토성,2814,평일,6:30,49.1
2020,8,상선,잠실,2815,평일,6:30,14.3
2020,8,하선,잠실,2815,평일,6:30,43.1
2020,8,상선,석촌,2816,평일,6:30,25.6
2020,8,하선,석촌,2816,평일,6:30,42.1
2020,8,상선,송파,2817,평일,6:30,30.6
2020,8,하선,송파,2817,평일,6:30,40.9
2020,8,상선,가락시장,2818,평일,6:30,29.7
2020,8,하선,가락시장,2818,평일,6:30,33.0
2020,8,상선,문정,2819,평일,6:30,30.8
2020,8,하선,문정,2819,평일,6:30,25.9
2020,8,상선,장지,2820,평일,6:30,29.3
2020,8,하선,장지,2820,평일,6:30,22.1
2020,8,상선,복정,2821,평일,6:30,22.6
2020,8,하선,복정,2821,평일,6:30,11.1
2020,8,상선,산성,2822,평일,6:30,18.1
2020,8,하선,산성,2822,평일,6:30,10.4
2020,8,상선,남한산성입구,2823,평일,6:30,14.8
2020,8,하선,남한산성입구,2823,평일,6:30,10.5
2020,8,상선,단대오거리,2824,평일,6:30,9.1
2020,8,하선,단대오거리,2824,평일,6:30,8.3
2020,8,상선,신흥,2825,평일,6:30,4.5
2020,8,하선,신흥,2825,평일,6:30,7.7
2020,8,상선,수진,2826,평일,6:30,3.3
2020,8,하선,수진,2826,평일,6:30,8.0
2020,8,상선,모란,2827,평일,6:30,2.1
2020,8,하선,모란,2827,평일,6:30,0.0
2020,8,상선,암사,2811,토요일,6:30,0.0
2020,8,하선,암사,2811,토요일,6:30,6.6
2020,8,상선,천호,2812,토요일,6:30,2.9
2020,8,하선,천호,2812,토요일,6:30,18.2
2020,8,상선,강동구청,2813,토요일,6:30,10.6
2020,8,하선,강동구청,2813,토요일,6:30,19.9
2020,8,상선,몽촌토성,2814,토요일,6:30,11.5
2020,8,하선,몽촌토성,2814,토요일,6:30,20.8
2020,8,상선,잠실,2815,토요일,6:30,12.7
2020,8,하선,잠실,2815,토요일,6:30,18.9
2020,8,상선,석촌,2816,토요일,6:30,17.5
2020,8,하선,석촌,2816,토요일,6:30,20.8
2020,8,상선,송파,2817,토요일,6:30,17.3
2020,8,하선,송파,2817,토요일,6:30,19.4
2020,8,상선,가락시장,2818,토요일,6:30,17.1
2020,8,하선,가락시장,2818,토요일,6:30,16.0
2020,8,상선,문정,2819,토요일,6:30,17.9
2020,8,하선,문정,2819,토요일,6:30,13.3
2020,8,상선,장지,2820,토요일,6:30,17.1
2020,8,하선,장지,2820,토요일,6:30,11.4
2020,8,상선,복정,2821,토요일,6:30,14.8
2020,8,하선,복정,2821,토요일,6:30,6.3
2020,8,상선,산성,2822,토요일,6:30,10.6
2020,8,하선,산성,2822,토요일,6:30,7.5
2020,8,상선,남한산성입구,2823,토요일,6:30,9.4
2020,8,하선,남한산성입구,2823,토요일,6:30,7.1
2020,8,상선,단대오거리,2824,토요일,6:30,6.8
2020,8,하선,단대오거리,2824,토요일,6:30,5.3
2020,8,상선,신흥,2825,토요일,6:30,4.4
2020,8,하선,신흥,2825,토요일,6:30,4.7
2020,8,상선,수진,2826,토요일,6:30,3.1
2020,8,하선,수진,2826,토요일,6:30,4.9
2020,8,상선,모란,2827,토요일,6:30,2.5
2020,8,하선,모란,2827,토요일,6:30,0.0
2020,8,상선,암사,2811,일요일,6:30,0.0
2020,8,하선,암사,2811,일요일,6:30,4.0
2020,8,상선,천호,2812,일요일,6:30,2.1
2020,8,하선,천호,2812,일요일,6:30,8.9
2020,8,상선,강동구청,2813,일요일,6:30,5.9
2020,8,하선,강동구청,2813,일요일,6:30,9.9
2020,8,상선,몽촌토성,2814,일요일,6:30,6.1
2020,8,하선,몽촌토성,2814,일요일,6:30,10.2
2020,8,상선,잠실,2815,일요일,6:30,6.3
2020,8,하선,잠실,2815,일요일,6:30,10.2
2020,8,상선,석촌,2816,일요일,6:30,7.8
2020,8,하선,석촌,2816,일요일,6:30,11.1
2020,8,상선,송파,2817,일요일,6:30,8.4
2020,8,하선,송파,2817,일요일,6:30,11.0
2020,8,상선,가락시장,2818,일요일,6:30,7.9
2021,8,상선,암사,2811,평일,6:30,0.0
2021,8,하선,암사,2811,평일,6:30,19.8
2021,8,상선,천호,2812,평일,6:30,3.5
2021,8,하선,천호,2812,평일,6:30,45.8
2021,8,상선,강동구청,2813,평일,6:30,11.7
2021,8,하선,강동구청,2813,평일,6:30,50.1
2021,8,상선,몽촌토성,2814,평일,6:30,12.3
2021,8,하선,몽촌토성,2814,평일,6:30,49.3
2021,8,상선,잠실,2815,평일,6:30,14.0
2021,8,하선,잠실,2815,평일,6:30,41.5
2021,8,상선,석촌,2816,평일,6:30,24.5
2021,8,하선,석촌,2816,평일,6:30,41.8
2021,8,상선,송파,2817,평일,6:30,28.8
2021,8,하선,송파,2817,평일,6:30,40.4
2021,8,상선,가락시장,2818,평일,6:30,28.7
2021,8,하선,가락시장,2818,평일,6:30,33.6
2021,8,상선,문정,2819,평일,6:30,29.3
2021,8,하선,문정,2819,평일,6:30,26.1
2021,8,상선,장지,2820,평일,6:30,28.3
2021,8,하선,장지,2820,평일,6:30,21.4
2021,8,상선,복정,2821,평일,6:30,22.2
2021,8,하선,복정,2821,평일,6:30,10.8
2021,8,상선,산성,2822,평일,6:30,17.2
2021,8,하선,산성,2822,평일,6:30,11.0
2021,8,상선,남한산성입구,2823,평일,6:30,14.4
2021,8,하선,남한산성입구,2823,평일,6:30,11.0
2021,8,상선,단대오거리,2824,평일,6:30,9.3
2021,8,하선,단대오거리,2824,평일,6:30,8.7
2021,8,상선,신흥,2825,평일,6:30,5.0
2021,8,하선,신흥,2825,평일,6:30,8.1
2021,8,상선,수진,2826,평일,6:30,3.6
2021,8,하선,수진,2826,평일,6:30,8.6
2021,8,상선,모란,2827,평일,6:30,2.1
2021,8,하선,모란,2827,평일,6:30,0.0
2021,8,상선,암사,2811,토요일,6:30,0.0
2021,8,하선,암사,2811,토요일,6:30,7.8
2021,8,상선,천호,2812,토요일,6:30,2.4
2021,8,하선,천호,2812,토요일,6:30,23.5
2021,8,상선,강동구청,2813,토요일,6:30,9.8
2021,8,하선,강동구청,2813,토요일,6:30,25.3
2021,8,상선,몽촌토성,2814,토요일,6:30,10.3
2021,8,하선,몽촌토성,2814,토요일,6:30,25.0
2021,8,상선,잠실,2815,토요일,6:30,12.3
2021,8,하선,잠실,2815,토요일,6:30,20.8
2021,8,상선,석촌,2816,토요일,6:30,18.7
2021,8,하선,석촌,2816,토요일,6:30,23.3
2021,8,상선,송파,2817,토요일,6:30,19.8
2021,8,하선,송파,2817,토요일,6:30,22.4
2021,8,상선,가락시장,2818,토요일,6:30,19.2
2021,8,하선,가락시장,2818,토요일,6:30,19.9
2021,8,상선,문정,2819,토요일,6:30,19.8
2021,8,하선,문정,2819,토요일,6:30,16.6
2021,8,상선,장지,2820,토요일,6:30,18.8
2021,8,하선,장지,2820,토요일,6:30,13.6
2021,8,상선,복정,2821,토요일,6:30,15.7
2021,8,하선,복정,2821,토요일,6:30,6.8
2021,8,상선,산성,2822,토요일,6:30,11.3
2021,8,하선,산성,2822,토요일,6:30,7.6
2021,8,상선,남한산성입구,2823,토요일,6:30,9.9
2021,8,하선,남한산성입구,2823,토요일,6:30,6.9
2021,8,상선,단대오거리,2824,토요일,6:30,7.1
2021,8,하선,단대오거리,2824,토요일,6:30,5.8
2021,8,상선,신흥,2825,토요일,6:30,4.3
2021,8,하선,신흥,2825,토요일,6:30,4.8
2021,8,상선,수진,2826,토요일,6:30,3.9
2021,8,하선,수진,2826,토요일,6:30,5.2
2021,8,상선,모란,2827,토요일,6:30,2.9
2021,8,하선,모란,2827,토요일,6:30,0.0
2022,8,상선,암사,2811,평일,6:30,0.0
2022,8,하선,암사,2811,평일,6:30,23.5
2022,8,상선,천호,2812,평일,6:30,3.5
2022,8,하선,천호,2812,평일,6:30,53.0
2022,8,상선,강동구청,2813,평일,6:30,14.1
2022,8,하선,강동구청,2813,평일,6:30,59.0
2022,8,상선,몽촌토성,2814,평일,6:30,15.5
2022,8,하선,몽촌토성,2814,평일,6:30,59.7
2022,8,상선,잠실,2815,평일,6:30,17.4
2022,8,하선,잠실,2815,평일,6:30,51.2
2022,8,상선,석촌,2816,평일,6:30,33.8
2022,8,하선,석촌,2816,평일,6:30,46.9
2022,8,상선,송파,2817,평일,6:30,40.6
2022,8,하선,송파,2817,평일,6:30,46.1
2022,8,상선,가락시장,2818,평일,6:30,39.0
2022,8,하선,가락시장,2818,평일,6:30,40.3
2022,8,상선,문정,2819,평일,6:30,39.7
2022,8,하선,문정,2819,평일,6:30,33.6
2022,8,상선,장지,2820,평일,6:30,38.1
2022,8,하선,장지,2820,평일,6:30,29.0
2022,8,상선,복정,2821,평일,6:30,30.3
2022,8,하선,복정,2821,평일,6:30,14.0
2022,8,상선,산성,2822,평일,6:30,23.9
2022,8,하선,산성,2822,평일,6:30,11.0
2022,8,상선,남한산성입구,2823,평일,6:30,19.5
2022,8,하선,남한산성입구,2823,평일,6:30,11.9
2022,8,상선,단대오거리,2824,평일,6:30,11.5
2022,8,하선,단대오거리,2824,평일,6:30,10.8
2022,8,상선,신흥,2825,평일,6:30,5.6
2022,8,하선,신흥,2825,평일,6:30,11.2
2022,8,상선,수진,2826,평일,6:30,3.5
2022,8,하선,수진,2826,평일,6:30,11.2
2022,8,상선,모란,2827,평일,6:30,2.1
2022,8,하선,모란,2827,평일,6:30,0.0
2022,8,상선,암사,2811,토요일,6:30,0.0
2022,8,하선,암사,2811,토요일,6:30,7.3
2022,8,상선,천호,2812,토요일,6:30,2.7
2022,8,하선,천호,2812,토요일,6:30,20.5
2022,8,상선,강동구청,2813,토요일,6:30,10.3
2022,8,하선,강동구청,2813,토요일,6:30,21.8
2022,8,상선,몽촌토성,2814,토요일,6:30,11.0
2022,8,하선,몽촌토성,2814,토요일,6:30,21.9
2022,8,상선,잠실,2815,토요일,6:30,12.6
2022,8,하선,잠실,2815,토요일,6:30,18.7
2022,8,상선,석촌,2816,토요일,6:30,19.2
2022,8,하선,석촌,2816,토요일,6:30,21.4
2022,8,상선,송파,2817,토요일,6:30,19.9
2022,8,하선,송파,2817,토요일,6:30,20.6
2022,8,상선,가락시장,2818,토요일,6:30,19.4
2022,8,하선,가락시장,2818,토요일,6:30,17.7
2022,8,상선,문정,2819,토요일,6:30,20.2
2022,8,하선,문정,2819,토요일,6:30,14.4
2022,8,상선,장지,2820,토요일,6:30,18.7
2022,8,하선,장지,2820,토요일,6:30,11.8
2022,8,상선,복정,2821,토요일,6:30,16.4
2022,8,하선,복정,2821,토요일,6:30,6.5
2022,8,상선,산성,2822,토요일,6:30,11.5
2022,8,하선,산성,2822,토요일,6:30,5.8
2022,8,상선,남한산성입구,2823,토요일,6:30,10.0
2022,8,하선,남한산성입구,2823,토요일,6:30,5.6
2022,8,상선,단대오거리,2824,토요일,6:30,7.3
2022,8,하선,단대오거리,2824,토요일,6:30,5.5
2022,8,상선,신흥,2825,토요일,6:30,4.1
2022,8,하선,신흥,2825,토요일,6:30,5.1
2022,8,상선,암사,2811,공휴일,6:30,0.0
2022,8,하선,암사,2811,공휴일,6:30,3.8
2022,8,상선,천호,2812,공휴일,6:30,2.5
2022,8,하선,천호,2812,공휴일,6:30,10.3
2022,8,상선,강동구청,2813,공휴일,6:30,6.4
2022,8,하선,강동구청,2813,공휴일,6:30,9.9
2022,8,상선,몽촌토성,2814,공휴일,6:30,6.7
2022,8,하선,몽촌토성,2814,공휴일,6:30,10.1
2022,8,상선,잠실,2815,공휴일,6:30,7.0
2022,8,하선,잠실,2815,공휴일,6:30,9.4
2022,8,상선,석촌,2816,공휴일,6:30,8.9
2022,8,하선,석촌,2816,공휴일,6:30,10.7
2022,8,상선,송파,2817,공휴일,6:30,10.0
2022,8,하선,송파,2817,공휴일,6:30,10.9
2022,8,상선,가락시장,2818,공휴일,6:30,9.6
2022,8,하선,가락시장,2818,공휴일,6:30,9.4
2022,8,상선,문정,2819,공휴일,6:30,9.6
2022,8,하선,문정,2819,공휴일,6:30,8.5
2022,8,상선,장지,2820,공휴일,6:30,9.3
2022,8,하선,장지,2820,공휴일,6:30,7.2
2022,8,상선,복정,2821,공휴일,6:30,7.9
2022,8,하선,복정,2821,공휴일,6:30,3.8
2022,8,상선,산성,2822,공휴일,6:30,6.3
2022,8,하선,산성,2822,공휴일,6:30,3.3
2022,8,상선,남한산성입구,2823,공휴일,6:30,5.8
2022,8,하선,남한산성입구,2823,공휴일,6:30,3.7
2022,8,상선,단대오거리,2824,공휴일,6:30,4.2
2022,8,하선,단대오거리,2824,공휴일,6:30,3.0
2022,8,상선,신흥,2825,공휴일,6:30,3.1
2022,8,하선,신흥,2825,공휴일,6:30,3.1
2022,8,상선,수진,2826,공휴일,6:30,2.5
2022,8,하선,수진,2826,공휴일,6:30,3.5
2022,8,상선,모란,2827,공휴일,6:30,2.3
2022,8,하선,모란,2827,공휴일,6:30,0.0
2023,8,상선,암사,2811,평일,6:30,0.0
2023,8,하선,암사,2811,평일,6:30,24.0
2023,8,상선,천호,2812,평일,6:30,3.2
2023,8,하선,천호,2812,평일,6:30,55.7
2023,8,상선,강동구청,2813,평일,6:30,14.9
2023,8,하선,강동구청,2813,평일,6:30,60.6
2023,8,상선,몽촌토성,2814,평일,6:30,15.6
2023,8,하선,몽촌토성,2814,평일,6:30,61.6
2023,8,상선,잠실,2815,평일,6:30,18.1
2023,8,하선,잠실,2815,평일,6:30,53.4
2023,8,상선,석촌,2816,평일,6:30,36.7
2023,8,하선,석촌,2816,평일,6:30,49.1
2023,8,상선,송파,2817,평일,6:30,44.2
2023,8,하선,송파,2817,평일,6:30,47.6
2023,8,상선,가락시장,2818,평일,6:30,43.3
2023,8,하선,가락시장,2818,평일,6:30,40.9
2023,8,상선,문정,2819,평일,6:30,45.5
2023,8,하선,문정,2819,평일,6:30,33.0
2023,8,상선,장지,2820,평일,6:30,43.3
2023,8,하선,장지,2820,평일,6:30,29.3
2023,8,상선,복정,2821,평일,6:30,34.9
2023,8,하선,복정,2821,평일,6:30,12.6
2023,8,상선,산성,2822,평일,6:30,28.5
2023,8,하선,산성,2822,평일,6:30,11.0
2023,8,상선,남한산성입구,2823,평일,6:30,23.3
2023,8,하선,남한산성입구,2823,평일,6:30,12.0
2023,8,상선,단대오거리,2824,평일,6:30,14.9
2023,8,하선,단대오거리,2824,평일,6:30,11.1
2023,8,상선,신흥,2825,평일,6:30,6.5
2023,8,하선,신흥,2825,평일,6:30,11.2
2023,8,상선,수진,2826,평일,6:30,3.5
2023,8,하선,수진,2826,평일,6:30,10.8
2023,8,상선,모란,2827,평일,6:30,2.1
2023,8,하선,모란,2827,평일,6:30,0.0
2023,8,상선,암사,2811,토요일,6:30,0.0
2023,8,하선,암사,2811,토요일,6:30,7.3
2023,8,상선,천호,2812,토요일,6:30,2.2
2023,8,하선,천호,2812,토요일,6:30,21.0
2023,8,상선,강동구청,2813,토요일,6:30,8.8
2023,8,하선,강동구청,2813,토요일,6:30,22.3
2023,8,상선,몽촌토성,2814,토요일,6:30,9.7
2023,8,하선,몽촌토성,2814,토요일,6:30,22.5
2023,8,상선,잠실,2815,토요일,6:30,11.3
2023,8,하선,잠실,2815,토요일,6:30,21.2
2023,8,상선,석촌,2816,토요일,6:30,19.8
2023,8,하선,석촌,2816,토요일,6:30,20.8
2023,8,상선,송파,2817,토요일,6:30,20.9
2023,8,하선,송파,2817,토요일,6:30,19.3
2023,8,상선,가락시장,2818,토요일,6:30,20.2
2023,8,하선,가락시장,2818,토요일,6:30,15.4
2023,8,상선,문정,2819,토요일,6:30,20.4
2023,8,하선,문정,2819,토요일,6:30,12.4
2023,8,상선,장지,2820,토요일,6:30,17.2
2023,8,하선,장지,2820,토요일,6:30,10.1
2023,8,상선,복정,2821,토요일,6:30,15.0
2023,8,하선,복정,2821,토요일,6:30,5.8
2023,8,상선,산성,2822,토요일,6:30,11.1
2023,8,하선,산성,2822,토요일,6:30,5.6
2023,8,상선,남한산성입구,2823,토요일,6:30,10.8
2023,8,하선,남한산성입구,2823,토요일,6:30,5.9
2023,8,상선,단대오거리,2824,토요일,6:30,7.5
2023,8,하선,단대오거리,2824,토요일,6:30,6.1
2023,8,상선,신흥,2825,토요일,6:30,3.7
2023,8,하선,신흥,2825,토요일,6:30,5.7
2023,8,상선,수진,2826,토요일,6:30,2.7
2023,8,하선,수진,2826,토요일,6:30,5.2
2023,8,상선,모란,2827,토요일,6:30,2.2
2023,8,하선,모란,2827,토요일,6:30,0.0
2023,8,상선,암사,2811,일요일,6:30,0.0
2023,8,하선,암사,2811,일요일,6:30,4.2
2023,8,상선,천호,2812,일요일,6:30,2.1
2023,8,하선,천호,2812,일요일,6:30,12.1
2023,8,상선,강동구청,2813,일요일,6:30,6.3
2023,8,하선,강동구청,2813,일요일,6:30,12.0
2023,8,상선,몽촌토성,2814,일요일,6:30,6.9
2023,8,하선,몽촌토성,2814,일요일,6:30,12.1
2023,8,상선,잠실,2815,일요일,6:30,7.7
2023,8,하선,잠실,2815,일요일,6:30,11.9
2023,8,상선,석촌,2816,일요일,6:30,11.3
2023,8,하선,석촌,2816,일요일,6:30,13.5
2023,8,상선,송파,2817,일요일,6:30,12.3
2023,8,하선,송파,2817,일요일,6:30,13.7
2023,8,상선,가락시장,2818,일요일,6:30,11.8
2023,8,하선,가락시장,2818,일요일,6:30,11.8
2023,8,상선,문정,2819,일요일,6:30,12.0
2023,8,하선,문정,2819,일요일,6:30,9.2
2023,8,상선,장지,2820,일요일,6:30,11.4
2023,8,하선,장지,2820,일요일,6:30,7.7
2023,8,상선,복정,2821,일요일,6:30,10.1
2023,8,하선,복정,2821,일요일,6:30,4.6
2023,8,상선,산성,2822,일요일,6:30,8.5
2023,8,하선,산성,2822,일요일,6:30,3.5
2023,8,상선,남한산성입구,2823,일요일,6:30,7.1
2023,8,하선,남한산성입구,2823,일요일,6:30,4.1
2023,8,상선,단대오거리,2824,일요일,6:30,5.2
2023,8,하선,단대오거리,2824,일요일,6:30,3.7
2023,8,상선,신흥,2825,일요일,6:30,4.0
2023,8,하선,신흥,2825,일요일,6:30,3.8
2023,8,상선,수진,2826,일요일,6:30,2.9
2023,8,하선,수진,2826,일요일,6:30,3.4
2023,8,상선,모란,2827,일요일,6:30,2.5
202403,8,상선,암사,2811,평일,6:30,0.0
202403,8,하선,암사,2811,평일,6:30,24.8
202403,8,상선,천호,2812,평일,6:30,3.5
202403,8,하선,천호,2812,평일,6:30,57.3
202403,8,상선,강동구청,2813,평일,6:30,15.5
202403,8,하선,강동구청,2813,평일,6:30,63.9
202403,8,상선,몽촌토성,2814,평일,6:30,16.5
202403,8,하선,몽촌토성,2814,평일,6:30,65.1
202403,8,상선,잠실,2815,평일,6:30,18.5
202403,8,하선,잠실,2815,평일,6:30,53.0
202403,8,상선,석촌,2816,평일,6:30,40.2
202403,8,하선,석촌,2816,평일,6:30,47.9
202403,8,상선,송파,2817,평일,6:30,47.7
202403,8,하선,송파,2817,평일,6:30,46.6
202403,8,상선,가락시장,2818,평일,6:30,44.9
202403,8,하선,가락시장,2818,평일,6:30,39.4
202403,8,상선,문정,2819,평일,6:30,48.2
202403,8,하선,문정,2819,평일,6:30,32.2
202403,8,상선,장지,2820,평일,6:30,45.9
202403,8,하선,장지,2820,평일,6:30,28.8
202403,8,상선,복정,2821,평일,6:30,37.3
202403,8,하선,복정,2821,평일,6:30,11.5
202403,8,상선,산성,2822,평일,6:30,30.6
202403,8,하선,산성,2822,평일,6:30,9.5
202403,8,상선,남한산성입구,2823,평일,6:30,24.7
202403,8,하선,남한산성입구,2823,평일,6:30,10.8
202403,8,상선,단대오거리,2824,평일,6:30,15.4
202403,8,하선,단대오거리,2824,평일,6:30,10.2
202403,8,상선,신흥,2825,평일,6:30,6.6
202403,8,하선,신흥,2825,평일,6:30,10.4
202403,8,상선,수진,2826,평일,6:30,3.6
202403,8,하선,수진,2826,평일,6:30,11.1
202403,8,상선,모란,2827,평일,6:30,1.9
202403,8,하선,모란,2827,평일,6:30,0.0
202403,8,상선,암사,2811,토요일,6:30,0.0
202403,8,하선,암사,2811,토요일,6:30,7.8
202403,8,상선,천호,2812,토요일,6:30,2.4
202403,8,하선,천호,2812,토요일,6:30,19.1
202403,8,상선,강동구청,2813,토요일,6:30,9.1
202403,8,하선,강동구청,2813,토요일,6:30,20.0
202403,8,상선,몽촌토성,2814,토요일,6:30,9.9
202403,8,하선,몽촌토성,2814,토요일,6:30,19.9
202403,8,상선,잠실,2815,토요일,6:30,10.9
202403,8,하선,잠실,2815,토요일,6:30,19.5
202403,8,상선,석촌,2816,토요일,6:30,17.0
202403,8,하선,석촌,2816,토요일,6:30,21.1
202403,8,상선,송파,2817,토요일,6:30,19.9
202403,8,하선,송파,2817,토요일,6:30,20.4
202403,8,상선,가락시장,2818,토요일,6:30,19.2
202403,8,하선,가락시장,2818,토요일,6:30,16.7
202403,8,상선,문정,2819,토요일,6:30,19.6
202403,8,하선,문정,2819,토요일,6:30,13.5
202403,8,상선,장지,2820,토요일,6:30,18.5
202403,8,하선,장지,2820,토요일,6:30,10.7
202403,8,상선,복정,2821,토요일,6:30,16.3
202403,8,하선,복정,2821,토요일,6:30,5.3
202403,8,상선,산성,2822,토요일,6:30,11.1
202403,8,하선,산성,2822,토요일,6:30,4.4
202403,8,상선,남한산성입구,2823,토요일,6:30,10.6
202403,8,하선,남한산성입구,2823,토요일,6:30,5.0
202403,8,상선,단대오거리,2824,토요일,6:30,7.4
202403,8,하선,단대오거리,2824,토요일,6:30,4.5
202403,8,상선,신흥,2825,토요일,6:30,4.6
202403,8,하선,신흥,2825,토요일,6:30,4.5
202403,8,상선,수진,2826,토요일,6:30,3.5
202403,8,하선,수진,2826,토요일,6:30,4.8
202403,8,상선,모란,2827,토요일,6:30,2.9
202403,8,하선,모란,2827,토요일,6:30,0.0
202403,8,상선,암사,2811,일요일,6:30,0.0
202403,8,하선,암사,2811,일요일,6:30,4.3
202403,8,상선,천호,2812,일요일,6:30,1.7
202403,8,하선,천호,2812,일요일,6:30,10.6
202403,8,상선,강동구청,2813,일요일,6:30,5.8
202403,8,하선,강동구청,2813,일요일,6:30,10.4
202403,8,상선,몽촌토성,2814,일요일,6:30,6.5
202403,8,하선,몽촌토성,2814,일요일,6:30,10.6
202403,8,상선,잠실,2815,일요일,6:30,6.8
202403,8,하선,잠실,2815,일요일,6:30,10.7
202403,8,상선,석촌,2816,일요일,6:30,10.8
202403,8,하선,석촌,2816,일요일,6:30,12.0
202403,8,상선,송파,2817,일요일,6:30,12.1
202403,8,하선,송파,2817,일요일,6:30,12.5
202403,8,상선,가락시장,2818,일요일,6:30,11.3
202403,8,하선,가락시장,2818,일요일,6:30,10.9
202403,8,상선,문정,2819,일요일,6:30,11.3
202403,8,하선,문정,2819,일요일,6:30,9.1
202403,8,상선,장지,2820,일요일,6:30,10.0
202403,8,하선,장지,2820,일요일,6:30,7.3
202403,8,상선,복정,2821,일요일,6:30,8.3
202403,8,하선,복정,2821,일요일,6:30,4.4
202403,8,상선,산성,2822,일요일,6:30,6.8
202403,8,하선,산성,2822,일요일,6:30,3.6
202403,8,상선,남한산성입구,2823,일요일,6:30,6.2
202403,8,하선,남한산성입구,2823,일요일,6:30,3.7
202403,8,상선,단대오거리,2824,일요일,6:30,4.3
202403,8,하선,단대오거리,2824,일요일,6:30,3.2
202403,8,상선,신흥,2825,일요일,6:30,3.0
202403,8,하선,신흥,2825,일요일,6:30,3.1
202403,8,상선,수진,2826,일요일,6:30,2.4
202403,8,하선,수진,2826,일요일,6:30,3.6
202403,8,상선,모란,2827,일요일,6:30,2.2
202406,8,상선,암사,2811,평일,6:30,0.0
202406,8,하선,암사,2811,평일,6:30,24.5
202406,8,상선,천호,2812,평일,6:30,3.9
202406,8,하선,천호,2812,평일,6:30,57.4
202406,8,상선,강동구청,2813,평일,6:30,16.8
202406,8,하선,강동구청,2813,평일,6:30,64.1
202406,8,상선,몽촌토성,2814,평일,6:30,17.5
202406,8,하선,몽촌토성,2814,평일,6:30,64.9
202406,8,상선,잠실,2815,평일,6:30,19.7
202406,8,하선,잠실,2815,평일,6:30,55.4
202406,8,상선,석촌,2816,평일,6:30,42.9
202406,8,하선,석촌,2816,평일,6:30,49.2
202406,8,상선,송파,2817,평일,6:30,51.5
202406,8,하선,송파,2817,평일,6:30,47.9
202406,8,상선,가락시장,2818,평일,6:30,47.1
202406,8,하선,가락시장,2818,평일,6:30,41.6
202406,8,상선,문정,2819,평일,6:30,50.1
202406,8,하선,문정,2819,평일,6:30,33.7
202406,8,상선,장지,2820,평일,6:30,48.6
202406,8,하선,장지,2820,평일,6:30,29.6
202406,8,상선,복정,2821,평일,6:30,40.0
202406,8,하선,복정,2821,평일,6:30,13.1
202406,8,상선,산성,2822,평일,6:30,32.6
202406,8,하선,산성,2822,평일,6:30,10.4
202406,8,상선,남한산성입구,2823,평일,6:30,26.4
202406,8,하선,남한산성입구,2823,평일,6:30,11.9
202406,8,상선,단대오거리,2824,평일,6:30,16.3
202406,8,하선,단대오거리,2824,평일,6:30,11.1
202406,8,상선,신흥,2825,평일,6:30,7.2
202406,8,하선,신흥,2825,평일,6:30,11.5
202406,8,상선,수진,2826,평일,6:30,3.9
202406,8,하선,수진,2826,평일,6:30,12.2
202406,8,상선,모란,2827,평일,6:30,2.1
202406,8,하선,모란,2827,평일,6:30,0.0
202406,8,상선,암사,2811,토요일,6:30,0.0
202406,8,하선,암사,2811,토요일,6:30,9.1
202406,8,상선,천호,2812,토요일,6:30,3.0
202406,8,하선,천호,2812,토요일,6:30,23.4
202406,8,상선,강동구청,2813,토요일,6:30,11.7
202406,8,하선,강동구청,2813,토요일,6:30,23.8
202406,8,상선,몽촌토성,2814,토요일,6:30,12.3
202406,8,하선,몽촌토성,2814,토요일,6:30,24.0
202406,8,상선,잠실,2815,토요일,6:30,13.9
202406,8,하선,잠실,2815,토요일,6:30,22.2
202406,8,상선,석촌,2816,토요일,6:30,21.3
202406,8,하선,석촌,2816,토요일,6:30,21.3
202406,8,상선,송파,2817,토요일,6:30,23.9
202406,8,하선,송파,2817,토요일,6:30,21.4
202406,8,상선,가락시장,2818,토요일,6:30,23.3
202406,8,하선,가락시장,2818,토요일,6:30,18.5
202406,8,상선,문정,2819,토요일,6:30,23.4
202406,8,하선,문정,2819,토요일,6:30,15.9
202406,8,상선,장지,2820,토요일,6:30,22.7
202406,8,하선,장지,2820,토요일,6:30,13.4
202406,8,상선,복정,2821,토요일,6:30,18.6
202406,8,하선,복정,2821,토요일,6:30,7.5
202406,8,상선,산성,2822,토요일,6:30,13.5
202406,8,하선,산성,2822,토요일,6:30,5.4
202406,8,상선,남한산성입구,2823,토요일,6:30,11.5
202406,8,하선,남한산성입구,2823,토요일,6:30,6.3
202406,8,상선,단대오거리,2824,토요일,6:30,8.4
202406,8,하선,단대오거리,2824,토요일,6:30,6.3
202406,8,상선,신흥,2825,토요일,6:30,5.0
202406,8,하선,신흥,2825,토요일,6:30,5.9
202406,8,상선,수진,2826,토요일,6:30,3.8
202406,8,하선,수진,2826,토요일,6:30,5.9
202406,8,상선,모란,2827,토요일,6:30,2.9
202406,8,하선,모란,2827,토요일,6:30,0.0
202406,8,상선,암사,2811,일요일,6:30,0.0
202406,8,하선,암사,2811,일요일,6:30,4.2
202406,8,상선,천호,2812,일요일,6:30,2.2
202406,8,하선,천호,2812,일요일,6:30,15.9
202406,8,상선,강동구청,2813,일요일,6:30,8.1
202406,8,하선,강동구청,2813,일요일,6:30,13.3
202406,8,상선,몽촌토성,2814,일요일,6:30,8.4
202406,8,하선,몽촌토성,2814,일요일,6:30,10.1
202406,8,상선,잠실,2815,일요일,6:30,19.7
202406,8,하선,잠실,2815,일요일,6:30,10.7
202406,8,상선,석촌,2816,일요일,6:30,17.0
202406,8,하선,석촌,2816,일요일,6:30,11.1
202406,8,상선,송파,2817,일요일,6:30,17.8
202406,8,하선,송파,2817,일요일,6:30,11.7
202406,8,상선,가락시장,2818,일요일,6:30,16.6
202406,8,하선,가락시장,2818,일요일,6:30,10.3
202406,8,상선,문정,2819,일요일,6:30,15.6
202406,8,하선,문정,2819,일요일,6:30,8.9
202406,8,상선,장지,2820,일요일,6:30,15.8
202406,8,하선,장지,2820,일요일,6:30,7.3
202406,8,상선,복정,2821,일요일,6:30,13.0
202406,8,하선,복정,2821,일요일,6:30,4.2
202406,8,상선,산성,2822,일요일,6:30,7.9
202406,8,하선,산성,2822,일요일,6:30,3.9
202406,8,상선,남한산성입구,2823,일요일,6:30,6.7
202406,8,하선,남한산성입구,2823,일요일,6:30,3.8
202406,8,상선,단대오거리,2824,일요일,6:30,4.8
202406,8,하선,단대오거리,2824,일요일,6:30,3.6
202406,8,상선,신흥,2825,일요일,6:30,3.8
202406,8,하선,신흥,2825,일요일,6:30,3.6
202406,8,상선,수진,2826,일요일,6:30,2.8
202406,8,하선,수진,2826,일요일,6:30,4.0
202406,8,상선,모란,2827,일요일,6:30,2.0
2020,8,상선,암사,2811,평일,7:00,0.0
2020,8,하선,암사,2811,평일,7:00,25.8
2020,8,상선,천호,2812,평일,7:00,2.8
2020,8,하선,천호,2812,평일,7:00,56.0
2020,8,상선,강동구청,2813,평일,7:00,14.2
2020,8,하선,강동구청,2813,평일,7:00,62.5
2020,8,상선,몽촌토성,2814,평일,7:00,14.7
2020,8,하선,몽촌토성,2814,평일,7:00,60.3
2020,8,상선,잠실,2815,평일,7:00,16.0
2020,8,하선,잠실,2815,평일,7:00,49.5
2020,8,상선,석촌,2816,평일,7:00,36.8
2020,8,하선,석촌,2816,평일,7:00,48.1
2020,8,상선,송파,2817,평일,7:00,45.1
2020,8,하선,송파,2817,평일,7:00,48.4
2020,8,상선,가락시장,2818,평일,7:00,42.0
2020,8,하선,가락시장,2818,평일,7:00,42.1
2020,8,상선,문정,2819,평일,7:00,43.6
2020,8,하선,문정,2819,평일,7:00,30.4
2020,8,상선,장지,2820,평일,7:00,42.9
2020,8,하선,장지,2820,평일,7:00,26.2
2020,8,상선,복정,2821,평일,7:00,33.6
2020,8,하선,복정,2821,평일,7:00,11.2
2020,8,상선,산성,2822,평일,7:00,27.2
2020,8,하선,산성,2822,평일,7:00,11.5
2020,8,상선,남한산성입구,2823,평일,7:00,21.0
2020,8,하선,남한산성입구,2823,평일,7:00,11.2
2020,8,상선,단대오거리,2824,평일,7:00,11.9
2020,8,하선,단대오거리,2824,평일,7:00,9.6
2020,8,상선,신흥,2825,평일,7:00,5.3
2020,8,하선,신흥,2825,평일,7:00,10.1
2020,8,상선,수진,2826,평일,7:00,3.5
2020,8,하선,수진,2826,평일,7:00,10.8
2020,8,상선,모란,2827,평일,7:00,1.5
2020,8,하선,모란,2827,평일,7:00,0.0
2020,8,상선,암사,2811,토요일,7:00,0.0
2020,8,하선,암사,2811,토요일,7:00,9.4
2020,8,상선,천호,2812,토요일,7:00,2.9
2020,8,하선,천호,2812,토요일,7:00,20.5
2020,8,상선,강동구청,2813,토요일,7:00,7.9
2020,8,하선,강동구청,2813,토요일,7:00,22.4
2020,8,상선,몽촌토성,2814,토요일,7:00,9.7
2020,8,하선,몽촌토성,2814,토요일,7:00,20.4
2020,8,상선,잠실,2815,토요일,7:00,11.2
2020,8,하선,잠실,2815,토요일,7:00,19.0
2020,8,상선,석촌,2816,토요일,7:00,16.9
2020,8,하선,석촌,2816,토요일,7:00,20.5
2020,8,상선,송파,2817,토요일,7:00,21.3
2020,8,하선,송파,2817,토요일,7:00,18.2
2020,8,상선,가락시장,2818,토요일,7:00,21.0
2020,8,하선,가락시장,2818,토요일,7:00,17.3
2020,8,상선,문정,2819,토요일,7:00,21.3
2020,8,하선,문정,2819,토요일,7:00,14.8
2020,8,상선,장지,2820,토요일,7:00,19.4
2020,8,하선,장지,2820,토요일,7:00,10.8
2020,8,상선,복정,2821,토요일,7:00,16.9
2020,8,하선,복정,2821,토요일,7:00,4.9
2020,8,상선,산성,2822,토요일,7:00,15.2
2020,8,하선,산성,2822,토요일,7:00,3.9
2020,8,상선,남한산성입구,2823,토요일,7:00,12.7
2020,8,하선,남한산성입구,2823,토요일,7:00,4.1
2020,8,상선,단대오거리,2824,토요일,7:00,7.9
2020,8,하선,단대오거리,2824,토요일,7:00,4.2
2020,8,상선,신흥,2825,토요일,7:00,4.6
2020,8,하선,신흥,2825,토요일,7:00,4.5
2020,8,상선,수진,2826,토요일,7:00,3.4
2020,8,하선,수진,2826,토요일,7:00,4.7
2020,8,상선,모란,2827,토요일,7:00,1.9
2020,8,하선,모란,2827,토요일,7:00,0.0
2020,8,상선,암사,2811,일요일,7:00,0.0
2020,8,하선,암사,2811,일요일,7:00,3.7
2020,8,상선,천호,2812,일요일,7:00,1.6
2020,8,하선,천호,2812,일요일,7:00,8.7
2020,8,상선,강동구청,2813,일요일,7:00,5.7
2020,8,하선,강동구청,2813,일요일,7:00,10.0
2020,8,상선,몽촌토성,2814,일요일,7:00,5.4
2020,8,하선,몽촌토성,2814,일요일,7:00,9.7
2020,8,상선,잠실,2815,일요일,7:00,5.8
2020,8,하선,잠실,2815,일요일,7:00,8.1
2020,8,상선,석촌,2816,일요일,7:00,8.1
2020,8,하선,석촌,2816,일요일,7:00,8.8
2020,8,상선,송파,2817,일요일,7:00,9.5
2020,8,하선,송파,2817,일요일,7:00,9.7
2020,8,상선,가락시장,2818,일요일,7:00,8.4
2021,8,상선,암사,2811,평일,7:00,0.0
2021,8,하선,암사,2811,평일,7:00,24.7
2021,8,상선,천호,2812,평일,7:00,2.7
2021,8,하선,천호,2812,평일,7:00,57.4
2021,8,상선,강동구청,2813,평일,7:00,13.0
2021,8,하선,강동구청,2813,평일,7:00,62.6
2021,8,상선,몽촌토성,2814,평일,7:00,13.5
2021,8,하선,몽촌토성,2814,평일,7:00,62.5
2021,8,상선,잠실,2815,평일,7:00,15.0
2021,8,하선,잠실,2815,평일,7:00,52.2
2021,8,상선,석촌,2816,평일,7:00,36.3
2021,8,하선,석촌,2816,평일,7:00,48.5
2021,8,상선,송파,2817,평일,7:00,45.1
2021,8,하선,송파,2817,평일,7:00,48.8
2021,8,상선,가락시장,2818,평일,7:00,42.1
2021,8,하선,가락시장,2818,평일,7:00,41.9
2021,8,상선,문정,2819,평일,7:00,43.8
2021,8,하선,문정,2819,평일,7:00,34.0
2021,8,상선,장지,2820,평일,7:00,44.2
2021,8,하선,장지,2820,평일,7:00,28.3
2021,8,상선,복정,2821,평일,7:00,35.0
2021,8,하선,복정,2821,평일,7:00,11.5
2021,8,상선,산성,2822,평일,7:00,26.8
2021,8,하선,산성,2822,평일,7:00,11.4
2021,8,상선,남한산성입구,2823,평일,7:00,21.5
2021,8,하선,남한산성입구,2823,평일,7:00,11.8
2021,8,상선,단대오거리,2824,평일,7:00,12.6
2021,8,하선,단대오거리,2824,평일,7:00,10.0
2021,8,상선,신흥,2825,평일,7:00,5.6
2021,8,하선,신흥,2825,평일,7:00,9.9
2021,8,상선,수진,2826,평일,7:00,3.8
2021,8,하선,수진,2826,평일,7:00,10.9
2021,8,상선,모란,2827,평일,7:00,1.7
2021,8,하선,모란,2827,평일,7:00,0.0
2021,8,상선,암사,2811,토요일,7:00,0.0
2021,8,하선,암사,2811,토요일,7:00,7.9
2021,8,상선,천호,2812,토요일,7:00,2.4
2021,8,하선,천호,2812,토요일,7:00,20.3
2021,8,상선,강동구청,2813,토요일,7:00,9.6
2021,8,하선,강동구청,2813,토요일,7:00,20.3
2021,8,상선,몽촌토성,2814,토요일,7:00,10.6
2021,8,하선,몽촌토성,2814,토요일,7:00,21.6
2021,8,상선,잠실,2815,토요일,7:00,11.7
2021,8,하선,잠실,2815,토요일,7:00,20.6
2021,8,상선,석촌,2816,토요일,7:00,18.0
2021,8,하선,석촌,2816,토요일,7:00,21.5
2021,8,상선,송파,2817,토요일,7:00,20.3
2021,8,하선,송파,2817,토요일,7:00,20.4
2021,8,상선,가락시장,2818,토요일,7:00,17.9
2021,8,하선,가락시장,2818,토요일,7:00,16.8
2021,8,상선,문정,2819,토요일,7:00,18.1
2021,8,하선,문정,2819,토요일,7:00,14.6
2021,8,상선,장지,2820,토요일,7:00,17.0
2021,8,하선,장지,2820,토요일,7:00,10.4
2021,8,상선,복정,2821,토요일,7:00,14.1
2021,8,하선,복정,2821,토요일,7:00,4.7
2021,8,상선,산성,2822,토요일,7:00,11.2
2021,8,하선,산성,2822,토요일,7:00,4.8
2021,8,상선,남한산성입구,2823,토요일,7:00,9.9
2021,8,하선,남한산성입구,2823,토요일,7:00,5.0
2021,8,상선,단대오거리,2824,토요일,7:00,6.0
2021,8,하선,단대오거리,2824,토요일,7:00,5.2
2021,8,상선,신흥,2825,토요일,7:00,3.7
2021,8,하선,신흥,2825,토요일,7:00,4.9
2021,8,상선,수진,2826,토요일,7:00,3.1
2021,8,하선,수진,2826,토요일,7:00,5.0
2021,8,상선,모란,2827,토요일,7:00,1.9
2021,8,하선,모란,2827,토요일,7:00,0.0
2022,8,상선,암사,2811,평일,7:00,0.0
2022,8,하선,암사,2811,평일,7:00,33.8
2022,8,상선,천호,2812,평일,7:00,3.2
2022,8,하선,천호,2812,평일,7:00,69.0
2022,8,상선,강동구청,2813,평일,7:00,16.7
2022,8,하선,강동구청,2813,평일,7:00,75.9
2022,8,상선,몽촌토성,2814,평일,7:00,16.9
2022,8,하선,몽촌토성,2814,평일,7:00,78.5
2022,8,상선,잠실,2815,평일,7:00,17.0
2022,8,하선,잠실,2815,평일,7:00,64.2
2022,8,상선,석촌,2816,평일,7:00,43.6
2022,8,하선,석촌,2816,평일,7:00,66.2
2022,8,상선,송파,2817,평일,7:00,52.8
2022,8,하선,송파,2817,평일,7:00,66.4
2022,8,상선,가락시장,2818,평일,7:00,48.4
2022,8,하선,가락시장,2818,평일,7:00,57.4
2022,8,상선,문정,2819,평일,7:00,52.5
2022,8,하선,문정,2819,평일,7:00,48.1
2022,8,상선,장지,2820,평일,7:00,50.6
2022,8,하선,장지,2820,평일,7:00,41.4
2022,8,상선,복정,2821,평일,7:00,44.4
2022,8,하선,복정,2821,평일,7:00,18.8
2022,8,상선,산성,2822,평일,7:00,31.6
2022,8,하선,산성,2822,평일,7:00,14.2
2022,8,상선,남한산성입구,2823,평일,7:00,26.3
2022,8,하선,남한산성입구,2823,평일,7:00,15.4
2022,8,상선,단대오거리,2824,평일,7:00,16.3
2022,8,하선,단대오거리,2824,평일,7:00,13.6
2022,8,상선,신흥,2825,평일,7:00,8.4
2022,8,하선,신흥,2825,평일,7:00,14.4
2022,8,상선,수진,2826,평일,7:00,4.6
2022,8,하선,수진,2826,평일,7:00,15.8
2022,8,상선,모란,2827,평일,7:00,2.1
2022,8,하선,모란,2827,평일,7:00,0.0
2022,8,상선,암사,2811,토요일,7:00,0.0
2022,8,하선,암사,2811,토요일,7:00,10.3
2022,8,상선,천호,2812,토요일,7:00,3.1
2022,8,하선,천호,2812,토요일,7:00,24.5
2022,8,상선,강동구청,2813,토요일,7:00,11.3
2022,8,하선,강동구청,2813,토요일,7:00,26.1
2022,8,상선,몽촌토성,2814,토요일,7:00,11.4
2022,8,하선,몽촌토성,2814,토요일,7:00,25.2
2022,8,상선,잠실,2815,토요일,7:00,11.4
2022,8,하선,잠실,2815,토요일,7:00,23.2
2022,8,상선,석촌,2816,토요일,7:00,20.6
2022,8,하선,석촌,2816,토요일,7:00,24.4
2022,8,상선,송파,2817,토요일,7:00,22.3
2022,8,하선,송파,2817,토요일,7:00,22.9
2022,8,상선,가락시장,2818,토요일,7:00,21.6
2022,8,하선,가락시장,2818,토요일,7:00,19.0
2022,8,상선,문정,2819,토요일,7:00,21.4
2022,8,하선,문정,2819,토요일,7:00,15.8
2022,8,상선,장지,2820,토요일,7:00,20.9
2022,8,하선,장지,2820,토요일,7:00,12.1
2022,8,상선,복정,2821,토요일,7:00,18.6
2022,8,하선,복정,2821,토요일,7:00,6.4
2022,8,상선,산성,2822,토요일,7:00,13.5
2022,8,하선,산성,2822,토요일,7:00,5.2
2022,8,상선,남한산성입구,2823,토요일,7:00,12.0
2022,8,하선,남한산성입구,2823,토요일,7:00,5.3
2022,8,상선,단대오거리,2824,토요일,7:00,7.4
2022,8,하선,단대오거리,2824,토요일,7:00,4.6
2022,8,상선,신흥,2825,토요일,7:00,4.2
2022,8,하선,신흥,2825,토요일,7:00,4.5
2022,8,상선,암사,2811,공휴일,7:00,0.0
2022,8,하선,암사,2811,공휴일,7:00,4.9
2022,8,상선,천호,2812,공휴일,7:00,2.5
2022,8,하선,천호,2812,공휴일,7:00,12.4
2022,8,상선,강동구청,2813,공휴일,7:00,7.9
2022,8,하선,강동구청,2813,공휴일,7:00,13.2
2022,8,상선,몽촌토성,2814,공휴일,7:00,8.0
2022,8,하선,몽촌토성,2814,공휴일,7:00,14.0
2022,8,상선,잠실,2815,공휴일,7:00,8.7
2022,8,하선,잠실,2815,공휴일,7:00,16.7
2022,8,상선,석촌,2816,공휴일,7:00,12.2
2022,8,하선,석촌,2816,공휴일,7:00,17.8
2022,8,상선,송파,2817,공휴일,7:00,13.3
2022,8,하선,송파,2817,공휴일,7:00,15.5
2022,8,상선,가락시장,2818,공휴일,7:00,12.2
2022,8,하선,가락시장,2818,공휴일,7:00,13.3
2022,8,상선,문정,2819,공휴일,7:00,12.1
2022,8,하선,문정,2819,공휴일,7:00,9.7
2022,8,상선,장지,2820,공휴일,7:00,11.2
2022,8,하선,장지,2820,공휴일,7:00,7.3
2022,8,상선,복정,2821,공휴일,7:00,9.7
2022,8,하선,복정,2821,공휴일,7:00,3.8
2022,8,상선,산성,2822,공휴일,7:00,7.7
2022,8,하선,산성,2822,공휴일,7:00,3.0
2022,8,상선,남한산성입구,2823,공휴일,7:00,7.5
2022,8,하선,남한산성입구,2823,공휴일,7:00,3.3
2022,8,상선,단대오거리,2824,공휴일,7:00,4.7
2022,8,하선,단대오거리,2824,공휴일,7:00,2.8
2022,8,상선,신흥,2825,공휴일,7:00,3.5
2022,8,하선,신흥,2825,공휴일,7:00,2.6
2022,8,상선,수진,2826,공휴일,7:00,2.5
2022,8,하선,수진,2826,공휴일,7:00,3.0
2022,8,상선,모란,2827,공휴일,7:00,1.8
2022,8,하선,모란,2827,공휴일,7:00,0.0
2023,8,상선,암사,2811,평일,7:00,0.0
2023,8,하선,암사,2811,평일,7:00,34.0
2023,8,상선,천호,2812,평일,7:00,3.3
2023,8,하선,천호,2812,평일,7:00,73.9
2023,8,상선,강동구청,2813,평일,7:00,17.1
2023,8,하선,강동구청,2813,평일,7:00,80.8
2023,8,상선,몽촌토성,2814,평일,7:00,17.3
2023,8,하선,몽촌토성,2814,평일,7:00,84.1
2023,8,상선,잠실,2815,평일,7:00,18.1
2023,8,하선,잠실,2815,평일,7:00,68.8
2023,8,상선,석촌,2816,평일,7:00,47.3
2023,8,하선,석촌,2816,평일,7:00,71.5
2023,8,상선,송파,2817,평일,7:00,57.9
2023,8,하선,송파,2817,평일,7:00,72.0
2023,8,상선,가락시장,2818,평일,7:00,52.7
2023,8,하선,가락시장,2818,평일,7:00,61.9
2023,8,상선,문정,2819,평일,7:00,56.2
2023,8,하선,문정,2819,평일,7:00,48.9
2023,8,상선,장지,2820,평일,7:00,54.2
2023,8,하선,장지,2820,평일,7:00,43.9
2023,8,상선,복정,2821,평일,7:00,46.1
2023,8,하선,복정,2821,평일,7:00,19.3
2023,8,상선,산성,2822,평일,7:00,35.1
2023,8,하선,산성,2822,평일,7:00,14.2
2023,8,상선,남한산성입구,2823,평일,7:00,28.7
2023,8,하선,남한산성입구,2823,평일,7:00,16.0
2023,8,상선,단대오거리,2824,평일,7:00,18.7
2023,8,하선,단대오거리,2824,평일,7:00,15.2
2023,8,상선,신흥,2825,평일,7:00,8.4
2023,8,하선,신흥,2825,평일,7:00,15.8
2023,8,상선,수진,2826,평일,7:00,4.3
2023,8,하선,수진,2826,평일,7:00,16.5
2023,8,상선,모란,2827,평일,7:00,2.2
2023,8,하선,모란,2827,평일,7:00,0.0
2023,8,상선,암사,2811,토요일,7:00,0.0
2023,8,하선,암사,2811,토요일,7:00,9.2
2023,8,상선,천호,2812,토요일,7:00,2.2
2023,8,하선,천호,2812,토요일,7:00,22.1
2023,8,상선,강동구청,2813,토요일,7:00,9.6
2023,8,하선,강동구청,2813,토요일,7:00,24.4
2023,8,상선,몽촌토성,2814,토요일,7:00,10.0
2023,8,하선,몽촌토성,2814,토요일,7:00,24.5
2023,8,상선,잠실,2815,토요일,7:00,10.4
2023,8,하선,잠실,2815,토요일,7:00,21.7
2023,8,상선,석촌,2816,토요일,7:00,18.3
2023,8,하선,석촌,2816,토요일,7:00,23.5
2023,8,상선,송파,2817,토요일,7:00,21.6
2023,8,하선,송파,2817,토요일,7:00,22.5
2023,8,상선,가락시장,2818,토요일,7:00,19.7
2023,8,하선,가락시장,2818,토요일,7:00,18.6
2023,8,상선,문정,2819,토요일,7:00,20.5
2023,8,하선,문정,2819,토요일,7:00,14.8
2023,8,상선,장지,2820,토요일,7:00,21.5
2023,8,하선,장지,2820,토요일,7:00,11.7
2023,8,상선,복정,2821,토요일,7:00,18.0
2023,8,하선,복정,2821,토요일,7:00,6.7
2023,8,상선,산성,2822,토요일,7:00,14.5
2023,8,하선,산성,2822,토요일,7:00,5.5
2023,8,상선,남한산성입구,2823,토요일,7:00,12.0
2023,8,하선,남한산성입구,2823,토요일,7:00,5.6
2023,8,상선,단대오거리,2824,토요일,7:00,7.9
2023,8,하선,단대오거리,2824,토요일,7:00,4.5
2023,8,상선,신흥,2825,토요일,7:00,4.2
2023,8,하선,신흥,2825,토요일,7:00,4.3
2023,8,상선,수진,2826,토요일,7:00,2.6
2023,8,하선,수진,2826,토요일,7:00,4.9
2023,8,상선,모란,2827,토요일,7:00,2.2
2023,8,하선,모란,2827,토요일,7:00,0.0
2023,8,상선,암사,2811,일요일,7:00,0.0
2023,8,하선,암사,2811,일요일,7:00,6.0
2023,8,상선,천호,2812,일요일,7:00,1.9
2023,8,하선,천호,2812,일요일,7:00,15.5
2023,8,상선,강동구청,2813,일요일,7:00,7.6
2023,8,하선,강동구청,2813,일요일,7:00,16.3
2023,8,상선,몽촌토성,2814,일요일,7:00,8.1
2023,8,하선,몽촌토성,2814,일요일,7:00,15.4
2023,8,상선,잠실,2815,일요일,7:00,9.1
2023,8,하선,잠실,2815,일요일,7:00,13.8
2023,8,상선,석촌,2816,일요일,7:00,13.2
2023,8,하선,석촌,2816,일요일,7:00,15.6
2023,8,상선,송파,2817,일요일,7:00,15.1
2023,8,하선,송파,2817,일요일,7:00,14.9
2023,8,상선,가락시장,2818,일요일,7:00,13.9
2023,8,하선,가락시장,2818,일요일,7:00,12.8
2023,8,상선,문정,2819,일요일,7:00,14.6
2023,8,하선,문정,2819,일요일,7:00,11.1
2023,8,상선,장지,2820,일요일,7:00,13.5
2023,8,하선,장지,2820,일요일,7:00,8.0
2023,8,상선,복정,2821,일요일,7:00,11.8
2023,8,하선,복정,2821,일요일,7:00,4.7
2023,8,상선,산성,2822,일요일,7:00,8.8
2023,8,하선,산성,2822,일요일,7:00,3.6
2023,8,상선,남한산성입구,2823,일요일,7:00,8.4
2023,8,하선,남한산성입구,2823,일요일,7:00,3.5
2023,8,상선,단대오거리,2824,일요일,7:00,5.3
2023,8,하선,단대오거리,2824,일요일,7:00,2.9
2023,8,상선,신흥,2825,일요일,7:00,3.1
2023,8,하선,신흥,2825,일요일,7:00,2.5
2023,8,상선,수진,2826,일요일,7:00,2.7
2023,8,하선,수진,2826,일요일,7:00,2.7
2023,8,상선,모란,2827,일요일,7:00,2.1
202403,8,상선,암사,2811,평일,7:00,0.0
202403,8,하선,암사,2811,평일,7:00,36.4
202403,8,상선,천호,2812,평일,7:00,3.1
202403,8,하선,천호,2812,평일,7:00,78.8
202403,8,상선,강동구청,2813,평일,7:00,17.8
202403,8,하선,강동구청,2813,평일,7:00,87.4
202403,8,상선,몽촌토성,2814,평일,7:00,18.5
202403,8,하선,몽촌토성,2814,평일,7:00,90.5
202403,8,상선,잠실,2815,평일,7:00,19.2
202403,8,하선,잠실,2815,평일,7:00,75.0
202403,8,상선,석촌,2816,평일,7:00,52.5
202403,8,하선,석촌,2816,평일,7:00,76.0
202403,8,상선,송파,2817,평일,7:00,64.3
202403,8,하선,송파,2817,평일,7:00,76.5
202403,8,상선,가락시장,2818,평일,7:00,57.6
202403,8,하선,가락시장,2818,평일,7:00,65.7
202403,8,상선,문정,2819,평일,7:00,61.4
202403,8,하선,문정,2819,평일,7:00,49.9
202403,8,상선,장지,2820,평일,7:00,59.5
202403,8,하선,장지,2820,평일,7:00,44.1
202403,8,상선,복정,2821,평일,7:00,53.6
202403,8,하선,복정,2821,평일,7:00,18.6
202403,8,상선,산성,2822,평일,7:00,39.3
202403,8,하선,산성,2822,평일,7:00,14.9
202403,8,상선,남한산성입구,2823,평일,7:00,31.0
202403,8,하선,남한산성입구,2823,평일,7:00,17.5
202403,8,상선,단대오거리,2824,평일,7:00,20.2
202403,8,하선,단대오거리,2824,평일,7:00,17.5
202403,8,상선,신흥,2825,평일,7:00,9.0
202403,8,하선,신흥,2825,평일,7:00,18.4
202403,8,상선,수진,2826,평일,7:00,4.8
202403,8,하선,수진,2826,평일,7:00,19.0
202403,8,상선,모란,2827,평일,7:00,2.3
202403,8,하선,모란,2827,평일,7:00,0.0
202403,8,상선,암사,2811,토요일,7:00,0.0
202403,8,하선,암사,2811,토요일,7:00,10.0
202403,8,상선,천호,2812,토요일,7:00,3.3
202403,8,하선,천호,2812,토요일,7:00,21.6
202403,8,상선,강동구청,2813,토요일,7:00,11.3
202403,8,하선,강동구청,2813,토요일,7:00,24.0
202403,8,상선,몽촌토성,2814,토요일,7:00,11.0
202403,8,하선,몽촌토성,2814,토요일,7:00,24.6
202403,8,상선,잠실,2815,토요일,7:00,11.9
202403,8,하선,잠실,2815,토요일,7:00,21.9
202403,8,상선,석촌,2816,토요일,7:00,21.0
202403,8,하선,석촌,2816,토요일,7:00,23.1
202403,8,상선,송파,2817,토요일,7:00,23.9
202403,8,하선,송파,2817,토요일,7:00,21.8
202403,8,상선,가락시장,2818,토요일,7:00,22.4
202403,8,하선,가락시장,2818,토요일,7:00,17.9
202403,8,상선,문정,2819,토요일,7:00,22.3
202403,8,하선,문정,2819,토요일,7:00,14.5
202403,8,상선,장지,2820,토요일,7:00,22.1
202403,8,하선,장지,2820,토요일,7:00,11.1
202403,8,상선,복정,2821,토요일,7:00,19.6
202403,8,하선,복정,2821,토요일,7:00,6.4
202403,8,상선,산성,2822,토요일,7:00,15.9
202403,8,하선,산성,2822,토요일,7:00,5.0
202403,8,상선,남한산성입구,2823,토요일,7:00,13.7
202403,8,하선,남한산성입구,2823,토요일,7:00,5.9
202403,8,상선,단대오거리,2824,토요일,7:00,8.8
202403,8,하선,단대오거리,2824,토요일,7:00,5.6
202403,8,상선,신흥,2825,토요일,7:00,3.8
202403,8,하선,신흥,2825,토요일,7:00,5.6
202403,8,상선,수진,2826,토요일,7:00,3.0
202403,8,하선,수진,2826,토요일,7:00,5.7
202403,8,상선,모란,2827,토요일,7:00,2.4
202403,8,하선,모란,2827,토요일,7:00,0.0
202403,8,상선,암사,2811,일요일,7:00,0.0
202403,8,하선,암사,2811,일요일,7:00,5.9
202403,8,상선,천호,2812,일요일,7:00,2.0
202403,8,하선,천호,2812,일요일,7:00,12.0
202403,8,상선,강동구청,2813,일요일,7:00,8.2
202403,8,하선,강동구청,2813,일요일,7:00,13.8
202403,8,상선,몽촌토성,2814,일요일,7:00,8.4
202403,8,하선,몽촌토성,2814,일요일,7:00,13.8
202403,8,상선,잠실,2815,일요일,7:00,9.8
202403,8,하선,잠실,2815,일요일,7:00,13.1
202403,8,상선,석촌,2816,일요일,7:00,12.1
202403,8,하선,석촌,2816,일요일,7:00,14.8
202403,8,상선,송파,2817,일요일,7:00,14.4
202403,8,하선,송파,2817,일요일,7:00,13.6
202403,8,상선,가락시장,2818,일요일,7:00,13.4
202403,8,하선,가락시장,2818,일요일,7:00,11.7
202403,8,상선,문정,2819,일요일,7:00,13.8
202403,8,하선,문정,2819,일요일,7:00,10.1
202403,8,상선,장지,2820,일요일,7:00,13.9
202403,8,하선,장지,2820,일요일,7:00,7.6
202403,8,상선,복정,2821,일요일,7:00,11.8
202403,8,하선,복정,2821,일요일,7:00,4.3
202403,8,상선,산성,2822,일요일,7:00,9.0
202403,8,하선,산성,2822,일요일,7:00,3.2
202403,8,상선,남한산성입구,2823,일요일,7:00,7.9
202403,8,하선,남한산성입구,2823,일요일,7:00,3.5
202403,8,상선,단대오거리,2824,일요일,7:00,5.3
202403,8,하선,단대오거리,2824,일요일,7:00,2.9
202403,8,상선,신흥,2825,일요일,7:00,3.3
202403,8,하선,신흥,2825,일요일,7:00,2.9
202403,8,상선,수진,2826,일요일,7:00,2.5
202403,8,하선,수진,2826,일요일,7:00,3.4
202403,8,상선,모란,2827,일요일,7:00,2.0
202406,8,상선,암사,2811,평일,7:00,0.0
202406,8,하선,암사,2811,평일,7:00,36.0
202406,8,상선,천호,2812,평일,7:00,3.4
202406,8,하선,천호,2812,평일,7:00,78.0
202406,8,상선,강동구청,2813,평일,7:00,19.2
202406,8,하선,강동구청,2813,평일,7:00,87.9
202406,8,상선,몽촌토성,2814,평일,7:00,19.1
202406,8,하선,몽촌토성,2814,평일,7:00,91.2
202406,8,상선,잠실,2815,평일,7:00,20.3
202406,8,하선,잠실,2815,평일,7:00,71.7
202406,8,상선,석촌,2816,평일,7:00,56.0
202406,8,하선,석촌,2816,평일,7:00,74.3
202406,8,상선,송파,2817,평일,7:00,68.1
202406,8,하선,송파,2817,평일,7:00,75.4
202406,8,상선,가락시장,2818,평일,7:00,61.0
202406,8,하선,가락시장,2818,평일,7:00,65.4
202406,8,상선,문정,2819,평일,7:00,64.8
202406,8,하선,문정,2819,평일,7:00,49.5
202406,8,상선,장지,2820,평일,7:00,62.6
202406,8,하선,장지,2820,평일,7:00,44.0
202406,8,상선,복정,2821,평일,7:00,53.9
202406,8,하선,복정,2821,평일,7:00,20.4
202406,8,상선,산성,2822,평일,7:00,40.4
202406,8,하선,산성,2822,평일,7:00,16.6
202406,8,상선,남한산성입구,2823,평일,7:00,32.1
202406,8,하선,남한산성입구,2823,평일,7:00,18.0
202406,8,상선,단대오거리,2824,평일,7:00,21.3
202406,8,하선,단대오거리,2824,평일,7:00,17.0
202406,8,상선,신흥,2825,평일,7:00,9.3
202406,8,하선,신흥,2825,평일,7:00,17.4
202406,8,상선,수진,2826,평일,7:00,4.8
202406,8,하선,수진,2826,평일,7:00,18.1
202406,8,상선,모란,2827,평일,7:00,2.1
202406,8,하선,모란,2827,평일,7:00,0.0
202406,8,상선,암사,2811,토요일,7:00,0.0
202406,8,하선,암사,2811,토요일,7:00,9.8
202406,8,상선,천호,2812,토요일,7:00,3.4
202406,8,하선,천호,2812,토요일,7:00,23.7
202406,8,상선,강동구청,2813,토요일,7:00,13.3
202406,8,하선,강동구청,2813,토요일,7:00,27.1
202406,8,상선,몽촌토성,2814,토요일,7:00,13.6
202406,8,하선,몽촌토성,2814,토요일,7:00,26.9
202406,8,상선,잠실,2815,토요일,7:00,14.5
202406,8,하선,잠실,2815,토요일,7:00,24.9
202406,8,상선,석촌,2816,토요일,7:00,24.3
202406,8,하선,석촌,2816,토요일,7:00,26.5
202406,8,상선,송파,2817,토요일,7:00,28.0
202406,8,하선,송파,2817,토요일,7:00,24.5
202406,8,상선,가락시장,2818,토요일,7:00,26.6
202406,8,하선,가락시장,2818,토요일,7:00,20.7
202406,8,상선,문정,2819,토요일,7:00,28.1
202406,8,하선,문정,2819,토요일,7:00,17.1
202406,8,상선,장지,2820,토요일,7:00,27.3
202406,8,하선,장지,2820,토요일,7:00,13.0
202406,8,상선,복정,2821,토요일,7:00,23.4
202406,8,하선,복정,2821,토요일,7:00,7.3
202406,8,상선,산성,2822,토요일,7:00,17.3
202406,8,하선,산성,2822,토요일,7:00,6.1
202406,8,상선,남한산성입구,2823,토요일,7:00,15.8
202406,8,하선,남한산성입구,2823,토요일,7:00,6.9
202406,8,상선,단대오거리,2824,토요일,7:00,9.9
202406,8,하선,단대오거리,2824,토요일,7:00,6.6
202406,8,상선,신흥,2825,토요일,7:00,5.0
202406,8,하선,신흥,2825,토요일,7:00,6.1
202406,8,상선,수진,2826,토요일,7:00,3.6
202406,8,하선,수진,2826,토요일,7:00,5.9
202406,8,상선,모란,2827,토요일,7:00,2.8
202406,8,하선,모란,2827,토요일,7:00,0.0
202406,8,상선,암사,2811,일요일,7:00,0.0
202406,8,하선,암사,2811,일요일,7:00,6.6
202406,8,상선,천호,2812,일요일,7:00,2.4
202406,8,하선,천호,2812,일요일,7:00,25.4
202406,8,상선,강동구청,2813,일요일,7:00,8.1
202406,8,하선,강동구청,2813,일요일,7:00,26.9
202406,8,상선,몽촌토성,2814,일요일,7:00,8.4
202406,8,하선,몽촌토성,2814,일요일,7:00,15.3
202406,8,상선,잠실,2815,일요일,7:00,34.4
202406,8,하선,잠실,2815,일요일,7:00,13.6
202406,8,상선,석촌,2816,일요일,7:00,24.3
202406,8,하선,석촌,2816,일요일,7:00,14.8
202406,8,상선,송파,2817,일요일,7:00,22.9
202406,8,하선,송파,2817,일요일,7:00,13.4
202406,8,상선,가락시장,2818,일요일,7:00,21.3
202406,8,하선,가락시장,2818,일요일,7:00,12.1
202406,8,상선,문정,2819,일요일,7:00,18.3
202406,8,하선,문정,2819,일요일,7:00,10.2
202406,8,상선,장지,2820,일요일,7:00,16.6
202406,8,하선,장지,2820,일요일,7:00,7.7
202406,8,상선,복정,2821,일요일,7:00,14.7
202406,8,하선,복정,2821,일요일,7:00,4.3
202406,8,상선,산성,2822,일요일,7:00,9.1
202406,8,하선,산성,2822,일요일,7:00,3.5
202406,8,상선,남한산성입구,2823,일요일,7:00,8.6
202406,8,하선,남한산성입구,2823,일요일,7:00,3.5
202406,8,상선,단대오거리,2824,일요일,7:00,5.6
202406,8,하선,단대오거리,2824,일요일,7:00,3.2
202406,8,상선,신흥,2825,일요일,7:00,2.9
202406,8,하선,신흥,2825,일요일,7:00,3.1
202406,8,상선,수진,2826,일요일,7:00,2.4
202406,8,하선,수진,2826,일요일,7:00,3.2
202406,8,상선,모란,2827,일요일,7:00,1.9
2020,8,상선,암사,2811,평일,7:30,0.0
2020,8,하선,암사,2811,평일,7:30,34.0
2020,8,상선,천호,2812,평일,7:30,3.4
2020,8,하선,천호,2812,평일,7:30,72.5
2020,8,상선,강동구청,2813,평일,7:30,16.1
2020,8,하선,강동구청,2813,평일,7:30,76.8
2020,8,상선,몽촌토성,2814,평일,7:30,17.3
2020,8,하선,몽촌토성,2814,평일,7:30,83.1
2020,8,상선,잠실,2815,평일,7:30,21.2
2020,8,하선,잠실,2815,평일,7:30,68.1
2020,8,상선,석촌,2816,평일,7:30,54.7
2020,8,하선,석촌,2816,평일,7:30,74.6
2020,8,상선,송파,2817,평일,7:30,67.5
2020,8,하선,송파,2817,평일,7:30,74.5
2020,8,상선,가락시장,2818,평일,7:30,60.4
2020,8,하선,가락시장,2818,평일,7:30,66.9
2020,8,상선,문정,2819,평일,7:30,62.6
2020,8,하선,문정,2819,평일,7:30,40.6
2020,8,상선,장지,2820,평일,7:30,67.2
2020,8,하선,장지,2820,평일,7:30,35.2
2020,8,상선,복정,2821,평일,7:30,55.0
2020,8,하선,복정,2821,평일,7:30,15.3
2020,8,상선,산성,2822,평일,7:30,39.5
2020,8,하선,산성,2822,평일,7:30,13.1
2020,8,상선,남한산성입구,2823,평일,7:30,30.9
2020,8,하선,남한산성입구,2823,평일,7:30,12.1
2020,8,상선,단대오거리,2824,평일,7:30,17.6
2020,8,하선,단대오거리,2824,평일,7:30,10.5
2020,8,상선,신흥,2825,평일,7:30,9.6
2020,8,하선,신흥,2825,평일,7:30,10.1
2020,8,상선,수진,2826,평일,7:30,6.0
2020,8,하선,수진,2826,평일,7:30,11.1
2020,8,상선,모란,2827,평일,7:30,2.9
2020,8,하선,모란,2827,평일,7:30,0.0
2020,8,상선,암사,2811,토요일,7:30,0.0
2020,8,하선,암사,2811,토요일,7:30,10.1
2020,8,상선,천호,2812,토요일,7:30,4.0
2020,8,하선,천호,2812,토요일,7:30,20.2
2020,8,상선,강동구청,2813,토요일,7:30,11.1
2020,8,하선,강동구청,2813,토요일,7:30,22.3
2020,8,상선,몽촌토성,2814,토요일,7:30,11.8
2020,8,하선,몽촌토성,2814,토요일,7:30,21.9
2020,8,상선,잠실,2815,토요일,7:30,13.4
2020,8,하선,잠실,2815,토요일,7:30,20.2
2020,8,상선,석촌,2816,토요일,7:30,21.0
2020,8,하선,석촌,2816,토요일,7:30,22.8
2020,8,상선,송파,2817,토요일,7:30,23.6
2020,8,하선,송파,2817,토요일,7:30,19.5
2020,8,상선,가락시장,2818,토요일,7:30,23.6
2020,8,하선,가락시장,2818,토요일,7:30,17.4
2020,8,상선,문정,2819,토요일,7:30,23.9
2020,8,하선,문정,2819,토요일,7:30,15.2
2020,8,상선,장지,2820,토요일,7:30,22.1
2020,8,하선,장지,2820,토요일,7:30,9.5
2020,8,상선,복정,2821,토요일,7:30,19.4
2020,8,하선,복정,2821,토요일,7:30,5.5
2020,8,상선,산성,2822,토요일,7:30,14.9
2020,8,하선,산성,2822,토요일,7:30,5.1
2020,8,상선,남한산성입구,2823,토요일,7:30,14.5
2020,8,하선,남한산성입구,2823,토요일,7:30,6.1
2020,8,상선,단대오거리,2824,토요일,7:30,8.3
2020,8,하선,단대오거리,2824,토요일,7:30,5.7
2020,8,상선,신흥,2825,토요일,7:30,4.3
2020,8,하선,신흥,2825,토요일,7:30,5.2
2020,8,상선,수진,2826,토요일,7:30,2.7
2020,8,하선,수진,2826,토요일,7:30,5.5
2020,8,상선,모란,2827,토요일,7:30,1.7
2020,8,하선,모란,2827,토요일,7:30,0.0
2020,8,상선,암사,2811,일요일,7:30,0.0
2020,8,하선,암사,2811,일요일,7:30,5.5
2020,8,상선,천호,2812,일요일,7:30,1.4
2020,8,하선,천호,2812,일요일,7:30,10.9
2020,8,상선,강동구청,2813,일요일,7:30,4.3
2020,8,하선,강동구청,2813,일요일,7:30,11.5
2020,8,상선,몽촌토성,2814,일요일,7:30,5.1
2020,8,하선,몽촌토성,2814,일요일,7:30,11.4
2020,8,상선,잠실,2815,일요일,7:30,6.0
2020,8,하선,잠실,2815,일요일,7:30,10.3
2020,8,상선,석촌,2816,일요일,7:30,9.7
2020,8,하선,석촌,2816,일요일,7:30,11.3
2020,8,상선,송파,2817,일요일,7:30,11.1
2020,8,하선,송파,2817,일요일,7:30,9.9
2020,8,상선,가락시장,2818,일요일,7:30,12.0
2021,8,상선,암사,2811,평일,7:30,0.0
2021,8,하선,암사,2811,평일,7:30,36.2
2021,8,상선,천호,2812,평일,7:30,3.4
2021,8,하선,천호,2812,평일,7:30,79.2
2021,8,상선,강동구청,2813,평일,7:30,17.0
2021,8,하선,강동구청,2813,평일,7:30,82.9
2021,8,상선,몽촌토성,2814,평일,7:30,18.5
2021,8,하선,몽촌토성,2814,평일,7:30,90.1
2021,8,상선,잠실,2815,평일,7:30,22.7
2021,8,하선,잠실,2815,평일,7:30,74.2
2021,8,상선,석촌,2816,평일,7:30,53.3
2021,8,하선,석촌,2816,평일,7:30,79.4
2021,8,상선,송파,2817,평일,7:30,65.4
2021,8,하선,송파,2817,평일,7:30,78.7
2021,8,상선,가락시장,2818,평일,7:30,59.4
2021,8,하선,가락시장,2818,평일,7:30,69.5
2021,8,상선,문정,2819,평일,7:30,61.9
2021,8,하선,문정,2819,평일,7:30,40.3
2021,8,상선,장지,2820,평일,7:30,67.8
2021,8,하선,장지,2820,평일,7:30,33.9
2021,8,상선,복정,2821,평일,7:30,54.5
2021,8,하선,복정,2821,평일,7:30,14.1
2021,8,상선,산성,2822,평일,7:30,39.3
2021,8,하선,산성,2822,평일,7:30,14.1
2021,8,상선,남한산성입구,2823,평일,7:30,31.9
2021,8,하선,남한산성입구,2823,평일,7:30,14.0
2021,8,상선,단대오거리,2824,평일,7:30,17.9
2021,8,하선,단대오거리,2824,평일,7:30,11.4
2021,8,상선,신흥,2825,평일,7:30,8.9
2021,8,하선,신흥,2825,평일,7:30,10.1
2021,8,상선,수진,2826,평일,7:30,6.0
2021,8,하선,수진,2826,평일,7:30,11.0
2021,8,상선,모란,2827,평일,7:30,2.6
2021,8,하선,모란,2827,평일,7:30,0.0
2021,8,상선,암사,2811,토요일,7:30,0.0
2021,8,하선,암사,2811,토요일,7:30,11.0
2021,8,상선,천호,2812,토요일,7:30,2.7
2021,8,하선,천호,2812,토요일,7:30,22.4
2021,8,상선,강동구청,2813,토요일,7:30,11.2
2021,8,하선,강동구청,2813,토요일,7:30,24.9
2021,8,상선,몽촌토성,2814,토요일,7:30,11.1
2021,8,하선,몽촌토성,2814,토요일,7:30,24.7
2021,8,상선,잠실,2815,토요일,7:30,11.5
2021,8,하선,잠실,2815,토요일,7:30,19.5
2021,8,상선,석촌,2816,토요일,7:30,20.0
2021,8,하선,석촌,2816,토요일,7:30,20.2
2021,8,상선,송파,2817,토요일,7:30,22.4
2021,8,하선,송파,2817,토요일,7:30,19.3
2021,8,상선,가락시장,2818,토요일,7:30,25.0
2021,8,하선,가락시장,2818,토요일,7:30,17.0
2021,8,상선,문정,2819,토요일,7:30,26.3
2021,8,하선,문정,2819,토요일,7:30,14.6
2021,8,상선,장지,2820,토요일,7:30,25.5
2021,8,하선,장지,2820,토요일,7:30,10.2
2021,8,상선,복정,2821,토요일,7:30,21.4
2021,8,하선,복정,2821,토요일,7:30,5.6
2021,8,상선,산성,2822,토요일,7:30,16.3
2021,8,하선,산성,2822,토요일,7:30,5.2
2021,8,상선,남한산성입구,2823,토요일,7:30,13.6
2021,8,하선,남한산성입구,2823,토요일,7:30,5.5
2021,8,상선,단대오거리,2824,토요일,7:30,7.7
2021,8,하선,단대오거리,2824,토요일,7:30,4.9
2021,8,상선,신흥,2825,토요일,7:30,3.4
2021,8,하선,신흥,2825,토요일,7:30,4.5
2021,8,상선,수진,2826,토요일,7:30,2.5
2021,8,하선,수진,2826,토요일,7:30,4.6
2021,8,상선,모란,2827,토요일,7:30,1.3
2021,8,하선,모란,2827,토요일,7:30,0.0
2022,8,상선,암사,2811,평일,7:30,0.0
2022,8,하선,암사,2811,평일,7:30,40.4
2022,8,상선,천호,2812,평일,7:30,3.7
2022,8,하선,천호,2812,평일,7:30,98.4
2022,8,상선,강동구청,2813,평일,7:30,19.1
2022,8,하선,강동구청,2813,평일,7:30,103.3
2022,8,상선,몽촌토성,2814,평일,7:30,20.1
2022,8,하선,몽촌토성,2814,평일,7:30,102.0
2022,8,상선,잠실,2815,평일,7:30,23.5
2022,8,하선,잠실,2815,평일,7:30,84.6
2022,8,상선,석촌,2816,평일,7:30,68.0
2022,8,하선,석촌,2816,평일,7:30,90.1
2022,8,상선,송파,2817,평일,7:30,78.6
2022,8,하선,송파,2817,평일,7:30,90.2
2022,8,상선,가락시장,2818,평일,7:30,76.9
2022,8,하선,가락시장,2818,평일,7:30,79.0
2022,8,상선,문정,2819,평일,7:30,79.8
2022,8,하선,문정,2819,평일,7:30,51.9
2022,8,상선,장지,2820,평일,7:30,79.0
2022,8,하선,장지,2820,평일,7:30,45.4
2022,8,상선,복정,2821,평일,7:30,66.6
2022,8,하선,복정,2821,평일,7:30,20.6
2022,8,상선,산성,2822,평일,7:30,45.1
2022,8,하선,산성,2822,평일,7:30,18.0
2022,8,상선,남한산성입구,2823,평일,7:30,37.6
2022,8,하선,남한산성입구,2823,평일,7:30,19.0
2022,8,상선,단대오거리,2824,평일,7:30,22.7
2022,8,하선,단대오거리,2824,평일,7:30,16.3
2022,8,상선,신흥,2825,평일,7:30,11.4
2022,8,하선,신흥,2825,평일,7:30,16.4
2022,8,상선,수진,2826,평일,7:30,7.3
2022,8,하선,수진,2826,평일,7:30,18.0
2022,8,상선,모란,2827,평일,7:30,3.4
2022,8,하선,모란,2827,평일,7:30,0.0
2022,8,상선,암사,2811,토요일,7:30,0.0
2022,8,하선,암사,2811,토요일,7:30,10.9
2022,8,상선,천호,2812,토요일,7:30,3.1
2022,8,하선,천호,2812,토요일,7:30,24.5
2022,8,상선,강동구청,2813,토요일,7:30,10.8
2022,8,하선,강동구청,2813,토요일,7:30,26.6
2022,8,상선,몽촌토성,2814,토요일,7:30,10.9
2022,8,하선,몽촌토성,2814,토요일,7:30,28.1
2022,8,상선,잠실,2815,토요일,7:30,11.6
2022,8,하선,잠실,2815,토요일,7:30,24.4
2022,8,상선,석촌,2816,토요일,7:30,24.9
2022,8,하선,석촌,2816,토요일,7:30,23.1
2022,8,상선,송파,2817,토요일,7:30,28.4
2022,8,하선,송파,2817,토요일,7:30,22.9
2022,8,상선,가락시장,2818,토요일,7:30,26.5
2022,8,하선,가락시장,2818,토요일,7:30,20.0
2022,8,상선,문정,2819,토요일,7:30,25.7
2022,8,하선,문정,2819,토요일,7:30,18.8
2022,8,상선,장지,2820,토요일,7:30,25.4
2022,8,하선,장지,2820,토요일,7:30,14.8
2022,8,상선,복정,2821,토요일,7:30,21.6
2022,8,하선,복정,2821,토요일,7:30,9.3
2022,8,상선,산성,2822,토요일,7:30,18.6
2022,8,하선,산성,2822,토요일,7:30,7.6
2022,8,상선,남한산성입구,2823,토요일,7:30,16.6
2022,8,하선,남한산성입구,2823,토요일,7:30,7.6
2022,8,상선,단대오거리,2824,토요일,7:30,10.7
2022,8,하선,단대오거리,2824,토요일,7:30,7.0
2022,8,상선,신흥,2825,토요일,7:30,5.4
2022,8,하선,신흥,2825,토요일,7:30,6.8
2022,8,상선,암사,2811,공휴일,7:30,0.0
2022,8,하선,암사,2811,공휴일,7:30,6.1
2022,8,상선,천호,2812,공휴일,7:30,2.5
2022,8,하선,천호,2812,공휴일,7:30,12.6
2022,8,상선,강동구청,2813,공휴일,7:30,7.1
2022,8,하선,강동구청,2813,공휴일,7:30,14.0
2022,8,상선,몽촌토성,2814,공휴일,7:30,7.8
2022,8,하선,몽촌토성,2814,공휴일,7:30,14.3
2022,8,상선,잠실,2815,공휴일,7:30,7.9
2022,8,하선,잠실,2815,공휴일,7:30,12.5
2022,8,상선,석촌,2816,공휴일,7:30,16.1
2022,8,하선,석촌,2816,공휴일,7:30,12.7
2022,8,상선,송파,2817,공휴일,7:30,16.9
2022,8,하선,송파,2817,공휴일,7:30,12.5
2022,8,상선,가락시장,2818,공휴일,7:30,16.7
2022,8,하선,가락시장,2818,공휴일,7:30,11.2
2022,8,상선,문정,2819,공휴일,7:30,16.2
2022,8,하선,문정,2819,공휴일,7:30,11.4
2022,8,상선,장지,2820,공휴일,7:30,15.3
2022,8,하선,장지,2820,공휴일,7:30,8.5
2022,8,상선,복정,2821,공휴일,7:30,13.4
2022,8,하선,복정,2821,공휴일,7:30,4.7
2022,8,상선,산성,2822,공휴일,7:30,9.9
2022,8,하선,산성,2822,공휴일,7:30,3.2
2022,8,상선,남한산성입구,2823,공휴일,7:30,9.1
2022,8,하선,남한산성입구,2823,공휴일,7:30,3.3
2022,8,상선,단대오거리,2824,공휴일,7:30,6.1
2022,8,하선,단대오거리,2824,공휴일,7:30,3.4
2022,8,상선,신흥,2825,공휴일,7:30,3.4
2022,8,하선,신흥,2825,공휴일,7:30,3.6
2022,8,상선,수진,2826,공휴일,7:30,2.4
2022,8,하선,수진,2826,공휴일,7:30,3.8
2022,8,상선,모란,2827,공휴일,7:30,1.3
2022,8,하선,모란,2827,공휴일,7:30,0.0
2023,8,상선,암사,2811,평일,7:30,0.0
2023,8,하선,암사,2811,평일,7:30,41.0
2023,8,상선,천호,2812,평일,7:30,3.6
2023,8,하선,천호,2812,평일,7:30,97.6
2023,8,상선,강동구청,2813,평일,7:30,19.7
2023,8,하선,강동구청,2813,평일,7:30,103.7
2023,8,상선,몽촌토성,2814,평일,7:30,21.3
2023,8,하선,몽촌토성,2814,평일,7:30,102.9
2023,8,상선,잠실,2815,평일,7:30,24.7
2023,8,하선,잠실,2815,평일,7:30,86.8
2023,8,상선,석촌,2816,평일,7:30,74.0
2023,8,하선,석촌,2816,평일,7:30,92.2
2023,8,상선,송파,2817,평일,7:30,86.2
2023,8,하선,송파,2817,평일,7:30,92.6
2023,8,상선,가락시장,2818,평일,7:30,83.4
2023,8,하선,가락시장,2818,평일,7:30,79.8
2023,8,상선,문정,2819,평일,7:30,87.9
2023,8,하선,문정,2819,평일,7:30,52.3
2023,8,상선,장지,2820,평일,7:30,87.5
2023,8,하선,장지,2820,평일,7:30,45.0
2023,8,상선,복정,2821,평일,7:30,75.1
2023,8,하선,복정,2821,평일,7:30,19.5
2023,8,상선,산성,2822,평일,7:30,53.4
2023,8,하선,산성,2822,평일,7:30,17.5
2023,8,상선,남한산성입구,2823,평일,7:30,43.7
2023,8,하선,남한산성입구,2823,평일,7:30,20.2
2023,8,상선,단대오거리,2824,평일,7:30,28.6
2023,8,하선,단대오거리,2824,평일,7:30,18.7
2023,8,상선,신흥,2825,평일,7:30,12.3
2023,8,하선,신흥,2825,평일,7:30,19.2
2023,8,상선,수진,2826,평일,7:30,7.0
2023,8,하선,수진,2826,평일,7:30,19.3
2023,8,상선,모란,2827,평일,7:30,3.4
2023,8,하선,모란,2827,평일,7:30,0.0
2023,8,상선,암사,2811,토요일,7:30,0.0
2023,8,하선,암사,2811,토요일,7:30,10.8
2023,8,상선,천호,2812,토요일,7:30,3.3
2023,8,하선,천호,2812,토요일,7:30,23.0
2023,8,상선,강동구청,2813,토요일,7:30,13.3
2023,8,하선,강동구청,2813,토요일,7:30,25.5
2023,8,상선,몽촌토성,2814,토요일,7:30,14.8
2023,8,하선,몽촌토성,2814,토요일,7:30,26.4
2023,8,상선,잠실,2815,토요일,7:30,15.7
2023,8,하선,잠실,2815,토요일,7:30,23.6
2023,8,상선,석촌,2816,토요일,7:30,28.3
2023,8,하선,석촌,2816,토요일,7:30,21.5
2023,8,상선,송파,2817,토요일,7:30,31.3
2023,8,하선,송파,2817,토요일,7:30,21.6
2023,8,상선,가락시장,2818,토요일,7:30,29.1
2023,8,하선,가락시장,2818,토요일,7:30,18.1
2023,8,상선,문정,2819,토요일,7:30,30.3
2023,8,하선,문정,2819,토요일,7:30,17.3
2023,8,상선,장지,2820,토요일,7:30,28.3
2023,8,하선,장지,2820,토요일,7:30,13.6
2023,8,상선,복정,2821,토요일,7:30,23.4
2023,8,하선,복정,2821,토요일,7:30,8.2
2023,8,상선,산성,2822,토요일,7:30,21.3
2023,8,하선,산성,2822,토요일,7:30,6.6
2023,8,상선,남한산성입구,2823,토요일,7:30,18.9
2023,8,하선,남한산성입구,2823,토요일,7:30,6.6
2023,8,상선,단대오거리,2824,토요일,7:30,12.0
2023,8,하선,단대오거리,2824,토요일,7:30,6.0
2023,8,상선,신흥,2825,토요일,7:30,5.7
2023,8,하선,신흥,2825,토요일,7:30,6.0
2023,8,상선,수진,2826,토요일,7:30,3.9
2023,8,하선,수진,2826,토요일,7:30,6.5
2023,8,상선,모란,2827,토요일,7:30,2.3
2023,8,하선,모란,2827,토요일,7:30,0.0
2023,8,상선,암사,2811,일요일,7:30,0.0
2023,8,하선,암사,2811,일요일,7:30,5.6
2023,8,상선,천호,2812,일요일,7:30,2.0
2023,8,하선,천호,2812,일요일,7:30,14.0
2023,8,상선,강동구청,2813,일요일,7:30,7.7
2023,8,하선,강동구청,2813,일요일,7:30,14.3
2023,8,상선,몽촌토성,2814,일요일,7:30,9.6
2023,8,하선,몽촌토성,2814,일요일,7:30,16.0
2023,8,상선,잠실,2815,일요일,7:30,12.3
2023,8,하선,잠실,2815,일요일,7:30,13.4
2023,8,상선,석촌,2816,일요일,7:30,19.4
2023,8,하선,석촌,2816,일요일,7:30,12.0
2023,8,상선,송파,2817,일요일,7:30,20.6
2023,8,하선,송파,2817,일요일,7:30,12.3
2023,8,상선,가락시장,2818,일요일,7:30,19.0
2023,8,하선,가락시장,2818,일요일,7:30,11.3
2023,8,상선,문정,2819,일요일,7:30,18.8
2023,8,하선,문정,2819,일요일,7:30,10.6
2023,8,상선,장지,2820,일요일,7:30,17.0
2023,8,하선,장지,2820,일요일,7:30,7.9
2023,8,상선,복정,2821,일요일,7:30,15.5
2023,8,하선,복정,2821,일요일,7:30,4.6
2023,8,상선,산성,2822,일요일,7:30,10.3
2023,8,하선,산성,2822,일요일,7:30,4.2
2023,8,상선,남한산성입구,2823,일요일,7:30,8.9
2023,8,하선,남한산성입구,2823,일요일,7:30,4.8
2023,8,상선,단대오거리,2824,일요일,7:30,5.6
2023,8,하선,단대오거리,2824,일요일,7:30,5.5
2023,8,상선,신흥,2825,일요일,7:30,3.6
2023,8,하선,신흥,2825,일요일,7:30,5.4
2023,8,상선,수진,2826,일요일,7:30,2.4
2023,8,하선,수진,2826,일요일,7:30,4.6
2023,8,상선,모란,2827,일요일,7:30,1.9
202403,8,상선,암사,2811,평일,7:30,0.0
202403,8,하선,암사,2811,평일,7:30,42.5
202403,8,상선,천호,2812,평일,7:30,3.6
202403,8,하선,천호,2812,평일,7:30,105.3
202403,8,상선,강동구청,2813,평일,7:30,20.7
202403,8,하선,강동구청,2813,평일,7:30,110.8
202403,8,상선,몽촌토성,2814,평일,7:30,22.1
202403,8,하선,몽촌토성,2814,평일,7:30,112.3
202403,8,상선,잠실,2815,평일,7:30,25.8
202403,8,하선,잠실,2815,평일,7:30,94.6
202403,8,상선,석촌,2816,평일,7:30,78.7
202403,8,하선,석촌,2816,평일,7:30,100.2
202403,8,상선,송파,2817,평일,7:30,91.6
202403,8,하선,송파,2817,평일,7:30,99.9
202403,8,상선,가락시장,2818,평일,7:30,89.1
202403,8,하선,가락시장,2818,평일,7:30,87.2
202403,8,상선,문정,2819,평일,7:30,93.1
202403,8,하선,문정,2819,평일,7:30,56.3
202403,8,상선,장지,2820,평일,7:30,92.8
202403,8,하선,장지,2820,평일,7:30,48.4
202403,8,상선,복정,2821,평일,7:30,78.7
202403,8,하선,복정,2821,평일,7:30,22.6
202403,8,상선,산성,2822,평일,7:30,59.1
202403,8,하선,산성,2822,평일,7:30,19.3
202403,8,상선,남한산성입구,2823,평일,7:30,46.9
202403,8,하선,남한산성입구,2823,평일,7:30,23.0
202403,8,상선,단대오거리,2824,평일,7:30,30.3
202403,8,하선,단대오거리,2824,평일,7:30,21.6
202403,8,상선,신흥,2825,평일,7:30,13.3
202403,8,하선,신흥,2825,평일,7:30,22.1
202403,8,상선,수진,2826,평일,7:30,7.7
202403,8,하선,수진,2826,평일,7:30,21.6
202403,8,상선,모란,2827,평일,7:30,4.0
202403,8,하선,모란,2827,평일,7:30,0.0
202403,8,상선,암사,2811,토요일,7:30,0.0
202403,8,하선,암사,2811,토요일,7:30,11.6
202403,8,상선,천호,2812,토요일,7:30,3.0
202403,8,하선,천호,2812,토요일,7:30,24.1
202403,8,상선,강동구청,2813,토요일,7:30,13.2
202403,8,하선,강동구청,2813,토요일,7:30,26.7
202403,8,상선,몽촌토성,2814,토요일,7:30,15.3
202403,8,하선,몽촌토성,2814,토요일,7:30,26.9
202403,8,상선,잠실,2815,토요일,7:30,15.9
202403,8,하선,잠실,2815,토요일,7:30,24.0
202403,8,상선,석촌,2816,토요일,7:30,27.2
202403,8,하선,석촌,2816,토요일,7:30,22.2
202403,8,상선,송파,2817,토요일,7:30,32.7
202403,8,하선,송파,2817,토요일,7:30,22.0
202403,8,상선,가락시장,2818,토요일,7:30,30.8
202403,8,하선,가락시장,2818,토요일,7:30,20.0
202403,8,상선,문정,2819,토요일,7:30,32.6
202403,8,하선,문정,2819,토요일,7:30,16.7
202403,8,상선,장지,2820,토요일,7:30,31.2
202403,8,하선,장지,2820,토요일,7:30,13.7
202403,8,상선,복정,2821,토요일,7:30,26.7
202403,8,하선,복정,2821,토요일,7:30,7.7
202403,8,상선,산성,2822,토요일,7:30,22.7
202403,8,하선,산성,2822,토요일,7:30,5.9
202403,8,상선,남한산성입구,2823,토요일,7:30,19.4
202403,8,하선,남한산성입구,2823,토요일,7:30,6.5
202403,8,상선,단대오거리,2824,토요일,7:30,12.5
202403,8,하선,단대오거리,2824,토요일,7:30,6.1
202403,8,상선,신흥,2825,토요일,7:30,7.3
202403,8,하선,신흥,2825,토요일,7:30,5.9
202403,8,상선,수진,2826,토요일,7:30,5.2
202403,8,하선,수진,2826,토요일,7:30,6.9
202403,8,상선,모란,2827,토요일,7:30,3.1
202403,8,하선,모란,2827,토요일,7:30,0.0
202403,8,상선,암사,2811,일요일,7:30,0.0
202403,8,하선,암사,2811,일요일,7:30,6.1
202403,8,상선,천호,2812,일요일,7:30,1.9
202403,8,하선,천호,2812,일요일,7:30,13.9
202403,8,상선,강동구청,2813,일요일,7:30,7.6
202403,8,하선,강동구청,2813,일요일,7:30,14.8
202403,8,상선,몽촌토성,2814,일요일,7:30,8.3
202403,8,하선,몽촌토성,2814,일요일,7:30,15.4
202403,8,상선,잠실,2815,일요일,7:30,9.4
202403,8,하선,잠실,2815,일요일,7:30,13.4
202403,8,상선,석촌,2816,일요일,7:30,15.7
202403,8,하선,석촌,2816,일요일,7:30,14.3
202403,8,상선,송파,2817,일요일,7:30,17.0
202403,8,하선,송파,2817,일요일,7:30,14.5
202403,8,상선,가락시장,2818,일요일,7:30,15.8
202403,8,하선,가락시장,2818,일요일,7:30,13.1
202403,8,상선,문정,2819,일요일,7:30,16.3
202403,8,하선,문정,2819,일요일,7:30,11.4
202403,8,상선,장지,2820,일요일,7:30,15.2
202403,8,하선,장지,2820,일요일,7:30,8.5
202403,8,상선,복정,2821,일요일,7:30,13.3
202403,8,하선,복정,2821,일요일,7:30,5.3
202403,8,상선,산성,2822,일요일,7:30,11.0
202403,8,하선,산성,2822,일요일,7:30,4.2
202403,8,상선,남한산성입구,2823,일요일,7:30,9.8
202403,8,하선,남한산성입구,2823,일요일,7:30,4.9
202403,8,상선,단대오거리,2824,일요일,7:30,6.0
202403,8,하선,단대오거리,2824,일요일,7:30,4.9
202403,8,상선,신흥,2825,일요일,7:30,3.8
202403,8,하선,신흥,2825,일요일,7:30,5.2
202403,8,상선,수진,2826,일요일,7:30,2.9
202403,8,하선,수진,2826,일요일,7:30,4.0
202403,8,상선,모란,2827,일요일,7:30,2.1
202406,8,상선,암사,2811,평일,7:30,0.0
202406,8,하선,암사,2811,평일,7:30,42.5
202406,8,상선,천호,2812,평일,7:30,3.9
202406,8,하선,천호,2812,평일,7:30,103.3
202406,8,상선,강동구청,2813,평일,7:30,20.9
202406,8,하선,강동구청,2813,평일,7:30,107.3
202406,8,상선,몽촌토성,2814,평일,7:30,22.2
202406,8,하선,몽촌토성,2814,평일,7:30,110.1
202406,8,상선,잠실,2815,평일,7:30,25.3
202406,8,하선,잠실,2815,평일,7:30,91.9
202406,8,상선,석촌,2816,평일,7:30,77.6
202406,8,하선,석촌,2816,평일,7:30,97.1
202406,8,상선,송파,2817,평일,7:30,90.9
202406,8,하선,송파,2817,평일,7:30,97.1
202406,8,상선,가락시장,2818,평일,7:30,89.8
202406,8,하선,가락시장,2818,평일,7:30,83.6
202406,8,상선,문정,2819,평일,7:30,94.1
202406,8,하선,문정,2819,평일,7:30,52.5
202406,8,상선,장지,2820,평일,7:30,93.4
202406,8,하선,장지,2820,평일,7:30,45.7
202406,8,상선,복정,2821,평일,7:30,79.7
202406,8,하선,복정,2821,평일,7:30,20.9
202406,8,상선,산성,2822,평일,7:30,57.6
202406,8,하선,산성,2822,평일,7:30,19.2
202406,8,상선,남한산성입구,2823,평일,7:30,45.9
202406,8,하선,남한산성입구,2823,평일,7:30,21.5
202406,8,상선,단대오거리,2824,평일,7:30,30.3
202406,8,하선,단대오거리,2824,평일,7:30,20.0
202406,8,상선,신흥,2825,평일,7:30,13.5
202406,8,하선,신흥,2825,평일,7:30,20.6
202406,8,상선,수진,2826,평일,7:30,7.9
202406,8,하선,수진,2826,평일,7:30,20.9
202406,8,상선,모란,2827,평일,7:30,4.2
202406,8,하선,모란,2827,평일,7:30,0.0
202406,8,상선,암사,2811,토요일,7:30,0.0
202406,8,하선,암사,2811,토요일,7:30,13.3
202406,8,상선,천호,2812,토요일,7:30,3.5
202406,8,하선,천호,2812,토요일,7:30,26.7
202406,8,상선,강동구청,2813,토요일,7:30,14.8
202406,8,하선,강동구청,2813,토요일,7:30,29.4
202406,8,상선,몽촌토성,2814,토요일,7:30,17.4
202406,8,하선,몽촌토성,2814,토요일,7:30,30.6
202406,8,상선,잠실,2815,토요일,7:30,17.9
202406,8,하선,잠실,2815,토요일,7:30,28.0
202406,8,상선,석촌,2816,토요일,7:30,29.2
202406,8,하선,석촌,2816,토요일,7:30,25.5
202406,8,상선,송파,2817,토요일,7:30,34.2
202406,8,하선,송파,2817,토요일,7:30,26.5
202406,8,상선,가락시장,2818,토요일,7:30,32.2
202406,8,하선,가락시장,2818,토요일,7:30,24.1
202406,8,상선,문정,2819,토요일,7:30,31.4
202406,8,하선,문정,2819,토요일,7:30,19.2
202406,8,상선,장지,2820,토요일,7:30,29.8
202406,8,하선,장지,2820,토요일,7:30,15.4
202406,8,상선,복정,2821,토요일,7:30,25.5
202406,8,하선,복정,2821,토요일,7:30,8.8
202406,8,상선,산성,2822,토요일,7:30,21.7
202406,8,하선,산성,2822,토요일,7:30,6.7
202406,8,상선,남한산성입구,2823,토요일,7:30,18.1
202406,8,하선,남한산성입구,2823,토요일,7:30,7.3
202406,8,상선,단대오거리,2824,토요일,7:30,12.6
202406,8,하선,단대오거리,2824,토요일,7:30,7.0
202406,8,상선,신흥,2825,토요일,7:30,7.0
202406,8,하선,신흥,2825,토요일,7:30,6.4
202406,8,상선,수진,2826,토요일,7:30,4.7
202406,8,하선,수진,2826,토요일,7:30,6.7
202406,8,상선,모란,2827,토요일,7:30,3.3
202406,8,하선,모란,2827,토요일,7:30,0.0
202406,8,상선,암사,2811,일요일,7:30,0.0
202406,8,하선,암사,2811,일요일,7:30,7.0
202406,8,상선,천호,2812,일요일,7:30,2.0
202406,8,하선,천호,2812,일요일,7:30,15.4
202406,8,상선,강동구청,2813,일요일,7:30,7.8
202406,8,하선,강동구청,2813,일요일,7:30,16.7
202406,8,상선,몽촌토성,2814,일요일,7:30,8.3
202406,8,하선,몽촌토성,2814,일요일,7:30,15.8
202406,8,상선,잠실,2815,일요일,7:30,15.8
202406,8,하선,잠실,2815,일요일,7:30,13.6
202406,8,상선,석촌,2816,일요일,7:30,17.6
202406,8,하선,석촌,2816,일요일,7:30,14.0
202406,8,상선,송파,2817,일요일,7:30,18.8
202406,8,하선,송파,2817,일요일,7:30,14.0
202406,8,상선,가락시장,2818,일요일,7:30,17.7
202406,8,하선,가락시장,2818,일요일,7:30,13.0
202406,8,상선,문정,2819,일요일,7:30,18.1
202406,8,하선,문정,2819,일요일,7:30,11.5
202406,8,상선,장지,2820,일요일,7:30,17.0
202406,8,하선,장지,2820,일요일,7:30,9.2
202406,8,상선,복정,2821,일요일,7:30,14.5
202406,8,하선,복정,2821,일요일,7:30,5.4
202406,8,상선,산성,2822,일요일,7:30,11.6
202406,8,하선,산성,2822,일요일,7:30,4.4
202406,8,상선,남한산성입구,2823,일요일,7:30,9.9
202406,8,하선,남한산성입구,2823,일요일,7:30,5.5
202406,8,상선,단대오거리,2824,일요일,7:30,6.4
202406,8,하선,단대오거리,2824,일요일,7:30,6.3
202406,8,상선,신흥,2825,일요일,7:30,3.8
202406,8,하선,신흥,2825,일요일,7:30,6.5
202406,8,상선,수진,2826,일요일,7:30,2.4
202406,8,하선,수진,2826,일요일,7:30,5.2
202406,8,상선,모란,2827,일요일,7:30,1.8
2020,8,상선,암사,2811,평일,8:00,0.0
2020,8,하선,암사,2811,평일,8:00,46.2
2020,8,상선,천호,2812,평일,8:00,6.1
2020,8,하선,천호,2812,평일,8:00,124.4
2020,8,상선,강동구청,2813,평일,8:00,26.5
2020,8,하선,강동구청,2813,평일,8:00,134.0
2020,8,상선,몽촌토성,2814,평일,8:00,29.8
2020,8,하선,몽촌토성,2814,평일,8:00,124.2
2020,8,상선,잠실,2815,평일,8:00,33.9
2020,8,하선,잠실,2815,평일,8:00,97.1
2020,8,상선,석촌,2816,평일,8:00,82.9
2020,8,하선,석촌,2816,평일,8:00,99.6
2020,8,상선,송파,2817,평일,8:00,95.3
2020,8,하선,송파,2817,평일,8:00,95.0
2020,8,상선,가락시장,2818,평일,8:00,88.0
2020,8,하선,가락시장,2818,평일,8:00,84.7
2020,8,상선,문정,2819,평일,8:00,93.7
2020,8,하선,문정,2819,평일,8:00,49.7
2020,8,상선,장지,2820,평일,8:00,99.9
2020,8,하선,장지,2820,평일,8:00,43.7
2020,8,상선,복정,2821,평일,8:00,90.7
2020,8,하선,복정,2821,평일,8:00,20.3
2020,8,상선,산성,2822,평일,8:00,62.8
2020,8,하선,산성,2822,평일,8:00,19.5
2020,8,상선,남한산성입구,2823,평일,8:00,50.1
2020,8,하선,남한산성입구,2823,평일,8:00,17.1
2020,8,상선,단대오거리,2824,평일,8:00,28.4
2020,8,하선,단대오거리,2824,평일,8:00,15.1
2020,8,상선,신흥,2825,평일,8:00,15.2
2020,8,하선,신흥,2825,평일,8:00,14.7
2020,8,상선,수진,2826,평일,8:00,10.9
2020,8,하선,수진,2826,평일,8:00,15.2
2020,8,상선,모란,2827,평일,8:00,6.3
2020,8,하선,모란,2827,평일,8:00,0.0
2020,8,상선,암사,2811,토요일,8:00,0.0
2020,8,하선,암사,2811,토요일,8:00,14.7
2020,8,상선,천호,2812,토요일,8:00,4.6
2020,8,하선,천호,2812,토요일,8:00,34.1
2020,8,상선,강동구청,2813,토요일,8:00,16.7
2020,8,하선,강동구청,2813,토요일,8:00,38.0
2020,8,상선,몽촌토성,2814,토요일,8:00,17.7
2020,8,하선,몽촌토성,2814,토요일,8:00,38.8
2020,8,상선,잠실,2815,토요일,8:00,19.8
2020,8,하선,잠실,2815,토요일,8:00,33.5
2020,8,상선,석촌,2816,토요일,8:00,30.3
2020,8,하선,석촌,2816,토요일,8:00,29.9
2020,8,상선,송파,2817,토요일,8:00,33.9
2020,8,하선,송파,2817,토요일,8:00,28.3
2020,8,상선,가락시장,2818,토요일,8:00,32.8
2020,8,하선,가락시장,2818,토요일,8:00,23.6
2020,8,상선,문정,2819,토요일,8:00,34.6
2020,8,하선,문정,2819,토요일,8:00,22.4
2020,8,상선,장지,2820,토요일,8:00,36.5
2020,8,하선,장지,2820,토요일,8:00,17.8
2020,8,상선,복정,2821,토요일,8:00,31.4
2020,8,하선,복정,2821,토요일,8:00,8.7
2020,8,상선,산성,2822,토요일,8:00,23.6
2020,8,하선,산성,2822,토요일,8:00,7.9
2020,8,상선,남한산성입구,2823,토요일,8:00,19.1
2020,8,하선,남한산성입구,2823,토요일,8:00,6.9
2020,8,상선,단대오거리,2824,토요일,8:00,12.3
2020,8,하선,단대오거리,2824,토요일,8:00,6.1
2020,8,상선,신흥,2825,토요일,8:00,7.4
2020,8,하선,신흥,2825,토요일,8:00,5.9
2020,8,상선,수진,2826,토요일,8:00,5.1
2020,8,하선,수진,2826,토요일,8:00,6.7
2020,8,상선,모란,2827,토요일,8:00,2.7
2020,8,하선,모란,2827,토요일,8:00,0.0
2020,8,상선,암사,2811,일요일,8:00,0.0
2020,8,하선,암사,2811,일요일,8:00,7.9
2020,8,상선,천호,2812,일요일,8:00,2.0
2020,8,하선,천호,2812,일요일,8:00,18.1
2020,8,상선,강동구청,2813,일요일,8:00,8.6
2020,8,하선,강동구청,2813,일요일,8:00,20.3
2020,8,상선,몽촌토성,2814,일요일,8:00,8.7
2020,8,하선,몽촌토성,2814,일요일,8:00,20.6
2020,8,상선,잠실,2815,일요일,8:00,9.8
2020,8,하선,잠실,2815,일요일,8:00,18.3
2020,8,상선,석촌,2816,일요일,8:00,16.7
2020,8,하선,석촌,2816,일요일,8:00,17.0
2020,8,상선,송파,2817,일요일,8:00,18.3
2020,8,하선,송파,2817,일요일,8:00,16.9
2020,8,상선,가락시장,2818,일요일,8:00,17.0
2021,8,상선,암사,2811,평일,8:00,0.0
2021,8,하선,암사,2811,평일,8:00,47.4
2021,8,상선,천호,2812,평일,8:00,6.3
2021,8,하선,천호,2812,평일,8:00,124.5
2021,8,상선,강동구청,2813,평일,8:00,27.2
2021,8,하선,강동구청,2813,평일,8:00,134.1
2021,8,상선,몽촌토성,2814,평일,8:00,29.4
2021,8,하선,몽촌토성,2814,평일,8:00,126.2
2021,8,상선,잠실,2815,평일,8:00,33.1
2021,8,하선,잠실,2815,평일,8:00,92.5
2021,8,상선,석촌,2816,평일,8:00,82.5
2021,8,하선,석촌,2816,평일,8:00,98.7
2021,8,상선,송파,2817,평일,8:00,101.0
2021,8,하선,송파,2817,평일,8:00,97.3
2021,8,상선,가락시장,2818,평일,8:00,94.2
2021,8,하선,가락시장,2818,평일,8:00,86.0
2021,8,상선,문정,2819,평일,8:00,100.3
2021,8,하선,문정,2819,평일,8:00,49.4
2021,8,상선,장지,2820,평일,8:00,107.0
2021,8,하선,장지,2820,평일,8:00,43.2
2021,8,상선,복정,2821,평일,8:00,86.0
2021,8,하선,복정,2821,평일,8:00,19.4
2021,8,상선,산성,2822,평일,8:00,58.5
2021,8,하선,산성,2822,평일,8:00,17.8
2021,8,상선,남한산성입구,2823,평일,8:00,49.9
2021,8,하선,남한산성입구,2823,평일,8:00,17.9
2021,8,상선,단대오거리,2824,평일,8:00,28.8
2021,8,하선,단대오거리,2824,평일,8:00,16.4
2021,8,상선,신흥,2825,평일,8:00,16.3
2021,8,하선,신흥,2825,평일,8:00,16.1
2021,8,상선,수진,2826,평일,8:00,12.6
2021,8,하선,수진,2826,평일,8:00,16.2
2021,8,상선,모란,2827,평일,8:00,7.2
2021,8,하선,모란,2827,평일,8:00,0.0
2021,8,상선,암사,2811,토요일,8:00,0.0
2021,8,하선,암사,2811,토요일,8:00,14.4
2021,8,상선,천호,2812,토요일,8:00,3.9
2021,8,하선,천호,2812,토요일,8:00,32.5
2021,8,상선,강동구청,2813,토요일,8:00,12.6
2021,8,하선,강동구청,2813,토요일,8:00,35.4
2021,8,상선,몽촌토성,2814,토요일,8:00,12.7
2021,8,하선,몽촌토성,2814,토요일,8:00,36.2
2021,8,상선,잠실,2815,토요일,8:00,14.3
2021,8,하선,잠실,2815,토요일,8:00,33.7
2021,8,상선,석촌,2816,토요일,8:00,30.5
2021,8,하선,석촌,2816,토요일,8:00,31.1
2021,8,상선,송파,2817,토요일,8:00,34.1
2021,8,하선,송파,2817,토요일,8:00,30.2
2021,8,상선,가락시장,2818,토요일,8:00,33.1
2021,8,하선,가락시장,2818,토요일,8:00,26.5
2021,8,상선,문정,2819,토요일,8:00,34.2
2021,8,하선,문정,2819,토요일,8:00,23.2
2021,8,상선,장지,2820,토요일,8:00,33.6
2021,8,하선,장지,2820,토요일,8:00,16.6
2021,8,상선,복정,2821,토요일,8:00,28.9
2021,8,하선,복정,2821,토요일,8:00,7.7
2021,8,상선,산성,2822,토요일,8:00,21.1
2021,8,하선,산성,2822,토요일,8:00,7.2
2021,8,상선,남한산성입구,2823,토요일,8:00,19.8
2021,8,하선,남한산성입구,2823,토요일,8:00,7.3
2021,8,상선,단대오거리,2824,토요일,8:00,12.0
2021,8,하선,단대오거리,2824,토요일,8:00,7.7
2021,8,상선,신흥,2825,토요일,8:00,7.0
2021,8,하선,신흥,2825,토요일,8:00,7.5
2021,8,상선,수진,2826,토요일,8:00,5.4
2021,8,하선,수진,2826,토요일,8:00,8.3
2021,8,상선,모란,2827,토요일,8:00,3.1
2021,8,하선,모란,2827,토요일,8:00,0.0
2022,8,상선,암사,2811,평일,8:00,0.0
2022,8,하선,암사,2811,평일,8:00,49.3
2022,8,상선,천호,2812,평일,8:00,7.0
2022,8,하선,천호,2812,평일,8:00,123.4
2022,8,상선,강동구청,2813,평일,8:00,28.2
2022,8,하선,강동구청,2813,평일,8:00,134.2
2022,8,상선,몽촌토성,2814,평일,8:00,30.5
2022,8,하선,몽촌토성,2814,평일,8:00,136.8
2022,8,상선,잠실,2815,평일,8:00,33.1
2022,8,하선,잠실,2815,평일,8:00,114.0
2022,8,상선,석촌,2816,평일,8:00,88.9
2022,8,하선,석촌,2816,평일,8:00,118.0
2022,8,상선,송파,2817,평일,8:00,102.6
2022,8,하선,송파,2817,평일,8:00,118.1
2022,8,상선,가락시장,2818,평일,8:00,95.6
2022,8,하선,가락시장,2818,평일,8:00,102.8
2022,8,상선,문정,2819,평일,8:00,104.6
2022,8,하선,문정,2819,평일,8:00,58.0
2022,8,상선,장지,2820,평일,8:00,106.2
2022,8,하선,장지,2820,평일,8:00,52.0
2022,8,상선,복정,2821,평일,8:00,93.9
2022,8,하선,복정,2821,평일,8:00,27.5
2022,8,상선,산성,2822,평일,8:00,64.9
2022,8,하선,산성,2822,평일,8:00,24.0
2022,8,상선,남한산성입구,2823,평일,8:00,54.8
2022,8,하선,남한산성입구,2823,평일,8:00,23.8
2022,8,상선,단대오거리,2824,평일,8:00,35.2
2022,8,하선,단대오거리,2824,평일,8:00,19.1
2022,8,상선,신흥,2825,평일,8:00,20.0
2022,8,하선,신흥,2825,평일,8:00,19.6
2022,8,상선,수진,2826,평일,8:00,13.3
2022,8,하선,수진,2826,평일,8:00,20.1
2022,8,상선,모란,2827,평일,8:00,7.1
2022,8,하선,모란,2827,평일,8:00,0.0
2022,8,상선,암사,2811,토요일,8:00,0.0
2022,8,하선,암사,2811,토요일,8:00,16.3
2022,8,상선,천호,2812,토요일,8:00,5.0
2022,8,하선,천호,2812,토요일,8:00,35.4
2022,8,상선,강동구청,2813,토요일,8:00,17.5
2022,8,하선,강동구청,2813,토요일,8:00,39.2
2022,8,상선,몽촌토성,2814,토요일,8:00,18.9
2022,8,하선,몽촌토성,2814,토요일,8:00,38.9
2022,8,상선,잠실,2815,토요일,8:00,19.4
2022,8,하선,잠실,2815,토요일,8:00,34.4
2022,8,상선,석촌,2816,토요일,8:00,35.6
2022,8,하선,석촌,2816,토요일,8:00,34.7
2022,8,상선,송파,2817,토요일,8:00,39.7
2022,8,하선,송파,2817,토요일,8:00,34.3
2022,8,상선,가락시장,2818,토요일,8:00,38.2
2022,8,하선,가락시장,2818,토요일,8:00,28.8
2022,8,상선,문정,2819,토요일,8:00,38.4
2022,8,하선,문정,2819,토요일,8:00,22.2
2022,8,상선,장지,2820,토요일,8:00,38.5
2022,8,하선,장지,2820,토요일,8:00,19.7
2022,8,상선,복정,2821,토요일,8:00,31.7
2022,8,하선,복정,2821,토요일,8:00,9.6
2022,8,상선,산성,2822,토요일,8:00,24.8
2022,8,하선,산성,2822,토요일,8:00,6.3
2022,8,상선,남한산성입구,2823,토요일,8:00,23.3
2022,8,하선,남한산성입구,2823,토요일,8:00,8.0
2022,8,상선,단대오거리,2824,토요일,8:00,14.5
2022,8,하선,단대오거리,2824,토요일,8:00,7.9
2022,8,상선,신흥,2825,토요일,8:00,8.4
2022,8,하선,신흥,2825,토요일,8:00,7.7
2022,8,상선,암사,2811,공휴일,8:00,0.0
2022,8,하선,암사,2811,공휴일,8:00,8.8
2022,8,상선,천호,2812,공휴일,8:00,2.3
2022,8,하선,천호,2812,공휴일,8:00,19.8
2022,8,상선,강동구청,2813,공휴일,8:00,10.1
2022,8,하선,강동구청,2813,공휴일,8:00,22.1
2022,8,상선,몽촌토성,2814,공휴일,8:00,11.1
2022,8,하선,몽촌토성,2814,공휴일,8:00,20.4
2022,8,상선,잠실,2815,공휴일,8:00,11.6
2022,8,하선,잠실,2815,공휴일,8:00,18.7
2022,8,상선,석촌,2816,공휴일,8:00,22.6
2022,8,하선,석촌,2816,공휴일,8:00,17.6
2022,8,상선,송파,2817,공휴일,8:00,23.3
2022,8,하선,송파,2817,공휴일,8:00,17.7
2022,8,상선,가락시장,2818,공휴일,8:00,22.5
2022,8,하선,가락시장,2818,공휴일,8:00,15.4
2022,8,상선,문정,2819,공휴일,8:00,22.0
2022,8,하선,문정,2819,공휴일,8:00,11.9
2022,8,상선,장지,2820,공휴일,8:00,22.5
2022,8,하선,장지,2820,공휴일,8:00,10.3
2022,8,상선,복정,2821,공휴일,8:00,19.2
2022,8,하선,복정,2821,공휴일,8:00,5.2
2022,8,상선,산성,2822,공휴일,8:00,13.9
2022,8,하선,산성,2822,공휴일,8:00,4.1
2022,8,상선,남한산성입구,2823,공휴일,8:00,12.9
2022,8,하선,남한산성입구,2823,공휴일,8:00,4.5
2022,8,상선,단대오거리,2824,공휴일,8:00,7.9
2022,8,하선,단대오거리,2824,공휴일,8:00,3.6
2022,8,상선,신흥,2825,공휴일,8:00,4.9
2022,8,하선,신흥,2825,공휴일,8:00,3.8
2022,8,상선,수진,2826,공휴일,8:00,3.6
2022,8,하선,수진,2826,공휴일,8:00,4.5
2022,8,상선,모란,2827,공휴일,8:00,1.8
2022,8,하선,모란,2827,공휴일,8:00,0.0
2023,8,상선,암사,2811,평일,8:00,0.0
2023,8,하선,암사,2811,평일,8:00,49.2
2023,8,상선,천호,2812,평일,8:00,6.5
2023,8,하선,천호,2812,평일,8:00,127.8
2023,8,상선,강동구청,2813,평일,8:00,28.2
2023,8,하선,강동구청,2813,평일,8:00,138.7
2023,8,상선,몽촌토성,2814,평일,8:00,31.9
2023,8,하선,몽촌토성,2814,평일,8:00,139.1
2023,8,상선,잠실,2815,평일,8:00,34.6
2023,8,하선,잠실,2815,평일,8:00,114.9
2023,8,상선,석촌,2816,평일,8:00,92.4
2023,8,하선,석촌,2816,평일,8:00,118.5
2023,8,상선,송파,2817,평일,8:00,106.5
2023,8,하선,송파,2817,평일,8:00,118.6
2023,8,상선,가락시장,2818,평일,8:00,98.4
2023,8,하선,가락시장,2818,평일,8:00,101.9
2023,8,상선,문정,2819,평일,8:00,108.7
2023,8,하선,문정,2819,평일,8:00,57.3
2023,8,상선,장지,2820,평일,8:00,110.4
2023,8,하선,장지,2820,평일,8:00,50.7
2023,8,상선,복정,2821,평일,8:00,98.2
2023,8,하선,복정,2821,평일,8:00,27.3
2023,8,상선,산성,2822,평일,8:00,72.4
2023,8,하선,산성,2822,평일,8:00,22.4
2023,8,상선,남한산성입구,2823,평일,8:00,60.9
2023,8,하선,남한산성입구,2823,평일,8:00,23.3
2023,8,상선,단대오거리,2824,평일,8:00,39.9
2023,8,하선,단대오거리,2824,평일,8:00,22.2
2023,8,상선,신흥,2825,평일,8:00,19.7
2023,8,하선,신흥,2825,평일,8:00,23.2
2023,8,상선,수진,2826,평일,8:00,12.7
2023,8,하선,수진,2826,평일,8:00,22.7
2023,8,상선,모란,2827,평일,8:00,7.8
2023,8,하선,모란,2827,평일,8:00,0.0
2023,8,상선,암사,2811,토요일,8:00,0.0
2023,8,하선,암사,2811,토요일,8:00,15.0
2023,8,상선,천호,2812,토요일,8:00,4.1
2023,8,하선,천호,2812,토요일,8:00,38.1
2023,8,상선,강동구청,2813,토요일,8:00,15.2
2023,8,하선,강동구청,2813,토요일,8:00,40.0
2023,8,상선,몽촌토성,2814,토요일,8:00,16.3
2023,8,하선,몽촌토성,2814,토요일,8:00,41.5
2023,8,상선,잠실,2815,토요일,8:00,17.5
2023,8,하선,잠실,2815,토요일,8:00,34.6
2023,8,상선,석촌,2816,토요일,8:00,33.5
2023,8,하선,석촌,2816,토요일,8:00,34.1
2023,8,상선,송파,2817,토요일,8:00,41.5
2023,8,하선,송파,2817,토요일,8:00,30.4
2023,8,상선,가락시장,2818,토요일,8:00,38.8
2023,8,하선,가락시장,2818,토요일,8:00,25.9
2023,8,상선,문정,2819,토요일,8:00,40.3
2023,8,하선,문정,2819,토요일,8:00,23.9
2023,8,상선,장지,2820,토요일,8:00,38.5
2023,8,하선,장지,2820,토요일,8:00,21.3
2023,8,상선,복정,2821,토요일,8:00,31.9
2023,8,하선,복정,2821,토요일,8:00,10.3
2023,8,상선,산성,2822,토요일,8:00,24.9
2023,8,하선,산성,2822,토요일,8:00,7.7
2023,8,상선,남한산성입구,2823,토요일,8:00,22.3
2023,8,하선,남한산성입구,2823,토요일,8:00,9.2
2023,8,상선,단대오거리,2824,토요일,8:00,14.7
2023,8,하선,단대오거리,2824,토요일,8:00,9.1
2023,8,상선,신흥,2825,토요일,8:00,8.8
2023,8,하선,신흥,2825,토요일,8:00,9.4
2023,8,상선,수진,2826,토요일,8:00,5.9
2023,8,하선,수진,2826,토요일,8:00,9.4
2023,8,상선,모란,2827,토요일,8:00,3.8
2023,8,하선,모란,2827,토요일,8:00,0.0
2023,8,상선,암사,2811,일요일,8:00,0.0
2023,8,하선,암사,2811,일요일,8:00,9.2
2023,8,상선,천호,2812,일요일,8:00,2.3
2023,8,하선,천호,2812,일요일,8:00,23.3
2023,8,상선,강동구청,2813,일요일,8:00,10.9
2023,8,하선,강동구청,2813,일요일,8:00,22.0
2023,8,상선,몽촌토성,2814,일요일,8:00,12.9
2023,8,하선,몽촌토성,2814,일요일,8:00,22.3
2023,8,상선,잠실,2815,일요일,8:00,13.6
2023,8,하선,잠실,2815,일요일,8:00,19.0
2023,8,상선,석촌,2816,일요일,8:00,23.2
2023,8,하선,석촌,2816,일요일,8:00,19.8
2023,8,상선,송파,2817,일요일,8:00,27.0
2023,8,하선,송파,2817,일요일,8:00,18.4
2023,8,상선,가락시장,2818,일요일,8:00,24.8
2023,8,하선,가락시장,2818,일요일,8:00,15.3
2023,8,상선,문정,2819,일요일,8:00,24.0
2023,8,하선,문정,2819,일요일,8:00,14.1
2023,8,상선,장지,2820,일요일,8:00,22.3
2023,8,하선,장지,2820,일요일,8:00,12.8
2023,8,상선,복정,2821,일요일,8:00,19.3
2023,8,하선,복정,2821,일요일,8:00,6.3
2023,8,상선,산성,2822,일요일,8:00,16.2
2023,8,하선,산성,2822,일요일,8:00,3.8
2023,8,상선,남한산성입구,2823,일요일,8:00,14.3
2023,8,하선,남한산성입구,2823,일요일,8:00,4.8
2023,8,상선,단대오거리,2824,일요일,8:00,9.1
2023,8,하선,단대오거리,2824,일요일,8:00,4.9
2023,8,상선,신흥,2825,일요일,8:00,4.9
2023,8,하선,신흥,2825,일요일,8:00,5.0
2023,8,상선,수진,2826,일요일,8:00,3.2
2023,8,하선,수진,2826,일요일,8:00,5.3
2023,8,상선,모란,2827,일요일,8:00,2.1
202403,8,상선,암사,2811,평일,8:00,0.0
202403,8,하선,암사,2811,평일,8:00,51.1
202403,8,상선,천호,2812,평일,8:00,6.4
202403,8,하선,천호,2812,평일,8:00,131.9
202403,8,상선,강동구청,2813,평일,8:00,29.9
202403,8,하선,강동구청,2813,평일,8:00,142.9
202403,8,상선,몽촌토성,2814,평일,8:00,32.7
202403,8,하선,몽촌토성,2814,평일,8:00,142.2
202403,8,상선,잠실,2815,평일,8:00,35.6
202403,8,하선,잠실,2815,평일,8:00,119.5
202403,8,상선,석촌,2816,평일,8:00,97.0
202403,8,하선,석촌,2816,평일,8:00,124.2
202403,8,상선,송파,2817,평일,8:00,110.0
202403,8,하선,송파,2817,평일,8:00,125.4
202403,8,상선,가락시장,2818,평일,8:00,102.7
202403,8,하선,가락시장,2818,평일,8:00,108.5
202403,8,상선,문정,2819,평일,8:00,113.6
202403,8,하선,문정,2819,평일,8:00,63.7
202403,8,상선,장지,2820,평일,8:00,116.8
202403,8,하선,장지,2820,평일,8:00,56.5
202403,8,상선,복정,2821,평일,8:00,105.7
202403,8,하선,복정,2821,평일,8:00,30.6
202403,8,상선,산성,2822,평일,8:00,78.6
202403,8,하선,산성,2822,평일,8:00,25.6
202403,8,상선,남한산성입구,2823,평일,8:00,64.8
202403,8,하선,남한산성입구,2823,평일,8:00,24.2
202403,8,상선,단대오거리,2824,평일,8:00,41.4
202403,8,하선,단대오거리,2824,평일,8:00,23.4
202403,8,상선,신흥,2825,평일,8:00,21.4
202403,8,하선,신흥,2825,평일,8:00,24.6
202403,8,상선,수진,2826,평일,8:00,13.7
202403,8,하선,수진,2826,평일,8:00,23.8
202403,8,상선,모란,2827,평일,8:00,8.2
202403,8,하선,모란,2827,평일,8:00,0.0
202403,8,상선,암사,2811,토요일,8:00,0.0
202403,8,하선,암사,2811,토요일,8:00,17.5
202403,8,상선,천호,2812,토요일,8:00,5.1
202403,8,하선,천호,2812,토요일,8:00,41.6
202403,8,상선,강동구청,2813,토요일,8:00,19.9
202403,8,하선,강동구청,2813,토요일,8:00,39.9
202403,8,상선,몽촌토성,2814,토요일,8:00,20.8
202403,8,하선,몽촌토성,2814,토요일,8:00,41.7
202403,8,상선,잠실,2815,토요일,8:00,21.5
202403,8,하선,잠실,2815,토요일,8:00,35.1
202403,8,상선,석촌,2816,토요일,8:00,37.5
202403,8,하선,석촌,2816,토요일,8:00,35.3
202403,8,상선,송파,2817,토요일,8:00,45.9
202403,8,하선,송파,2817,토요일,8:00,31.2
202403,8,상선,가락시장,2818,토요일,8:00,43.9
202403,8,하선,가락시장,2818,토요일,8:00,25.9
202403,8,상선,문정,2819,토요일,8:00,43.9
202403,8,하선,문정,2819,토요일,8:00,22.5
202403,8,상선,장지,2820,토요일,8:00,42.3
202403,8,하선,장지,2820,토요일,8:00,20.6
202403,8,상선,복정,2821,토요일,8:00,36.4
202403,8,하선,복정,2821,토요일,8:00,10.6
202403,8,상선,산성,2822,토요일,8:00,31.2
202403,8,하선,산성,2822,토요일,8:00,8.0
202403,8,상선,남한산성입구,2823,토요일,8:00,27.6
202403,8,하선,남한산성입구,2823,토요일,8:00,9.4
202403,8,상선,단대오거리,2824,토요일,8:00,18.5
202403,8,하선,단대오거리,2824,토요일,8:00,10.5
202403,8,상선,신흥,2825,토요일,8:00,10.3
202403,8,하선,신흥,2825,토요일,8:00,11.1
202403,8,상선,수진,2826,토요일,8:00,6.9
202403,8,하선,수진,2826,토요일,8:00,11.4
202403,8,상선,모란,2827,토요일,8:00,4.9
202403,8,하선,모란,2827,토요일,8:00,0.0
202403,8,상선,암사,2811,일요일,8:00,0.0
202403,8,하선,암사,2811,일요일,8:00,9.7
202403,8,상선,천호,2812,일요일,8:00,3.0
202403,8,하선,천호,2812,일요일,8:00,25.2
202403,8,상선,강동구청,2813,일요일,8:00,10.4
202403,8,하선,강동구청,2813,일요일,8:00,24.6
202403,8,상선,몽촌토성,2814,일요일,8:00,10.9
202403,8,하선,몽촌토성,2814,일요일,8:00,25.6
202403,8,상선,잠실,2815,일요일,8:00,13.3
202403,8,하선,잠실,2815,일요일,8:00,21.6
202403,8,상선,석촌,2816,일요일,8:00,22.8
202403,8,하선,석촌,2816,일요일,8:00,20.4
202403,8,상선,송파,2817,일요일,8:00,28.2
202403,8,하선,송파,2817,일요일,8:00,17.5
202403,8,상선,가락시장,2818,일요일,8:00,26.0
202403,8,하선,가락시장,2818,일요일,8:00,15.3
202403,8,상선,문정,2819,일요일,8:00,26.0
202403,8,하선,문정,2819,일요일,8:00,13.7
202403,8,상선,장지,2820,일요일,8:00,25.8
202403,8,하선,장지,2820,일요일,8:00,13.0
202403,8,상선,복정,2821,일요일,8:00,22.1
202403,8,하선,복정,2821,일요일,8:00,6.2
202403,8,상선,산성,2822,일요일,8:00,18.1
202403,8,하선,산성,2822,일요일,8:00,5.1
202403,8,상선,남한산성입구,2823,일요일,8:00,15.4
202403,8,하선,남한산성입구,2823,일요일,8:00,5.7
202403,8,상선,단대오거리,2824,일요일,8:00,10.0
202403,8,하선,단대오거리,2824,일요일,8:00,5.9
202403,8,상선,신흥,2825,일요일,8:00,6.4
202403,8,하선,신흥,2825,일요일,8:00,6.0
202403,8,상선,수진,2826,일요일,8:00,3.9
202403,8,하선,수진,2826,일요일,8:00,6.0
202403,8,상선,모란,2827,일요일,8:00,2.5
202406,8,상선,암사,2811,평일,8:00,0.0
202406,8,하선,암사,2811,평일,8:00,49.3
202406,8,상선,천호,2812,평일,8:00,6.7
202406,8,하선,천호,2812,평일,8:00,132.4
202406,8,상선,강동구청,2813,평일,8:00,28.2
202406,8,하선,강동구청,2813,평일,8:00,142.5
202406,8,상선,몽촌토성,2814,평일,8:00,31.3
202406,8,하선,몽촌토성,2814,평일,8:00,143.0
202406,8,상선,잠실,2815,평일,8:00,34.3
202406,8,하선,잠실,2815,평일,8:00,116.8
202406,8,상선,석촌,2816,평일,8:00,93.5
202406,8,하선,석촌,2816,평일,8:00,122.9
202406,8,상선,송파,2817,평일,8:00,108.0
202406,8,하선,송파,2817,평일,8:00,123.2
202406,8,상선,가락시장,2818,평일,8:00,100.1
202406,8,하선,가락시장,2818,평일,8:00,104.6
202406,8,상선,문정,2819,평일,8:00,108.8
202406,8,하선,문정,2819,평일,8:00,58.1
202406,8,상선,장지,2820,평일,8:00,111.5
202406,8,하선,장지,2820,평일,8:00,49.8
202406,8,상선,복정,2821,평일,8:00,101.7
202406,8,하선,복정,2821,평일,8:00,26.0
202406,8,상선,산성,2822,평일,8:00,75.1
202406,8,하선,산성,2822,평일,8:00,21.0
202406,8,상선,남한산성입구,2823,평일,8:00,61.5
202406,8,하선,남한산성입구,2823,평일,8:00,23.0
202406,8,상선,단대오거리,2824,평일,8:00,39.7
202406,8,하선,단대오거리,2824,평일,8:00,23.7
202406,8,상선,신흥,2825,평일,8:00,20.6
202406,8,하선,신흥,2825,평일,8:00,24.8
202406,8,상선,수진,2826,평일,8:00,13.5
202406,8,하선,수진,2826,평일,8:00,24.2
202406,8,상선,모란,2827,평일,8:00,7.9
202406,8,하선,모란,2827,평일,8:00,0.0
202406,8,상선,암사,2811,토요일,8:00,0.0
202406,8,하선,암사,2811,토요일,8:00,17.5
202406,8,상선,천호,2812,토요일,8:00,5.6
202406,8,하선,천호,2812,토요일,8:00,40.8
202406,8,상선,강동구청,2813,토요일,8:00,21.0
202406,8,하선,강동구청,2813,토요일,8:00,40.7
202406,8,상선,몽촌토성,2814,토요일,8:00,22.6
202406,8,하선,몽촌토성,2814,토요일,8:00,42.2
202406,8,상선,잠실,2815,토요일,8:00,23.1
202406,8,하선,잠실,2815,토요일,8:00,36.2
202406,8,상선,석촌,2816,토요일,8:00,36.8
202406,8,하선,석촌,2816,토요일,8:00,36.8
202406,8,상선,송파,2817,토요일,8:00,44.5
202406,8,하선,송파,2817,토요일,8:00,33.7
202406,8,상선,가락시장,2818,토요일,8:00,41.6
202406,8,하선,가락시장,2818,토요일,8:00,29.9
202406,8,상선,문정,2819,토요일,8:00,42.5
202406,8,하선,문정,2819,토요일,8:00,26.3
202406,8,상선,장지,2820,토요일,8:00,42.8
202406,8,하선,장지,2820,토요일,8:00,22.4
202406,8,상선,복정,2821,토요일,8:00,36.6
202406,8,하선,복정,2821,토요일,8:00,12.1
202406,8,상선,산성,2822,토요일,8:00,29.0
202406,8,하선,산성,2822,토요일,8:00,10.4
202406,8,상선,남한산성입구,2823,토요일,8:00,25.4
202406,8,하선,남한산성입구,2823,토요일,8:00,11.4
202406,8,상선,단대오거리,2824,토요일,8:00,17.4
202406,8,하선,단대오거리,2824,토요일,8:00,11.8
202406,8,상선,신흥,2825,토요일,8:00,10.5
202406,8,하선,신흥,2825,토요일,8:00,12.0
202406,8,상선,수진,2826,토요일,8:00,7.6
202406,8,하선,수진,2826,토요일,8:00,10.6
202406,8,상선,모란,2827,토요일,8:00,6.0
202406,8,하선,모란,2827,토요일,8:00,0.0
202406,8,상선,암사,2811,일요일,8:00,0.0
202406,8,하선,암사,2811,일요일,8:00,10.7
202406,8,상선,천호,2812,일요일,8:00,2.7
202406,8,하선,천호,2812,일요일,8:00,26.4
202406,8,상선,강동구청,2813,일요일,8:00,10.9
202406,8,하선,강동구청,2813,일요일,8:00,25.2
202406,8,상선,몽촌토성,2814,일요일,8:00,10.8
202406,8,하선,몽촌토성,2814,일요일,8:00,23.2
202406,8,상선,잠실,2815,일요일,8:00,12.6
202406,8,하선,잠실,2815,일요일,8:00,19.4
202406,8,상선,석촌,2816,일요일,8:00,20.7
202406,8,하선,석촌,2816,일요일,8:00,19.1
202406,8,상선,송파,2817,일요일,8:00,25.0
202406,8,하선,송파,2817,일요일,8:00,18.1
202406,8,상선,가락시장,2818,일요일,8:00,23.1
202406,8,하선,가락시장,2818,일요일,8:00,15.6
202406,8,상선,문정,2819,일요일,8:00,23.9
202406,8,하선,문정,2819,일요일,8:00,14.4
202406,8,상선,장지,2820,일요일,8:00,23.5
202406,8,하선,장지,2820,일요일,8:00,12.9
202406,8,상선,복정,2821,일요일,8:00,20.2
202406,8,하선,복정,2821,일요일,8:00,7.1
202406,8,상선,산성,2822,일요일,8:00,15.9
202406,8,하선,산성,2822,일요일,8:00,5.6
202406,8,상선,남한산성입구,2823,일요일,8:00,13.3
202406,8,하선,남한산성입구,2823,일요일,8:00,6.2
202406,8,상선,단대오거리,2824,일요일,8:00,8.7
202406,8,하선,단대오거리,2824,일요일,8:00,5.4
202406,8,상선,신흥,2825,일요일,8:00,5.2
202406,8,하선,신흥,2825,일요일,8:00,5.4
202406,8,상선,수진,2826,일요일,8:00,3.2
202406,8,하선,수진,2826,일요일,8:00,4.9
202406,8,상선,모란,2827,일요일,8:00,2.3
2020,8,상선,암사,2811,평일,8:30,0.0
2020,8,하선,암사,2811,평일,8:30,31.7
2020,8,상선,천호,2812,평일,8:30,7.5
2020,8,하선,천호,2812,평일,8:30,92.1
2020,8,상선,강동구청,2813,평일,8:30,20.5
2020,8,하선,강동구청,2813,평일,8:30,94.2
2020,8,상선,몽촌토성,2814,평일,8:30,27.3
2020,8,하선,몽촌토성,2814,평일,8:30,96.8
2020,8,상선,잠실,2815,평일,8:30,29.2
2020,8,하선,잠실,2815,평일,8:30,83.4
2020,8,상선,석촌,2816,평일,8:30,74.2
2020,8,하선,석촌,2816,평일,8:30,86.3
2020,8,상선,송파,2817,평일,8:30,82.0
2020,8,하선,송파,2817,평일,8:30,100.6
2020,8,상선,가락시장,2818,평일,8:30,75.6
2020,8,하선,가락시장,2818,평일,8:30,89.4
2020,8,상선,문정,2819,평일,8:30,82.0
2020,8,하선,문정,2819,평일,8:30,36.8
2020,8,상선,장지,2820,평일,8:30,97.6
2020,8,하선,장지,2820,평일,8:30,28.8
2020,8,상선,복정,2821,평일,8:30,81.3
2020,8,하선,복정,2821,평일,8:30,12.0
2020,8,상선,산성,2822,평일,8:30,50.5
2020,8,하선,산성,2822,평일,8:30,13.7
2020,8,상선,남한산성입구,2823,평일,8:30,39.2
2020,8,하선,남한산성입구,2823,평일,8:30,11.0
2020,8,상선,단대오거리,2824,평일,8:30,24.1
2020,8,하선,단대오거리,2824,평일,8:30,10.4
2020,8,상선,신흥,2825,평일,8:30,14.2
2020,8,하선,신흥,2825,평일,8:30,10.3
2020,8,상선,수진,2826,평일,8:30,9.6
2020,8,하선,수진,2826,평일,8:30,10.9
2020,8,상선,모란,2827,평일,8:30,6.3
2020,8,하선,모란,2827,평일,8:30,0.0
2020,8,상선,암사,2811,토요일,8:30,0.0
2020,8,하선,암사,2811,토요일,8:30,12.2
2020,8,상선,천호,2812,토요일,8:30,5.6
2020,8,하선,천호,2812,토요일,8:30,27.8
2020,8,상선,강동구청,2813,토요일,8:30,14.7
2020,8,하선,강동구청,2813,토요일,8:30,30.8
2020,8,상선,몽촌토성,2814,토요일,8:30,15.0
2020,8,하선,몽촌토성,2814,토요일,8:30,31.5
2020,8,상선,잠실,2815,토요일,8:30,15.7
2020,8,하선,잠실,2815,토요일,8:30,31.0
2020,8,상선,석촌,2816,토요일,8:30,30.6
2020,8,하선,석촌,2816,토요일,8:30,31.2
2020,8,상선,송파,2817,토요일,8:30,33.6
2020,8,하선,송파,2817,토요일,8:30,29.6
2020,8,상선,가락시장,2818,토요일,8:30,32.4
2020,8,하선,가락시장,2818,토요일,8:30,24.5
2020,8,상선,문정,2819,토요일,8:30,33.6
2020,8,하선,문정,2819,토요일,8:30,18.5
2020,8,상선,장지,2820,토요일,8:30,31.5
2020,8,하선,장지,2820,토요일,8:30,14.4
2020,8,상선,복정,2821,토요일,8:30,27.4
2020,8,하선,복정,2821,토요일,8:30,6.5
2020,8,상선,산성,2822,토요일,8:30,22.8
2020,8,하선,산성,2822,토요일,8:30,6.5
2020,8,상선,남한산성입구,2823,토요일,8:30,19.1
2020,8,하선,남한산성입구,2823,토요일,8:30,7.3
2020,8,상선,단대오거리,2824,토요일,8:30,12.3
2020,8,하선,단대오거리,2824,토요일,8:30,7.1
2020,8,상선,신흥,2825,토요일,8:30,6.2
2020,8,하선,신흥,2825,토요일,8:30,7.2
2020,8,상선,수진,2826,토요일,8:30,4.6
2020,8,하선,수진,2826,토요일,8:30,8.0
2020,8,상선,모란,2827,토요일,8:30,3.0
2020,8,하선,모란,2827,토요일,8:30,0.0
2020,8,상선,암사,2811,일요일,8:30,0.0
2020,8,하선,암사,2811,일요일,8:30,6.5
2020,8,상선,천호,2812,일요일,8:30,3.1
2020,8,하선,천호,2812,일요일,8:30,13.9
2020,8,상선,강동구청,2813,일요일,8:30,8.9
2020,8,하선,강동구청,2813,일요일,8:30,15.8
2020,8,상선,몽촌토성,2814,일요일,8:30,9.4
2020,8,하선,몽촌토성,2814,일요일,8:30,16.8
2020,8,상선,잠실,2815,일요일,8:30,10.1
2020,8,하선,잠실,2815,일요일,8:30,15.2
2020,8,상선,석촌,2816,일요일,8:30,15.8
2020,8,하선,석촌,2816,일요일,8:30,16.1
2020,8,상선,송파,2817,일요일,8:30,17.5
2020,8,하선,송파,2817,일요일,8:30,15.9
2020,8,상선,가락시장,2818,일요일,8:30,16.9
2021,8,상선,암사,2811,평일,8:30,0.0
2021,8,하선,암사,2811,평일,8:30,32.5
2021,8,상선,천호,2812,평일,8:30,8.2
2021,8,하선,천호,2812,평일,8:30,95.6
2021,8,상선,강동구청,2813,평일,8:30,19.3
2021,8,하선,강동구청,2813,평일,8:30,98.0
2021,8,상선,몽촌토성,2814,평일,8:30,27.1
2021,8,하선,몽촌토성,2814,평일,8:30,104.2
2021,8,상선,잠실,2815,평일,8:30,29.0
2021,8,하선,잠실,2815,평일,8:30,87.0
2021,8,상선,석촌,2816,평일,8:30,74.9
2021,8,하선,석촌,2816,평일,8:30,92.5
2021,8,상선,송파,2817,평일,8:30,75.5
2021,8,하선,송파,2817,평일,8:30,102.7
2021,8,상선,가락시장,2818,평일,8:30,69.8
2021,8,하선,가락시장,2818,평일,8:30,90.9
2021,8,상선,문정,2819,평일,8:30,75.9
2021,8,하선,문정,2819,평일,8:30,34.5
2021,8,상선,장지,2820,평일,8:30,93.1
2021,8,하선,장지,2820,평일,8:30,29.0
2021,8,상선,복정,2821,평일,8:30,92.1
2021,8,하선,복정,2821,평일,8:30,12.1
2021,8,상선,산성,2822,평일,8:30,51.6
2021,8,하선,산성,2822,평일,8:30,12.3
2021,8,상선,남한산성입구,2823,평일,8:30,41.0
2021,8,하선,남한산성입구,2823,평일,8:30,10.9
2021,8,상선,단대오거리,2824,평일,8:30,25.5
2021,8,하선,단대오거리,2824,평일,8:30,11.3
2021,8,상선,신흥,2825,평일,8:30,15.3
2021,8,하선,신흥,2825,평일,8:30,11.1
2021,8,상선,수진,2826,평일,8:30,9.8
2021,8,하선,수진,2826,평일,8:30,11.6
2021,8,상선,모란,2827,평일,8:30,6.2
2021,8,하선,모란,2827,평일,8:30,0.0
2021,8,상선,암사,2811,토요일,8:30,0.0
2021,8,하선,암사,2811,토요일,8:30,12.2
2021,8,상선,천호,2812,토요일,8:30,6.8
2021,8,하선,천호,2812,토요일,8:30,28.2
2021,8,상선,강동구청,2813,토요일,8:30,15.9
2021,8,하선,강동구청,2813,토요일,8:30,30.7
2021,8,상선,몽촌토성,2814,토요일,8:30,16.9
2021,8,하선,몽촌토성,2814,토요일,8:30,29.4
2021,8,상선,잠실,2815,토요일,8:30,18.1
2021,8,하선,잠실,2815,토요일,8:30,25.9
2021,8,상선,석촌,2816,토요일,8:30,26.2
2021,8,하선,석촌,2816,토요일,8:30,25.6
2021,8,상선,송파,2817,토요일,8:30,31.8
2021,8,하선,송파,2817,토요일,8:30,24.8
2021,8,상선,가락시장,2818,토요일,8:30,30.8
2021,8,하선,가락시장,2818,토요일,8:30,18.5
2021,8,상선,문정,2819,토요일,8:30,30.9
2021,8,하선,문정,2819,토요일,8:30,16.8
2021,8,상선,장지,2820,토요일,8:30,29.2
2021,8,하선,장지,2820,토요일,8:30,14.3
2021,8,상선,복정,2821,토요일,8:30,22.7
2021,8,하선,복정,2821,토요일,8:30,6.2
2021,8,상선,산성,2822,토요일,8:30,20.2
2021,8,하선,산성,2822,토요일,8:30,5.8
2021,8,상선,남한산성입구,2823,토요일,8:30,17.7
2021,8,하선,남한산성입구,2823,토요일,8:30,7.7
2021,8,상선,단대오거리,2824,토요일,8:30,12.1
2021,8,하선,단대오거리,2824,토요일,8:30,8.0
2021,8,상선,신흥,2825,토요일,8:30,6.2
2021,8,하선,신흥,2825,토요일,8:30,7.8
2021,8,상선,수진,2826,토요일,8:30,4.7
2021,8,하선,수진,2826,토요일,8:30,8.8
2021,8,상선,모란,2827,토요일,8:30,2.9
2021,8,하선,모란,2827,토요일,8:30,0.0
2022,8,상선,암사,2811,평일,8:30,0.0
2022,8,하선,암사,2811,평일,8:30,37.0
2022,8,상선,천호,2812,평일,8:30,7.6
2022,8,하선,천호,2812,평일,8:30,105.2
2022,8,상선,강동구청,2813,평일,8:30,24.8
2022,8,하선,강동구청,2813,평일,8:30,108.4
2022,8,상선,몽촌토성,2814,평일,8:30,30.7
2022,8,하선,몽촌토성,2814,평일,8:30,114.0
2022,8,상선,잠실,2815,평일,8:30,36.5
2022,8,하선,잠실,2815,평일,8:30,95.0
2022,8,상선,석촌,2816,평일,8:30,92.1
2022,8,하선,석촌,2816,평일,8:30,105.2
2022,8,상선,송파,2817,평일,8:30,100.9
2022,8,하선,송파,2817,평일,8:30,110.7
2022,8,상선,가락시장,2818,평일,8:30,93.6
2022,8,하선,가락시장,2818,평일,8:30,97.9
2022,8,상선,문정,2819,평일,8:30,98.0
2022,8,하선,문정,2819,평일,8:30,45.8
2022,8,상선,장지,2820,평일,8:30,118.0
2022,8,하선,장지,2820,평일,8:30,36.8
2022,8,상선,복정,2821,평일,8:30,102.2
2022,8,하선,복정,2821,평일,8:30,21.5
2022,8,상선,산성,2822,평일,8:30,62.2
2022,8,하선,산성,2822,평일,8:30,17.5
2022,8,상선,남한산성입구,2823,평일,8:30,50.4
2022,8,하선,남한산성입구,2823,평일,8:30,14.7
2022,8,상선,단대오거리,2824,평일,8:30,31.1
2022,8,하선,단대오거리,2824,평일,8:30,12.8
2022,8,상선,신흥,2825,평일,8:30,20.8
2022,8,하선,신흥,2825,평일,8:30,12.5
2022,8,상선,수진,2826,평일,8:30,16.2
2022,8,하선,수진,2826,평일,8:30,14.4
2022,8,상선,모란,2827,평일,8:30,12.2
2022,8,하선,모란,2827,평일,8:30,0.0
2022,8,상선,암사,2811,토요일,8:30,0.0
2022,8,하선,암사,2811,토요일,8:30,15.8
2022,8,상선,천호,2812,토요일,8:30,6.1
2022,8,하선,천호,2812,토요일,8:30,33.0
2022,8,상선,강동구청,2813,토요일,8:30,18.9
2022,8,하선,강동구청,2813,토요일,8:30,37.0
2022,8,상선,몽촌토성,2814,토요일,8:30,18.3
2022,8,하선,몽촌토성,2814,토요일,8:30,39.9
2022,8,상선,잠실,2815,토요일,8:30,20.1
2022,8,하선,잠실,2815,토요일,8:30,34.5
2022,8,상선,석촌,2816,토요일,8:30,38.1
2022,8,하선,석촌,2816,토요일,8:30,35.0
2022,8,상선,송파,2817,토요일,8:30,43.9
2022,8,하선,송파,2817,토요일,8:30,34.3
2022,8,상선,가락시장,2818,토요일,8:30,41.3
2022,8,하선,가락시장,2818,토요일,8:30,28.3
2022,8,상선,문정,2819,토요일,8:30,43.9
2022,8,하선,문정,2819,토요일,8:30,26.4
2022,8,상선,장지,2820,토요일,8:30,41.0
2022,8,하선,장지,2820,토요일,8:30,21.3
2022,8,상선,복정,2821,토요일,8:30,33.8
2022,8,하선,복정,2821,토요일,8:30,12.0
2022,8,상선,산성,2822,토요일,8:30,24.0
2022,8,하선,산성,2822,토요일,8:30,9.4
2022,8,상선,남한산성입구,2823,토요일,8:30,22.8
2022,8,하선,남한산성입구,2823,토요일,8:30,10.0
2022,8,상선,단대오거리,2824,토요일,8:30,15.0
2022,8,하선,단대오거리,2824,토요일,8:30,9.5
2022,8,상선,신흥,2825,토요일,8:30,9.9
2022,8,하선,신흥,2825,토요일,8:30,8.9
2022,8,상선,암사,2811,공휴일,8:30,0.0
2022,8,하선,암사,2811,공휴일,8:30,10.0
2022,8,상선,천호,2812,공휴일,8:30,3.7
2022,8,하선,천호,2812,공휴일,8:30,21.6
2022,8,상선,강동구청,2813,공휴일,8:30,12.7
2022,8,하선,강동구청,2813,공휴일,8:30,24.2
2022,8,상선,몽촌토성,2814,공휴일,8:30,12.7
2022,8,하선,몽촌토성,2814,공휴일,8:30,25.6
2022,8,상선,잠실,2815,공휴일,8:30,14.0
2022,8,하선,잠실,2815,공휴일,8:30,21.3
2022,8,상선,석촌,2816,공휴일,8:30,25.2
2022,8,하선,석촌,2816,공휴일,8:30,25.9
2022,8,상선,송파,2817,공휴일,8:30,27.4
2022,8,하선,송파,2817,공휴일,8:30,24.9
2022,8,상선,가락시장,2818,공휴일,8:30,28.0
2022,8,하선,가락시장,2818,공휴일,8:30,20.4
2022,8,상선,문정,2819,공휴일,8:30,28.4
2022,8,하선,문정,2819,공휴일,8:30,18.1
2022,8,상선,장지,2820,공휴일,8:30,25.3
2022,8,하선,장지,2820,공휴일,8:30,14.0
2022,8,상선,복정,2821,공휴일,8:30,21.8
2022,8,하선,복정,2821,공휴일,8:30,6.6
2022,8,상선,산성,2822,공휴일,8:30,15.7
2022,8,하선,산성,2822,공휴일,8:30,5.0
2022,8,상선,남한산성입구,2823,공휴일,8:30,14.8
2022,8,하선,남한산성입구,2823,공휴일,8:30,5.3
2022,8,상선,단대오거리,2824,공휴일,8:30,8.7
2022,8,하선,단대오거리,2824,공휴일,8:30,4.9
2022,8,상선,신흥,2825,공휴일,8:30,6.1
2022,8,하선,신흥,2825,공휴일,8:30,4.7
2022,8,상선,수진,2826,공휴일,8:30,4.2
2022,8,하선,수진,2826,공휴일,8:30,6.1
2022,8,상선,모란,2827,공휴일,8:30,2.6
2022,8,하선,모란,2827,공휴일,8:30,0.0
2023,8,상선,암사,2811,평일,8:30,0.0
2023,8,하선,암사,2811,평일,8:30,35.4
2023,8,상선,천호,2812,평일,8:30,7.3
2023,8,하선,천호,2812,평일,8:30,107.0
2023,8,상선,강동구청,2813,평일,8:30,26.4
2023,8,하선,강동구청,2813,평일,8:30,110.2
2023,8,상선,몽촌토성,2814,평일,8:30,30.4
2023,8,하선,몽촌토성,2814,평일,8:30,117.2
2023,8,상선,잠실,2815,평일,8:30,37.7
2023,8,하선,잠실,2815,평일,8:30,96.3
2023,8,상선,석촌,2816,평일,8:30,98.2
2023,8,하선,석촌,2816,평일,8:30,107.1
2023,8,상선,송파,2817,평일,8:30,109.0
2023,8,하선,송파,2817,평일,8:30,112.5
2023,8,상선,가락시장,2818,평일,8:30,101.4
2023,8,하선,가락시장,2818,평일,8:30,99.5
2023,8,상선,문정,2819,평일,8:30,105.0
2023,8,하선,문정,2819,평일,8:30,45.4
2023,8,상선,장지,2820,평일,8:30,122.8
2023,8,하선,장지,2820,평일,8:30,37.3
2023,8,상선,복정,2821,평일,8:30,105.4
2023,8,하선,복정,2821,평일,8:30,21.2
2023,8,상선,산성,2822,평일,8:30,69.7
2023,8,하선,산성,2822,평일,8:30,16.8
2023,8,상선,남한산성입구,2823,평일,8:30,56.6
2023,8,하선,남한산성입구,2823,평일,8:30,13.7
2023,8,상선,단대오거리,2824,평일,8:30,37.2
2023,8,하선,단대오거리,2824,평일,8:30,13.1
2023,8,상선,신흥,2825,평일,8:30,21.7
2023,8,하선,신흥,2825,평일,8:30,12.9
2023,8,상선,수진,2826,평일,8:30,15.4
2023,8,하선,수진,2826,평일,8:30,16.0
2023,8,상선,모란,2827,평일,8:30,10.6
2023,8,하선,모란,2827,평일,8:30,0.0
2023,8,상선,암사,2811,토요일,8:30,0.0
2023,8,하선,암사,2811,토요일,8:30,17.1
2023,8,상선,천호,2812,토요일,8:30,7.9
2023,8,하선,천호,2812,토요일,8:30,37.5
2023,8,상선,강동구청,2813,토요일,8:30,19.2
2023,8,하선,강동구청,2813,토요일,8:30,44.3
2023,8,상선,몽촌토성,2814,토요일,8:30,19.7
2023,8,하선,몽촌토성,2814,토요일,8:30,42.5
2023,8,상선,잠실,2815,토요일,8:30,20.7
2023,8,하선,잠실,2815,토요일,8:30,35.5
2023,8,상선,석촌,2816,토요일,8:30,39.4
2023,8,하선,석촌,2816,토요일,8:30,35.9
2023,8,상선,송파,2817,토요일,8:30,45.2
2023,8,하선,송파,2817,토요일,8:30,37.6
2023,8,상선,가락시장,2818,토요일,8:30,42.4
2023,8,하선,가락시장,2818,토요일,8:30,32.3
2023,8,상선,문정,2819,토요일,8:30,45.1
2023,8,하선,문정,2819,토요일,8:30,27.4
2023,8,상선,장지,2820,토요일,8:30,43.9
2023,8,하선,장지,2820,토요일,8:30,22.4
2023,8,상선,복정,2821,토요일,8:30,38.6
2023,8,하선,복정,2821,토요일,8:30,12.3
2023,8,상선,산성,2822,토요일,8:30,28.5
2023,8,하선,산성,2822,토요일,8:30,8.3
2023,8,상선,남한산성입구,2823,토요일,8:30,24.9
2023,8,하선,남한산성입구,2823,토요일,8:30,9.3
2023,8,상선,단대오거리,2824,토요일,8:30,17.3
2023,8,하선,단대오거리,2824,토요일,8:30,9.8
2023,8,상선,신흥,2825,토요일,8:30,11.2
2023,8,하선,신흥,2825,토요일,8:30,9.7
2023,8,상선,수진,2826,토요일,8:30,7.7
2023,8,하선,수진,2826,토요일,8:30,11.2
2023,8,상선,모란,2827,토요일,8:30,5.0
2023,8,하선,모란,2827,토요일,8:30,0.0
2023,8,상선,암사,2811,일요일,8:30,0.0
2023,8,하선,암사,2811,일요일,8:30,11.9
2023,8,상선,천호,2812,일요일,8:30,3.6
2023,8,하선,천호,2812,일요일,8:30,25.4
2023,8,상선,강동구청,2813,일요일,8:30,11.6
2023,8,하선,강동구청,2813,일요일,8:30,28.5
2023,8,상선,몽촌토성,2814,일요일,8:30,11.6
2023,8,하선,몽촌토성,2814,일요일,8:30,29.3
2023,8,상선,잠실,2815,일요일,8:30,14.7
2023,8,하선,잠실,2815,일요일,8:30,24.6
2023,8,상선,석촌,2816,일요일,8:30,25.7
2023,8,하선,석촌,2816,일요일,8:30,25.3
2023,8,상선,송파,2817,일요일,8:30,29.1
2023,8,하선,송파,2817,일요일,8:30,24.0
2023,8,상선,가락시장,2818,일요일,8:30,27.8
2023,8,하선,가락시장,2818,일요일,8:30,20.6
2023,8,상선,문정,2819,일요일,8:30,30.3
2023,8,하선,문정,2819,일요일,8:30,16.3
2023,8,상선,장지,2820,일요일,8:30,29.3
2023,8,하선,장지,2820,일요일,8:30,13.6
2023,8,상선,복정,2821,일요일,8:30,25.0
2023,8,하선,복정,2821,일요일,8:30,7.2
2023,8,상선,산성,2822,일요일,8:30,19.5
2023,8,하선,산성,2822,일요일,8:30,5.2
2023,8,상선,남한산성입구,2823,일요일,8:30,17.2
2023,8,하선,남한산성입구,2823,일요일,8:30,5.9
2023,8,상선,단대오거리,2824,일요일,8:30,10.5
2023,8,하선,단대오거리,2824,일요일,8:30,6.0
2023,8,상선,신흥,2825,일요일,8:30,6.4
2023,8,하선,신흥,2825,일요일,8:30,5.4
2023,8,상선,수진,2826,일요일,8:30,4.6
2023,8,하선,수진,2826,일요일,8:30,6.0
2023,8,상선,모란,2827,일요일,8:30,3.2
202403,8,상선,암사,2811,평일,8:30,0.0
202403,8,하선,암사,2811,평일,8:30,35.8
202403,8,상선,천호,2812,평일,8:30,7.9
202403,8,하선,천호,2812,평일,8:30,109.2
202403,8,상선,강동구청,2813,평일,8:30,25.1
202403,8,하선,강동구청,2813,평일,8:30,112.4
202403,8,상선,몽촌토성,2814,평일,8:30,29.3
202403,8,하선,몽촌토성,2814,평일,8:30,119.2
202403,8,상선,잠실,2815,평일,8:30,36.5
202403,8,하선,잠실,2815,평일,8:30,95.5
202403,8,상선,석촌,2816,평일,8:30,96.3
202403,8,하선,석촌,2816,평일,8:30,109.1
202403,8,상선,송파,2817,평일,8:30,109.9
202403,8,하선,송파,2817,평일,8:30,115.3
202403,8,상선,가락시장,2818,평일,8:30,102.7
202403,8,하선,가락시장,2818,평일,8:30,102.4
202403,8,상선,문정,2819,평일,8:30,104.0
202403,8,하선,문정,2819,평일,8:30,45.7
202403,8,상선,장지,2820,평일,8:30,121.6
202403,8,하선,장지,2820,평일,8:30,36.8
202403,8,상선,복정,2821,평일,8:30,104.4
202403,8,하선,복정,2821,평일,8:30,20.5
202403,8,상선,산성,2822,평일,8:30,67.9
202403,8,하선,산성,2822,평일,8:30,16.6
202403,8,상선,남한산성입구,2823,평일,8:30,55.8
202403,8,하선,남한산성입구,2823,평일,8:30,13.7
202403,8,상선,단대오거리,2824,평일,8:30,38.3
202403,8,하선,단대오거리,2824,평일,8:30,14.1
202403,8,상선,신흥,2825,평일,8:30,21.4
202403,8,하선,신흥,2825,평일,8:30,14.1
202403,8,상선,수진,2826,평일,8:30,14.5
202403,8,하선,수진,2826,평일,8:30,17.1
202403,8,상선,모란,2827,평일,8:30,10.2
202403,8,하선,모란,2827,평일,8:30,0.0
202403,8,상선,암사,2811,토요일,8:30,0.0
202403,8,하선,암사,2811,토요일,8:30,18.4
202403,8,상선,천호,2812,토요일,8:30,7.9
202403,8,하선,천호,2812,토요일,8:30,39.7
202403,8,상선,강동구청,2813,토요일,8:30,23.0
202403,8,하선,강동구청,2813,토요일,8:30,49.3
202403,8,상선,몽촌토성,2814,토요일,8:30,22.9
202403,8,하선,몽촌토성,2814,토요일,8:30,50.9
202403,8,상선,잠실,2815,토요일,8:30,23.9
202403,8,하선,잠실,2815,토요일,8:30,41.3
202403,8,상선,석촌,2816,토요일,8:30,46.1
202403,8,하선,석촌,2816,토요일,8:30,41.8
202403,8,상선,송파,2817,토요일,8:30,52.6
202403,8,하선,송파,2817,토요일,8:30,38.0
202403,8,상선,가락시장,2818,토요일,8:30,50.2
202403,8,하선,가락시장,2818,토요일,8:30,32.8
202403,8,상선,문정,2819,토요일,8:30,50.6
202403,8,하선,문정,2819,토요일,8:30,26.8
202403,8,상선,장지,2820,토요일,8:30,48.1
202403,8,하선,장지,2820,토요일,8:30,21.7
202403,8,상선,복정,2821,토요일,8:30,41.6
202403,8,하선,복정,2821,토요일,8:30,11.3
202403,8,상선,산성,2822,토요일,8:30,31.5
202403,8,하선,산성,2822,토요일,8:30,7.3
202403,8,상선,남한산성입구,2823,토요일,8:30,26.0
202403,8,하선,남한산성입구,2823,토요일,8:30,10.7
202403,8,상선,단대오거리,2824,토요일,8:30,17.4
202403,8,하선,단대오거리,2824,토요일,8:30,11.6
202403,8,상선,신흥,2825,토요일,8:30,9.7
202403,8,하선,신흥,2825,토요일,8:30,10.9
202403,8,상선,수진,2826,토요일,8:30,6.6
202403,8,하선,수진,2826,토요일,8:30,11.8
202403,8,상선,모란,2827,토요일,8:30,5.2
202403,8,하선,모란,2827,토요일,8:30,0.0
202403,8,상선,암사,2811,일요일,8:30,0.0
202403,8,하선,암사,2811,일요일,8:30,13.3
202403,8,상선,천호,2812,일요일,8:30,4.1
202403,8,하선,천호,2812,일요일,8:30,27.7
202403,8,상선,강동구청,2813,일요일,8:30,15.5
202403,8,하선,강동구청,2813,일요일,8:30,32.5
202403,8,상선,몽촌토성,2814,일요일,8:30,15.0
202403,8,하선,몽촌토성,2814,일요일,8:30,30.3
202403,8,상선,잠실,2815,일요일,8:30,16.6
202403,8,하선,잠실,2815,일요일,8:30,23.3
202403,8,상선,석촌,2816,일요일,8:30,29.4
202403,8,하선,석촌,2816,일요일,8:30,24.1
202403,8,상선,송파,2817,일요일,8:30,33.4
202403,8,하선,송파,2817,일요일,8:30,25.7
202403,8,상선,가락시장,2818,일요일,8:30,31.9
202403,8,하선,가락시장,2818,일요일,8:30,24.8
202403,8,상선,문정,2819,일요일,8:30,33.6
202403,8,하선,문정,2819,일요일,8:30,19.5
202403,8,상선,장지,2820,일요일,8:30,31.3
202403,8,하선,장지,2820,일요일,8:30,16.6
202403,8,상선,복정,2821,일요일,8:30,27.3
202403,8,하선,복정,2821,일요일,8:30,7.9
202403,8,상선,산성,2822,일요일,8:30,20.4
202403,8,하선,산성,2822,일요일,8:30,5.6
202403,8,상선,남한산성입구,2823,일요일,8:30,17.4
202403,8,하선,남한산성입구,2823,일요일,8:30,7.0
202403,8,상선,단대오거리,2824,일요일,8:30,11.2
202403,8,하선,단대오거리,2824,일요일,8:30,7.6
202403,8,상선,신흥,2825,일요일,8:30,7.1
202403,8,하선,신흥,2825,일요일,8:30,7.8
202403,8,상선,수진,2826,일요일,8:30,4.2
202403,8,하선,수진,2826,일요일,8:30,7.8
202403,8,상선,모란,2827,일요일,8:30,3.4
202406,8,상선,암사,2811,평일,8:30,0.0
202406,8,하선,암사,2811,평일,8:30,35.0
202406,8,상선,천호,2812,평일,8:30,7.5
202406,8,하선,천호,2812,평일,8:30,104.1
202406,8,상선,강동구청,2813,평일,8:30,24.1
202406,8,하선,강동구청,2813,평일,8:30,107.0
202406,8,상선,몽촌토성,2814,평일,8:30,29.1
202406,8,하선,몽촌토성,2814,평일,8:30,112.6
202406,8,상선,잠실,2815,평일,8:30,35.6
202406,8,하선,잠실,2815,평일,8:30,91.7
202406,8,상선,석촌,2816,평일,8:30,91.3
202406,8,하선,석촌,2816,평일,8:30,102.1
202406,8,상선,송파,2817,평일,8:30,102.6
202406,8,하선,송파,2817,평일,8:30,107.6
202406,8,상선,가락시장,2818,평일,8:30,95.8
202406,8,하선,가락시장,2818,평일,8:30,94.7
202406,8,상선,문정,2819,평일,8:30,100.5
202406,8,하선,문정,2819,평일,8:30,41.4
202406,8,상선,장지,2820,평일,8:30,118.9
202406,8,하선,장지,2820,평일,8:30,32.8
202406,8,상선,복정,2821,평일,8:30,102.6
202406,8,하선,복정,2821,평일,8:30,18.6
202406,8,상선,산성,2822,평일,8:30,65.8
202406,8,하선,산성,2822,평일,8:30,13.7
202406,8,상선,남한산성입구,2823,평일,8:30,53.3
202406,8,하선,남한산성입구,2823,평일,8:30,12.7
202406,8,상선,단대오거리,2824,평일,8:30,35.5
202406,8,하선,단대오거리,2824,평일,8:30,13.5
202406,8,상선,신흥,2825,평일,8:30,20.1
202406,8,하선,신흥,2825,평일,8:30,13.7
202406,8,상선,수진,2826,평일,8:30,13.9
202406,8,하선,수진,2826,평일,8:30,16.4
202406,8,상선,모란,2827,평일,8:30,9.9
202406,8,하선,모란,2827,평일,8:30,0.0
202406,8,상선,암사,2811,토요일,8:30,0.0
202406,8,하선,암사,2811,토요일,8:30,15.6
202406,8,상선,천호,2812,토요일,8:30,7.2
202406,8,하선,천호,2812,토요일,8:30,37.0
202406,8,상선,강동구청,2813,토요일,8:30,23.6
202406,8,하선,강동구청,2813,토요일,8:30,43.3
202406,8,상선,몽촌토성,2814,토요일,8:30,25.6
202406,8,하선,몽촌토성,2814,토요일,8:30,43.4
202406,8,상선,잠실,2815,토요일,8:30,28.6
202406,8,하선,잠실,2815,토요일,8:30,35.6
202406,8,상선,석촌,2816,토요일,8:30,45.7
202406,8,하선,석촌,2816,토요일,8:30,36.1
202406,8,상선,송파,2817,토요일,8:30,51.4
202406,8,하선,송파,2817,토요일,8:30,37.2
202406,8,상선,가락시장,2818,토요일,8:30,48.6
202406,8,하선,가락시장,2818,토요일,8:30,32.2
202406,8,상선,문정,2819,토요일,8:30,51.1
202406,8,하선,문정,2819,토요일,8:30,28.0
202406,8,상선,장지,2820,토요일,8:30,47.0
202406,8,하선,장지,2820,토요일,8:30,21.9
202406,8,상선,복정,2821,토요일,8:30,41.6
202406,8,하선,복정,2821,토요일,8:30,12.9
202406,8,상선,산성,2822,토요일,8:30,31.2
202406,8,하선,산성,2822,토요일,8:30,9.2
202406,8,상선,남한산성입구,2823,토요일,8:30,26.6
202406,8,하선,남한산성입구,2823,토요일,8:30,12.2
202406,8,상선,단대오거리,2824,토요일,8:30,18.8
202406,8,하선,단대오거리,2824,토요일,8:30,13.0
202406,8,상선,신흥,2825,토요일,8:30,10.6
202406,8,하선,신흥,2825,토요일,8:30,12.7
202406,8,상선,수진,2826,토요일,8:30,7.5
202406,8,하선,수진,2826,토요일,8:30,12.0
202406,8,상선,모란,2827,토요일,8:30,6.0
202406,8,하선,모란,2827,토요일,8:30,0.0
202406,8,상선,암사,2811,일요일,8:30,0.0
202406,8,하선,암사,2811,일요일,8:30,12.7
202406,8,상선,천호,2812,일요일,8:30,3.7
202406,8,하선,천호,2812,일요일,8:30,25.2
202406,8,상선,강동구청,2813,일요일,8:30,12.7
202406,8,하선,강동구청,2813,일요일,8:30,30.2
202406,8,상선,몽촌토성,2814,일요일,8:30,12.7
202406,8,하선,몽촌토성,2814,일요일,8:30,30.9
202406,8,상선,잠실,2815,일요일,8:30,13.9
202406,8,하선,잠실,2815,일요일,8:30,25.4
202406,8,상선,석촌,2816,일요일,8:30,25.5
202406,8,하선,석촌,2816,일요일,8:30,27.7
202406,8,상선,송파,2817,일요일,8:30,29.8
202406,8,하선,송파,2817,일요일,8:30,26.3
202406,8,상선,가락시장,2818,일요일,8:30,28.3
202406,8,하선,가락시장,2818,일요일,8:30,23.7
202406,8,상선,문정,2819,일요일,8:30,27.9
202406,8,하선,문정,2819,일요일,8:30,20.1
202406,8,상선,장지,2820,일요일,8:30,25.5
202406,8,하선,장지,2820,일요일,8:30,16.9
202406,8,상선,복정,2821,일요일,8:30,22.2
202406,8,하선,복정,2821,일요일,8:30,10.3
202406,8,상선,산성,2822,일요일,8:30,17.8
202406,8,하선,산성,2822,일요일,8:30,7.1
202406,8,상선,남한산성입구,2823,일요일,8:30,15.6
202406,8,하선,남한산성입구,2823,일요일,8:30,7.9
202406,8,상선,단대오거리,2824,일요일,8:30,10.5
202406,8,하선,단대오거리,2824,일요일,8:30,8.6
202406,8,상선,신흥,2825,일요일,8:30,6.2
202406,8,하선,신흥,2825,일요일,8:30,8.8
202406,8,상선,수진,2826,일요일,8:30,4.0
202406,8,하선,수진,2826,일요일,8:30,7.4
202406,8,상선,모란,2827,일요일,8:30,3.5
2020,8,상선,암사,2811,평일,9:00,0.0
2020,8,하선,암사,2811,평일,9:00,34.4
2020,8,상선,천호,2812,평일,9:00,5.0
2020,8,하선,천호,2812,평일,9:00,85.1
2020,8,상선,강동구청,2813,평일,9:00,21.4
2020,8,하선,강동구청,2813,평일,9:00,92.9
2020,8,상선,몽촌토성,2814,평일,9:00,22.5
2020,8,하선,몽촌토성,2814,평일,9:00,89.6
2020,8,상선,잠실,2815,평일,9:00,27.0
2020,8,하선,잠실,2815,평일,9:00,69.1
2020,8,상선,석촌,2816,평일,9:00,65.7
2020,8,하선,석촌,2816,평일,9:00,72.7
2020,8,상선,송파,2817,평일,9:00,75.5
2020,8,하선,송파,2817,평일,9:00,65.4
2020,8,상선,가락시장,2818,평일,9:00,69.1
2020,8,하선,가락시장,2818,평일,9:00,58.5
2020,8,상선,문정,2819,평일,9:00,71.6
2020,8,하선,문정,2819,평일,9:00,32.2
2020,8,상선,장지,2820,평일,9:00,75.2
2020,8,하선,장지,2820,평일,9:00,26.9
2020,8,상선,복정,2821,평일,9:00,64.9
2020,8,하선,복정,2821,평일,9:00,11.2
2020,8,상선,산성,2822,평일,9:00,43.4
2020,8,하선,산성,2822,평일,9:00,10.0
2020,8,상선,남한산성입구,2823,평일,9:00,34.2
2020,8,하선,남한산성입구,2823,평일,9:00,8.6
2020,8,상선,단대오거리,2824,평일,9:00,19.4
2020,8,하선,단대오거리,2824,평일,9:00,8.2
2020,8,상선,신흥,2825,평일,9:00,10.6
2020,8,하선,신흥,2825,평일,9:00,8.3
2020,8,상선,수진,2826,평일,9:00,8.1
2020,8,하선,수진,2826,평일,9:00,8.8
2020,8,상선,모란,2827,평일,9:00,5.1
2020,8,하선,모란,2827,평일,9:00,0.0
2020,8,상선,암사,2811,토요일,9:00,0.0
2020,8,하선,암사,2811,토요일,9:00,16.7
2020,8,상선,천호,2812,토요일,9:00,4.1
2020,8,하선,천호,2812,토요일,9:00,36.3
2020,8,상선,강동구청,2813,토요일,9:00,14.6
2020,8,하선,강동구청,2813,토요일,9:00,34.8
2020,8,상선,몽촌토성,2814,토요일,9:00,17.0
2020,8,하선,몽촌토성,2814,토요일,9:00,33.8
2020,8,상선,잠실,2815,토요일,9:00,18.2
2020,8,하선,잠실,2815,토요일,9:00,28.2
2020,8,상선,석촌,2816,토요일,9:00,32.7
2020,8,하선,석촌,2816,토요일,9:00,30.5
2020,8,상선,송파,2817,토요일,9:00,39.6
2020,8,하선,송파,2817,토요일,9:00,31.6
2020,8,상선,가락시장,2818,토요일,9:00,36.2
2020,8,하선,가락시장,2818,토요일,9:00,26.8
2020,8,상선,문정,2819,토요일,9:00,37.0
2020,8,하선,문정,2819,토요일,9:00,23.4
2020,8,상선,장지,2820,토요일,9:00,34.0
2020,8,하선,장지,2820,토요일,9:00,19.7
2020,8,상선,복정,2821,토요일,9:00,29.0
2020,8,하선,복정,2821,토요일,9:00,9.4
2020,8,상선,산성,2822,토요일,9:00,23.1
2020,8,하선,산성,2822,토요일,9:00,6.6
2020,8,상선,남한산성입구,2823,토요일,9:00,18.6
2020,8,하선,남한산성입구,2823,토요일,9:00,8.0
2020,8,상선,단대오거리,2824,토요일,9:00,10.6
2020,8,하선,단대오거리,2824,토요일,9:00,8.9
2020,8,상선,신흥,2825,토요일,9:00,6.6
2020,8,하선,신흥,2825,토요일,9:00,8.4
2020,8,상선,수진,2826,토요일,9:00,4.9
2020,8,하선,수진,2826,토요일,9:00,8.5
2020,8,상선,모란,2827,토요일,9:00,3.1
2020,8,하선,모란,2827,토요일,9:00,0.0
2020,8,상선,암사,2811,일요일,9:00,0.0
2020,8,하선,암사,2811,일요일,9:00,10.3
2020,8,상선,천호,2812,일요일,9:00,1.8
2020,8,하선,천호,2812,일요일,9:00,23.6
2020,8,상선,강동구청,2813,일요일,9:00,12.3
2020,8,하선,강동구청,2813,일요일,9:00,26.8
2020,8,상선,몽촌토성,2814,일요일,9:00,11.2
2020,8,하선,몽촌토성,2814,일요일,9:00,23.4
2020,8,상선,잠실,2815,일요일,9:00,11.9
2020,8,하선,잠실,2815,일요일,9:00,18.8
2020,8,상선,석촌,2816,일요일,9:00,22.0
2020,8,하선,석촌,2816,일요일,9:00,19.7
2020,8,상선,송파,2817,일요일,9:00,26.1
2020,8,하선,송파,2817,일요일,9:00,20.1
2020,8,상선,가락시장,2818,일요일,9:00,25.5
2021,8,상선,암사,2811,평일,9:00,0.0
2021,8,하선,암사,2811,평일,9:00,33.4
2021,8,상선,천호,2812,평일,9:00,5.8
2021,8,하선,천호,2812,평일,9:00,90.6
2021,8,상선,강동구청,2813,평일,9:00,21.2
2021,8,하선,강동구청,2813,평일,9:00,99.1
2021,8,상선,몽촌토성,2814,평일,9:00,21.7
2021,8,하선,몽촌토성,2814,평일,9:00,93.2
2021,8,상선,잠실,2815,평일,9:00,26.5
2021,8,하선,잠실,2815,평일,9:00,67.6
2021,8,상선,석촌,2816,평일,9:00,66.5
2021,8,하선,석촌,2816,평일,9:00,71.1
2021,8,상선,송파,2817,평일,9:00,77.5
2021,8,하선,송파,2817,평일,9:00,65.7
2021,8,상선,가락시장,2818,평일,9:00,75.3
2021,8,하선,가락시장,2818,평일,9:00,58.9
2021,8,상선,문정,2819,평일,9:00,77.4
2021,8,하선,문정,2819,평일,9:00,32.3
2021,8,상선,장지,2820,평일,9:00,73.6
2021,8,하선,장지,2820,평일,9:00,27.3
2021,8,상선,복정,2821,평일,9:00,61.3
2021,8,하선,복정,2821,평일,9:00,10.7
2021,8,상선,산성,2822,평일,9:00,41.5
2021,8,하선,산성,2822,평일,9:00,8.8
2021,8,상선,남한산성입구,2823,평일,9:00,34.0
2021,8,하선,남한산성입구,2823,평일,9:00,8.2
2021,8,상선,단대오거리,2824,평일,9:00,20.3
2021,8,하선,단대오거리,2824,평일,9:00,8.2
2021,8,상선,신흥,2825,평일,9:00,11.9
2021,8,하선,신흥,2825,평일,9:00,8.4
2021,8,상선,수진,2826,평일,9:00,9.7
2021,8,하선,수진,2826,평일,9:00,9.0
2021,8,상선,모란,2827,평일,9:00,5.8
2021,8,하선,모란,2827,평일,9:00,0.0
2021,8,상선,암사,2811,토요일,9:00,0.0
2021,8,하선,암사,2811,토요일,9:00,14.2
2021,8,상선,천호,2812,토요일,9:00,5.1
2021,8,하선,천호,2812,토요일,9:00,37.8
2021,8,상선,강동구청,2813,토요일,9:00,19.9
2021,8,하선,강동구청,2813,토요일,9:00,40.3
2021,8,상선,몽촌토성,2814,토요일,9:00,22.1
2021,8,하선,몽촌토성,2814,토요일,9:00,40.0
2021,8,상선,잠실,2815,토요일,9:00,23.2
2021,8,하선,잠실,2815,토요일,9:00,29.2
2021,8,상선,석촌,2816,토요일,9:00,39.0
2021,8,하선,석촌,2816,토요일,9:00,30.0
2021,8,상선,송파,2817,토요일,9:00,45.5
2021,8,하선,송파,2817,토요일,9:00,32.6
2021,8,상선,가락시장,2818,토요일,9:00,41.8
2021,8,하선,가락시장,2818,토요일,9:00,27.9
2021,8,상선,문정,2819,토요일,9:00,42.3
2021,8,하선,문정,2819,토요일,9:00,23.2
2021,8,상선,장지,2820,토요일,9:00,39.1
2021,8,하선,장지,2820,토요일,9:00,19.4
2021,8,상선,복정,2821,토요일,9:00,33.2
2021,8,하선,복정,2821,토요일,9:00,7.4
2021,8,상선,산성,2822,토요일,9:00,21.7
2021,8,하선,산성,2822,토요일,9:00,5.3
2021,8,상선,남한산성입구,2823,토요일,9:00,18.6
2021,8,하선,남한산성입구,2823,토요일,9:00,7.6
2021,8,상선,단대오거리,2824,토요일,9:00,11.4
2021,8,하선,단대오거리,2824,토요일,9:00,9.0
2021,8,상선,신흥,2825,토요일,9:00,6.8
2021,8,하선,신흥,2825,토요일,9:00,9.1
2021,8,상선,수진,2826,토요일,9:00,4.8
2021,8,하선,수진,2826,토요일,9:00,9.7
2021,8,상선,모란,2827,토요일,9:00,3.0
2021,8,하선,모란,2827,토요일,9:00,0.0
2022,8,상선,암사,2811,평일,9:00,0.0
2022,8,하선,암사,2811,평일,9:00,32.8
2022,8,상선,천호,2812,평일,9:00,6.5
2022,8,하선,천호,2812,평일,9:00,89.9
2022,8,상선,강동구청,2813,평일,9:00,25.3
2022,8,하선,강동구청,2813,평일,9:00,98.8
2022,8,상선,몽촌토성,2814,평일,9:00,26.3
2022,8,하선,몽촌토성,2814,평일,9:00,97.9
2022,8,상선,잠실,2815,평일,9:00,29.4
2022,8,하선,잠실,2815,평일,9:00,77.7
2022,8,상선,석촌,2816,평일,9:00,77.2
2022,8,하선,석촌,2816,평일,9:00,81.6
2022,8,상선,송파,2817,평일,9:00,89.8
2022,8,하선,송파,2817,평일,9:00,79.1
2022,8,상선,가락시장,2818,평일,9:00,83.3
2022,8,하선,가락시장,2818,평일,9:00,70.9
2022,8,상선,문정,2819,평일,9:00,86.9
2022,8,하선,문정,2819,평일,9:00,42.1
2022,8,상선,장지,2820,평일,9:00,90.5
2022,8,하선,장지,2820,평일,9:00,37.1
2022,8,상선,복정,2821,평일,9:00,74.3
2022,8,하선,복정,2821,평일,9:00,20.4
2022,8,상선,산성,2822,평일,9:00,45.9
2022,8,하선,산성,2822,평일,9:00,16.7
2022,8,상선,남한산성입구,2823,평일,9:00,38.8
2022,8,하선,남한산성입구,2823,평일,9:00,11.5
2022,8,상선,단대오거리,2824,평일,9:00,24.1
2022,8,하선,단대오거리,2824,평일,9:00,9.9
2022,8,상선,신흥,2825,평일,9:00,15.5
2022,8,하선,신흥,2825,평일,9:00,10.1
2022,8,상선,수진,2826,평일,9:00,10.9
2022,8,하선,수진,2826,평일,9:00,10.7
2022,8,상선,모란,2827,평일,9:00,7.9
2022,8,하선,모란,2827,평일,9:00,0.0
2022,8,상선,암사,2811,토요일,9:00,0.0
2022,8,하선,암사,2811,토요일,9:00,19.7
2022,8,상선,천호,2812,토요일,9:00,7.2
2022,8,하선,천호,2812,토요일,9:00,45.8
2022,8,상선,강동구청,2813,토요일,9:00,23.8
2022,8,하선,강동구청,2813,토요일,9:00,50.9
2022,8,상선,몽촌토성,2814,토요일,9:00,23.3
2022,8,하선,몽촌토성,2814,토요일,9:00,48.6
2022,8,상선,잠실,2815,토요일,9:00,24.5
2022,8,하선,잠실,2815,토요일,9:00,38.7
2022,8,상선,석촌,2816,토요일,9:00,44.6
2022,8,하선,석촌,2816,토요일,9:00,36.2
2022,8,상선,송파,2817,토요일,9:00,53.2
2022,8,하선,송파,2817,토요일,9:00,36.3
2022,8,상선,가락시장,2818,토요일,9:00,50.0
2022,8,하선,가락시장,2818,토요일,9:00,30.4
2022,8,상선,문정,2819,토요일,9:00,49.5
2022,8,하선,문정,2819,토요일,9:00,26.8
2022,8,상선,장지,2820,토요일,9:00,47.9
2022,8,하선,장지,2820,토요일,9:00,23.3
2022,8,상선,복정,2821,토요일,9:00,41.2
2022,8,하선,복정,2821,토요일,9:00,13.3
2022,8,상선,산성,2822,토요일,9:00,28.0
2022,8,하선,산성,2822,토요일,9:00,9.7
2022,8,상선,남한산성입구,2823,토요일,9:00,23.2
2022,8,하선,남한산성입구,2823,토요일,9:00,10.6
2022,8,상선,단대오거리,2824,토요일,9:00,15.6
2022,8,하선,단대오거리,2824,토요일,9:00,9.7
2022,8,상선,신흥,2825,토요일,9:00,9.5
2022,8,하선,신흥,2825,토요일,9:00,9.9
2022,8,상선,암사,2811,공휴일,9:00,0.0
2022,8,하선,암사,2811,공휴일,9:00,12.9
2022,8,상선,천호,2812,공휴일,9:00,3.8
2022,8,하선,천호,2812,공휴일,9:00,28.5
2022,8,상선,강동구청,2813,공휴일,9:00,16.7
2022,8,하선,강동구청,2813,공휴일,9:00,32.2
2022,8,상선,몽촌토성,2814,공휴일,9:00,16.4
2022,8,하선,몽촌토성,2814,공휴일,9:00,33.3
2022,8,상선,잠실,2815,공휴일,9:00,17.5
2022,8,하선,잠실,2815,공휴일,9:00,27.4
2022,8,상선,석촌,2816,공휴일,9:00,33.4
2022,8,하선,석촌,2816,공휴일,9:00,24.9
2022,8,상선,송파,2817,공휴일,9:00,35.8
2022,8,하선,송파,2817,공휴일,9:00,24.8
2022,8,상선,가락시장,2818,공휴일,9:00,34.2
2022,8,하선,가락시장,2818,공휴일,9:00,20.8
2022,8,상선,문정,2819,공휴일,9:00,32.9
2022,8,하선,문정,2819,공휴일,9:00,18.6
2022,8,상선,장지,2820,공휴일,9:00,35.0
2022,8,하선,장지,2820,공휴일,9:00,16.4
2022,8,상선,복정,2821,공휴일,9:00,30.2
2022,8,하선,복정,2821,공휴일,9:00,8.5
2022,8,상선,산성,2822,공휴일,9:00,20.4
2022,8,하선,산성,2822,공휴일,9:00,5.3
2022,8,상선,남한산성입구,2823,공휴일,9:00,18.3
2022,8,하선,남한산성입구,2823,공휴일,9:00,6.4
2022,8,상선,단대오거리,2824,공휴일,9:00,11.1
2022,8,하선,단대오거리,2824,공휴일,9:00,6.5
2022,8,상선,신흥,2825,공휴일,9:00,7.3
2022,8,하선,신흥,2825,공휴일,9:00,6.8
2022,8,상선,수진,2826,공휴일,9:00,5.1
2022,8,하선,수진,2826,공휴일,9:00,7.7
2022,8,상선,모란,2827,공휴일,9:00,3.1
2022,8,하선,모란,2827,공휴일,9:00,0.0
2023,8,상선,암사,2811,평일,9:00,0.0
2023,8,하선,암사,2811,평일,9:00,31.7
2023,8,상선,천호,2812,평일,9:00,5.9
2023,8,하선,천호,2812,평일,9:00,90.5
2023,8,상선,강동구청,2813,평일,9:00,26.4
2023,8,하선,강동구청,2813,평일,9:00,97.8
2023,8,상선,몽촌토성,2814,평일,9:00,27.7
2023,8,하선,몽촌토성,2814,평일,9:00,98.4
2023,8,상선,잠실,2815,평일,9:00,30.7
2023,8,하선,잠실,2815,평일,9:00,78.2
2023,8,상선,석촌,2816,평일,9:00,81.9
2023,8,하선,석촌,2816,평일,9:00,82.2
2023,8,상선,송파,2817,평일,9:00,97.4
2023,8,하선,송파,2817,평일,9:00,79.8
2023,8,상선,가락시장,2818,평일,9:00,90.1
2023,8,하선,가락시장,2818,평일,9:00,72.9
2023,8,상선,문정,2819,평일,9:00,93.7
2023,8,하선,문정,2819,평일,9:00,44.2
2023,8,상선,장지,2820,평일,9:00,97.7
2023,8,하선,장지,2820,평일,9:00,39.2
2023,8,상선,복정,2821,평일,9:00,83.9
2023,8,하선,복정,2821,평일,9:00,21.0
2023,8,상선,산성,2822,평일,9:00,52.3
2023,8,하선,산성,2822,평일,9:00,16.4
2023,8,상선,남한산성입구,2823,평일,9:00,43.0
2023,8,하선,남한산성입구,2823,평일,9:00,10.4
2023,8,상선,단대오거리,2824,평일,9:00,28.7
2023,8,하선,단대오거리,2824,평일,9:00,9.8
2023,8,상선,신흥,2825,평일,9:00,16.0
2023,8,하선,신흥,2825,평일,9:00,10.4
2023,8,상선,수진,2826,평일,9:00,11.5
2023,8,하선,수진,2826,평일,9:00,11.5
2023,8,상선,모란,2827,평일,9:00,7.9
2023,8,하선,모란,2827,평일,9:00,0.0
2023,8,상선,암사,2811,토요일,9:00,0.0
2023,8,하선,암사,2811,토요일,9:00,19.8
2023,8,상선,천호,2812,토요일,9:00,5.8
2023,8,하선,천호,2812,토요일,9:00,45.5
2023,8,상선,강동구청,2813,토요일,9:00,22.5
2023,8,하선,강동구청,2813,토요일,9:00,49.8
2023,8,상선,몽촌토성,2814,토요일,9:00,24.9
2023,8,하선,몽촌토성,2814,토요일,9:00,52.4
2023,8,상선,잠실,2815,토요일,9:00,26.2
2023,8,하선,잠실,2815,토요일,9:00,42.4
2023,8,상선,석촌,2816,토요일,9:00,47.2
2023,8,하선,석촌,2816,토요일,9:00,40.1
2023,8,상선,송파,2817,토요일,9:00,56.5
2023,8,하선,송파,2817,토요일,9:00,40.1
2023,8,상선,가락시장,2818,토요일,9:00,53.7
2023,8,하선,가락시장,2818,토요일,9:00,33.1
2023,8,상선,문정,2819,토요일,9:00,55.3
2023,8,하선,문정,2819,토요일,9:00,28.3
2023,8,상선,장지,2820,토요일,9:00,51.3
2023,8,하선,장지,2820,토요일,9:00,24.1
2023,8,상선,복정,2821,토요일,9:00,43.0
2023,8,하선,복정,2821,토요일,9:00,12.4
2023,8,상선,산성,2822,토요일,9:00,30.4
2023,8,하선,산성,2822,토요일,9:00,8.6
2023,8,상선,남한산성입구,2823,토요일,9:00,26.2
2023,8,하선,남한산성입구,2823,토요일,9:00,10.0
2023,8,상선,단대오거리,2824,토요일,9:00,17.4
2023,8,하선,단대오거리,2824,토요일,9:00,11.0
2023,8,상선,신흥,2825,토요일,9:00,9.8
2023,8,하선,신흥,2825,토요일,9:00,11.4
2023,8,상선,수진,2826,토요일,9:00,7.0
2023,8,하선,수진,2826,토요일,9:00,13.1
2023,8,상선,모란,2827,토요일,9:00,4.3
2023,8,하선,모란,2827,토요일,9:00,0.0
2023,8,상선,암사,2811,일요일,9:00,0.0
2023,8,하선,암사,2811,일요일,9:00,15.3
2023,8,상선,천호,2812,일요일,9:00,3.6
2023,8,하선,천호,2812,일요일,9:00,34.7
2023,8,상선,강동구청,2813,일요일,9:00,17.1
2023,8,하선,강동구청,2813,일요일,9:00,37.9
2023,8,상선,몽촌토성,2814,일요일,9:00,18.7
2023,8,하선,몽촌토성,2814,일요일,9:00,36.8
2023,8,상선,잠실,2815,일요일,9:00,19.0
2023,8,하선,잠실,2815,일요일,9:00,29.5
2023,8,상선,석촌,2816,일요일,9:00,33.6
2023,8,하선,석촌,2816,일요일,9:00,29.5
2023,8,상선,송파,2817,일요일,9:00,41.5
2023,8,하선,송파,2817,일요일,9:00,29.0
2023,8,상선,가락시장,2818,일요일,9:00,40.1
2023,8,하선,가락시장,2818,일요일,9:00,25.2
2023,8,상선,문정,2819,일요일,9:00,40.1
2023,8,하선,문정,2819,일요일,9:00,22.2
2023,8,상선,장지,2820,일요일,9:00,37.4
2023,8,하선,장지,2820,일요일,9:00,19.2
2023,8,상선,복정,2821,일요일,9:00,33.1
2023,8,하선,복정,2821,일요일,9:00,9.6
2023,8,상선,산성,2822,일요일,9:00,23.6
2023,8,하선,산성,2822,일요일,9:00,6.5
2023,8,상선,남한산성입구,2823,일요일,9:00,20.6
2023,8,하선,남한산성입구,2823,일요일,9:00,7.2
2023,8,상선,단대오거리,2824,일요일,9:00,12.8
2023,8,하선,단대오거리,2824,일요일,9:00,7.5
2023,8,상선,신흥,2825,일요일,9:00,7.2
2023,8,하선,신흥,2825,일요일,9:00,8.0
2023,8,상선,수진,2826,일요일,9:00,4.6
2023,8,하선,수진,2826,일요일,9:00,8.8
2023,8,상선,모란,2827,일요일,9:00,4.1
202403,8,상선,암사,2811,평일,9:00,0.0
202403,8,하선,암사,2811,평일,9:00,32.7
202403,8,상선,천호,2812,평일,9:00,6.3
202403,8,하선,천호,2812,평일,9:00,94.2
202403,8,상선,강동구청,2813,평일,9:00,26.0
202403,8,하선,강동구청,2813,평일,9:00,101.9
202403,8,상선,몽촌토성,2814,평일,9:00,27.4
202403,8,하선,몽촌토성,2814,평일,9:00,102.9
202403,8,상선,잠실,2815,평일,9:00,30.9
202403,8,하선,잠실,2815,평일,9:00,82.3
202403,8,상선,석촌,2816,평일,9:00,86.8
202403,8,하선,석촌,2816,평일,9:00,86.1
202403,8,상선,송파,2817,평일,9:00,99.5
202403,8,하선,송파,2817,평일,9:00,84.3
202403,8,상선,가락시장,2818,평일,9:00,91.7
202403,8,하선,가락시장,2818,평일,9:00,77.7
202403,8,상선,문정,2819,평일,9:00,94.1
202403,8,하선,문정,2819,평일,9:00,47.8
202403,8,상선,장지,2820,평일,9:00,98.8
202403,8,하선,장지,2820,평일,9:00,42.4
202403,8,상선,복정,2821,평일,9:00,86.8
202403,8,하선,복정,2821,평일,9:00,24.9
202403,8,상선,산성,2822,평일,9:00,55.1
202403,8,하선,산성,2822,평일,9:00,20.6
202403,8,상선,남한산성입구,2823,평일,9:00,43.3
202403,8,하선,남한산성입구,2823,평일,9:00,10.9
202403,8,상선,단대오거리,2824,평일,9:00,28.2
202403,8,하선,단대오거리,2824,평일,9:00,10.1
202403,8,상선,신흥,2825,평일,9:00,16.5
202403,8,하선,신흥,2825,평일,9:00,10.6
202403,8,상선,수진,2826,평일,9:00,11.4
202403,8,하선,수진,2826,평일,9:00,12.0
202403,8,상선,모란,2827,평일,9:00,8.0
202403,8,하선,모란,2827,평일,9:00,0.0
202403,8,상선,암사,2811,토요일,9:00,0.0
202403,8,하선,암사,2811,토요일,9:00,22.8
202403,8,상선,천호,2812,토요일,9:00,7.1
202403,8,하선,천호,2812,토요일,9:00,51.5
202403,8,상선,강동구청,2813,토요일,9:00,25.4
202403,8,하선,강동구청,2813,토요일,9:00,56.5
202403,8,상선,몽촌토성,2814,토요일,9:00,26.3
202403,8,하선,몽촌토성,2814,토요일,9:00,55.8
202403,8,상선,잠실,2815,토요일,9:00,26.1
202403,8,하선,잠실,2815,토요일,9:00,44.5
202403,8,상선,석촌,2816,토요일,9:00,45.1
202403,8,하선,석촌,2816,토요일,9:00,42.7
202403,8,상선,송파,2817,토요일,9:00,60.9
202403,8,하선,송파,2817,토요일,9:00,42.2
202403,8,상선,가락시장,2818,토요일,9:00,58.0
202403,8,하선,가락시장,2818,토요일,9:00,34.0
202403,8,상선,문정,2819,토요일,9:00,61.4
202403,8,하선,문정,2819,토요일,9:00,29.2
202403,8,상선,장지,2820,토요일,9:00,57.9
202403,8,하선,장지,2820,토요일,9:00,26.1
202403,8,상선,복정,2821,토요일,9:00,49.1
202403,8,하선,복정,2821,토요일,9:00,14.9
202403,8,상선,산성,2822,토요일,9:00,33.9
202403,8,하선,산성,2822,토요일,9:00,9.0
202403,8,상선,남한산성입구,2823,토요일,9:00,29.9
202403,8,하선,남한산성입구,2823,토요일,9:00,9.7
202403,8,상선,단대오거리,2824,토요일,9:00,20.4
202403,8,하선,단대오거리,2824,토요일,9:00,11.3
202403,8,상선,신흥,2825,토요일,9:00,11.8
202403,8,하선,신흥,2825,토요일,9:00,12.0
202403,8,상선,수진,2826,토요일,9:00,8.3
202403,8,하선,수진,2826,토요일,9:00,13.7
202403,8,상선,모란,2827,토요일,9:00,5.8
202403,8,하선,모란,2827,토요일,9:00,0.0
202403,8,상선,암사,2811,일요일,9:00,0.0
202403,8,하선,암사,2811,일요일,9:00,16.7
202403,8,상선,천호,2812,일요일,9:00,3.8
202403,8,하선,천호,2812,일요일,9:00,33.7
202403,8,상선,강동구청,2813,일요일,9:00,20.5
202403,8,하선,강동구청,2813,일요일,9:00,37.8
202403,8,상선,몽촌토성,2814,일요일,9:00,22.3
202403,8,하선,몽촌토성,2814,일요일,9:00,39.0
202403,8,상선,잠실,2815,일요일,9:00,22.8
202403,8,하선,잠실,2815,일요일,9:00,33.2
202403,8,상선,석촌,2816,일요일,9:00,36.0
202403,8,하선,석촌,2816,일요일,9:00,34.2
202403,8,상선,송파,2817,일요일,9:00,44.5
202403,8,하선,송파,2817,일요일,9:00,34.7
202403,8,상선,가락시장,2818,일요일,9:00,42.1
202403,8,하선,가락시장,2818,일요일,9:00,29.6
202403,8,상선,문정,2819,일요일,9:00,43.7
202403,8,하선,문정,2819,일요일,9:00,26.4
202403,8,상선,장지,2820,일요일,9:00,40.5
202403,8,하선,장지,2820,일요일,9:00,23.5
202403,8,상선,복정,2821,일요일,9:00,33.5
202403,8,하선,복정,2821,일요일,9:00,11.2
202403,8,상선,산성,2822,일요일,9:00,25.6
202403,8,하선,산성,2822,일요일,9:00,8.5
202403,8,상선,남한산성입구,2823,일요일,9:00,22.6
202403,8,하선,남한산성입구,2823,일요일,9:00,9.2
202403,8,상선,단대오거리,2824,일요일,9:00,15.5
202403,8,하선,단대오거리,2824,일요일,9:00,10.4
202403,8,상선,신흥,2825,일요일,9:00,9.2
202403,8,하선,신흥,2825,일요일,9:00,11.3
202403,8,상선,수진,2826,일요일,9:00,6.8
202403,8,하선,수진,2826,일요일,9:00,12.0
202403,8,상선,모란,2827,일요일,9:00,4.8
202406,8,상선,암사,2811,평일,9:00,0.0
202406,8,하선,암사,2811,평일,9:00,31.9
202406,8,상선,천호,2812,평일,9:00,6.5
202406,8,하선,천호,2812,평일,9:00,89.0
202406,8,상선,강동구청,2813,평일,9:00,25.9
202406,8,하선,강동구청,2813,평일,9:00,96.6
202406,8,상선,몽촌토성,2814,평일,9:00,27.4
202406,8,하선,몽촌토성,2814,평일,9:00,98.8
202406,8,상선,잠실,2815,평일,9:00,30.3
202406,8,하선,잠실,2815,평일,9:00,77.0
202406,8,상선,석촌,2816,평일,9:00,82.7
202406,8,하선,석촌,2816,평일,9:00,80.0
202406,8,상선,송파,2817,평일,9:00,94.3
202406,8,하선,송파,2817,평일,9:00,77.6
202406,8,상선,가락시장,2818,평일,9:00,87.3
202406,8,하선,가락시장,2818,평일,9:00,70.2
202406,8,상선,문정,2819,평일,9:00,89.9
202406,8,하선,문정,2819,평일,9:00,40.4
202406,8,상선,장지,2820,평일,9:00,92.6
202406,8,하선,장지,2820,평일,9:00,32.9
202406,8,상선,복정,2821,평일,9:00,78.7
202406,8,하선,복정,2821,평일,9:00,17.6
202406,8,상선,산성,2822,평일,9:00,52.0
202406,8,하선,산성,2822,평일,9:00,13.2
202406,8,상선,남한산성입구,2823,평일,9:00,41.5
202406,8,하선,남한산성입구,2823,평일,9:00,10.2
202406,8,상선,단대오거리,2824,평일,9:00,26.4
202406,8,하선,단대오거리,2824,평일,9:00,9.8
202406,8,상선,신흥,2825,평일,9:00,14.6
202406,8,하선,신흥,2825,평일,9:00,10.3
202406,8,상선,수진,2826,평일,9:00,9.9
202406,8,하선,수진,2826,평일,9:00,11.3
202406,8,상선,모란,2827,평일,9:00,6.8
202406,8,하선,모란,2827,평일,9:00,0.0
202406,8,상선,암사,2811,토요일,9:00,0.0
202406,8,하선,암사,2811,토요일,9:00,21.9
202406,8,상선,천호,2812,토요일,9:00,5.8
202406,8,하선,천호,2812,토요일,9:00,48.9
202406,8,상선,강동구청,2813,토요일,9:00,25.6
202406,8,하선,강동구청,2813,토요일,9:00,54.2
202406,8,상선,몽촌토성,2814,토요일,9:00,29.7
202406,8,하선,몽촌토성,2814,토요일,9:00,54.1
202406,8,상선,잠실,2815,토요일,9:00,30.8
202406,8,하선,잠실,2815,토요일,9:00,46.3
202406,8,상선,석촌,2816,토요일,9:00,49.7
202406,8,하선,석촌,2816,토요일,9:00,44.0
202406,8,상선,송파,2817,토요일,9:00,57.2
202406,8,하선,송파,2817,토요일,9:00,43.6
202406,8,상선,가락시장,2818,토요일,9:00,54.7
202406,8,하선,가락시장,2818,토요일,9:00,37.7
202406,8,상선,문정,2819,토요일,9:00,54.2
202406,8,하선,문정,2819,토요일,9:00,32.0
202406,8,상선,장지,2820,토요일,9:00,50.8
202406,8,하선,장지,2820,토요일,9:00,26.8
202406,8,상선,복정,2821,토요일,9:00,43.6
202406,8,하선,복정,2821,토요일,9:00,15.3
202406,8,상선,산성,2822,토요일,9:00,30.7
202406,8,하선,산성,2822,토요일,9:00,10.0
202406,8,상선,남한산성입구,2823,토요일,9:00,26.4
202406,8,하선,남한산성입구,2823,토요일,9:00,10.7
202406,8,상선,단대오거리,2824,토요일,9:00,16.2
202406,8,하선,단대오거리,2824,토요일,9:00,12.3
202406,8,상선,신흥,2825,토요일,9:00,10.7
202406,8,하선,신흥,2825,토요일,9:00,12.3
202406,8,상선,수진,2826,토요일,9:00,7.8
202406,8,하선,수진,2826,토요일,9:00,13.0
202406,8,상선,모란,2827,토요일,9:00,5.5
202406,8,하선,모란,2827,토요일,9:00,0.0
202406,8,상선,암사,2811,일요일,9:00,0.0
202406,8,하선,암사,2811,일요일,9:00,14.8
202406,8,상선,천호,2812,일요일,9:00,4.5
202406,8,하선,천호,2812,일요일,9:00,30.0
202406,8,상선,강동구청,2813,일요일,9:00,19.3
202406,8,하선,강동구청,2813,일요일,9:00,33.7
202406,8,상선,몽촌토성,2814,일요일,9:00,21.9
202406,8,하선,몽촌토성,2814,일요일,9:00,36.8
202406,8,상선,잠실,2815,일요일,9:00,20.6
202406,8,하선,잠실,2815,일요일,9:00,27.2
202406,8,상선,석촌,2816,일요일,9:00,34.3
202406,8,하선,석촌,2816,일요일,9:00,24.0
202406,8,상선,송파,2817,일요일,9:00,39.5
202406,8,하선,송파,2817,일요일,9:00,24.5
202406,8,상선,가락시장,2818,일요일,9:00,36.5
202406,8,하선,가락시장,2818,일요일,9:00,21.2
202406,8,상선,문정,2819,일요일,9:00,37.3
202406,8,하선,문정,2819,일요일,9:00,19.8
202406,8,상선,장지,2820,일요일,9:00,34.1
202406,8,하선,장지,2820,일요일,9:00,17.7
202406,8,상선,복정,2821,일요일,9:00,29.5
202406,8,하선,복정,2821,일요일,9:00,10.1
202406,8,상선,산성,2822,일요일,9:00,23.8
202406,8,하선,산성,2822,일요일,9:00,7.8
202406,8,상선,남한산성입구,2823,일요일,9:00,20.2
202406,8,하선,남한산성입구,2823,일요일,9:00,9.3
202406,8,상선,단대오거리,2824,일요일,9:00,13.0
202406,8,하선,단대오거리,2824,일요일,9:00,9.7
202406,8,상선,신흥,2825,일요일,9:00,7.3
202406,8,하선,신흥,2825,일요일,9:00,9.7
202406,8,상선,수진,2826,일요일,9:00,5.0
202406,8,하선,수진,2826,일요일,9:00,9.1
202406,8,상선,모란,2827,일요일,9:00,3.5
2020,8,상선,암사,2811,평일,9:30,0.0
2020,8,하선,암사,2811,평일,9:30,20.1
2020,8,상선,천호,2812,평일,9:30,7.0
2020,8,하선,천호,2812,평일,9:30,56.0
2020,8,상선,강동구청,2813,평일,9:30,22.8
2020,8,하선,강동구청,2813,평일,9:30,58.5
2020,8,상선,몽촌토성,2814,평일,9:30,24.0
2020,8,하선,몽촌토성,2814,평일,9:30,58.8
2020,8,상선,잠실,2815,평일,9:30,28.6
2020,8,하선,잠실,2815,평일,9:30,62.1
2020,8,상선,석촌,2816,평일,9:30,54.9
2020,8,하선,석촌,2816,평일,9:30,64.5
2020,8,상선,송파,2817,평일,9:30,64.4
2020,8,하선,송파,2817,평일,9:30,64.0
2020,8,상선,가락시장,2818,평일,9:30,55.2
2020,8,하선,가락시장,2818,평일,9:30,67.9
2020,8,상선,문정,2819,평일,9:30,56.6
2020,8,하선,문정,2819,평일,9:30,34.4
2020,8,상선,장지,2820,평일,9:30,52.2
2020,8,하선,장지,2820,평일,9:30,24.2
2020,8,상선,복정,2821,평일,9:30,48.7
2020,8,하선,복정,2821,평일,9:30,10.9
2020,8,상선,산성,2822,평일,9:30,30.0
2020,8,하선,산성,2822,평일,9:30,10.1
2020,8,상선,남한산성입구,2823,평일,9:30,22.3
2020,8,하선,남한산성입구,2823,평일,9:30,7.8
2020,8,상선,단대오거리,2824,평일,9:30,14.3
2020,8,하선,단대오거리,2824,평일,9:30,7.3
2020,8,상선,신흥,2825,평일,9:30,9.5
2020,8,하선,신흥,2825,평일,9:30,6.9
2020,8,상선,수진,2826,평일,9:30,7.8
2020,8,하선,수진,2826,평일,9:30,7.9
2020,8,상선,모란,2827,평일,9:30,5.8
2020,8,하선,모란,2827,평일,9:30,0.0
2020,8,상선,암사,2811,토요일,9:30,0.0
2020,8,하선,암사,2811,토요일,9:30,12.2
2020,8,상선,천호,2812,토요일,9:30,6.4
2020,8,하선,천호,2812,토요일,9:30,27.8
2020,8,상선,강동구청,2813,토요일,9:30,19.2
2020,8,하선,강동구청,2813,토요일,9:30,38.2
2020,8,상선,몽촌토성,2814,토요일,9:30,18.0
2020,8,하선,몽촌토성,2814,토요일,9:30,38.1
2020,8,상선,잠실,2815,토요일,9:30,19.6
2020,8,하선,잠실,2815,토요일,9:30,32.5
2020,8,상선,석촌,2816,토요일,9:30,34.1
2020,8,하선,석촌,2816,토요일,9:30,37.4
2020,8,상선,송파,2817,토요일,9:30,37.5
2020,8,하선,송파,2817,토요일,9:30,31.6
2020,8,상선,가락시장,2818,토요일,9:30,37.5
2020,8,하선,가락시장,2818,토요일,9:30,27.0
2020,8,상선,문정,2819,토요일,9:30,37.0
2020,8,하선,문정,2819,토요일,9:30,22.7
2020,8,상선,장지,2820,토요일,9:30,33.8
2020,8,하선,장지,2820,토요일,9:30,17.0
2020,8,상선,복정,2821,토요일,9:30,31.8
2020,8,하선,복정,2821,토요일,9:30,8.4
2020,8,상선,산성,2822,토요일,9:30,18.4
2020,8,하선,산성,2822,토요일,9:30,6.3
2020,8,상선,남한산성입구,2823,토요일,9:30,14.7
2020,8,하선,남한산성입구,2823,토요일,9:30,7.7
2020,8,상선,단대오거리,2824,토요일,9:30,9.7
2020,8,하선,단대오거리,2824,토요일,9:30,7.4
2020,8,상선,신흥,2825,토요일,9:30,5.2
2020,8,하선,신흥,2825,토요일,9:30,7.2
2020,8,상선,수진,2826,토요일,9:30,4.0
2020,8,하선,수진,2826,토요일,9:30,7.4
2020,8,상선,모란,2827,토요일,9:30,3.3
2020,8,하선,모란,2827,토요일,9:30,0.0
2020,8,상선,암사,2811,일요일,9:30,0.0
2020,8,하선,암사,2811,일요일,9:30,7.5
2020,8,상선,천호,2812,일요일,9:30,3.1
2020,8,하선,천호,2812,일요일,9:30,19.3
2020,8,상선,강동구청,2813,일요일,9:30,13.1
2020,8,하선,강동구청,2813,일요일,9:30,21.7
2020,8,상선,몽촌토성,2814,일요일,9:30,16.1
2020,8,하선,몽촌토성,2814,일요일,9:30,21.5
2020,8,상선,잠실,2815,일요일,9:30,15.9
2020,8,하선,잠실,2815,일요일,9:30,20.2
2020,8,상선,석촌,2816,일요일,9:30,23.3
2020,8,하선,석촌,2816,일요일,9:30,22.0
2020,8,상선,송파,2817,일요일,9:30,25.4
2020,8,하선,송파,2817,일요일,9:30,20.8
2020,8,상선,가락시장,2818,일요일,9:30,23.6
2021,8,상선,암사,2811,평일,9:30,0.0
2021,8,하선,암사,2811,평일,9:30,20.8
2021,8,상선,천호,2812,평일,9:30,8.1
2021,8,하선,천호,2812,평일,9:30,55.0
2021,8,상선,강동구청,2813,평일,9:30,24.7
2021,8,하선,강동구청,2813,평일,9:30,57.9
2021,8,상선,몽촌토성,2814,평일,9:30,24.3
2021,8,하선,몽촌토성,2814,평일,9:30,58.9
2021,8,상선,잠실,2815,평일,9:30,25.9
2021,8,하선,잠실,2815,평일,9:30,59.9
2021,8,상선,석촌,2816,평일,9:30,49.8
2021,8,하선,석촌,2816,평일,9:30,62.5
2021,8,상선,송파,2817,평일,9:30,59.1
2021,8,하선,송파,2817,평일,9:30,62.4
2021,8,상선,가락시장,2818,평일,9:30,53.8
2021,8,하선,가락시장,2818,평일,9:30,65.1
2021,8,상선,문정,2819,평일,9:30,54.3
2021,8,하선,문정,2819,평일,9:30,33.4
2021,8,상선,장지,2820,평일,9:30,55.7
2021,8,하선,장지,2820,평일,9:30,23.6
2021,8,상선,복정,2821,평일,9:30,50.2
2021,8,하선,복정,2821,평일,9:30,10.0
2021,8,상선,산성,2822,평일,9:30,29.6
2021,8,하선,산성,2822,평일,9:30,11.0
2021,8,상선,남한산성입구,2823,평일,9:30,22.5
2021,8,하선,남한산성입구,2823,평일,9:30,8.9
2021,8,상선,단대오거리,2824,평일,9:30,13.1
2021,8,하선,단대오거리,2824,평일,9:30,8.4
2021,8,상선,신흥,2825,평일,9:30,8.1
2021,8,하선,신흥,2825,평일,9:30,7.9
2021,8,상선,수진,2826,평일,9:30,6.5
2021,8,하선,수진,2826,평일,9:30,8.3
2021,8,상선,모란,2827,평일,9:30,5.4
2021,8,하선,모란,2827,평일,9:30,0.0
2021,8,상선,암사,2811,토요일,9:30,0.0
2021,8,하선,암사,2811,토요일,9:30,13.6
2021,8,상선,천호,2812,토요일,9:30,6.3
2021,8,하선,천호,2812,토요일,9:30,32.0
2021,8,상선,강동구청,2813,토요일,9:30,21.0
2021,8,하선,강동구청,2813,토요일,9:30,37.8
2021,8,상선,몽촌토성,2814,토요일,9:30,19.1
2021,8,하선,몽촌토성,2814,토요일,9:30,37.9
2021,8,상선,잠실,2815,토요일,9:30,19.1
2021,8,하선,잠실,2815,토요일,9:30,34.4
2021,8,상선,석촌,2816,토요일,9:30,33.9
2021,8,하선,석촌,2816,토요일,9:30,38.7
2021,8,상선,송파,2817,토요일,9:30,38.4
2021,8,하선,송파,2817,토요일,9:30,33.7
2021,8,상선,가락시장,2818,토요일,9:30,36.4
2021,8,하선,가락시장,2818,토요일,9:30,29.8
2021,8,상선,문정,2819,토요일,9:30,34.8
2021,8,하선,문정,2819,토요일,9:30,24.4
2021,8,상선,장지,2820,토요일,9:30,33.9
2021,8,하선,장지,2820,토요일,9:30,16.5
2021,8,상선,복정,2821,토요일,9:30,30.0
2021,8,하선,복정,2821,토요일,9:30,8.8
2021,8,상선,산성,2822,토요일,9:30,20.5
2021,8,하선,산성,2822,토요일,9:30,6.8
2021,8,상선,남한산성입구,2823,토요일,9:30,18.3
2021,8,하선,남한산성입구,2823,토요일,9:30,8.4
2021,8,상선,단대오거리,2824,토요일,9:30,12.2
2021,8,하선,단대오거리,2824,토요일,9:30,8.0
2021,8,상선,신흥,2825,토요일,9:30,7.8
2021,8,하선,신흥,2825,토요일,9:30,7.9
2021,8,상선,수진,2826,토요일,9:30,6.2
2021,8,하선,수진,2826,토요일,9:30,8.0
2021,8,상선,모란,2827,토요일,9:30,4.7
2021,8,하선,모란,2827,토요일,9:30,0.0
2022,8,상선,암사,2811,평일,9:30,0.0
2022,8,하선,암사,2811,평일,9:30,21.9
2022,8,상선,천호,2812,평일,9:30,7.7
2022,8,하선,천호,2812,평일,9:30,56.5
2022,8,상선,강동구청,2813,평일,9:30,23.8
2022,8,하선,강동구청,2813,평일,9:30,67.2
2022,8,상선,몽촌토성,2814,평일,9:30,24.6
2022,8,하선,몽촌토성,2814,평일,9:30,78.1
2022,8,상선,잠실,2815,평일,9:30,28.2
2022,8,하선,잠실,2815,평일,9:30,62.6
2022,8,상선,석촌,2816,평일,9:30,63.8
2022,8,하선,석촌,2816,평일,9:30,64.9
2022,8,상선,송파,2817,평일,9:30,71.4
2022,8,하선,송파,2817,평일,9:30,72.2
2022,8,상선,가락시장,2818,평일,9:30,63.6
2022,8,하선,가락시장,2818,평일,9:30,65.3
2022,8,상선,문정,2819,평일,9:30,64.2
2022,8,하선,문정,2819,평일,9:30,38.4
2022,8,상선,장지,2820,평일,9:30,65.8
2022,8,하선,장지,2820,평일,9:30,30.3
2022,8,상선,복정,2821,평일,9:30,57.8
2022,8,하선,복정,2821,평일,9:30,17.7
2022,8,상선,산성,2822,평일,9:30,30.1
2022,8,하선,산성,2822,평일,9:30,15.3
2022,8,상선,남한산성입구,2823,평일,9:30,25.8
2022,8,하선,남한산성입구,2823,평일,9:30,9.1
2022,8,상선,단대오거리,2824,평일,9:30,16.9
2022,8,하선,단대오거리,2824,평일,9:30,8.1
2022,8,상선,신흥,2825,평일,9:30,11.4
2022,8,하선,신흥,2825,평일,9:30,8.0
2022,8,상선,수진,2826,평일,9:30,8.6
2022,8,하선,수진,2826,평일,9:30,8.8
2022,8,상선,모란,2827,평일,9:30,7.3
2022,8,하선,모란,2827,평일,9:30,0.0
2022,8,상선,암사,2811,토요일,9:30,0.0
2022,8,하선,암사,2811,토요일,9:30,16.0
2022,8,상선,천호,2812,토요일,9:30,6.8
2022,8,하선,천호,2812,토요일,9:30,44.2
2022,8,상선,강동구청,2813,토요일,9:30,24.6
2022,8,하선,강동구청,2813,토요일,9:30,48.4
2022,8,상선,몽촌토성,2814,토요일,9:30,24.5
2022,8,하선,몽촌토성,2814,토요일,9:30,52.4
2022,8,상선,잠실,2815,토요일,9:30,24.9
2022,8,하선,잠실,2815,토요일,9:30,42.4
2022,8,상선,석촌,2816,토요일,9:30,48.3
2022,8,하선,석촌,2816,토요일,9:30,43.2
2022,8,상선,송파,2817,토요일,9:30,53.7
2022,8,하선,송파,2817,토요일,9:30,45.0
2022,8,상선,가락시장,2818,토요일,9:30,51.5
2022,8,하선,가락시장,2818,토요일,9:30,37.5
2022,8,상선,문정,2819,토요일,9:30,50.1
2022,8,하선,문정,2819,토요일,9:30,30.4
2022,8,상선,장지,2820,토요일,9:30,46.7
2022,8,하선,장지,2820,토요일,9:30,23.0
2022,8,상선,복정,2821,토요일,9:30,41.9
2022,8,하선,복정,2821,토요일,9:30,12.6
2022,8,상선,산성,2822,토요일,9:30,26.8
2022,8,하선,산성,2822,토요일,9:30,8.7
2022,8,상선,남한산성입구,2823,토요일,9:30,23.9
2022,8,하선,남한산성입구,2823,토요일,9:30,9.6
2022,8,상선,단대오거리,2824,토요일,9:30,15.3
2022,8,하선,단대오거리,2824,토요일,9:30,10.0
2022,8,상선,신흥,2825,토요일,9:30,9.1
2022,8,하선,신흥,2825,토요일,9:30,9.9
2022,8,상선,암사,2811,공휴일,9:30,0.0
2022,8,하선,암사,2811,공휴일,9:30,12.6
2022,8,상선,천호,2812,공휴일,9:30,4.6
2022,8,하선,천호,2812,공휴일,9:30,30.2
2022,8,상선,강동구청,2813,공휴일,9:30,19.5
2022,8,하선,강동구청,2813,공휴일,9:30,34.9
2022,8,상선,몽촌토성,2814,공휴일,9:30,20.6
2022,8,하선,몽촌토성,2814,공휴일,9:30,35.0
2022,8,상선,잠실,2815,공휴일,9:30,17.8
2022,8,하선,잠실,2815,공휴일,9:30,29.9
2022,8,상선,석촌,2816,공휴일,9:30,32.6
2022,8,하선,석촌,2816,공휴일,9:30,30.3
2022,8,상선,송파,2817,공휴일,9:30,37.5
2022,8,하선,송파,2817,공휴일,9:30,31.4
2022,8,상선,가락시장,2818,공휴일,9:30,35.7
2022,8,하선,가락시장,2818,공휴일,9:30,26.9
2022,8,상선,문정,2819,공휴일,9:30,34.8
2022,8,하선,문정,2819,공휴일,9:30,21.8
2022,8,상선,장지,2820,공휴일,9:30,33.3
2022,8,하선,장지,2820,공휴일,9:30,16.5
2022,8,상선,복정,2821,공휴일,9:30,30.7
2022,8,하선,복정,2821,공휴일,9:30,10.3
2022,8,상선,산성,2822,공휴일,9:30,21.3
2022,8,하선,산성,2822,공휴일,9:30,7.2
2022,8,상선,남한산성입구,2823,공휴일,9:30,18.2
2022,8,하선,남한산성입구,2823,공휴일,9:30,7.5
2022,8,상선,단대오거리,2824,공휴일,9:30,12.2
2022,8,하선,단대오거리,2824,공휴일,9:30,7.1
2022,8,상선,신흥,2825,공휴일,9:30,6.7
2022,8,하선,신흥,2825,공휴일,9:30,7.1
2022,8,상선,수진,2826,공휴일,9:30,5.1
2022,8,하선,수진,2826,공휴일,9:30,8.0
2022,8,상선,모란,2827,공휴일,9:30,2.6
2022,8,하선,모란,2827,공휴일,9:30,0.0
2023,8,상선,암사,2811,평일,9:30,0.0
2023,8,하선,암사,2811,평일,9:30,22.9
2023,8,상선,천호,2812,평일,9:30,7.3
2023,8,하선,천호,2812,평일,9:30,58.4
2023,8,상선,강동구청,2813,평일,9:30,22.4
2023,8,하선,강동구청,2813,평일,9:30,70.8
2023,8,상선,몽촌토성,2814,평일,9:30,23.8
2023,8,하선,몽촌토성,2814,평일,9:30,80.9
2023,8,상선,잠실,2815,평일,9:30,26.9
2023,8,하선,잠실,2815,평일,9:30,64.2
2023,8,상선,석촌,2816,평일,9:30,67.1
2023,8,하선,석촌,2816,평일,9:30,65.5
2023,8,상선,송파,2817,평일,9:30,72.2
2023,8,하선,송파,2817,평일,9:30,73.9
2023,8,상선,가락시장,2818,평일,9:30,63.3
2023,8,하선,가락시장,2818,평일,9:30,66.5
2023,8,상선,문정,2819,평일,9:30,63.4
2023,8,하선,문정,2819,평일,9:30,40.1
2023,8,상선,장지,2820,평일,9:30,64.7
2023,8,하선,장지,2820,평일,9:30,32.8
2023,8,상선,복정,2821,평일,9:30,57.9
2023,8,하선,복정,2821,평일,9:30,19.7
2023,8,상선,산성,2822,평일,9:30,33.6
2023,8,하선,산성,2822,평일,9:30,17.4
2023,8,상선,남한산성입구,2823,평일,9:30,28.6
2023,8,하선,남한산성입구,2823,평일,9:30,9.5
2023,8,상선,단대오거리,2824,평일,9:30,18.5
2023,8,하선,단대오거리,2824,평일,9:30,8.6
2023,8,상선,신흥,2825,평일,9:30,11.1
2023,8,하선,신흥,2825,평일,9:30,8.7
2023,8,상선,수진,2826,평일,9:30,8.1
2023,8,하선,수진,2826,평일,9:30,9.7
2023,8,상선,모란,2827,평일,9:30,6.7
2023,8,하선,모란,2827,평일,9:30,0.0
2023,8,상선,암사,2811,토요일,9:30,0.0
2023,8,하선,암사,2811,토요일,9:30,17.8
2023,8,상선,천호,2812,토요일,9:30,7.1
2023,8,하선,천호,2812,토요일,9:30,44.7
2023,8,상선,강동구청,2813,토요일,9:30,27.3
2023,8,하선,강동구청,2813,토요일,9:30,49.2
2023,8,상선,몽촌토성,2814,토요일,9:30,27.5
2023,8,하선,몽촌토성,2814,토요일,9:30,51.0
2023,8,상선,잠실,2815,토요일,9:30,26.9
2023,8,하선,잠실,2815,토요일,9:30,40.8
2023,8,상선,석촌,2816,토요일,9:30,53.0
2023,8,하선,석촌,2816,토요일,9:30,42.6
2023,8,상선,송파,2817,토요일,9:30,58.6
2023,8,하선,송파,2817,토요일,9:30,40.9
2023,8,상선,가락시장,2818,토요일,9:30,56.0
2023,8,하선,가락시장,2818,토요일,9:30,34.2
2023,8,상선,문정,2819,토요일,9:30,53.0
2023,8,하선,문정,2819,토요일,9:30,27.9
2023,8,상선,장지,2820,토요일,9:30,47.9
2023,8,하선,장지,2820,토요일,9:30,21.7
2023,8,상선,복정,2821,토요일,9:30,41.8
2023,8,하선,복정,2821,토요일,9:30,13.9
2023,8,상선,산성,2822,토요일,9:30,28.5
2023,8,하선,산성,2822,토요일,9:30,9.3
2023,8,상선,남한산성입구,2823,토요일,9:30,25.1
2023,8,하선,남한산성입구,2823,토요일,9:30,10.7
2023,8,상선,단대오거리,2824,토요일,9:30,15.8
2023,8,하선,단대오거리,2824,토요일,9:30,10.4
2023,8,상선,신흥,2825,토요일,9:30,9.4
2023,8,하선,신흥,2825,토요일,9:30,10.3
2023,8,상선,수진,2826,토요일,9:30,6.8
2023,8,하선,수진,2826,토요일,9:30,11.3
2023,8,상선,모란,2827,토요일,9:30,5.6
2023,8,하선,모란,2827,토요일,9:30,0.0
2023,8,상선,암사,2811,일요일,9:30,0.0
2023,8,하선,암사,2811,일요일,9:30,12.2
2023,8,상선,천호,2812,일요일,9:30,4.9
2023,8,하선,천호,2812,일요일,9:30,32.6
2023,8,상선,강동구청,2813,일요일,9:30,21.8
2023,8,하선,강동구청,2813,일요일,9:30,34.1
2023,8,상선,몽촌토성,2814,일요일,9:30,21.5
2023,8,하선,몽촌토성,2814,일요일,9:30,35.4
2023,8,상선,잠실,2815,일요일,9:30,21.8
2023,8,하선,잠실,2815,일요일,9:30,29.5
2023,8,상선,석촌,2816,일요일,9:30,39.5
2023,8,하선,석촌,2816,일요일,9:30,32.4
2023,8,상선,송파,2817,일요일,9:30,42.5
2023,8,하선,송파,2817,일요일,9:30,33.0
2023,8,상선,가락시장,2818,일요일,9:30,40.0
2023,8,하선,가락시장,2818,일요일,9:30,28.4
2023,8,상선,문정,2819,일요일,9:30,39.3
2023,8,하선,문정,2819,일요일,9:30,24.3
2023,8,상선,장지,2820,일요일,9:30,37.4
2023,8,하선,장지,2820,일요일,9:30,18.4
2023,8,상선,복정,2821,일요일,9:30,33.7
2023,8,하선,복정,2821,일요일,9:30,11.9
2023,8,상선,산성,2822,일요일,9:30,24.3
2023,8,하선,산성,2822,일요일,9:30,7.5
2023,8,상선,남한산성입구,2823,일요일,9:30,21.7
2023,8,하선,남한산성입구,2823,일요일,9:30,9.5
2023,8,상선,단대오거리,2824,일요일,9:30,14.6
2023,8,하선,단대오거리,2824,일요일,9:30,9.0
2023,8,상선,신흥,2825,일요일,9:30,8.8
2023,8,하선,신흥,2825,일요일,9:30,9.4
2023,8,상선,수진,2826,일요일,9:30,6.3
2023,8,하선,수진,2826,일요일,9:30,9.2
2023,8,상선,모란,2827,일요일,9:30,3.7
202403,8,상선,암사,2811,평일,9:30,0.0
202403,8,하선,암사,2811,평일,9:30,22.6
202403,8,상선,천호,2812,평일,9:30,7.3
202403,8,하선,천호,2812,평일,9:30,56.1
202403,8,상선,강동구청,2813,평일,9:30,22.6
202403,8,하선,강동구청,2813,평일,9:30,66.8
202403,8,상선,몽촌토성,2814,평일,9:30,24.1
202403,8,하선,몽촌토성,2814,평일,9:30,78.9
202403,8,상선,잠실,2815,평일,9:30,27.2
202403,8,하선,잠실,2815,평일,9:30,62.6
202403,8,상선,석촌,2816,평일,9:30,69.9
202403,8,하선,석촌,2816,평일,9:30,64.0
202403,8,상선,송파,2817,평일,9:30,76.9
202403,8,하선,송파,2817,평일,9:30,70.9
202403,8,상선,가락시장,2818,평일,9:30,66.4
202403,8,하선,가락시장,2818,평일,9:30,64.4
202403,8,상선,문정,2819,평일,9:30,66.7
202403,8,하선,문정,2819,평일,9:30,38.0
202403,8,상선,장지,2820,평일,9:30,69.1
202403,8,하선,장지,2820,평일,9:30,30.8
202403,8,상선,복정,2821,평일,9:30,61.0
202403,8,하선,복정,2821,평일,9:30,17.6
202403,8,상선,산성,2822,평일,9:30,34.1
202403,8,하선,산성,2822,평일,9:30,15.3
202403,8,상선,남한산성입구,2823,평일,9:30,28.4
202403,8,하선,남한산성입구,2823,평일,9:30,9.2
202403,8,상선,단대오거리,2824,평일,9:30,18.9
202403,8,하선,단대오거리,2824,평일,9:30,8.7
202403,8,상선,신흥,2825,평일,9:30,11.4
202403,8,하선,신흥,2825,평일,9:30,9.0
202403,8,상선,수진,2826,평일,9:30,7.8
202403,8,하선,수진,2826,평일,9:30,9.9
202403,8,상선,모란,2827,평일,9:30,6.4
202403,8,하선,모란,2827,평일,9:30,0.0
202403,8,상선,암사,2811,토요일,9:30,0.0
202403,8,하선,암사,2811,토요일,9:30,18.3
202403,8,상선,천호,2812,토요일,9:30,7.6
202403,8,하선,천호,2812,토요일,9:30,44.7
202403,8,상선,강동구청,2813,토요일,9:30,28.0
202403,8,하선,강동구청,2813,토요일,9:30,50.4
202403,8,상선,몽촌토성,2814,토요일,9:30,29.3
202403,8,하선,몽촌토성,2814,토요일,9:30,51.2
202403,8,상선,잠실,2815,토요일,9:30,29.3
202403,8,하선,잠실,2815,토요일,9:30,43.8
202403,8,상선,석촌,2816,토요일,9:30,56.1
202403,8,하선,석촌,2816,토요일,9:30,44.5
202403,8,상선,송파,2817,토요일,9:30,60.4
202403,8,하선,송파,2817,토요일,9:30,43.1
202403,8,상선,가락시장,2818,토요일,9:30,57.9
202403,8,하선,가락시장,2818,토요일,9:30,35.9
202403,8,상선,문정,2819,토요일,9:30,57.4
202403,8,하선,문정,2819,토요일,9:30,29.8
202403,8,상선,장지,2820,토요일,9:30,53.5
202403,8,하선,장지,2820,토요일,9:30,24.3
202403,8,상선,복정,2821,토요일,9:30,47.4
202403,8,하선,복정,2821,토요일,9:30,14.6
202403,8,상선,산성,2822,토요일,9:30,32.8
202403,8,하선,산성,2822,토요일,9:30,9.2
202403,8,상선,남한산성입구,2823,토요일,9:30,27.8
202403,8,하선,남한산성입구,2823,토요일,9:30,10.4
202403,8,상선,단대오거리,2824,토요일,9:30,18.9
202403,8,하선,단대오거리,2824,토요일,9:30,11.2
202403,8,상선,신흥,2825,토요일,9:30,10.9
202403,8,하선,신흥,2825,토요일,9:30,11.1
202403,8,상선,수진,2826,토요일,9:30,8.1
202403,8,하선,수진,2826,토요일,9:30,12.7
202403,8,상선,모란,2827,토요일,9:30,6.2
202403,8,하선,모란,2827,토요일,9:30,0.0
202403,8,상선,암사,2811,일요일,9:30,0.0
202403,8,하선,암사,2811,일요일,9:30,14.6
202403,8,상선,천호,2812,일요일,9:30,4.9
202403,8,하선,천호,2812,일요일,9:30,36.2
202403,8,상선,강동구청,2813,일요일,9:30,24.0
202403,8,하선,강동구청,2813,일요일,9:30,40.4
202403,8,상선,몽촌토성,2814,일요일,9:30,23.6
202403,8,하선,몽촌토성,2814,일요일,9:30,41.2
202403,8,상선,잠실,2815,일요일,9:30,23.7
202403,8,하선,잠실,2815,일요일,9:30,33.9
202403,8,상선,석촌,2816,일요일,9:30,41.8
202403,8,하선,석촌,2816,일요일,9:30,36.0
202403,8,상선,송파,2817,일요일,9:30,45.5
202403,8,하선,송파,2817,일요일,9:30,35.6
202403,8,상선,가락시장,2818,일요일,9:30,43.3
202403,8,하선,가락시장,2818,일요일,9:30,31.7
202403,8,상선,문정,2819,일요일,9:30,42.9
202403,8,하선,문정,2819,일요일,9:30,28.2
202403,8,상선,장지,2820,일요일,9:30,42.0
202403,8,하선,장지,2820,일요일,9:30,23.3
202403,8,상선,복정,2821,일요일,9:30,38.2
202403,8,하선,복정,2821,일요일,9:30,14.0
202403,8,상선,산성,2822,일요일,9:30,28.2
202403,8,하선,산성,2822,일요일,9:30,10.2
202403,8,상선,남한산성입구,2823,일요일,9:30,24.9
202403,8,하선,남한산성입구,2823,일요일,9:30,10.9
202403,8,상선,단대오거리,2824,일요일,9:30,17.0
202403,8,하선,단대오거리,2824,일요일,9:30,12.0
202403,8,상선,신흥,2825,일요일,9:30,10.6
202403,8,하선,신흥,2825,일요일,9:30,12.0
202403,8,상선,수진,2826,일요일,9:30,7.5
202403,8,하선,수진,2826,일요일,9:30,11.9
202403,8,상선,모란,2827,일요일,9:30,4.9
202406,8,상선,암사,2811,평일,9:30,0.0
202406,8,하선,암사,2811,평일,9:30,22.6
202406,8,상선,천호,2812,평일,9:30,7.2
202406,8,하선,천호,2812,평일,9:30,57.3
202406,8,상선,강동구청,2813,평일,9:30,23.4
202406,8,하선,강동구청,2813,평일,9:30,68.5
202406,8,상선,몽촌토성,2814,평일,9:30,25.0
202406,8,하선,몽촌토성,2814,평일,9:30,77.0
202406,8,상선,잠실,2815,평일,9:30,27.5
202406,8,하선,잠실,2815,평일,9:30,61.4
202406,8,상선,석촌,2816,평일,9:30,67.1
202406,8,하선,석촌,2816,평일,9:30,63.0
202406,8,상선,송파,2817,평일,9:30,75.2
202406,8,하선,송파,2817,평일,9:30,68.7
202406,8,상선,가락시장,2818,평일,9:30,64.9
202406,8,하선,가락시장,2818,평일,9:30,62.3
202406,8,상선,문정,2819,평일,9:30,65.1
202406,8,하선,문정,2819,평일,9:30,37.7
202406,8,상선,장지,2820,평일,9:30,65.5
202406,8,하선,장지,2820,평일,9:30,28.0
202406,8,상선,복정,2821,평일,9:30,58.0
202406,8,하선,복정,2821,평일,9:30,15.7
202406,8,상선,산성,2822,평일,9:30,33.0
202406,8,하선,산성,2822,평일,9:30,12.7
202406,8,상선,남한산성입구,2823,평일,9:30,27.6
202406,8,하선,남한산성입구,2823,평일,9:30,9.7
202406,8,상선,단대오거리,2824,평일,9:30,18.5
202406,8,하선,단대오거리,2824,평일,9:30,9.2
202406,8,상선,신흥,2825,평일,9:30,11.8
202406,8,하선,신흥,2825,평일,9:30,9.1
202406,8,상선,수진,2826,평일,9:30,8.6
202406,8,하선,수진,2826,평일,9:30,9.7
202406,8,상선,모란,2827,평일,9:30,7.2
202406,8,하선,모란,2827,평일,9:30,0.0
202406,8,상선,암사,2811,토요일,9:30,0.0
202406,8,하선,암사,2811,토요일,9:30,17.5
202406,8,상선,천호,2812,토요일,9:30,7.8
202406,8,하선,천호,2812,토요일,9:30,42.4
202406,8,상선,강동구청,2813,토요일,9:30,25.8
202406,8,하선,강동구청,2813,토요일,9:30,48.2
202406,8,상선,몽촌토성,2814,토요일,9:30,26.7
202406,8,하선,몽촌토성,2814,토요일,9:30,48.8
202406,8,상선,잠실,2815,토요일,9:30,27.4
202406,8,하선,잠실,2815,토요일,9:30,42.7
202406,8,상선,석촌,2816,토요일,9:30,51.2
202406,8,하선,석촌,2816,토요일,9:30,46.8
202406,8,상선,송파,2817,토요일,9:30,56.5
202406,8,하선,송파,2817,토요일,9:30,46.0
202406,8,상선,가락시장,2818,토요일,9:30,54.3
202406,8,하선,가락시장,2818,토요일,9:30,38.6
202406,8,상선,문정,2819,토요일,9:30,54.1
202406,8,하선,문정,2819,토요일,9:30,32.9
202406,8,상선,장지,2820,토요일,9:30,47.7
202406,8,하선,장지,2820,토요일,9:30,24.6
202406,8,상선,복정,2821,토요일,9:30,41.5
202406,8,하선,복정,2821,토요일,9:30,15.5
202406,8,상선,산성,2822,토요일,9:30,30.9
202406,8,하선,산성,2822,토요일,9:30,9.8
202406,8,상선,남한산성입구,2823,토요일,9:30,25.2
202406,8,하선,남한산성입구,2823,토요일,9:30,10.8
202406,8,상선,단대오거리,2824,토요일,9:30,18.3
202406,8,하선,단대오거리,2824,토요일,9:30,10.4
202406,8,상선,신흥,2825,토요일,9:30,9.8
202406,8,하선,신흥,2825,토요일,9:30,10.0
202406,8,상선,수진,2826,토요일,9:30,7.4
202406,8,하선,수진,2826,토요일,9:30,10.4
202406,8,상선,모란,2827,토요일,9:30,5.7
202406,8,하선,모란,2827,토요일,9:30,0.0
202406,8,상선,암사,2811,일요일,9:30,0.0
202406,8,하선,암사,2811,일요일,9:30,13.2
202406,8,상선,천호,2812,일요일,9:30,5.6
202406,8,하선,천호,2812,일요일,9:30,30.7
202406,8,상선,강동구청,2813,일요일,9:30,22.5
202406,8,하선,강동구청,2813,일요일,9:30,32.5
202406,8,상선,몽촌토성,2814,일요일,9:30,23.1
202406,8,하선,몽촌토성,2814,일요일,9:30,39.5
202406,8,상선,잠실,2815,일요일,9:30,21.8
202406,8,하선,잠실,2815,일요일,9:30,32.3
202406,8,상선,석촌,2816,일요일,9:30,38.4
202406,8,하선,석촌,2816,일요일,9:30,33.3
202406,8,상선,송파,2817,일요일,9:30,43.7
202406,8,하선,송파,2817,일요일,9:30,31.8
202406,8,상선,가락시장,2818,일요일,9:30,40.7
202406,8,하선,가락시장,2818,일요일,9:30,28.1
202406,8,상선,문정,2819,일요일,9:30,38.5
202406,8,하선,문정,2819,일요일,9:30,24.2
202406,8,상선,장지,2820,일요일,9:30,35.1
202406,8,하선,장지,2820,일요일,9:30,19.2
202406,8,상선,복정,2821,일요일,9:30,32.1
202406,8,하선,복정,2821,일요일,9:30,11.2
202406,8,상선,산성,2822,일요일,9:30,22.9
202406,8,하선,산성,2822,일요일,9:30,7.6
202406,8,상선,남한산성입구,2823,일요일,9:30,20.8
202406,8,하선,남한산성입구,2823,일요일,9:30,8.9
202406,8,상선,단대오거리,2824,일요일,9:30,14.4
202406,8,하선,단대오거리,2824,일요일,9:30,10.1
202406,8,상선,신흥,2825,일요일,9:30,8.1
202406,8,하선,신흥,2825,일요일,9:30,10.1
202406,8,상선,수진,2826,일요일,9:30,5.9
202406,8,하선,수진,2826,일요일,9:30,10.0
202406,8,상선,모란,2827,일요일,9:30,4.1
2020,8,상선,암사,2811,평일,10:00,0.0
2020,8,하선,암사,2811,평일,10:00,14.3
2020,8,상선,천호,2812,평일,10:00,5.9
2020,8,하선,천호,2812,평일,10:00,36.4
2020,8,상선,강동구청,2813,평일,10:00,16.7
2020,8,하선,강동구청,2813,평일,10:00,45.4
2020,8,상선,몽촌토성,2814,평일,10:00,16.3
2020,8,하선,몽촌토성,2814,평일,10:00,46.2
2020,8,상선,잠실,2815,평일,10:00,17.7
2020,8,하선,잠실,2815,평일,10:00,43.6
2020,8,상선,석촌,2816,평일,10:00,35.7
2020,8,하선,석촌,2816,평일,10:00,46.0
2020,8,상선,송파,2817,평일,10:00,41.6
2020,8,하선,송파,2817,평일,10:00,45.5
2020,8,상선,가락시장,2818,평일,10:00,40.6
2020,8,하선,가락시장,2818,평일,10:00,36.5
2020,8,상선,문정,2819,평일,10:00,39.8
2020,8,하선,문정,2819,평일,10:00,25.4
2020,8,상선,장지,2820,평일,10:00,36.9
2020,8,하선,장지,2820,평일,10:00,20.7
2020,8,상선,복정,2821,평일,10:00,32.3
2020,8,하선,복정,2821,평일,10:00,10.8
2020,8,상선,산성,2822,평일,10:00,20.3
2020,8,하선,산성,2822,평일,10:00,10.4
2020,8,상선,남한산성입구,2823,평일,10:00,16.3
2020,8,하선,남한산성입구,2823,평일,10:00,8.4
2020,8,상선,단대오거리,2824,평일,10:00,12.0
2020,8,하선,단대오거리,2824,평일,10:00,7.7
2020,8,상선,신흥,2825,평일,10:00,8.0
2020,8,하선,신흥,2825,평일,10:00,7.0
2020,8,상선,수진,2826,평일,10:00,6.4
2020,8,하선,수진,2826,평일,10:00,6.8
2020,8,상선,모란,2827,평일,10:00,5.0
2020,8,하선,모란,2827,평일,10:00,0.0
2020,8,상선,암사,2811,토요일,10:00,0.0
2020,8,하선,암사,2811,토요일,10:00,12.0
2020,8,상선,천호,2812,토요일,10:00,4.2
2020,8,하선,천호,2812,토요일,10:00,29.0
2020,8,상선,강동구청,2813,토요일,10:00,17.1
2020,8,하선,강동구청,2813,토요일,10:00,31.7
2020,8,상선,몽촌토성,2814,토요일,10:00,16.9
2020,8,하선,몽촌토성,2814,토요일,10:00,31.9
2020,8,상선,잠실,2815,토요일,10:00,17.5
2020,8,하선,잠실,2815,토요일,10:00,31.9
2020,8,상선,석촌,2816,토요일,10:00,31.5
2020,8,하선,석촌,2816,토요일,10:00,30.4
2020,8,상선,송파,2817,토요일,10:00,35.1
2020,8,하선,송파,2817,토요일,10:00,30.7
2020,8,상선,가락시장,2818,토요일,10:00,33.3
2020,8,하선,가락시장,2818,토요일,10:00,27.1
2020,8,상선,문정,2819,토요일,10:00,32.9
2020,8,하선,문정,2819,토요일,10:00,22.0
2020,8,상선,장지,2820,토요일,10:00,32.9
2020,8,하선,장지,2820,토요일,10:00,16.7
2020,8,상선,복정,2821,토요일,10:00,26.7
2020,8,하선,복정,2821,토요일,10:00,8.7
2020,8,상선,산성,2822,토요일,10:00,18.1
2020,8,하선,산성,2822,토요일,10:00,6.9
2020,8,상선,남한산성입구,2823,토요일,10:00,15.4
2020,8,하선,남한산성입구,2823,토요일,10:00,6.1
2020,8,상선,단대오거리,2824,토요일,10:00,9.2
2020,8,하선,단대오거리,2824,토요일,10:00,6.1
2020,8,상선,신흥,2825,토요일,10:00,5.6
2020,8,하선,신흥,2825,토요일,10:00,5.8
2020,8,상선,수진,2826,토요일,10:00,4.3
2020,8,하선,수진,2826,토요일,10:00,6.0
2020,8,상선,모란,2827,토요일,10:00,2.9
2020,8,하선,모란,2827,토요일,10:00,0.0
2020,8,상선,암사,2811,일요일,10:00,0.0
2020,8,하선,암사,2811,일요일,10:00,7.8
2020,8,상선,천호,2812,일요일,10:00,3.5
2020,8,하선,천호,2812,일요일,10:00,18.8
2020,8,상선,강동구청,2813,일요일,10:00,13.5
2020,8,하선,강동구청,2813,일요일,10:00,20.4
2020,8,상선,몽촌토성,2814,일요일,10:00,14.3
2020,8,하선,몽촌토성,2814,일요일,10:00,20.9
2020,8,상선,잠실,2815,일요일,10:00,16.1
2020,8,하선,잠실,2815,일요일,10:00,17.8
2020,8,상선,석촌,2816,일요일,10:00,26.1
2020,8,하선,석촌,2816,일요일,10:00,18.6
2020,8,상선,송파,2817,일요일,10:00,28.5
2020,8,하선,송파,2817,일요일,10:00,18.7
2020,8,상선,가락시장,2818,일요일,10:00,27.4
2021,8,상선,암사,2811,평일,10:00,0.0
2021,8,하선,암사,2811,평일,10:00,14.8
2021,8,상선,천호,2812,평일,10:00,5.8
2021,8,하선,천호,2812,평일,10:00,38.1
2021,8,상선,강동구청,2813,평일,10:00,18.7
2021,8,하선,강동구청,2813,평일,10:00,45.8
2021,8,상선,몽촌토성,2814,평일,10:00,21.2
2021,8,하선,몽촌토성,2814,평일,10:00,46.7
2021,8,상선,잠실,2815,평일,10:00,22.8
2021,8,하선,잠실,2815,평일,10:00,40.9
2021,8,상선,석촌,2816,평일,10:00,43.1
2021,8,하선,석촌,2816,평일,10:00,42.5
2021,8,상선,송파,2817,평일,10:00,46.4
2021,8,하선,송파,2817,평일,10:00,42.4
2021,8,상선,가락시장,2818,평일,10:00,43.2
2021,8,하선,가락시장,2818,평일,10:00,36.0
2021,8,상선,문정,2819,평일,10:00,41.7
2021,8,하선,문정,2819,평일,10:00,24.6
2021,8,상선,장지,2820,평일,10:00,40.0
2021,8,하선,장지,2820,평일,10:00,21.6
2021,8,상선,복정,2821,평일,10:00,33.5
2021,8,하선,복정,2821,평일,10:00,11.1
2021,8,상선,산성,2822,평일,10:00,20.4
2021,8,하선,산성,2822,평일,10:00,9.9
2021,8,상선,남한산성입구,2823,평일,10:00,18.0
2021,8,하선,남한산성입구,2823,평일,10:00,8.4
2021,8,상선,단대오거리,2824,평일,10:00,12.3
2021,8,하선,단대오거리,2824,평일,10:00,8.0
2021,8,상선,신흥,2825,평일,10:00,7.8
2021,8,하선,신흥,2825,평일,10:00,7.4
2021,8,상선,수진,2826,평일,10:00,6.4
2021,8,하선,수진,2826,평일,10:00,7.7
2021,8,상선,모란,2827,평일,10:00,5.2
2021,8,하선,모란,2827,평일,10:00,0.0
2021,8,상선,암사,2811,토요일,10:00,0.0
2021,8,하선,암사,2811,토요일,10:00,14.9
2021,8,상선,천호,2812,토요일,10:00,4.1
2021,8,하선,천호,2812,토요일,10:00,30.4
2021,8,상선,강동구청,2813,토요일,10:00,17.7
2021,8,하선,강동구청,2813,토요일,10:00,33.2
2021,8,상선,몽촌토성,2814,토요일,10:00,17.3
2021,8,하선,몽촌토성,2814,토요일,10:00,34.1
2021,8,상선,잠실,2815,토요일,10:00,18.5
2021,8,하선,잠실,2815,토요일,10:00,29.8
2021,8,상선,석촌,2816,토요일,10:00,40.5
2021,8,하선,석촌,2816,토요일,10:00,30.6
2021,8,상선,송파,2817,토요일,10:00,42.8
2021,8,하선,송파,2817,토요일,10:00,31.4
2021,8,상선,가락시장,2818,토요일,10:00,40.9
2021,8,하선,가락시장,2818,토요일,10:00,27.1
2021,8,상선,문정,2819,토요일,10:00,39.3
2021,8,하선,문정,2819,토요일,10:00,21.4
2021,8,상선,장지,2820,토요일,10:00,37.3
2021,8,하선,장지,2820,토요일,10:00,18.5
2021,8,상선,복정,2821,토요일,10:00,31.7
2021,8,하선,복정,2821,토요일,10:00,9.5
2021,8,상선,산성,2822,토요일,10:00,19.8
2021,8,하선,산성,2822,토요일,10:00,7.9
2021,8,상선,남한산성입구,2823,토요일,10:00,17.1
2021,8,하선,남한산성입구,2823,토요일,10:00,6.2
2021,8,상선,단대오거리,2824,토요일,10:00,10.3
2021,8,하선,단대오거리,2824,토요일,10:00,6.5
2021,8,상선,신흥,2825,토요일,10:00,6.2
2021,8,하선,신흥,2825,토요일,10:00,6.4
2021,8,상선,수진,2826,토요일,10:00,4.9
2021,8,하선,수진,2826,토요일,10:00,6.6
2021,8,상선,모란,2827,토요일,10:00,3.8
2021,8,하선,모란,2827,토요일,10:00,0.0
2022,8,상선,암사,2811,평일,10:00,0.0
2022,8,하선,암사,2811,평일,10:00,16.7
2022,8,상선,천호,2812,평일,10:00,5.8
2022,8,하선,천호,2812,평일,10:00,48.1
2022,8,상선,강동구청,2813,평일,10:00,20.3
2022,8,하선,강동구청,2813,평일,10:00,49.6
2022,8,상선,몽촌토성,2814,평일,10:00,20.8
2022,8,하선,몽촌토성,2814,평일,10:00,50.8
2022,8,상선,잠실,2815,평일,10:00,22.3
2022,8,하선,잠실,2815,평일,10:00,45.2
2022,8,상선,석촌,2816,평일,10:00,48.9
2022,8,하선,석촌,2816,평일,10:00,47.5
2022,8,상선,송파,2817,평일,10:00,55.9
2022,8,하선,송파,2817,평일,10:00,48.5
2022,8,상선,가락시장,2818,평일,10:00,52.2
2022,8,하선,가락시장,2818,평일,10:00,43.7
2022,8,상선,문정,2819,평일,10:00,50.4
2022,8,하선,문정,2819,평일,10:00,31.2
2022,8,상선,장지,2820,평일,10:00,48.2
2022,8,하선,장지,2820,평일,10:00,26.4
2022,8,상선,복정,2821,평일,10:00,39.8
2022,8,하선,복정,2821,평일,10:00,14.4
2022,8,상선,산성,2822,평일,10:00,24.3
2022,8,하선,산성,2822,평일,10:00,12.5
2022,8,상선,남한산성입구,2823,평일,10:00,19.9
2022,8,하선,남한산성입구,2823,평일,10:00,9.1
2022,8,상선,단대오거리,2824,평일,10:00,14.0
2022,8,하선,단대오거리,2824,평일,10:00,8.4
2022,8,상선,신흥,2825,평일,10:00,9.7
2022,8,하선,신흥,2825,평일,10:00,8.0
2022,8,상선,수진,2826,평일,10:00,8.3
2022,8,하선,수진,2826,평일,10:00,8.4
2022,8,상선,모란,2827,평일,10:00,6.3
2022,8,하선,모란,2827,평일,10:00,0.0
2022,8,상선,암사,2811,토요일,10:00,0.0
2022,8,하선,암사,2811,토요일,10:00,16.3
2022,8,상선,천호,2812,토요일,10:00,5.7
2022,8,하선,천호,2812,토요일,10:00,38.1
2022,8,상선,강동구청,2813,토요일,10:00,22.9
2022,8,하선,강동구청,2813,토요일,10:00,43.8
2022,8,상선,몽촌토성,2814,토요일,10:00,23.1
2022,8,하선,몽촌토성,2814,토요일,10:00,44.5
2022,8,상선,잠실,2815,토요일,10:00,26.5
2022,8,하선,잠실,2815,토요일,10:00,38.2
2022,8,상선,석촌,2816,토요일,10:00,48.4
2022,8,하선,석촌,2816,토요일,10:00,41.7
2022,8,상선,송파,2817,토요일,10:00,54.1
2022,8,하선,송파,2817,토요일,10:00,40.9
2022,8,상선,가락시장,2818,토요일,10:00,51.1
2022,8,하선,가락시장,2818,토요일,10:00,35.8
2022,8,상선,문정,2819,토요일,10:00,48.8
2022,8,하선,문정,2819,토요일,10:00,29.2
2022,8,상선,장지,2820,토요일,10:00,45.5
2022,8,하선,장지,2820,토요일,10:00,21.6
2022,8,상선,복정,2821,토요일,10:00,40.6
2022,8,하선,복정,2821,토요일,10:00,12.1
2022,8,상선,산성,2822,토요일,10:00,24.7
2022,8,하선,산성,2822,토요일,10:00,8.0
2022,8,상선,남한산성입구,2823,토요일,10:00,21.5
2022,8,하선,남한산성입구,2823,토요일,10:00,8.9
2022,8,상선,단대오거리,2824,토요일,10:00,14.7
2022,8,하선,단대오거리,2824,토요일,10:00,8.7
2022,8,상선,신흥,2825,토요일,10:00,9.8
2022,8,하선,신흥,2825,토요일,10:00,8.1
2022,8,상선,암사,2811,공휴일,10:00,0.0
2022,8,하선,암사,2811,공휴일,10:00,12.5
2022,8,상선,천호,2812,공휴일,10:00,3.1
2022,8,하선,천호,2812,공휴일,10:00,31.4
2022,8,상선,강동구청,2813,공휴일,10:00,16.9
2022,8,하선,강동구청,2813,공휴일,10:00,32.2
2022,8,상선,몽촌토성,2814,공휴일,10:00,17.3
2022,8,하선,몽촌토성,2814,공휴일,10:00,33.4
2022,8,상선,잠실,2815,공휴일,10:00,22.4
2022,8,하선,잠실,2815,공휴일,10:00,28.6
2022,8,상선,석촌,2816,공휴일,10:00,37.6
2022,8,하선,석촌,2816,공휴일,10:00,31.2
2022,8,상선,송파,2817,공휴일,10:00,43.8
2022,8,하선,송파,2817,공휴일,10:00,29.9
2022,8,상선,가락시장,2818,공휴일,10:00,41.3
2022,8,하선,가락시장,2818,공휴일,10:00,25.2
2022,8,상선,문정,2819,공휴일,10:00,39.3
2022,8,하선,문정,2819,공휴일,10:00,23.8
2022,8,상선,장지,2820,공휴일,10:00,37.4
2022,8,하선,장지,2820,공휴일,10:00,18.8
2022,8,상선,복정,2821,공휴일,10:00,32.2
2022,8,하선,복정,2821,공휴일,10:00,11.1
2022,8,상선,산성,2822,공휴일,10:00,20.1
2022,8,하선,산성,2822,공휴일,10:00,8.2
2022,8,상선,남한산성입구,2823,공휴일,10:00,18.5
2022,8,하선,남한산성입구,2823,공휴일,10:00,6.1
2022,8,상선,단대오거리,2824,공휴일,10:00,12.2
2022,8,하선,단대오거리,2824,공휴일,10:00,7.3
2022,8,상선,신흥,2825,공휴일,10:00,7.2
2022,8,하선,신흥,2825,공휴일,10:00,7.0
2022,8,상선,수진,2826,공휴일,10:00,5.5
2022,8,하선,수진,2826,공휴일,10:00,7.3
2022,8,상선,모란,2827,공휴일,10:00,4.0
2022,8,하선,모란,2827,공휴일,10:00,0.0
2023,8,상선,암사,2811,평일,10:00,0.0
2023,8,하선,암사,2811,평일,10:00,17.2
2023,8,상선,천호,2812,평일,10:00,5.5
2023,8,하선,천호,2812,평일,10:00,53.5
2023,8,상선,강동구청,2813,평일,10:00,21.1
2023,8,하선,강동구청,2813,평일,10:00,52.8
2023,8,상선,몽촌토성,2814,평일,10:00,21.5
2023,8,하선,몽촌토성,2814,평일,10:00,54.1
2023,8,상선,잠실,2815,평일,10:00,23.1
2023,8,하선,잠실,2815,평일,10:00,47.5
2023,8,상선,석촌,2816,평일,10:00,51.6
2023,8,하선,석촌,2816,평일,10:00,50.4
2023,8,상선,송파,2817,평일,10:00,60.0
2023,8,하선,송파,2817,평일,10:00,51.3
2023,8,상선,가락시장,2818,평일,10:00,57.8
2023,8,하선,가락시장,2818,평일,10:00,46.5
2023,8,상선,문정,2819,평일,10:00,55.1
2023,8,하선,문정,2819,평일,10:00,33.8
2023,8,상선,장지,2820,평일,10:00,51.6
2023,8,하선,장지,2820,평일,10:00,28.9
2023,8,상선,복정,2821,평일,10:00,44.1
2023,8,하선,복정,2821,평일,10:00,16.5
2023,8,상선,산성,2822,평일,10:00,24.4
2023,8,하선,산성,2822,평일,10:00,13.2
2023,8,상선,남한산성입구,2823,평일,10:00,20.2
2023,8,하선,남한산성입구,2823,평일,10:00,8.9
2023,8,상선,단대오거리,2824,평일,10:00,14.9
2023,8,하선,단대오거리,2824,평일,10:00,8.9
2023,8,상선,신흥,2825,평일,10:00,9.8
2023,8,하선,신흥,2825,평일,10:00,8.8
2023,8,상선,수진,2826,평일,10:00,7.5
2023,8,하선,수진,2826,평일,10:00,9.3
2023,8,상선,모란,2827,평일,10:00,6.1
2023,8,하선,모란,2827,평일,10:00,0.0
2023,8,상선,암사,2811,토요일,10:00,0.0
2023,8,하선,암사,2811,토요일,10:00,16.2
2023,8,상선,천호,2812,토요일,10:00,5.6
2023,8,하선,천호,2812,토요일,10:00,40.1
2023,8,상선,강동구청,2813,토요일,10:00,23.4
2023,8,하선,강동구청,2813,토요일,10:00,44.4
2023,8,상선,몽촌토성,2814,토요일,10:00,23.8
2023,8,하선,몽촌토성,2814,토요일,10:00,42.2
2023,8,상선,잠실,2815,토요일,10:00,25.9
2023,8,하선,잠실,2815,토요일,10:00,37.6
2023,8,상선,석촌,2816,토요일,10:00,54.5
2023,8,하선,석촌,2816,토요일,10:00,40.7
2023,8,상선,송파,2817,토요일,10:00,60.4
2023,8,하선,송파,2817,토요일,10:00,40.9
2023,8,상선,가락시장,2818,토요일,10:00,57.6
2023,8,하선,가락시장,2818,토요일,10:00,36.6
2023,8,상선,문정,2819,토요일,10:00,53.6
2023,8,하선,문정,2819,토요일,10:00,26.2
2023,8,상선,장지,2820,토요일,10:00,51.3
2023,8,하선,장지,2820,토요일,10:00,22.2
2023,8,상선,복정,2821,토요일,10:00,43.8
2023,8,하선,복정,2821,토요일,10:00,13.2
2023,8,상선,산성,2822,토요일,10:00,27.6
2023,8,하선,산성,2822,토요일,10:00,8.1
2023,8,상선,남한산성입구,2823,토요일,10:00,23.0
2023,8,하선,남한산성입구,2823,토요일,10:00,9.6
2023,8,상선,단대오거리,2824,토요일,10:00,15.5
2023,8,하선,단대오거리,2824,토요일,10:00,10.9
2023,8,상선,신흥,2825,토요일,10:00,8.9
2023,8,하선,신흥,2825,토요일,10:00,10.1
2023,8,상선,수진,2826,토요일,10:00,5.8
2023,8,하선,수진,2826,토요일,10:00,10.2
2023,8,상선,모란,2827,토요일,10:00,5.0
2023,8,하선,모란,2827,토요일,10:00,0.0
2023,8,상선,암사,2811,일요일,10:00,0.0
2023,8,하선,암사,2811,일요일,10:00,14.1
2023,8,상선,천호,2812,일요일,10:00,6.0
2023,8,하선,천호,2812,일요일,10:00,30.2
2023,8,상선,강동구청,2813,일요일,10:00,22.8
2023,8,하선,강동구청,2813,일요일,10:00,34.4
2023,8,상선,몽촌토성,2814,일요일,10:00,22.2
2023,8,하선,몽촌토성,2814,일요일,10:00,35.7
2023,8,상선,잠실,2815,일요일,10:00,23.5
2023,8,하선,잠실,2815,일요일,10:00,31.2
2023,8,상선,석촌,2816,일요일,10:00,42.1
2023,8,하선,석촌,2816,일요일,10:00,32.7
2023,8,상선,송파,2817,일요일,10:00,46.0
2023,8,하선,송파,2817,일요일,10:00,33.0
2023,8,상선,가락시장,2818,일요일,10:00,42.4
2023,8,하선,가락시장,2818,일요일,10:00,28.9
2023,8,상선,문정,2819,일요일,10:00,43.8
2023,8,하선,문정,2819,일요일,10:00,23.6
2023,8,상선,장지,2820,일요일,10:00,43.1
2023,8,하선,장지,2820,일요일,10:00,18.4
2023,8,상선,복정,2821,일요일,10:00,37.3
2023,8,하선,복정,2821,일요일,10:00,9.9
2023,8,상선,산성,2822,일요일,10:00,23.1
2023,8,하선,산성,2822,일요일,10:00,7.5
2023,8,상선,남한산성입구,2823,일요일,10:00,19.7
2023,8,하선,남한산성입구,2823,일요일,10:00,8.0
2023,8,상선,단대오거리,2824,일요일,10:00,12.9
2023,8,하선,단대오거리,2824,일요일,10:00,8.0
2023,8,상선,신흥,2825,일요일,10:00,7.5
2023,8,하선,신흥,2825,일요일,10:00,7.5
2023,8,상선,수진,2826,일요일,10:00,5.0
2023,8,하선,수진,2826,일요일,10:00,7.8
2023,8,상선,모란,2827,일요일,10:00,3.6
202403,8,상선,암사,2811,평일,10:00,0.0
202403,8,하선,암사,2811,평일,10:00,18.2
202403,8,상선,천호,2812,평일,10:00,5.9
202403,8,하선,천호,2812,평일,10:00,53.9
202403,8,상선,강동구청,2813,평일,10:00,21.4
202403,8,하선,강동구청,2813,평일,10:00,53.7
202403,8,상선,몽촌토성,2814,평일,10:00,21.3
202403,8,하선,몽촌토성,2814,평일,10:00,55.2
202403,8,상선,잠실,2815,평일,10:00,23.0
202403,8,하선,잠실,2815,평일,10:00,48.2
202403,8,상선,석촌,2816,평일,10:00,51.8
202403,8,하선,석촌,2816,평일,10:00,50.1
202403,8,상선,송파,2817,평일,10:00,58.7
202403,8,하선,송파,2817,평일,10:00,51.3
202403,8,상선,가락시장,2818,평일,10:00,56.5
202403,8,하선,가락시장,2818,평일,10:00,46.3
202403,8,상선,문정,2819,평일,10:00,54.2
202403,8,하선,문정,2819,평일,10:00,33.8
202403,8,상선,장지,2820,평일,10:00,51.1
202403,8,하선,장지,2820,평일,10:00,28.9
202403,8,상선,복정,2821,평일,10:00,43.7
202403,8,하선,복정,2821,평일,10:00,16.1
202403,8,상선,산성,2822,평일,10:00,25.6
202403,8,하선,산성,2822,평일,10:00,13.4
202403,8,상선,남한산성입구,2823,평일,10:00,20.9
202403,8,하선,남한산성입구,2823,평일,10:00,9.2
202403,8,상선,단대오거리,2824,평일,10:00,15.3
202403,8,하선,단대오거리,2824,평일,10:00,8.8
202403,8,상선,신흥,2825,평일,10:00,9.8
202403,8,하선,신흥,2825,평일,10:00,8.5
202403,8,상선,수진,2826,평일,10:00,8.0
202403,8,하선,수진,2826,평일,10:00,9.3
202403,8,상선,모란,2827,평일,10:00,6.4
202403,8,하선,모란,2827,평일,10:00,0.0
202403,8,상선,암사,2811,토요일,10:00,0.0
202403,8,하선,암사,2811,토요일,10:00,16.6
202403,8,상선,천호,2812,토요일,10:00,5.6
202403,8,하선,천호,2812,토요일,10:00,44.3
202403,8,상선,강동구청,2813,토요일,10:00,27.6
202403,8,하선,강동구청,2813,토요일,10:00,48.9
202403,8,상선,몽촌토성,2814,토요일,10:00,26.9
202403,8,하선,몽촌토성,2814,토요일,10:00,47.4
202403,8,상선,잠실,2815,토요일,10:00,30.3
202403,8,하선,잠실,2815,토요일,10:00,39.6
202403,8,상선,석촌,2816,토요일,10:00,59.3
202403,8,하선,석촌,2816,토요일,10:00,42.7
202403,8,상선,송파,2817,토요일,10:00,64.5
202403,8,하선,송파,2817,토요일,10:00,43.8
202403,8,상선,가락시장,2818,토요일,10:00,60.1
202403,8,하선,가락시장,2818,토요일,10:00,38.5
202403,8,상선,문정,2819,토요일,10:00,57.6
202403,8,하선,문정,2819,토요일,10:00,27.3
202403,8,상선,장지,2820,토요일,10:00,53.4
202403,8,하선,장지,2820,토요일,10:00,22.6
202403,8,상선,복정,2821,토요일,10:00,47.1
202403,8,하선,복정,2821,토요일,10:00,12.6
202403,8,상선,산성,2822,토요일,10:00,33.7
202403,8,하선,산성,2822,토요일,10:00,8.0
202403,8,상선,남한산성입구,2823,토요일,10:00,30.0
202403,8,하선,남한산성입구,2823,토요일,10:00,10.3
202403,8,상선,단대오거리,2824,토요일,10:00,21.2
202403,8,하선,단대오거리,2824,토요일,10:00,10.1
202403,8,상선,신흥,2825,토요일,10:00,10.8
202403,8,하선,신흥,2825,토요일,10:00,9.3
202403,8,상선,수진,2826,토요일,10:00,7.7
202403,8,하선,수진,2826,토요일,10:00,10.1
202403,8,상선,모란,2827,토요일,10:00,6.0
202403,8,하선,모란,2827,토요일,10:00,0.0
202403,8,상선,암사,2811,일요일,10:00,0.0
202403,8,하선,암사,2811,일요일,10:00,16.8
202403,8,상선,천호,2812,일요일,10:00,4.7
202403,8,하선,천호,2812,일요일,10:00,38.4
202403,8,상선,강동구청,2813,일요일,10:00,25.7
202403,8,하선,강동구청,2813,일요일,10:00,40.6
202403,8,상선,몽촌토성,2814,일요일,10:00,25.0
202403,8,하선,몽촌토성,2814,일요일,10:00,38.9
202403,8,상선,잠실,2815,일요일,10:00,27.5
202403,8,하선,잠실,2815,일요일,10:00,37.1
202403,8,상선,석촌,2816,일요일,10:00,49.2
202403,8,하선,석촌,2816,일요일,10:00,40.0
202403,8,상선,송파,2817,일요일,10:00,53.8
202403,8,하선,송파,2817,일요일,10:00,41.2
202403,8,상선,가락시장,2818,일요일,10:00,50.6
202403,8,하선,가락시장,2818,일요일,10:00,37.0
202403,8,상선,문정,2819,일요일,10:00,49.8
202403,8,하선,문정,2819,일요일,10:00,30.5
202403,8,상선,장지,2820,일요일,10:00,48.0
202403,8,하선,장지,2820,일요일,10:00,27.4
202403,8,상선,복정,2821,일요일,10:00,42.1
202403,8,하선,복정,2821,일요일,10:00,14.9
202403,8,상선,산성,2822,일요일,10:00,27.2
202403,8,하선,산성,2822,일요일,10:00,10.0
202403,8,상선,남한산성입구,2823,일요일,10:00,22.9
202403,8,하선,남한산성입구,2823,일요일,10:00,11.0
202403,8,상선,단대오거리,2824,일요일,10:00,17.0
202403,8,하선,단대오거리,2824,일요일,10:00,13.2
202403,8,상선,신흥,2825,일요일,10:00,9.9
202403,8,하선,신흥,2825,일요일,10:00,12.7
202403,8,상선,수진,2826,일요일,10:00,7.9
202403,8,하선,수진,2826,일요일,10:00,11.8
202403,8,상선,모란,2827,일요일,10:00,5.3
202406,8,상선,암사,2811,평일,10:00,0.0
202406,8,하선,암사,2811,평일,10:00,17.6
202406,8,상선,천호,2812,평일,10:00,6.0
202406,8,하선,천호,2812,평일,10:00,49.1
202406,8,상선,강동구청,2813,평일,10:00,22.1
202406,8,하선,강동구청,2813,평일,10:00,51.2
202406,8,상선,몽촌토성,2814,평일,10:00,21.4
202406,8,하선,몽촌토성,2814,평일,10:00,52.6
202406,8,상선,잠실,2815,평일,10:00,23.1
202406,8,하선,잠실,2815,평일,10:00,43.9
202406,8,상선,석촌,2816,평일,10:00,52.4
202406,8,하선,석촌,2816,평일,10:00,47.9
202406,8,상선,송파,2817,평일,10:00,59.3
202406,8,하선,송파,2817,평일,10:00,49.3
202406,8,상선,가락시장,2818,평일,10:00,58.1
202406,8,하선,가락시장,2818,평일,10:00,45.5
202406,8,상선,문정,2819,평일,10:00,54.2
202406,8,하선,문정,2819,평일,10:00,32.6
202406,8,상선,장지,2820,평일,10:00,51.6
202406,8,하선,장지,2820,평일,10:00,27.0
202406,8,상선,복정,2821,평일,10:00,43.7
202406,8,하선,복정,2821,평일,10:00,15.7
202406,8,상선,산성,2822,평일,10:00,25.7
202406,8,하선,산성,2822,평일,10:00,12.7
202406,8,상선,남한산성입구,2823,평일,10:00,21.0
202406,8,하선,남한산성입구,2823,평일,10:00,9.6
202406,8,상선,단대오거리,2824,평일,10:00,15.5
202406,8,하선,단대오거리,2824,평일,10:00,8.9
202406,8,상선,신흥,2825,평일,10:00,10.1
202406,8,하선,신흥,2825,평일,10:00,8.5
202406,8,상선,수진,2826,평일,10:00,7.9
202406,8,하선,수진,2826,평일,10:00,9.0
202406,8,상선,모란,2827,평일,10:00,6.1
202406,8,하선,모란,2827,평일,10:00,0.0
202406,8,상선,암사,2811,토요일,10:00,0.0
202406,8,하선,암사,2811,토요일,10:00,18.8
202406,8,상선,천호,2812,토요일,10:00,7.5
202406,8,하선,천호,2812,토요일,10:00,43.5
202406,8,상선,강동구청,2813,토요일,10:00,23.0
202406,8,하선,강동구청,2813,토요일,10:00,47.7
202406,8,상선,몽촌토성,2814,토요일,10:00,21.3
202406,8,하선,몽촌토성,2814,토요일,10:00,44.5
202406,8,상선,잠실,2815,토요일,10:00,24.2
202406,8,하선,잠실,2815,토요일,10:00,35.5
202406,8,상선,석촌,2816,토요일,10:00,52.8
202406,8,하선,석촌,2816,토요일,10:00,37.1
202406,8,상선,송파,2817,토요일,10:00,58.4
202406,8,하선,송파,2817,토요일,10:00,39.3
202406,8,상선,가락시장,2818,토요일,10:00,53.7
202406,8,하선,가락시장,2818,토요일,10:00,35.9
202406,8,상선,문정,2819,토요일,10:00,54.2
202406,8,하선,문정,2819,토요일,10:00,27.8
202406,8,상선,장지,2820,토요일,10:00,53.2
202406,8,하선,장지,2820,토요일,10:00,22.0
202406,8,상선,복정,2821,토요일,10:00,47.0
202406,8,하선,복정,2821,토요일,10:00,14.0
202406,8,상선,산성,2822,토요일,10:00,27.9
202406,8,하선,산성,2822,토요일,10:00,9.1
202406,8,상선,남한산성입구,2823,토요일,10:00,24.1
202406,8,하선,남한산성입구,2823,토요일,10:00,10.3
202406,8,상선,단대오거리,2824,토요일,10:00,17.8
202406,8,하선,단대오거리,2824,토요일,10:00,10.1
202406,8,상선,신흥,2825,토요일,10:00,10.7
202406,8,하선,신흥,2825,토요일,10:00,8.9
202406,8,상선,수진,2826,토요일,10:00,7.8
202406,8,하선,수진,2826,토요일,10:00,9.2
202406,8,상선,모란,2827,토요일,10:00,6.0
202406,8,하선,모란,2827,토요일,10:00,0.0
202406,8,상선,암사,2811,일요일,10:00,0.0
202406,8,하선,암사,2811,일요일,10:00,15.0
202406,8,상선,천호,2812,일요일,10:00,4.7
202406,8,하선,천호,2812,일요일,10:00,34.7
202406,8,상선,강동구청,2813,일요일,10:00,23.5
202406,8,하선,강동구청,2813,일요일,10:00,38.4
202406,8,상선,몽촌토성,2814,일요일,10:00,23.1
202406,8,하선,몽촌토성,2814,일요일,10:00,44.4
202406,8,상선,잠실,2815,일요일,10:00,23.2
202406,8,하선,잠실,2815,일요일,10:00,35.7
202406,8,상선,석촌,2816,일요일,10:00,40.7
202406,8,하선,석촌,2816,일요일,10:00,36.5
202406,8,상선,송파,2817,일요일,10:00,45.3
202406,8,하선,송파,2817,일요일,10:00,37.5
202406,8,상선,가락시장,2818,일요일,10:00,42.7
202406,8,하선,가락시장,2818,일요일,10:00,31.8
202406,8,상선,문정,2819,일요일,10:00,43.3
202406,8,하선,문정,2819,일요일,10:00,26.5
202406,8,상선,장지,2820,일요일,10:00,42.4
202406,8,하선,장지,2820,일요일,10:00,20.7
202406,8,상선,복정,2821,일요일,10:00,37.2
202406,8,하선,복정,2821,일요일,10:00,11.9
202406,8,상선,산성,2822,일요일,10:00,25.9
202406,8,하선,산성,2822,일요일,10:00,8.8
202406,8,상선,남한산성입구,2823,일요일,10:00,22.3
202406,8,하선,남한산성입구,2823,일요일,10:00,9.3
202406,8,상선,단대오거리,2824,일요일,10:00,15.5
202406,8,하선,단대오거리,2824,일요일,10:00,10.1
202406,8,상선,신흥,2825,일요일,10:00,8.4
202406,8,하선,신흥,2825,일요일,10:00,9.5
202406,8,상선,수진,2826,일요일,10:00,6.1
202406,8,하선,수진,2826,일요일,10:00,7.3
202406,8,상선,모란,2827,일요일,10:00,4.5
2020,8,상선,암사,2811,평일,10:30,0.0
2020,8,하선,암사,2811,평일,10:30,10.8
2020,8,상선,천호,2812,평일,10:30,5.6
2020,8,하선,천호,2812,평일,10:30,25.3
2020,8,상선,강동구청,2813,평일,10:30,18.4
2020,8,하선,강동구청,2813,평일,10:30,27.5
2020,8,상선,몽촌토성,2814,평일,10:30,19.1
2020,8,하선,몽촌토성,2814,평일,10:30,27.8
2020,8,상선,잠실,2815,평일,10:30,20.3
2020,8,하선,잠실,2815,평일,10:30,32.4
2020,8,상선,석촌,2816,평일,10:30,36.5
2020,8,하선,석촌,2816,평일,10:30,35.5
2020,8,상선,송파,2817,평일,10:30,39.1
2020,8,하선,송파,2817,평일,10:30,35.1
2020,8,상선,가락시장,2818,평일,10:30,37.5
2020,8,하선,가락시장,2818,평일,10:30,31.4
2020,8,상선,문정,2819,평일,10:30,35.4
2020,8,하선,문정,2819,평일,10:30,22.5
2020,8,상선,장지,2820,평일,10:30,29.6
2020,8,하선,장지,2820,평일,10:30,18.3
2020,8,상선,복정,2821,평일,10:30,25.7
2020,8,하선,복정,2821,평일,10:30,10.1
2020,8,상선,산성,2822,평일,10:30,15.3
2020,8,하선,산성,2822,평일,10:30,9.1
2020,8,상선,남한산성입구,2823,평일,10:30,12.6
2020,8,하선,남한산성입구,2823,평일,10:30,8.0
2020,8,상선,단대오거리,2824,평일,10:30,9.3
2020,8,하선,단대오거리,2824,평일,10:30,7.0
2020,8,상선,신흥,2825,평일,10:30,6.5
2020,8,하선,신흥,2825,평일,10:30,6.8
2020,8,상선,수진,2826,평일,10:30,5.8
2020,8,하선,수진,2826,평일,10:30,6.2
2020,8,상선,모란,2827,평일,10:30,5.0
2020,8,하선,모란,2827,평일,10:30,0.0
2020,8,상선,암사,2811,토요일,10:30,0.0
2020,8,하선,암사,2811,토요일,10:30,10.4
2020,8,상선,천호,2812,토요일,10:30,4.9
2020,8,하선,천호,2812,토요일,10:30,27.0
2020,8,상선,강동구청,2813,토요일,10:30,18.6
2020,8,하선,강동구청,2813,토요일,10:30,28.4
2020,8,상선,몽촌토성,2814,토요일,10:30,18.5
2020,8,하선,몽촌토성,2814,토요일,10:30,28.8
2020,8,상선,잠실,2815,토요일,10:30,19.4
2020,8,하선,잠실,2815,토요일,10:30,28.2
2020,8,상선,석촌,2816,토요일,10:30,29.5
2020,8,하선,석촌,2816,토요일,10:30,29.5
2020,8,상선,송파,2817,토요일,10:30,34.5
2020,8,하선,송파,2817,토요일,10:30,29.7
2020,8,상선,가락시장,2818,토요일,10:30,33.5
2020,8,하선,가락시장,2818,토요일,10:30,28.8
2020,8,상선,문정,2819,토요일,10:30,32.3
2020,8,하선,문정,2819,토요일,10:30,20.6
2020,8,상선,장지,2820,토요일,10:30,29.1
2020,8,하선,장지,2820,토요일,10:30,17.0
2020,8,상선,복정,2821,토요일,10:30,26.2
2020,8,하선,복정,2821,토요일,10:30,8.5
2020,8,상선,산성,2822,토요일,10:30,15.9
2020,8,하선,산성,2822,토요일,10:30,7.7
2020,8,상선,남한산성입구,2823,토요일,10:30,13.6
2020,8,하선,남한산성입구,2823,토요일,10:30,7.3
2020,8,상선,단대오거리,2824,토요일,10:30,11.0
2020,8,하선,단대오거리,2824,토요일,10:30,6.0
2020,8,상선,신흥,2825,토요일,10:30,6.8
2020,8,하선,신흥,2825,토요일,10:30,5.0
2020,8,상선,수진,2826,토요일,10:30,5.3
2020,8,하선,수진,2826,토요일,10:30,4.7
2020,8,상선,모란,2827,토요일,10:30,4.2
2020,8,하선,모란,2827,토요일,10:30,0.0
2020,8,상선,암사,2811,일요일,10:30,0.0
2020,8,하선,암사,2811,일요일,10:30,7.2
2020,8,상선,천호,2812,일요일,10:30,3.5
2020,8,하선,천호,2812,일요일,10:30,18.3
2020,8,상선,강동구청,2813,일요일,10:30,10.1
2020,8,하선,강동구청,2813,일요일,10:30,19.5
2020,8,상선,몽촌토성,2814,일요일,10:30,10.7
2020,8,하선,몽촌토성,2814,일요일,10:30,19.3
2020,8,상선,잠실,2815,일요일,10:30,11.6
2020,8,하선,잠실,2815,일요일,10:30,20.2
2020,8,상선,석촌,2816,일요일,10:30,17.4
2020,8,하선,석촌,2816,일요일,10:30,21.3
2020,8,상선,송파,2817,일요일,10:30,22.9
2020,8,하선,송파,2817,일요일,10:30,21.9
2020,8,상선,가락시장,2818,일요일,10:30,21.4
2021,8,상선,암사,2811,평일,10:30,0.0
2021,8,하선,암사,2811,평일,10:30,12.5
2021,8,상선,천호,2812,평일,10:30,6.8
2021,8,하선,천호,2812,평일,10:30,31.7
2021,8,상선,강동구청,2813,평일,10:30,18.3
2021,8,하선,강동구청,2813,평일,10:30,33.8
2021,8,상선,몽촌토성,2814,평일,10:30,19.3
2021,8,하선,몽촌토성,2814,평일,10:30,34.9
2021,8,상선,잠실,2815,평일,10:30,20.8
2021,8,하선,잠실,2815,평일,10:30,36.2
2021,8,상선,석촌,2816,평일,10:30,38.0
2021,8,하선,석촌,2816,평일,10:30,39.4
2021,8,상선,송파,2817,평일,10:30,43.1
2021,8,하선,송파,2817,평일,10:30,39.0
2021,8,상선,가락시장,2818,평일,10:30,40.6
2021,8,하선,가락시장,2818,평일,10:30,35.5
2021,8,상선,문정,2819,평일,10:30,37.7
2021,8,하선,문정,2819,평일,10:30,25.9
2021,8,상선,장지,2820,평일,10:30,32.5
2021,8,하선,장지,2820,평일,10:30,19.5
2021,8,상선,복정,2821,평일,10:30,27.9
2021,8,하선,복정,2821,평일,10:30,10.0
2021,8,상선,산성,2822,평일,10:30,14.5
2021,8,하선,산성,2822,평일,10:30,9.0
2021,8,상선,남한산성입구,2823,평일,10:30,12.3
2021,8,하선,남한산성입구,2823,평일,10:30,8.8
2021,8,상선,단대오거리,2824,평일,10:30,8.6
2021,8,하선,단대오거리,2824,평일,10:30,8.2
2021,8,상선,신흥,2825,평일,10:30,6.3
2021,8,하선,신흥,2825,평일,10:30,7.2
2021,8,상선,수진,2826,평일,10:30,5.7
2021,8,하선,수진,2826,평일,10:30,7.1
2021,8,상선,모란,2827,평일,10:30,5.1
2021,8,하선,모란,2827,평일,10:30,0.0
2021,8,상선,암사,2811,토요일,10:30,0.0
2021,8,하선,암사,2811,토요일,10:30,12.2
2021,8,상선,천호,2812,토요일,10:30,5.8
2021,8,하선,천호,2812,토요일,10:30,31.8
2021,8,상선,강동구청,2813,토요일,10:30,24.7
2021,8,하선,강동구청,2813,토요일,10:30,34.4
2021,8,상선,몽촌토성,2814,토요일,10:30,24.6
2021,8,하선,몽촌토성,2814,토요일,10:30,37.6
2021,8,상선,잠실,2815,토요일,10:30,26.0
2021,8,하선,잠실,2815,토요일,10:30,28.4
2021,8,상선,석촌,2816,토요일,10:30,44.0
2021,8,하선,석촌,2816,토요일,10:30,29.8
2021,8,상선,송파,2817,토요일,10:30,43.7
2021,8,하선,송파,2817,토요일,10:30,29.4
2021,8,상선,가락시장,2818,토요일,10:30,41.7
2021,8,하선,가락시장,2818,토요일,10:30,24.8
2021,8,상선,문정,2819,토요일,10:30,38.0
2021,8,하선,문정,2819,토요일,10:30,21.6
2021,8,상선,장지,2820,토요일,10:30,34.9
2021,8,하선,장지,2820,토요일,10:30,18.3
2021,8,상선,복정,2821,토요일,10:30,30.7
2021,8,하선,복정,2821,토요일,10:30,8.2
2021,8,상선,산성,2822,토요일,10:30,19.6
2021,8,하선,산성,2822,토요일,10:30,7.3
2021,8,상선,남한산성입구,2823,토요일,10:30,17.0
2021,8,하선,남한산성입구,2823,토요일,10:30,8.3
2021,8,상선,단대오거리,2824,토요일,10:30,13.2
2021,8,하선,단대오거리,2824,토요일,10:30,7.3
2021,8,상선,신흥,2825,토요일,10:30,7.9
2021,8,하선,신흥,2825,토요일,10:30,6.8
2021,8,상선,수진,2826,토요일,10:30,6.5
2021,8,하선,수진,2826,토요일,10:30,6.2
2021,8,상선,모란,2827,토요일,10:30,5.8
2021,8,하선,모란,2827,토요일,10:30,0.0
2022,8,상선,암사,2811,평일,10:30,0.0
2022,8,하선,암사,2811,평일,10:30,12.9
2022,8,상선,천호,2812,평일,10:30,6.1
2022,8,하선,천호,2812,평일,10:30,32.9
2022,8,상선,강동구청,2813,평일,10:30,19.8
2022,8,하선,강동구청,2813,평일,10:30,35.8
2022,8,상선,몽촌토성,2814,평일,10:30,21.0
2022,8,하선,몽촌토성,2814,평일,10:30,39.2
2022,8,상선,잠실,2815,평일,10:30,22.8
2022,8,하선,잠실,2815,평일,10:30,36.2
2022,8,상선,석촌,2816,평일,10:30,45.2
2022,8,하선,석촌,2816,평일,10:30,40.1
2022,8,상선,송파,2817,평일,10:30,51.2
2022,8,하선,송파,2817,평일,10:30,40.1
2022,8,상선,가락시장,2818,평일,10:30,46.7
2022,8,하선,가락시장,2818,평일,10:30,36.3
2022,8,상선,문정,2819,평일,10:30,44.8
2022,8,하선,문정,2819,평일,10:30,26.5
2022,8,상선,장지,2820,평일,10:30,40.5
2022,8,하선,장지,2820,평일,10:30,22.1
2022,8,상선,복정,2821,평일,10:30,33.5
2022,8,하선,복정,2821,평일,10:30,13.7
2022,8,상선,산성,2822,평일,10:30,18.6
2022,8,하선,산성,2822,평일,10:30,12.6
2022,8,상선,남한산성입구,2823,평일,10:30,15.9
2022,8,하선,남한산성입구,2823,평일,10:30,9.7
2022,8,상선,단대오거리,2824,평일,10:30,11.6
2022,8,하선,단대오거리,2824,평일,10:30,8.8
2022,8,상선,신흥,2825,평일,10:30,8.1
2022,8,하선,신흥,2825,평일,10:30,8.3
2022,8,상선,수진,2826,평일,10:30,6.8
2022,8,하선,수진,2826,평일,10:30,8.2
2022,8,상선,모란,2827,평일,10:30,6.2
2022,8,하선,모란,2827,평일,10:30,0.0
2022,8,상선,암사,2811,토요일,10:30,0.0
2022,8,하선,암사,2811,토요일,10:30,16.3
2022,8,상선,천호,2812,토요일,10:30,6.3
2022,8,하선,천호,2812,토요일,10:30,37.6
2022,8,상선,강동구청,2813,토요일,10:30,21.7
2022,8,하선,강동구청,2813,토요일,10:30,41.2
2022,8,상선,몽촌토성,2814,토요일,10:30,22.1
2022,8,하선,몽촌토성,2814,토요일,10:30,41.2
2022,8,상선,잠실,2815,토요일,10:30,25.0
2022,8,하선,잠실,2815,토요일,10:30,35.7
2022,8,상선,석촌,2816,토요일,10:30,52.7
2022,8,하선,석촌,2816,토요일,10:30,35.9
2022,8,상선,송파,2817,토요일,10:30,60.9
2022,8,하선,송파,2817,토요일,10:30,35.4
2022,8,상선,가락시장,2818,토요일,10:30,56.4
2022,8,하선,가락시장,2818,토요일,10:30,31.4
2022,8,상선,문정,2819,토요일,10:30,52.6
2022,8,하선,문정,2819,토요일,10:30,25.9
2022,8,상선,장지,2820,토요일,10:30,49.9
2022,8,하선,장지,2820,토요일,10:30,21.3
2022,8,상선,복정,2821,토요일,10:30,41.6
2022,8,하선,복정,2821,토요일,10:30,13.1
2022,8,상선,산성,2822,토요일,10:30,25.4
2022,8,하선,산성,2822,토요일,10:30,9.8
2022,8,상선,남한산성입구,2823,토요일,10:30,23.7
2022,8,하선,남한산성입구,2823,토요일,10:30,10.0
2022,8,상선,단대오거리,2824,토요일,10:30,15.9
2022,8,하선,단대오거리,2824,토요일,10:30,9.3
2022,8,상선,신흥,2825,토요일,10:30,8.9
2022,8,하선,신흥,2825,토요일,10:30,8.8
2022,8,상선,암사,2811,공휴일,10:30,0.0
2022,8,하선,암사,2811,공휴일,10:30,11.1
2022,8,상선,천호,2812,공휴일,10:30,5.3
2022,8,하선,천호,2812,공휴일,10:30,26.6
2022,8,상선,강동구청,2813,공휴일,10:30,20.3
2022,8,하선,강동구청,2813,공휴일,10:30,31.8
2022,8,상선,몽촌토성,2814,공휴일,10:30,21.0
2022,8,하선,몽촌토성,2814,공휴일,10:30,32.7
2022,8,상선,잠실,2815,공휴일,10:30,22.5
2022,8,하선,잠실,2815,공휴일,10:30,30.2
2022,8,상선,석촌,2816,공휴일,10:30,42.0
2022,8,하선,석촌,2816,공휴일,10:30,31.2
2022,8,상선,송파,2817,공휴일,10:30,45.7
2022,8,하선,송파,2817,공휴일,10:30,32.9
2022,8,상선,가락시장,2818,공휴일,10:30,43.5
2022,8,하선,가락시장,2818,공휴일,10:30,29.7
2022,8,상선,문정,2819,공휴일,10:30,37.2
2022,8,하선,문정,2819,공휴일,10:30,19.8
2022,8,상선,장지,2820,공휴일,10:30,34.9
2022,8,하선,장지,2820,공휴일,10:30,17.1
2022,8,상선,복정,2821,공휴일,10:30,30.0
2022,8,하선,복정,2821,공휴일,10:30,7.5
2022,8,상선,산성,2822,공휴일,10:30,19.1
2022,8,하선,산성,2822,공휴일,10:30,3.7
2022,8,상선,남한산성입구,2823,공휴일,10:30,17.0
2022,8,하선,남한산성입구,2823,공휴일,10:30,7.2
2022,8,상선,단대오거리,2824,공휴일,10:30,11.3
2022,8,하선,단대오거리,2824,공휴일,10:30,6.8
2022,8,상선,신흥,2825,공휴일,10:30,5.9
2022,8,하선,신흥,2825,공휴일,10:30,6.6
2022,8,상선,수진,2826,공휴일,10:30,4.3
2022,8,하선,수진,2826,공휴일,10:30,6.6
2022,8,상선,모란,2827,공휴일,10:30,3.4
2022,8,하선,모란,2827,공휴일,10:30,0.0
2023,8,상선,암사,2811,평일,10:30,0.0
2023,8,하선,암사,2811,평일,10:30,13.8
2023,8,상선,천호,2812,평일,10:30,6.4
2023,8,하선,천호,2812,평일,10:30,36.1
2023,8,상선,강동구청,2813,평일,10:30,21.8
2023,8,하선,강동구청,2813,평일,10:30,38.8
2023,8,상선,몽촌토성,2814,평일,10:30,22.4
2023,8,하선,몽촌토성,2814,평일,10:30,42.5
2023,8,상선,잠실,2815,평일,10:30,24.0
2023,8,하선,잠실,2815,평일,10:30,38.2
2023,8,상선,석촌,2816,평일,10:30,48.8
2023,8,하선,석촌,2816,평일,10:30,42.6
2023,8,상선,송파,2817,평일,10:30,55.8
2023,8,하선,송파,2817,평일,10:30,42.9
2023,8,상선,가락시장,2818,평일,10:30,49.1
2023,8,하선,가락시장,2818,평일,10:30,38.6
2023,8,상선,문정,2819,평일,10:30,46.2
2023,8,하선,문정,2819,평일,10:30,29.0
2023,8,상선,장지,2820,평일,10:30,41.5
2023,8,하선,장지,2820,평일,10:30,24.2
2023,8,상선,복정,2821,평일,10:30,32.5
2023,8,하선,복정,2821,평일,10:30,13.2
2023,8,상선,산성,2822,평일,10:30,19.3
2023,8,하선,산성,2822,평일,10:30,11.2
2023,8,상선,남한산성입구,2823,평일,10:30,16.1
2023,8,하선,남한산성입구,2823,평일,10:30,9.0
2023,8,상선,단대오거리,2824,평일,10:30,11.5
2023,8,하선,단대오거리,2824,평일,10:30,8.4
2023,8,상선,신흥,2825,평일,10:30,7.7
2023,8,하선,신흥,2825,평일,10:30,7.8
2023,8,상선,수진,2826,평일,10:30,6.5
2023,8,하선,수진,2826,평일,10:30,8.3
2023,8,상선,모란,2827,평일,10:30,5.8
2023,8,하선,모란,2827,평일,10:30,0.0
2023,8,상선,암사,2811,토요일,10:30,0.0
2023,8,하선,암사,2811,토요일,10:30,18.1
2023,8,상선,천호,2812,토요일,10:30,7.1
2023,8,하선,천호,2812,토요일,10:30,43.4
2023,8,상선,강동구청,2813,토요일,10:30,24.6
2023,8,하선,강동구청,2813,토요일,10:30,46.4
2023,8,상선,몽촌토성,2814,토요일,10:30,26.0
2023,8,하선,몽촌토성,2814,토요일,10:30,49.8
2023,8,상선,잠실,2815,토요일,10:30,28.2
2023,8,하선,잠실,2815,토요일,10:30,39.9
2023,8,상선,석촌,2816,토요일,10:30,55.4
2023,8,하선,석촌,2816,토요일,10:30,42.1
2023,8,상선,송파,2817,토요일,10:30,66.1
2023,8,하선,송파,2817,토요일,10:30,40.6
2023,8,상선,가락시장,2818,토요일,10:30,61.3
2023,8,하선,가락시장,2818,토요일,10:30,36.8
2023,8,상선,문정,2819,토요일,10:30,57.8
2023,8,하선,문정,2819,토요일,10:30,28.5
2023,8,상선,장지,2820,토요일,10:30,53.3
2023,8,하선,장지,2820,토요일,10:30,23.6
2023,8,상선,복정,2821,토요일,10:30,46.6
2023,8,하선,복정,2821,토요일,10:30,14.1
2023,8,상선,산성,2822,토요일,10:30,28.2
2023,8,하선,산성,2822,토요일,10:30,10.2
2023,8,상선,남한산성입구,2823,토요일,10:30,24.4
2023,8,하선,남한산성입구,2823,토요일,10:30,10.7
2023,8,상선,단대오거리,2824,토요일,10:30,17.8
2023,8,하선,단대오거리,2824,토요일,10:30,10.4
2023,8,상선,신흥,2825,토요일,10:30,10.4
2023,8,하선,신흥,2825,토요일,10:30,10.2
2023,8,상선,수진,2826,토요일,10:30,7.8
2023,8,하선,수진,2826,토요일,10:30,10.4
2023,8,상선,모란,2827,토요일,10:30,6.3
2023,8,하선,모란,2827,토요일,10:30,0.0
2023,8,상선,암사,2811,일요일,10:30,0.0
2023,8,하선,암사,2811,일요일,10:30,13.4
2023,8,상선,천호,2812,일요일,10:30,5.1
2023,8,하선,천호,2812,일요일,10:30,34.2
2023,8,상선,강동구청,2813,일요일,10:30,20.3
2023,8,하선,강동구청,2813,일요일,10:30,36.6
2023,8,상선,몽촌토성,2814,일요일,10:30,21.2
2023,8,하선,몽촌토성,2814,일요일,10:30,37.0
2023,8,상선,잠실,2815,일요일,10:30,23.4
2023,8,하선,잠실,2815,일요일,10:30,32.3
2023,8,상선,석촌,2816,일요일,10:30,46.8
2023,8,하선,석촌,2816,일요일,10:30,31.9
2023,8,상선,송파,2817,일요일,10:30,53.2
2023,8,하선,송파,2817,일요일,10:30,31.6
2023,8,상선,가락시장,2818,일요일,10:30,50.3
2023,8,하선,가락시장,2818,일요일,10:30,30.9
2023,8,상선,문정,2819,일요일,10:30,44.7
2023,8,하선,문정,2819,일요일,10:30,23.6
2023,8,상선,장지,2820,일요일,10:30,42.1
2023,8,하선,장지,2820,일요일,10:30,20.2
2023,8,상선,복정,2821,일요일,10:30,38.1
2023,8,하선,복정,2821,일요일,10:30,11.5
2023,8,상선,산성,2822,일요일,10:30,21.9
2023,8,하선,산성,2822,일요일,10:30,8.7
2023,8,상선,남한산성입구,2823,일요일,10:30,18.8
2023,8,하선,남한산성입구,2823,일요일,10:30,9.2
2023,8,상선,단대오거리,2824,일요일,10:30,12.3
2023,8,하선,단대오거리,2824,일요일,10:30,8.5
2023,8,상선,신흥,2825,일요일,10:30,6.4
2023,8,하선,신흥,2825,일요일,10:30,8.8
2023,8,상선,수진,2826,일요일,10:30,4.6
2023,8,하선,수진,2826,일요일,10:30,7.2
2023,8,상선,모란,2827,일요일,10:30,3.9
202403,8,상선,암사,2811,평일,10:30,0.0
202403,8,하선,암사,2811,평일,10:30,13.5
202403,8,상선,천호,2812,평일,10:30,6.2
202403,8,하선,천호,2812,평일,10:30,33.9
202403,8,상선,강동구청,2813,평일,10:30,21.2
202403,8,하선,강동구청,2813,평일,10:30,37.2
202403,8,상선,몽촌토성,2814,평일,10:30,22.2
202403,8,하선,몽촌토성,2814,평일,10:30,41.1
202403,8,상선,잠실,2815,평일,10:30,24.0
202403,8,하선,잠실,2815,평일,10:30,36.8
202403,8,상선,석촌,2816,평일,10:30,50.4
202403,8,하선,석촌,2816,평일,10:30,42.6
202403,8,상선,송파,2817,평일,10:30,56.6
202403,8,하선,송파,2817,평일,10:30,42.7
202403,8,상선,가락시장,2818,평일,10:30,50.3
202403,8,하선,가락시장,2818,평일,10:30,39.7
202403,8,상선,문정,2819,평일,10:30,47.0
202403,8,하선,문정,2819,평일,10:30,29.4
202403,8,상선,장지,2820,평일,10:30,42.7
202403,8,하선,장지,2820,평일,10:30,24.0
202403,8,상선,복정,2821,평일,10:30,34.9
202403,8,하선,복정,2821,평일,10:30,12.5
202403,8,상선,산성,2822,평일,10:30,20.6
202403,8,하선,산성,2822,평일,10:30,10.1
202403,8,상선,남한산성입구,2823,평일,10:30,16.3
202403,8,하선,남한산성입구,2823,평일,10:30,9.2
202403,8,상선,단대오거리,2824,평일,10:30,11.7
202403,8,하선,단대오거리,2824,평일,10:30,8.9
202403,8,상선,신흥,2825,평일,10:30,8.2
202403,8,하선,신흥,2825,평일,10:30,8.3
202403,8,상선,수진,2826,평일,10:30,6.9
202403,8,하선,수진,2826,평일,10:30,8.5
202403,8,상선,모란,2827,평일,10:30,6.2
202403,8,하선,모란,2827,평일,10:30,0.0
202403,8,상선,암사,2811,토요일,10:30,0.0
202403,8,하선,암사,2811,토요일,10:30,18.3
202403,8,상선,천호,2812,토요일,10:30,8.4
202403,8,하선,천호,2812,토요일,10:30,49.6
202403,8,상선,강동구청,2813,토요일,10:30,27.3
202403,8,하선,강동구청,2813,토요일,10:30,54.1
202403,8,상선,몽촌토성,2814,토요일,10:30,27.7
202403,8,하선,몽촌토성,2814,토요일,10:30,55.0
202403,8,상선,잠실,2815,토요일,10:30,30.7
202403,8,하선,잠실,2815,토요일,10:30,45.8
202403,8,상선,석촌,2816,토요일,10:30,62.4
202403,8,하선,석촌,2816,토요일,10:30,45.0
202403,8,상선,송파,2817,토요일,10:30,73.5
202403,8,하선,송파,2817,토요일,10:30,44.0
202403,8,상선,가락시장,2818,토요일,10:30,70.1
202403,8,하선,가락시장,2818,토요일,10:30,42.4
202403,8,상선,문정,2819,토요일,10:30,68.3
202403,8,하선,문정,2819,토요일,10:30,32.5
202403,8,상선,장지,2820,토요일,10:30,64.5
202403,8,하선,장지,2820,토요일,10:30,27.6
202403,8,상선,복정,2821,토요일,10:30,57.5
202403,8,하선,복정,2821,토요일,10:30,15.2
202403,8,상선,산성,2822,토요일,10:30,31.7
202403,8,하선,산성,2822,토요일,10:30,10.5
202403,8,상선,남한산성입구,2823,토요일,10:30,27.6
202403,8,하선,남한산성입구,2823,토요일,10:30,10.9
202403,8,상선,단대오거리,2824,토요일,10:30,18.1
202403,8,하선,단대오거리,2824,토요일,10:30,12.0
202403,8,상선,신흥,2825,토요일,10:30,10.3
202403,8,하선,신흥,2825,토요일,10:30,10.7
202403,8,상선,수진,2826,토요일,10:30,8.4
202403,8,하선,수진,2826,토요일,10:30,10.3
202403,8,상선,모란,2827,토요일,10:30,6.7
202403,8,하선,모란,2827,토요일,10:30,0.0
202403,8,상선,암사,2811,일요일,10:30,0.0
202403,8,하선,암사,2811,일요일,10:30,16.7
202403,8,상선,천호,2812,일요일,10:30,6.0
202403,8,하선,천호,2812,일요일,10:30,39.0
202403,8,상선,강동구청,2813,일요일,10:30,22.0
202403,8,하선,강동구청,2813,일요일,10:30,41.7
202403,8,상선,몽촌토성,2814,일요일,10:30,22.8
202403,8,하선,몽촌토성,2814,일요일,10:30,43.7
202403,8,상선,잠실,2815,일요일,10:30,25.0
202403,8,하선,잠실,2815,일요일,10:30,37.4
202403,8,상선,석촌,2816,일요일,10:30,45.5
202403,8,하선,석촌,2816,일요일,10:30,38.4
202403,8,상선,송파,2817,일요일,10:30,54.4
202403,8,하선,송파,2817,일요일,10:30,38.5
202403,8,상선,가락시장,2818,일요일,10:30,51.5
202403,8,하선,가락시장,2818,일요일,10:30,35.8
202403,8,상선,문정,2819,일요일,10:30,47.9
202403,8,하선,문정,2819,일요일,10:30,32.1
202403,8,상선,장지,2820,일요일,10:30,45.8
202403,8,하선,장지,2820,일요일,10:30,28.5
202403,8,상선,복정,2821,일요일,10:30,42.2
202403,8,하선,복정,2821,일요일,10:30,15.2
202403,8,상선,산성,2822,일요일,10:30,26.5
202403,8,하선,산성,2822,일요일,10:30,12.4
202403,8,상선,남한산성입구,2823,일요일,10:30,23.2
202403,8,하선,남한산성입구,2823,일요일,10:30,12.7
202403,8,상선,단대오거리,2824,일요일,10:30,17.9
202403,8,하선,단대오거리,2824,일요일,10:30,14.9
202403,8,상선,신흥,2825,일요일,10:30,9.9
202403,8,하선,신흥,2825,일요일,10:30,14.8
202403,8,상선,수진,2826,일요일,10:30,7.4
202403,8,하선,수진,2826,일요일,10:30,13.6
202403,8,상선,모란,2827,일요일,10:30,6.6
202406,8,상선,암사,2811,평일,10:30,0.0
202406,8,하선,암사,2811,평일,10:30,13.7
202406,8,상선,천호,2812,평일,10:30,6.6
202406,8,하선,천호,2812,평일,10:30,35.7
202406,8,상선,강동구청,2813,평일,10:30,22.7
202406,8,하선,강동구청,2813,평일,10:30,38.8
202406,8,상선,몽촌토성,2814,평일,10:30,23.4
202406,8,하선,몽촌토성,2814,평일,10:30,42.4
202406,8,상선,잠실,2815,평일,10:30,25.2
202406,8,하선,잠실,2815,평일,10:30,38.6
202406,8,상선,석촌,2816,평일,10:30,51.8
202406,8,하선,석촌,2816,평일,10:30,41.1
202406,8,상선,송파,2817,평일,10:30,58.5
202406,8,하선,송파,2817,평일,10:30,41.2
202406,8,상선,가락시장,2818,평일,10:30,52.1
202406,8,하선,가락시장,2818,평일,10:30,36.8
202406,8,상선,문정,2819,평일,10:30,49.0
202406,8,하선,문정,2819,평일,10:30,27.5
202406,8,상선,장지,2820,평일,10:30,43.9
202406,8,하선,장지,2820,평일,10:30,22.2
202406,8,상선,복정,2821,평일,10:30,36.8
202406,8,하선,복정,2821,평일,10:30,13.8
202406,8,상선,산성,2822,평일,10:30,21.1
202406,8,하선,산성,2822,평일,10:30,11.7
202406,8,상선,남한산성입구,2823,평일,10:30,17.5
202406,8,하선,남한산성입구,2823,평일,10:30,9.6
202406,8,상선,단대오거리,2824,평일,10:30,12.3
202406,8,하선,단대오거리,2824,평일,10:30,8.9
202406,8,상선,신흥,2825,평일,10:30,8.5
202406,8,하선,신흥,2825,평일,10:30,8.1
202406,8,상선,수진,2826,평일,10:30,7.1
202406,8,하선,수진,2826,평일,10:30,7.7
202406,8,상선,모란,2827,평일,10:30,6.8
202406,8,하선,모란,2827,평일,10:30,0.0
202406,8,상선,암사,2811,토요일,10:30,0.0
202406,8,하선,암사,2811,토요일,10:30,16.4
202406,8,상선,천호,2812,토요일,10:30,7.7
202406,8,하선,천호,2812,토요일,10:30,41.6
202406,8,상선,강동구청,2813,토요일,10:30,23.0
202406,8,하선,강동구청,2813,토요일,10:30,45.0
202406,8,상선,몽촌토성,2814,토요일,10:30,25.0
202406,8,하선,몽촌토성,2814,토요일,10:30,49.8
202406,8,상선,잠실,2815,토요일,10:30,28.2
202406,8,하선,잠실,2815,토요일,10:30,40.0
202406,8,상선,석촌,2816,토요일,10:30,62.5
202406,8,하선,석촌,2816,토요일,10:30,39.7
202406,8,상선,송파,2817,토요일,10:30,70.8
202406,8,하선,송파,2817,토요일,10:30,39.1
202406,8,상선,가락시장,2818,토요일,10:30,65.7
202406,8,하선,가락시장,2818,토요일,10:30,35.3
202406,8,상선,문정,2819,토요일,10:30,56.0
202406,8,하선,문정,2819,토요일,10:30,29.9
202406,8,상선,장지,2820,토요일,10:30,52.4
202406,8,하선,장지,2820,토요일,10:30,24.5
202406,8,상선,복정,2821,토요일,10:30,45.8
202406,8,하선,복정,2821,토요일,10:30,14.8
202406,8,상선,산성,2822,토요일,10:30,28.7
202406,8,하선,산성,2822,토요일,10:30,12.1
202406,8,상선,남한산성입구,2823,토요일,10:30,24.3
202406,8,하선,남한산성입구,2823,토요일,10:30,11.5
202406,8,상선,단대오거리,2824,토요일,10:30,17.3
202406,8,하선,단대오거리,2824,토요일,10:30,11.1
202406,8,상선,신흥,2825,토요일,10:30,10.4
202406,8,하선,신흥,2825,토요일,10:30,10.0
202406,8,상선,수진,2826,토요일,10:30,7.5
202406,8,하선,수진,2826,토요일,10:30,9.9
202406,8,상선,모란,2827,토요일,10:30,6.8
202406,8,하선,모란,2827,토요일,10:30,0.0
202406,8,상선,암사,2811,일요일,10:30,0.0
202406,8,하선,암사,2811,일요일,10:30,13.4
202406,8,상선,천호,2812,일요일,10:30,6.2
202406,8,하선,천호,2812,일요일,10:30,31.1
202406,8,상선,강동구청,2813,일요일,10:30,19.8
202406,8,하선,강동구청,2813,일요일,10:30,32.3
202406,8,상선,몽촌토성,2814,일요일,10:30,19.8
202406,8,하선,몽촌토성,2814,일요일,10:30,38.2
202406,8,상선,잠실,2815,일요일,10:30,20.0
202406,8,하선,잠실,2815,일요일,10:30,30.4
202406,8,상선,석촌,2816,일요일,10:30,43.7
202406,8,하선,석촌,2816,일요일,10:30,30.1
202406,8,상선,송파,2817,일요일,10:30,50.8
202406,8,하선,송파,2817,일요일,10:30,30.3
202406,8,상선,가락시장,2818,일요일,10:30,48.5
202406,8,하선,가락시장,2818,일요일,10:30,28.6
202406,8,상선,문정,2819,일요일,10:30,45.7
202406,8,하선,문정,2819,일요일,10:30,24.5
202406,8,상선,장지,2820,일요일,10:30,42.4
202406,8,하선,장지,2820,일요일,10:30,20.1
202406,8,상선,복정,2821,일요일,10:30,37.7
202406,8,하선,복정,2821,일요일,10:30,11.1
202406,8,상선,산성,2822,일요일,10:30,22.5
202406,8,하선,산성,2822,일요일,10:30,7.2
202406,8,상선,남한산성입구,2823,일요일,10:30,18.9
202406,8,하선,남한산성입구,2823,일요일,10:30,8.1
202406,8,상선,단대오거리,2824,일요일,10:30,13.6
202406,8,하선,단대오거리,2824,일요일,10:30,8.2
202406,8,상선,신흥,2825,일요일,10:30,8.4
202406,8,하선,신흥,2825,일요일,10:30,7.8
202406,8,상선,수진,2826,일요일,10:30,6.2
202406,8,하선,수진,2826,일요일,10:30,7.3
202406,8,상선,모란,2827,일요일,10:30,4.6
2020,8,상선,암사,2811,평일,11:00,0.0
2020,8,하선,암사,2811,평일,11:00,10.9
2020,8,상선,천호,2812,평일,11:00,5.7
2020,8,하선,천호,2812,평일,11:00,27.3
2020,8,상선,강동구청,2813,평일,11:00,17.8
2020,8,하선,강동구청,2813,평일,11:00,31.1
2020,8,상선,몽촌토성,2814,평일,11:00,20.5
2020,8,하선,몽촌토성,2814,평일,11:00,32.0
2020,8,상선,잠실,2815,평일,11:00,22.6
2020,8,하선,잠실,2815,평일,11:00,30.8
2020,8,상선,석촌,2816,평일,11:00,33.4
2020,8,하선,석촌,2816,평일,11:00,32.1
2020,8,상선,송파,2817,평일,11:00,36.1
2020,8,하선,송파,2817,평일,11:00,31.6
2020,8,상선,가락시장,2818,평일,11:00,34.0
2020,8,하선,가락시장,2818,평일,11:00,25.0
2020,8,상선,문정,2819,평일,11:00,32.2
2020,8,하선,문정,2819,평일,11:00,19.7
2020,8,상선,장지,2820,평일,11:00,28.9
2020,8,하선,장지,2820,평일,11:00,15.6
2020,8,상선,복정,2821,평일,11:00,25.9
2020,8,하선,복정,2821,평일,11:00,8.0
2020,8,상선,산성,2822,평일,11:00,15.8
2020,8,하선,산성,2822,평일,11:00,7.8
2020,8,상선,남한산성입구,2823,평일,11:00,12.9
2020,8,하선,남한산성입구,2823,평일,11:00,7.2
2020,8,상선,단대오거리,2824,평일,11:00,9.3
2020,8,하선,단대오거리,2824,평일,11:00,6.7
2020,8,상선,신흥,2825,평일,11:00,7.0
2020,8,하선,신흥,2825,평일,11:00,5.8
2020,8,상선,수진,2826,평일,11:00,6.1
2020,8,하선,수진,2826,평일,11:00,5.8
2020,8,상선,모란,2827,평일,11:00,5.2
2020,8,하선,모란,2827,평일,11:00,0.0
2020,8,상선,암사,2811,토요일,11:00,0.0
2020,8,하선,암사,2811,토요일,11:00,11.0
2020,8,상선,천호,2812,토요일,11:00,5.1
2020,8,하선,천호,2812,토요일,11:00,26.4
2020,8,상선,강동구청,2813,토요일,11:00,17.6
2020,8,하선,강동구청,2813,토요일,11:00,29.4
2020,8,상선,몽촌토성,2814,토요일,11:00,18.2
2020,8,하선,몽촌토성,2814,토요일,11:00,29.9
2020,8,상선,잠실,2815,토요일,11:00,19.1
2020,8,하선,잠실,2815,토요일,11:00,27.5
2020,8,상선,석촌,2816,토요일,11:00,36.4
2020,8,하선,석촌,2816,토요일,11:00,29.7
2020,8,상선,송파,2817,토요일,11:00,39.9
2020,8,하선,송파,2817,토요일,11:00,25.3
2020,8,상선,가락시장,2818,토요일,11:00,37.0
2020,8,하선,가락시장,2818,토요일,11:00,23.5
2020,8,상선,문정,2819,토요일,11:00,35.0
2020,8,하선,문정,2819,토요일,11:00,18.9
2020,8,상선,장지,2820,토요일,11:00,31.6
2020,8,하선,장지,2820,토요일,11:00,16.5
2020,8,상선,복정,2821,토요일,11:00,28.1
2020,8,하선,복정,2821,토요일,11:00,7.6
2020,8,상선,산성,2822,토요일,11:00,19.3
2020,8,하선,산성,2822,토요일,11:00,6.2
2020,8,상선,남한산성입구,2823,토요일,11:00,15.5
2020,8,하선,남한산성입구,2823,토요일,11:00,6.4
2020,8,상선,단대오거리,2824,토요일,11:00,10.3
2020,8,하선,단대오거리,2824,토요일,11:00,5.8
2020,8,상선,신흥,2825,토요일,11:00,6.6
2020,8,하선,신흥,2825,토요일,11:00,5.2
2020,8,상선,수진,2826,토요일,11:00,5.0
2020,8,하선,수진,2826,토요일,11:00,5.5
2020,8,상선,모란,2827,토요일,11:00,4.0
2020,8,하선,모란,2827,토요일,11:00,0.0
2020,8,상선,암사,2811,일요일,11:00,0.0
2020,8,하선,암사,2811,일요일,11:00,7.1
2020,8,상선,천호,2812,일요일,11:00,3.2
2020,8,하선,천호,2812,일요일,11:00,16.9
2020,8,상선,강동구청,2813,일요일,11:00,11.0
2020,8,하선,강동구청,2813,일요일,11:00,17.6
2020,8,상선,몽촌토성,2814,일요일,11:00,10.9
2020,8,하선,몽촌토성,2814,일요일,11:00,19.1
2020,8,상선,잠실,2815,일요일,11:00,12.0
2020,8,하선,잠실,2815,일요일,11:00,15.5
2020,8,상선,석촌,2816,일요일,11:00,20.2
2020,8,하선,석촌,2816,일요일,11:00,16.1
2020,8,상선,송파,2817,일요일,11:00,19.5
2020,8,하선,송파,2817,일요일,11:00,16.2
2020,8,상선,가락시장,2818,일요일,11:00,24.9
2021,8,상선,암사,2811,평일,11:00,0.0
2021,8,하선,암사,2811,평일,11:00,11.8
2021,8,상선,천호,2812,평일,11:00,6.2
2021,8,하선,천호,2812,평일,11:00,31.8
2021,8,상선,강동구청,2813,평일,11:00,19.1
2021,8,하선,강동구청,2813,평일,11:00,33.4
2021,8,상선,몽촌토성,2814,평일,11:00,20.7
2021,8,하선,몽촌토성,2814,평일,11:00,34.4
2021,8,상선,잠실,2815,평일,11:00,22.9
2021,8,하선,잠실,2815,평일,11:00,30.8
2021,8,상선,석촌,2816,평일,11:00,35.2
2021,8,하선,석촌,2816,평일,11:00,33.6
2021,8,상선,송파,2817,평일,11:00,38.2
2021,8,하선,송파,2817,평일,11:00,33.1
2021,8,상선,가락시장,2818,평일,11:00,37.2
2021,8,하선,가락시장,2818,평일,11:00,29.4
2021,8,상선,문정,2819,평일,11:00,34.6
2021,8,하선,문정,2819,평일,11:00,23.4
2021,8,상선,장지,2820,평일,11:00,31.0
2021,8,하선,장지,2820,평일,11:00,18.2
2021,8,상선,복정,2821,평일,11:00,25.9
2021,8,하선,복정,2821,평일,11:00,8.0
2021,8,상선,산성,2822,평일,11:00,15.2
2021,8,하선,산성,2822,평일,11:00,7.0
2021,8,상선,남한산성입구,2823,평일,11:00,13.3
2021,8,하선,남한산성입구,2823,평일,11:00,7.7
2021,8,상선,단대오거리,2824,평일,11:00,10.2
2021,8,하선,단대오거리,2824,평일,11:00,7.3
2021,8,상선,신흥,2825,평일,11:00,7.7
2021,8,하선,신흥,2825,평일,11:00,7.0
2021,8,상선,수진,2826,평일,11:00,6.7
2021,8,하선,수진,2826,평일,11:00,7.3
2021,8,상선,모란,2827,평일,11:00,5.6
2021,8,하선,모란,2827,평일,11:00,0.0
2021,8,상선,암사,2811,토요일,11:00,0.0
2021,8,하선,암사,2811,토요일,11:00,13.5
2021,8,상선,천호,2812,토요일,11:00,6.3
2021,8,하선,천호,2812,토요일,11:00,33.9
2021,8,상선,강동구청,2813,토요일,11:00,20.0
2021,8,하선,강동구청,2813,토요일,11:00,35.9
2021,8,상선,몽촌토성,2814,토요일,11:00,22.4
2021,8,하선,몽촌토성,2814,토요일,11:00,36.1
2021,8,상선,잠실,2815,토요일,11:00,24.3
2021,8,하선,잠실,2815,토요일,11:00,29.3
2021,8,상선,석촌,2816,토요일,11:00,39.4
2021,8,하선,석촌,2816,토요일,11:00,30.8
2021,8,상선,송파,2817,토요일,11:00,47.4
2021,8,하선,송파,2817,토요일,11:00,32.3
2021,8,상선,가락시장,2818,토요일,11:00,48.1
2021,8,하선,가락시장,2818,토요일,11:00,28.6
2021,8,상선,문정,2819,토요일,11:00,44.9
2021,8,하선,문정,2819,토요일,11:00,23.3
2021,8,상선,장지,2820,토요일,11:00,41.0
2021,8,하선,장지,2820,토요일,11:00,19.1
2021,8,상선,복정,2821,토요일,11:00,35.3
2021,8,하선,복정,2821,토요일,11:00,9.2
2021,8,상선,산성,2822,토요일,11:00,19.6
2021,8,하선,산성,2822,토요일,11:00,6.7
2021,8,상선,남한산성입구,2823,토요일,11:00,17.0
2021,8,하선,남한산성입구,2823,토요일,11:00,6.7
2021,8,상선,단대오거리,2824,토요일,11:00,12.0
2021,8,하선,단대오거리,2824,토요일,11:00,6.9
2021,8,상선,신흥,2825,토요일,11:00,8.1
2021,8,하선,신흥,2825,토요일,11:00,6.4
2021,8,상선,수진,2826,토요일,11:00,7.3
2021,8,하선,수진,2826,토요일,11:00,6.9
2021,8,상선,모란,2827,토요일,11:00,6.0
2021,8,하선,모란,2827,토요일,11:00,0.0
2022,8,상선,암사,2811,평일,11:00,0.0
2022,8,하선,암사,2811,평일,11:00,12.5
2022,8,상선,천호,2812,평일,11:00,6.8
2022,8,하선,천호,2812,평일,11:00,32.7
2022,8,상선,강동구청,2813,평일,11:00,21.3
2022,8,하선,강동구청,2813,평일,11:00,34.9
2022,8,상선,몽촌토성,2814,평일,11:00,22.1
2022,8,하선,몽촌토성,2814,평일,11:00,34.3
2022,8,상선,잠실,2815,평일,11:00,23.9
2022,8,하선,잠실,2815,평일,11:00,32.4
2022,8,상선,석촌,2816,평일,11:00,41.8
2022,8,하선,석촌,2816,평일,11:00,35.5
2022,8,상선,송파,2817,평일,11:00,46.7
2022,8,하선,송파,2817,평일,11:00,35.1
2022,8,상선,가락시장,2818,평일,11:00,44.1
2022,8,하선,가락시장,2818,평일,11:00,31.9
2022,8,상선,문정,2819,평일,11:00,40.5
2022,8,하선,문정,2819,평일,11:00,25.6
2022,8,상선,장지,2820,평일,11:00,36.4
2022,8,하선,장지,2820,평일,11:00,20.9
2022,8,상선,복정,2821,평일,11:00,31.8
2022,8,하선,복정,2821,평일,11:00,11.5
2022,8,상선,산성,2822,평일,11:00,18.0
2022,8,하선,산성,2822,평일,11:00,9.3
2022,8,상선,남한산성입구,2823,평일,11:00,15.6
2022,8,하선,남한산성입구,2823,평일,11:00,9.1
2022,8,상선,단대오거리,2824,평일,11:00,11.4
2022,8,하선,단대오거리,2824,평일,11:00,8.2
2022,8,상선,신흥,2825,평일,11:00,8.8
2022,8,하선,신흥,2825,평일,11:00,8.1
2022,8,상선,수진,2826,평일,11:00,6.8
2022,8,하선,수진,2826,평일,11:00,8.2
2022,8,상선,모란,2827,평일,11:00,5.4
2022,8,하선,모란,2827,평일,11:00,0.0
2022,8,상선,암사,2811,토요일,11:00,0.0
2022,8,하선,암사,2811,토요일,11:00,15.8
2022,8,상선,천호,2812,토요일,11:00,7.7
2022,8,하선,천호,2812,토요일,11:00,35.9
2022,8,상선,강동구청,2813,토요일,11:00,25.9
2022,8,하선,강동구청,2813,토요일,11:00,39.4
2022,8,상선,몽촌토성,2814,토요일,11:00,26.0
2022,8,하선,몽촌토성,2814,토요일,11:00,41.2
2022,8,상선,잠실,2815,토요일,11:00,26.8
2022,8,하선,잠실,2815,토요일,11:00,36.6
2022,8,상선,석촌,2816,토요일,11:00,54.9
2022,8,하선,석촌,2816,토요일,11:00,36.6
2022,8,상선,송파,2817,토요일,11:00,62.3
2022,8,하선,송파,2817,토요일,11:00,36.7
2022,8,상선,가락시장,2818,토요일,11:00,57.4
2022,8,하선,가락시장,2818,토요일,11:00,34.3
2022,8,상선,문정,2819,토요일,11:00,54.3
2022,8,하선,문정,2819,토요일,11:00,28.7
2022,8,상선,장지,2820,토요일,11:00,51.4
2022,8,하선,장지,2820,토요일,11:00,25.4
2022,8,상선,복정,2821,토요일,11:00,45.3
2022,8,하선,복정,2821,토요일,11:00,13.7
2022,8,상선,산성,2822,토요일,11:00,26.3
2022,8,하선,산성,2822,토요일,11:00,9.3
2022,8,상선,남한산성입구,2823,토요일,11:00,22.7
2022,8,하선,남한산성입구,2823,토요일,11:00,9.0
2022,8,상선,단대오거리,2824,토요일,11:00,16.0
2022,8,하선,단대오거리,2824,토요일,11:00,8.9
2022,8,상선,신흥,2825,토요일,11:00,10.6
2022,8,하선,신흥,2825,토요일,11:00,8.2
2022,8,상선,암사,2811,공휴일,11:00,0.0
2022,8,하선,암사,2811,공휴일,11:00,10.3
2022,8,상선,천호,2812,공휴일,11:00,4.2
2022,8,하선,천호,2812,공휴일,11:00,29.3
2022,8,상선,강동구청,2813,공휴일,11:00,18.1
2022,8,하선,강동구청,2813,공휴일,11:00,28.8
2022,8,상선,몽촌토성,2814,공휴일,11:00,18.7
2022,8,하선,몽촌토성,2814,공휴일,11:00,29.8
2022,8,상선,잠실,2815,공휴일,11:00,19.9
2022,8,하선,잠실,2815,공휴일,11:00,26.7
2022,8,상선,석촌,2816,공휴일,11:00,39.7
2022,8,하선,석촌,2816,공휴일,11:00,28.8
2022,8,상선,송파,2817,공휴일,11:00,41.9
2022,8,하선,송파,2817,공휴일,11:00,27.9
2022,8,상선,가락시장,2818,공휴일,11:00,38.7
2022,8,하선,가락시장,2818,공휴일,11:00,25.5
2022,8,상선,문정,2819,공휴일,11:00,38.7
2022,8,하선,문정,2819,공휴일,11:00,19.8
2022,8,상선,장지,2820,공휴일,11:00,36.6
2022,8,하선,장지,2820,공휴일,11:00,16.7
2022,8,상선,복정,2821,공휴일,11:00,32.7
2022,8,하선,복정,2821,공휴일,11:00,7.8
2022,8,상선,산성,2822,공휴일,11:00,17.9
2022,8,하선,산성,2822,공휴일,11:00,7.1
2022,8,상선,남한산성입구,2823,공휴일,11:00,15.2
2022,8,하선,남한산성입구,2823,공휴일,11:00,7.0
2022,8,상선,단대오거리,2824,공휴일,11:00,10.5
2022,8,하선,단대오거리,2824,공휴일,11:00,6.7
2022,8,상선,신흥,2825,공휴일,11:00,6.9
2022,8,하선,신흥,2825,공휴일,11:00,6.0
2022,8,상선,수진,2826,공휴일,11:00,4.5
2022,8,하선,수진,2826,공휴일,11:00,6.0
2022,8,상선,모란,2827,공휴일,11:00,3.0
2022,8,하선,모란,2827,공휴일,11:00,0.0
2023,8,상선,암사,2811,평일,11:00,0.0
2023,8,하선,암사,2811,평일,11:00,13.1
2023,8,상선,천호,2812,평일,11:00,6.6
2023,8,하선,천호,2812,평일,11:00,33.4
2023,8,상선,강동구청,2813,평일,11:00,22.5
2023,8,하선,강동구청,2813,평일,11:00,35.8
2023,8,상선,몽촌토성,2814,평일,11:00,22.9
2023,8,하선,몽촌토성,2814,평일,11:00,35.5
2023,8,상선,잠실,2815,평일,11:00,24.4
2023,8,하선,잠실,2815,평일,11:00,33.8
2023,8,상선,석촌,2816,평일,11:00,44.2
2023,8,하선,석촌,2816,평일,11:00,36.1
2023,8,상선,송파,2817,평일,11:00,48.8
2023,8,하선,송파,2817,평일,11:00,36.2
2023,8,상선,가락시장,2818,평일,11:00,47.4
2023,8,하선,가락시장,2818,평일,11:00,34.1
2023,8,상선,문정,2819,평일,11:00,44.2
2023,8,하선,문정,2819,평일,11:00,27.8
2023,8,상선,장지,2820,평일,11:00,39.2
2023,8,하선,장지,2820,평일,11:00,22.7
2023,8,상선,복정,2821,평일,11:00,33.9
2023,8,하선,복정,2821,평일,11:00,12.7
2023,8,상선,산성,2822,평일,11:00,18.7
2023,8,하선,산성,2822,평일,11:00,10.3
2023,8,상선,남한산성입구,2823,평일,11:00,15.6
2023,8,하선,남한산성입구,2823,평일,11:00,9.8
2023,8,상선,단대오거리,2824,평일,11:00,11.9
2023,8,하선,단대오거리,2824,평일,11:00,9.2
2023,8,상선,신흥,2825,평일,11:00,8.7
2023,8,하선,신흥,2825,평일,11:00,8.4
2023,8,상선,수진,2826,평일,11:00,7.0
2023,8,하선,수진,2826,평일,11:00,8.1
2023,8,상선,모란,2827,평일,11:00,6.0
2023,8,하선,모란,2827,평일,11:00,0.0
2023,8,상선,암사,2811,토요일,11:00,0.0
2023,8,하선,암사,2811,토요일,11:00,17.9
2023,8,상선,천호,2812,토요일,11:00,7.6
2023,8,하선,천호,2812,토요일,11:00,46.6
2023,8,상선,강동구청,2813,토요일,11:00,31.3
2023,8,하선,강동구청,2813,토요일,11:00,48.8
2023,8,상선,몽촌토성,2814,토요일,11:00,31.6
2023,8,하선,몽촌토성,2814,토요일,11:00,50.9
2023,8,상선,잠실,2815,토요일,11:00,32.3
2023,8,하선,잠실,2815,토요일,11:00,43.1
2023,8,상선,석촌,2816,토요일,11:00,67.8
2023,8,하선,석촌,2816,토요일,11:00,41.3
2023,8,상선,송파,2817,토요일,11:00,74.5
2023,8,하선,송파,2817,토요일,11:00,40.1
2023,8,상선,가락시장,2818,토요일,11:00,68.6
2023,8,하선,가락시장,2818,토요일,11:00,39.2
2023,8,상선,문정,2819,토요일,11:00,61.8
2023,8,하선,문정,2819,토요일,11:00,31.8
2023,8,상선,장지,2820,토요일,11:00,60.2
2023,8,하선,장지,2820,토요일,11:00,26.6
2023,8,상선,복정,2821,토요일,11:00,51.5
2023,8,하선,복정,2821,토요일,11:00,13.5
2023,8,상선,산성,2822,토요일,11:00,30.8
2023,8,하선,산성,2822,토요일,11:00,10.4
2023,8,상선,남한산성입구,2823,토요일,11:00,26.8
2023,8,하선,남한산성입구,2823,토요일,11:00,10.5
2023,8,상선,단대오거리,2824,토요일,11:00,18.3
2023,8,하선,단대오거리,2824,토요일,11:00,9.3
2023,8,상선,신흥,2825,토요일,11:00,10.6
2023,8,하선,신흥,2825,토요일,11:00,8.7
2023,8,상선,수진,2826,토요일,11:00,8.2
2023,8,하선,수진,2826,토요일,11:00,8.0
2023,8,상선,모란,2827,토요일,11:00,6.2
2023,8,하선,모란,2827,토요일,11:00,0.0
2023,8,상선,암사,2811,일요일,11:00,0.0
2023,8,하선,암사,2811,일요일,11:00,13.5
2023,8,상선,천호,2812,일요일,11:00,4.4
2023,8,하선,천호,2812,일요일,11:00,33.4
2023,8,상선,강동구청,2813,일요일,11:00,18.6
2023,8,하선,강동구청,2813,일요일,11:00,39.8
2023,8,상선,몽촌토성,2814,일요일,11:00,18.1
2023,8,하선,몽촌토성,2814,일요일,11:00,43.5
2023,8,상선,잠실,2815,일요일,11:00,20.4
2023,8,하선,잠실,2815,일요일,11:00,36.1
2023,8,상선,석촌,2816,일요일,11:00,43.9
2023,8,하선,석촌,2816,일요일,11:00,37.3
2023,8,상선,송파,2817,일요일,11:00,47.4
2023,8,하선,송파,2817,일요일,11:00,34.4
2023,8,상선,가락시장,2818,일요일,11:00,44.4
2023,8,하선,가락시장,2818,일요일,11:00,30.2
2023,8,상선,문정,2819,일요일,11:00,42.0
2023,8,하선,문정,2819,일요일,11:00,24.6
2023,8,상선,장지,2820,일요일,11:00,41.3
2023,8,하선,장지,2820,일요일,11:00,21.0
2023,8,상선,복정,2821,일요일,11:00,34.9
2023,8,하선,복정,2821,일요일,11:00,11.5
2023,8,상선,산성,2822,일요일,11:00,22.8
2023,8,하선,산성,2822,일요일,11:00,9.1
2023,8,상선,남한산성입구,2823,일요일,11:00,19.0
2023,8,하선,남한산성입구,2823,일요일,11:00,9.0
2023,8,상선,단대오거리,2824,일요일,11:00,13.4
2023,8,하선,단대오거리,2824,일요일,11:00,9.2
2023,8,상선,신흥,2825,일요일,11:00,7.7
2023,8,하선,신흥,2825,일요일,11:00,8.8
2023,8,상선,수진,2826,일요일,11:00,5.4
2023,8,하선,수진,2826,일요일,11:00,7.2
2023,8,상선,모란,2827,일요일,11:00,3.9
202403,8,상선,암사,2811,평일,11:00,0.0
202403,8,하선,암사,2811,평일,11:00,13.1
202403,8,상선,천호,2812,평일,11:00,6.9
202403,8,하선,천호,2812,평일,11:00,33.0
202403,8,상선,강동구청,2813,평일,11:00,21.6
202403,8,하선,강동구청,2813,평일,11:00,35.6
202403,8,상선,몽촌토성,2814,평일,11:00,21.9
202403,8,하선,몽촌토성,2814,평일,11:00,35.3
202403,8,상선,잠실,2815,평일,11:00,23.7
202403,8,하선,잠실,2815,평일,11:00,34.6
202403,8,상선,석촌,2816,평일,11:00,45.1
202403,8,하선,석촌,2816,평일,11:00,36.6
202403,8,상선,송파,2817,평일,11:00,50.3
202403,8,하선,송파,2817,평일,11:00,36.4
202403,8,상선,가락시장,2818,평일,11:00,48.8
202403,8,하선,가락시장,2818,평일,11:00,34.1
202403,8,상선,문정,2819,평일,11:00,45.2
202403,8,하선,문정,2819,평일,11:00,27.6
202403,8,상선,장지,2820,평일,11:00,40.2
202403,8,하선,장지,2820,평일,11:00,22.4
202403,8,상선,복정,2821,평일,11:00,35.2
202403,8,하선,복정,2821,평일,11:00,12.6
202403,8,상선,산성,2822,평일,11:00,18.9
202403,8,하선,산성,2822,평일,11:00,10.0
202403,8,상선,남한산성입구,2823,평일,11:00,15.4
202403,8,하선,남한산성입구,2823,평일,11:00,9.6
202403,8,상선,단대오거리,2824,평일,11:00,11.5
202403,8,하선,단대오거리,2824,평일,11:00,8.5
202403,8,상선,신흥,2825,평일,11:00,8.9
202403,8,하선,신흥,2825,평일,11:00,8.0
202403,8,상선,수진,2826,평일,11:00,7.5
202403,8,하선,수진,2826,평일,11:00,8.1
202403,8,상선,모란,2827,평일,11:00,6.5
202403,8,하선,모란,2827,평일,11:00,0.0
202403,8,상선,암사,2811,토요일,11:00,0.0
202403,8,하선,암사,2811,토요일,11:00,19.8
202403,8,상선,천호,2812,토요일,11:00,8.1
202403,8,하선,천호,2812,토요일,11:00,50.5
202403,8,상선,강동구청,2813,토요일,11:00,36.3
202403,8,하선,강동구청,2813,토요일,11:00,49.1
202403,8,상선,몽촌토성,2814,토요일,11:00,35.9
202403,8,하선,몽촌토성,2814,토요일,11:00,51.5
202403,8,상선,잠실,2815,토요일,11:00,36.2
202403,8,하선,잠실,2815,토요일,11:00,46.2
202403,8,상선,석촌,2816,토요일,11:00,69.5
202403,8,하선,석촌,2816,토요일,11:00,45.8
202403,8,상선,송파,2817,토요일,11:00,79.6
202403,8,하선,송파,2817,토요일,11:00,48.1
202403,8,상선,가락시장,2818,토요일,11:00,74.0
202403,8,하선,가락시장,2818,토요일,11:00,44.3
202403,8,상선,문정,2819,토요일,11:00,70.7
202403,8,하선,문정,2819,토요일,11:00,35.2
202403,8,상선,장지,2820,토요일,11:00,67.4
202403,8,하선,장지,2820,토요일,11:00,28.9
202403,8,상선,복정,2821,토요일,11:00,58.0
202403,8,하선,복정,2821,토요일,11:00,18.0
202403,8,상선,산성,2822,토요일,11:00,32.3
202403,8,하선,산성,2822,토요일,11:00,11.9
202403,8,상선,남한산성입구,2823,토요일,11:00,28.8
202403,8,하선,남한산성입구,2823,토요일,11:00,12.6
202403,8,상선,단대오거리,2824,토요일,11:00,20.3
202403,8,하선,단대오거리,2824,토요일,11:00,11.6
202403,8,상선,신흥,2825,토요일,11:00,11.8
202403,8,하선,신흥,2825,토요일,11:00,10.3
202403,8,상선,수진,2826,토요일,11:00,8.4
202403,8,하선,수진,2826,토요일,11:00,10.2
202403,8,상선,모란,2827,토요일,11:00,5.8
202403,8,하선,모란,2827,토요일,11:00,0.0
202403,8,상선,암사,2811,일요일,11:00,0.0
202403,8,하선,암사,2811,일요일,11:00,15.0
202403,8,상선,천호,2812,일요일,11:00,5.5
202403,8,하선,천호,2812,일요일,11:00,40.8
202403,8,상선,강동구청,2813,일요일,11:00,24.7
202403,8,하선,강동구청,2813,일요일,11:00,42.7
202403,8,상선,몽촌토성,2814,일요일,11:00,25.2
202403,8,하선,몽촌토성,2814,일요일,11:00,44.9
202403,8,상선,잠실,2815,일요일,11:00,25.1
202403,8,하선,잠실,2815,일요일,11:00,39.7
202403,8,상선,석촌,2816,일요일,11:00,51.1
202403,8,하선,석촌,2816,일요일,11:00,41.6
202403,8,상선,송파,2817,일요일,11:00,57.0
202403,8,하선,송파,2817,일요일,11:00,40.1
202403,8,상선,가락시장,2818,일요일,11:00,53.8
202403,8,하선,가락시장,2818,일요일,11:00,38.4
202403,8,상선,문정,2819,일요일,11:00,50.1
202403,8,하선,문정,2819,일요일,11:00,33.9
202403,8,상선,장지,2820,일요일,11:00,47.7
202403,8,하선,장지,2820,일요일,11:00,30.2
202403,8,상선,복정,2821,일요일,11:00,42.9
202403,8,하선,복정,2821,일요일,11:00,15.4
202403,8,상선,산성,2822,일요일,11:00,26.1
202403,8,하선,산성,2822,일요일,11:00,13.8
202403,8,상선,남한산성입구,2823,일요일,11:00,21.4
202403,8,하선,남한산성입구,2823,일요일,11:00,15.2
202403,8,상선,단대오거리,2824,일요일,11:00,15.0
202403,8,하선,단대오거리,2824,일요일,11:00,14.2
202403,8,상선,신흥,2825,일요일,11:00,10.9
202403,8,하선,신흥,2825,일요일,11:00,14.7
202403,8,상선,수진,2826,일요일,11:00,8.2
202403,8,하선,수진,2826,일요일,11:00,14.3
202403,8,상선,모란,2827,일요일,11:00,6.9
202406,8,상선,암사,2811,평일,11:00,0.0
202406,8,하선,암사,2811,평일,11:00,11.6
202406,8,상선,천호,2812,평일,11:00,6.5
202406,8,하선,천호,2812,평일,11:00,30.1
202406,8,상선,강동구청,2813,평일,11:00,20.9
202406,8,하선,강동구청,2813,평일,11:00,32.7
202406,8,상선,몽촌토성,2814,평일,11:00,20.7
202406,8,하선,몽촌토성,2814,평일,11:00,33.6
202406,8,상선,잠실,2815,평일,11:00,23.0
202406,8,하선,잠실,2815,평일,11:00,33.3
202406,8,상선,석촌,2816,평일,11:00,46.8
202406,8,하선,석촌,2816,평일,11:00,34.2
202406,8,상선,송파,2817,평일,11:00,51.5
202406,8,하선,송파,2817,평일,11:00,34.5
202406,8,상선,가락시장,2818,평일,11:00,49.9
202406,8,하선,가락시장,2818,평일,11:00,33.0
202406,8,상선,문정,2819,평일,11:00,45.2
202406,8,하선,문정,2819,평일,11:00,26.9
202406,8,상선,장지,2820,평일,11:00,40.5
202406,8,하선,장지,2820,평일,11:00,21.7
202406,8,상선,복정,2821,평일,11:00,36.0
202406,8,하선,복정,2821,평일,11:00,13.0
202406,8,상선,산성,2822,평일,11:00,19.5
202406,8,하선,산성,2822,평일,11:00,10.5
202406,8,상선,남한산성입구,2823,평일,11:00,16.5
202406,8,하선,남한산성입구,2823,평일,11:00,9.7
202406,8,상선,단대오거리,2824,평일,11:00,11.8
202406,8,하선,단대오거리,2824,평일,11:00,8.7
202406,8,상선,신흥,2825,평일,11:00,8.7
202406,8,하선,신흥,2825,평일,11:00,7.8
202406,8,상선,수진,2826,평일,11:00,7.2
202406,8,하선,수진,2826,평일,11:00,8.0
202406,8,상선,모란,2827,평일,11:00,6.3
202406,8,하선,모란,2827,평일,11:00,0.0
202406,8,상선,암사,2811,토요일,11:00,0.0
202406,8,하선,암사,2811,토요일,11:00,17.0
202406,8,상선,천호,2812,토요일,11:00,9.1
202406,8,하선,천호,2812,토요일,11:00,46.2
202406,8,상선,강동구청,2813,토요일,11:00,33.4
202406,8,하선,강동구청,2813,토요일,11:00,50.1
202406,8,상선,몽촌토성,2814,토요일,11:00,33.5
202406,8,하선,몽촌토성,2814,토요일,11:00,52.7
202406,8,상선,잠실,2815,토요일,11:00,32.0
202406,8,하선,잠실,2815,토요일,11:00,41.4
202406,8,상선,석촌,2816,토요일,11:00,66.8
202406,8,하선,석촌,2816,토요일,11:00,39.9
202406,8,상선,송파,2817,토요일,11:00,74.2
202406,8,하선,송파,2817,토요일,11:00,39.6
202406,8,상선,가락시장,2818,토요일,11:00,67.8
202406,8,하선,가락시장,2818,토요일,11:00,35.8
202406,8,상선,문정,2819,토요일,11:00,60.8
202406,8,하선,문정,2819,토요일,11:00,29.7
202406,8,상선,장지,2820,토요일,11:00,57.5
202406,8,하선,장지,2820,토요일,11:00,25.0
202406,8,상선,복정,2821,토요일,11:00,49.8
202406,8,하선,복정,2821,토요일,11:00,12.8
202406,8,상선,산성,2822,토요일,11:00,28.8
202406,8,하선,산성,2822,토요일,11:00,10.2
202406,8,상선,남한산성입구,2823,토요일,11:00,24.0
202406,8,하선,남한산성입구,2823,토요일,11:00,11.5
202406,8,상선,단대오거리,2824,토요일,11:00,16.4
202406,8,하선,단대오거리,2824,토요일,11:00,10.5
202406,8,상선,신흥,2825,토요일,11:00,10.1
202406,8,하선,신흥,2825,토요일,11:00,9.6
202406,8,상선,수진,2826,토요일,11:00,8.0
202406,8,하선,수진,2826,토요일,11:00,8.2
202406,8,상선,모란,2827,토요일,11:00,6.8
202406,8,하선,모란,2827,토요일,11:00,0.0
202406,8,상선,암사,2811,일요일,11:00,0.0
202406,8,하선,암사,2811,일요일,11:00,13.1
202406,8,상선,천호,2812,일요일,11:00,4.2
202406,8,하선,천호,2812,일요일,11:00,32.6
202406,8,상선,강동구청,2813,일요일,11:00,19.9
202406,8,하선,강동구청,2813,일요일,11:00,36.0
202406,8,상선,몽촌토성,2814,일요일,11:00,20.7
202406,8,하선,몽촌토성,2814,일요일,11:00,41.7
202406,8,상선,잠실,2815,일요일,11:00,20.2
202406,8,하선,잠실,2815,일요일,11:00,29.9
202406,8,상선,석촌,2816,일요일,11:00,45.3
202406,8,하선,석촌,2816,일요일,11:00,29.5
202406,8,상선,송파,2817,일요일,11:00,49.5
202406,8,하선,송파,2817,일요일,11:00,27.5
202406,8,상선,가락시장,2818,일요일,11:00,46.7
202406,8,하선,가락시장,2818,일요일,11:00,24.3
202406,8,상선,문정,2819,일요일,11:00,43.3
202406,8,하선,문정,2819,일요일,11:00,21.3
202406,8,상선,장지,2820,일요일,11:00,41.2
202406,8,하선,장지,2820,일요일,11:00,17.1
202406,8,상선,복정,2821,일요일,11:00,36.9
202406,8,하선,복정,2821,일요일,11:00,9.1
202406,8,상선,산성,2822,일요일,11:00,22.2
202406,8,하선,산성,2822,일요일,11:00,6.7
202406,8,상선,남한산성입구,2823,일요일,11:00,18.5
202406,8,하선,남한산성입구,2823,일요일,11:00,6.8
202406,8,상선,단대오거리,2824,일요일,11:00,12.8
202406,8,하선,단대오거리,2824,일요일,11:00,7.2
202406,8,상선,신흥,2825,일요일,11:00,7.4
202406,8,하선,신흥,2825,일요일,11:00,6.8
202406,8,상선,수진,2826,일요일,11:00,5.0
202406,8,하선,수진,2826,일요일,11:00,7.4
202406,8,상선,모란,2827,일요일,11:00,3.3
2020,8,상선,암사,2811,평일,11:30,0.0
2020,8,하선,암사,2811,평일,11:30,9.3
2020,8,상선,천호,2812,평일,11:30,6.6
2020,8,하선,천호,2812,평일,11:30,24.5
2020,8,상선,강동구청,2813,평일,11:30,18.8
2020,8,하선,강동구청,2813,평일,11:30,25.4
2020,8,상선,몽촌토성,2814,평일,11:30,18.2
2020,8,하선,몽촌토성,2814,평일,11:30,26.0
2020,8,상선,잠실,2815,평일,11:30,19.5
2020,8,하선,잠실,2815,평일,11:30,31.2
2020,8,상선,석촌,2816,평일,11:30,28.9
2020,8,하선,석촌,2816,평일,11:30,33.4
2020,8,상선,송파,2817,평일,11:30,33.3
2020,8,하선,송파,2817,평일,11:30,32.8
2020,8,상선,가락시장,2818,평일,11:30,32.1
2020,8,하선,가락시장,2818,평일,11:30,31.7
2020,8,상선,문정,2819,평일,11:30,30.4
2020,8,하선,문정,2819,평일,11:30,25.5
2020,8,상선,장지,2820,평일,11:30,25.8
2020,8,하선,장지,2820,평일,11:30,17.7
2020,8,상선,복정,2821,평일,11:30,23.5
2020,8,하선,복정,2821,평일,11:30,10.5
2020,8,상선,산성,2822,평일,11:30,13.9
2020,8,하선,산성,2822,평일,11:30,8.5
2020,8,상선,남한산성입구,2823,평일,11:30,12.0
2020,8,하선,남한산성입구,2823,평일,11:30,7.8
2020,8,상선,단대오거리,2824,평일,11:30,9.1
2020,8,하선,단대오거리,2824,평일,11:30,7.0
2020,8,상선,신흥,2825,평일,11:30,6.8
2020,8,하선,신흥,2825,평일,11:30,6.3
2020,8,상선,수진,2826,평일,11:30,6.5
2020,8,하선,수진,2826,평일,11:30,6.1
2020,8,상선,모란,2827,평일,11:30,5.9
2020,8,하선,모란,2827,평일,11:30,0.0
2020,8,상선,암사,2811,토요일,11:30,0.0
2020,8,하선,암사,2811,토요일,11:30,11.2
2020,8,상선,천호,2812,토요일,11:30,6.5
2020,8,하선,천호,2812,토요일,11:30,27.3
2020,8,상선,강동구청,2813,토요일,11:30,20.6
2020,8,하선,강동구청,2813,토요일,11:30,27.8
2020,8,상선,몽촌토성,2814,토요일,11:30,21.8
2020,8,하선,몽촌토성,2814,토요일,11:30,28.8
2020,8,상선,잠실,2815,토요일,11:30,23.0
2020,8,하선,잠실,2815,토요일,11:30,26.6
2020,8,상선,석촌,2816,토요일,11:30,36.7
2020,8,하선,석촌,2816,토요일,11:30,30.0
2020,8,상선,송파,2817,토요일,11:30,40.3
2020,8,하선,송파,2817,토요일,11:30,32.7
2020,8,상선,가락시장,2818,토요일,11:30,38.0
2020,8,하선,가락시장,2818,토요일,11:30,31.2
2020,8,상선,문정,2819,토요일,11:30,35.9
2020,8,하선,문정,2819,토요일,11:30,26.3
2020,8,상선,장지,2820,토요일,11:30,31.9
2020,8,하선,장지,2820,토요일,11:30,18.2
2020,8,상선,복정,2821,토요일,11:30,28.2
2020,8,하선,복정,2821,토요일,11:30,9.7
2020,8,상선,산성,2822,토요일,11:30,15.2
2020,8,하선,산성,2822,토요일,11:30,8.4
2020,8,상선,남한산성입구,2823,토요일,11:30,13.5
2020,8,하선,남한산성입구,2823,토요일,11:30,8.9
2020,8,상선,단대오거리,2824,토요일,11:30,9.3
2020,8,하선,단대오거리,2824,토요일,11:30,6.8
2020,8,상선,신흥,2825,토요일,11:30,6.3
2020,8,하선,신흥,2825,토요일,11:30,5.7
2020,8,상선,수진,2826,토요일,11:30,6.1
2020,8,하선,수진,2826,토요일,11:30,5.8
2020,8,상선,모란,2827,토요일,11:30,5.6
2020,8,하선,모란,2827,토요일,11:30,0.0
2020,8,상선,암사,2811,일요일,11:30,0.0
2020,8,하선,암사,2811,일요일,11:30,7.4
2020,8,상선,천호,2812,일요일,11:30,4.6
2020,8,하선,천호,2812,일요일,11:30,19.2
2020,8,상선,강동구청,2813,일요일,11:30,13.0
2020,8,하선,강동구청,2813,일요일,11:30,20.4
2020,8,상선,몽촌토성,2814,일요일,11:30,15.6
2020,8,하선,몽촌토성,2814,일요일,11:30,20.6
2020,8,상선,잠실,2815,일요일,11:30,15.3
2020,8,하선,잠실,2815,일요일,11:30,21.5
2020,8,상선,석촌,2816,일요일,11:30,28.1
2020,8,하선,석촌,2816,일요일,11:30,20.4
2020,8,상선,송파,2817,일요일,11:30,31.1
2020,8,하선,송파,2817,일요일,11:30,19.4
2020,8,상선,가락시장,2818,일요일,11:30,24.5
2021,8,상선,암사,2811,평일,11:30,0.0
2021,8,하선,암사,2811,평일,11:30,9.9
2021,8,상선,천호,2812,평일,11:30,7.4
2021,8,하선,천호,2812,평일,11:30,27.6
2021,8,상선,강동구청,2813,평일,11:30,21.0
2021,8,하선,강동구청,2813,평일,11:30,31.4
2021,8,상선,몽촌토성,2814,평일,11:30,21.8
2021,8,하선,몽촌토성,2814,평일,11:30,32.7
2021,8,상선,잠실,2815,평일,11:30,23.4
2021,8,하선,잠실,2815,평일,11:30,33.9
2021,8,상선,석촌,2816,평일,11:30,36.1
2021,8,하선,석촌,2816,평일,11:30,35.8
2021,8,상선,송파,2817,평일,11:30,40.3
2021,8,하선,송파,2817,평일,11:30,35.0
2021,8,상선,가락시장,2818,평일,11:30,38.3
2021,8,하선,가락시장,2818,평일,11:30,30.9
2021,8,상선,문정,2819,평일,11:30,35.0
2021,8,하선,문정,2819,평일,11:30,25.4
2021,8,상선,장지,2820,평일,11:30,30.5
2021,8,하선,장지,2820,평일,11:30,19.9
2021,8,상선,복정,2821,평일,11:30,27.3
2021,8,하선,복정,2821,평일,11:30,10.0
2021,8,상선,산성,2822,평일,11:30,15.2
2021,8,하선,산성,2822,평일,11:30,9.2
2021,8,상선,남한산성입구,2823,평일,11:30,13.3
2021,8,하선,남한산성입구,2823,평일,11:30,8.7
2021,8,상선,단대오거리,2824,평일,11:30,9.5
2021,8,하선,단대오거리,2824,평일,11:30,8.1
2021,8,상선,신흥,2825,평일,11:30,7.0
2021,8,하선,신흥,2825,평일,11:30,7.4
2021,8,상선,수진,2826,평일,11:30,6.2
2021,8,하선,수진,2826,평일,11:30,7.4
2021,8,상선,모란,2827,평일,11:30,5.7
2021,8,하선,모란,2827,평일,11:30,0.0
2021,8,상선,암사,2811,토요일,11:30,0.0
2021,8,하선,암사,2811,토요일,11:30,14.4
2021,8,상선,천호,2812,토요일,11:30,8.0
2021,8,하선,천호,2812,토요일,11:30,34.9
2021,8,상선,강동구청,2813,토요일,11:30,26.0
2021,8,하선,강동구청,2813,토요일,11:30,38.6
2021,8,상선,몽촌토성,2814,토요일,11:30,25.6
2021,8,하선,몽촌토성,2814,토요일,11:30,40.9
2021,8,상선,잠실,2815,토요일,11:30,26.8
2021,8,하선,잠실,2815,토요일,11:30,36.4
2021,8,상선,석촌,2816,토요일,11:30,46.8
2021,8,하선,석촌,2816,토요일,11:30,33.2
2021,8,상선,송파,2817,토요일,11:30,51.2
2021,8,하선,송파,2817,토요일,11:30,30.7
2021,8,상선,가락시장,2818,토요일,11:30,44.5
2021,8,하선,가락시장,2818,토요일,11:30,27.5
2021,8,상선,문정,2819,토요일,11:30,42.6
2021,8,하선,문정,2819,토요일,11:30,22.7
2021,8,상선,장지,2820,토요일,11:30,39.0
2021,8,하선,장지,2820,토요일,11:30,20.4
2021,8,상선,복정,2821,토요일,11:30,33.2
2021,8,하선,복정,2821,토요일,11:30,11.5
2021,8,상선,산성,2822,토요일,11:30,20.4
2021,8,하선,산성,2822,토요일,11:30,10.3
2021,8,상선,남한산성입구,2823,토요일,11:30,18.3
2021,8,하선,남한산성입구,2823,토요일,11:30,8.5
2021,8,상선,단대오거리,2824,토요일,11:30,12.8
2021,8,하선,단대오거리,2824,토요일,11:30,7.4
2021,8,상선,신흥,2825,토요일,11:30,8.4
2021,8,하선,신흥,2825,토요일,11:30,6.8
2021,8,상선,수진,2826,토요일,11:30,6.7
2021,8,하선,수진,2826,토요일,11:30,6.3
2021,8,상선,모란,2827,토요일,11:30,5.9
2021,8,하선,모란,2827,토요일,11:30,0.0
2022,8,상선,암사,2811,평일,11:30,0.0
2022,8,하선,암사,2811,평일,11:30,11.4
2022,8,상선,천호,2812,평일,11:30,7.4
2022,8,하선,천호,2812,평일,11:30,31.4
2022,8,상선,강동구청,2813,평일,11:30,22.3
2022,8,하선,강동구청,2813,평일,11:30,33.8
2022,8,상선,몽촌토성,2814,평일,11:30,21.7
2022,8,하선,몽촌토성,2814,평일,11:30,33.4
2022,8,상선,잠실,2815,평일,11:30,23.7
2022,8,하선,잠실,2815,평일,11:30,35.4
2022,8,상선,석촌,2816,평일,11:30,42.9
2022,8,하선,석촌,2816,평일,11:30,37.2
2022,8,상선,송파,2817,평일,11:30,46.9
2022,8,하선,송파,2817,평일,11:30,36.6
2022,8,상선,가락시장,2818,평일,11:30,44.5
2022,8,하선,가락시장,2818,평일,11:30,33.7
2022,8,상선,문정,2819,평일,11:30,42.2
2022,8,하선,문정,2819,평일,11:30,27.0
2022,8,상선,장지,2820,평일,11:30,35.3
2022,8,하선,장지,2820,평일,11:30,21.1
2022,8,상선,복정,2821,평일,11:30,31.7
2022,8,하선,복정,2821,평일,11:30,12.4
2022,8,상선,산성,2822,평일,11:30,16.2
2022,8,하선,산성,2822,평일,11:30,10.0
2022,8,상선,남한산성입구,2823,평일,11:30,14.3
2022,8,하선,남한산성입구,2823,평일,11:30,8.9
2022,8,상선,단대오거리,2824,평일,11:30,10.5
2022,8,하선,단대오거리,2824,평일,11:30,8.2
2022,8,상선,신흥,2825,평일,11:30,7.7
2022,8,하선,신흥,2825,평일,11:30,7.2
2022,8,상선,수진,2826,평일,11:30,6.4
2022,8,하선,수진,2826,평일,11:30,7.3
2022,8,상선,모란,2827,평일,11:30,5.9
2022,8,하선,모란,2827,평일,11:30,0.0
2022,8,상선,암사,2811,토요일,11:30,0.0
2022,8,하선,암사,2811,토요일,11:30,15.2
2022,8,상선,천호,2812,토요일,11:30,9.5
2022,8,하선,천호,2812,토요일,11:30,41.9
2022,8,상선,강동구청,2813,토요일,11:30,30.1
2022,8,하선,강동구청,2813,토요일,11:30,44.6
2022,8,상선,몽촌토성,2814,토요일,11:30,30.6
2022,8,하선,몽촌토성,2814,토요일,11:30,45.5
2022,8,상선,잠실,2815,토요일,11:30,31.4
2022,8,하선,잠실,2815,토요일,11:30,38.9
2022,8,상선,석촌,2816,토요일,11:30,56.7
2022,8,하선,석촌,2816,토요일,11:30,40.8
2022,8,상선,송파,2817,토요일,11:30,64.6
2022,8,하선,송파,2817,토요일,11:30,43.1
2022,8,상선,가락시장,2818,토요일,11:30,60.8
2022,8,하선,가락시장,2818,토요일,11:30,38.3
2022,8,상선,문정,2819,토요일,11:30,55.7
2022,8,하선,문정,2819,토요일,11:30,30.1
2022,8,상선,장지,2820,토요일,11:30,50.9
2022,8,하선,장지,2820,토요일,11:30,24.0
2022,8,상선,복정,2821,토요일,11:30,44.0
2022,8,하선,복정,2821,토요일,11:30,14.0
2022,8,상선,산성,2822,토요일,11:30,24.9
2022,8,하선,산성,2822,토요일,11:30,9.9
2022,8,상선,남한산성입구,2823,토요일,11:30,21.8
2022,8,하선,남한산성입구,2823,토요일,11:30,9.8
2022,8,상선,단대오거리,2824,토요일,11:30,15.0
2022,8,하선,단대오거리,2824,토요일,11:30,8.7
2022,8,상선,신흥,2825,토요일,11:30,8.9
2022,8,하선,신흥,2825,토요일,11:30,7.1
2022,8,상선,암사,2811,공휴일,11:30,0.0
2022,8,하선,암사,2811,공휴일,11:30,11.1
2022,8,상선,천호,2812,공휴일,11:30,5.3
2022,8,하선,천호,2812,공휴일,11:30,28.0
2022,8,상선,강동구청,2813,공휴일,11:30,18.1
2022,8,하선,강동구청,2813,공휴일,11:30,33.9
2022,8,상선,몽촌토성,2814,공휴일,11:30,18.6
2022,8,하선,몽촌토성,2814,공휴일,11:30,34.5
2022,8,상선,잠실,2815,공휴일,11:30,20.6
2022,8,하선,잠실,2815,공휴일,11:30,29.9
2022,8,상선,석촌,2816,공휴일,11:30,40.9
2022,8,하선,석촌,2816,공휴일,11:30,31.8
2022,8,상선,송파,2817,공휴일,11:30,46.3
2022,8,하선,송파,2817,공휴일,11:30,31.6
2022,8,상선,가락시장,2818,공휴일,11:30,43.6
2022,8,하선,가락시장,2818,공휴일,11:30,29.5
2022,8,상선,문정,2819,공휴일,11:30,37.1
2022,8,하선,문정,2819,공휴일,11:30,23.1
2022,8,상선,장지,2820,공휴일,11:30,34.5
2022,8,하선,장지,2820,공휴일,11:30,18.2
2022,8,상선,복정,2821,공휴일,11:30,30.6
2022,8,하선,복정,2821,공휴일,11:30,10.3
2022,8,상선,산성,2822,공휴일,11:30,17.7
2022,8,하선,산성,2822,공휴일,11:30,8.8
2022,8,상선,남한산성입구,2823,공휴일,11:30,15.3
2022,8,하선,남한산성입구,2823,공휴일,11:30,8.0
2022,8,상선,단대오거리,2824,공휴일,11:30,11.0
2022,8,하선,단대오거리,2824,공휴일,11:30,7.2
2022,8,상선,신흥,2825,공휴일,11:30,5.7
2022,8,하선,신흥,2825,공휴일,11:30,6.5
2022,8,상선,수진,2826,공휴일,11:30,4.4
2022,8,하선,수진,2826,공휴일,11:30,6.3
2022,8,상선,모란,2827,공휴일,11:30,3.6
2022,8,하선,모란,2827,공휴일,11:30,0.0
2023,8,상선,암사,2811,평일,11:30,0.0
2023,8,하선,암사,2811,평일,11:30,10.8
2023,8,상선,천호,2812,평일,11:30,7.2
2023,8,하선,천호,2812,평일,11:30,32.3
2023,8,상선,강동구청,2813,평일,11:30,22.0
2023,8,하선,강동구청,2813,평일,11:30,34.4
2023,8,상선,몽촌토성,2814,평일,11:30,22.0
2023,8,하선,몽촌토성,2814,평일,11:30,33.6
2023,8,상선,잠실,2815,평일,11:30,23.9
2023,8,하선,잠실,2815,평일,11:30,35.1
2023,8,상선,석촌,2816,평일,11:30,43.1
2023,8,하선,석촌,2816,평일,11:30,37.0
2023,8,상선,송파,2817,평일,11:30,46.9
2023,8,하선,송파,2817,평일,11:30,36.8
2023,8,상선,가락시장,2818,평일,11:30,44.1
2023,8,하선,가락시장,2818,평일,11:30,33.3
2023,8,상선,문정,2819,평일,11:30,41.5
2023,8,하선,문정,2819,평일,11:30,27.0
2023,8,상선,장지,2820,평일,11:30,34.0
2023,8,하선,장지,2820,평일,11:30,20.6
2023,8,상선,복정,2821,평일,11:30,29.9
2023,8,하선,복정,2821,평일,11:30,12.4
2023,8,상선,산성,2822,평일,11:30,16.4
2023,8,하선,산성,2822,평일,11:30,10.8
2023,8,상선,남한산성입구,2823,평일,11:30,14.2
2023,8,하선,남한산성입구,2823,평일,11:30,9.4
2023,8,상선,단대오거리,2824,평일,11:30,10.6
2023,8,하선,단대오거리,2824,평일,11:30,8.9
2023,8,상선,신흥,2825,평일,11:30,8.0
2023,8,하선,신흥,2825,평일,11:30,7.7
2023,8,상선,수진,2826,평일,11:30,6.9
2023,8,하선,수진,2826,평일,11:30,7.4
2023,8,상선,모란,2827,평일,11:30,6.3
2023,8,하선,모란,2827,평일,11:30,0.0
2023,8,상선,암사,2811,토요일,11:30,0.0
2023,8,하선,암사,2811,토요일,11:30,15.1
2023,8,상선,천호,2812,토요일,11:30,7.7
2023,8,하선,천호,2812,토요일,11:30,44.4
2023,8,상선,강동구청,2813,토요일,11:30,27.5
2023,8,하선,강동구청,2813,토요일,11:30,49.3
2023,8,상선,몽촌토성,2814,토요일,11:30,27.1
2023,8,하선,몽촌토성,2814,토요일,11:30,49.7
2023,8,상선,잠실,2815,토요일,11:30,31.2
2023,8,하선,잠실,2815,토요일,11:30,47.5
2023,8,상선,석촌,2816,토요일,11:30,65.4
2023,8,하선,석촌,2816,토요일,11:30,49.1
2023,8,상선,송파,2817,토요일,11:30,73.1
2023,8,하선,송파,2817,토요일,11:30,49.3
2023,8,상선,가락시장,2818,토요일,11:30,68.2
2023,8,하선,가락시장,2818,토요일,11:30,42.8
2023,8,상선,문정,2819,토요일,11:30,66.0
2023,8,하선,문정,2819,토요일,11:30,33.3
2023,8,상선,장지,2820,토요일,11:30,56.8
2023,8,하선,장지,2820,토요일,11:30,27.3
2023,8,상선,복정,2821,토요일,11:30,50.1
2023,8,하선,복정,2821,토요일,11:30,16.0
2023,8,상선,산성,2822,토요일,11:30,30.0
2023,8,하선,산성,2822,토요일,11:30,11.5
2023,8,상선,남한산성입구,2823,토요일,11:30,26.0
2023,8,하선,남한산성입구,2823,토요일,11:30,12.9
2023,8,상선,단대오거리,2824,토요일,11:30,18.7
2023,8,하선,단대오거리,2824,토요일,11:30,12.1
2023,8,상선,신흥,2825,토요일,11:30,11.7
2023,8,하선,신흥,2825,토요일,11:30,10.4
2023,8,상선,수진,2826,토요일,11:30,8.4
2023,8,하선,수진,2826,토요일,11:30,10.0
2023,8,상선,모란,2827,토요일,11:30,6.7
2023,8,하선,모란,2827,토요일,11:30,0.0
2023,8,상선,암사,2811,일요일,11:30,0.0
2023,8,하선,암사,2811,일요일,11:30,14.3
2023,8,상선,천호,2812,일요일,11:30,5.9
2023,8,하선,천호,2812,일요일,11:30,34.3
2023,8,상선,강동구청,2813,일요일,11:30,20.3
2023,8,하선,강동구청,2813,일요일,11:30,36.0
2023,8,상선,몽촌토성,2814,일요일,11:30,20.6
2023,8,하선,몽촌토성,2814,일요일,11:30,36.3
2023,8,상선,잠실,2815,일요일,11:30,21.9
2023,8,하선,잠실,2815,일요일,11:30,33.3
2023,8,상선,석촌,2816,일요일,11:30,48.3
2023,8,하선,석촌,2816,일요일,11:30,34.8
2023,8,상선,송파,2817,일요일,11:30,52.9
2023,8,하선,송파,2817,일요일,11:30,36.8
2023,8,상선,가락시장,2818,일요일,11:30,49.5
2023,8,하선,가락시장,2818,일요일,11:30,31.7
2023,8,상선,문정,2819,일요일,11:30,48.1
2023,8,하선,문정,2819,일요일,11:30,24.3
2023,8,상선,장지,2820,일요일,11:30,41.4
2023,8,하선,장지,2820,일요일,11:30,19.3
2023,8,상선,복정,2821,일요일,11:30,37.1
2023,8,하선,복정,2821,일요일,11:30,12.0
2023,8,상선,산성,2822,일요일,11:30,20.7
2023,8,하선,산성,2822,일요일,11:30,9.6
2023,8,상선,남한산성입구,2823,일요일,11:30,17.7
2023,8,하선,남한산성입구,2823,일요일,11:30,10.2
2023,8,상선,단대오거리,2824,일요일,11:30,12.9
2023,8,하선,단대오거리,2824,일요일,11:30,9.2
2023,8,상선,신흥,2825,일요일,11:30,7.5
2023,8,하선,신흥,2825,일요일,11:30,7.8
2023,8,상선,수진,2826,일요일,11:30,5.9
2023,8,하선,수진,2826,일요일,11:30,6.3
2023,8,상선,모란,2827,일요일,11:30,5.1
202403,8,상선,암사,2811,평일,11:30,0.0
202403,8,하선,암사,2811,평일,11:30,11.5
202403,8,상선,천호,2812,평일,11:30,8.3
202403,8,하선,천호,2812,평일,11:30,33.6
202403,8,상선,강동구청,2813,평일,11:30,23.1
202403,8,하선,강동구청,2813,평일,11:30,35.7
202403,8,상선,몽촌토성,2814,평일,11:30,22.7
202403,8,하선,몽촌토성,2814,평일,11:30,35.7
202403,8,상선,잠실,2815,평일,11:30,24.5
202403,8,하선,잠실,2815,평일,11:30,36.8
202403,8,상선,석촌,2816,평일,11:30,43.9
202403,8,하선,석촌,2816,평일,11:30,38.5
202403,8,상선,송파,2817,평일,11:30,47.9
202403,8,하선,송파,2817,평일,11:30,37.8
202403,8,상선,가락시장,2818,평일,11:30,45.5
202403,8,하선,가락시장,2818,평일,11:30,34.5
202403,8,상선,문정,2819,평일,11:30,42.8
202403,8,하선,문정,2819,평일,11:30,28.0
202403,8,상선,장지,2820,평일,11:30,35.0
202403,8,하선,장지,2820,평일,11:30,21.7
202403,8,상선,복정,2821,평일,11:30,30.6
202403,8,하선,복정,2821,평일,11:30,13.1
202403,8,상선,산성,2822,평일,11:30,17.2
202403,8,하선,산성,2822,평일,11:30,10.9
202403,8,상선,남한산성입구,2823,평일,11:30,15.2
202403,8,하선,남한산성입구,2823,평일,11:30,9.6
202403,8,상선,단대오거리,2824,평일,11:30,11.4
202403,8,하선,단대오거리,2824,평일,11:30,8.8
202403,8,상선,신흥,2825,평일,11:30,7.9
202403,8,하선,신흥,2825,평일,11:30,7.8
202403,8,상선,수진,2826,평일,11:30,6.7
202403,8,하선,수진,2826,평일,11:30,7.9
202403,8,상선,모란,2827,평일,11:30,6.1
202403,8,하선,모란,2827,평일,11:30,0.0
202403,8,상선,암사,2811,토요일,11:30,0.0
202403,8,하선,암사,2811,토요일,11:30,18.1
202403,8,상선,천호,2812,토요일,11:30,9.4
202403,8,하선,천호,2812,토요일,11:30,47.6
202403,8,상선,강동구청,2813,토요일,11:30,33.5
202403,8,하선,강동구청,2813,토요일,11:30,55.7
202403,8,상선,몽촌토성,2814,토요일,11:30,33.4
202403,8,하선,몽촌토성,2814,토요일,11:30,58.2
202403,8,상선,잠실,2815,토요일,11:30,40.8
202403,8,하선,잠실,2815,토요일,11:30,48.9
202403,8,상선,석촌,2816,토요일,11:30,74.7
202403,8,하선,석촌,2816,토요일,11:30,49.4
202403,8,상선,송파,2817,토요일,11:30,82.5
202403,8,하선,송파,2817,토요일,11:30,47.6
202403,8,상선,가락시장,2818,토요일,11:30,78.6
202403,8,하선,가락시장,2818,토요일,11:30,40.6
202403,8,상선,문정,2819,토요일,11:30,74.4
202403,8,하선,문정,2819,토요일,11:30,31.1
202403,8,상선,장지,2820,토요일,11:30,65.1
202403,8,하선,장지,2820,토요일,11:30,24.8
202403,8,상선,복정,2821,토요일,11:30,57.2
202403,8,하선,복정,2821,토요일,11:30,14.7
202403,8,상선,산성,2822,토요일,11:30,33.7
202403,8,하선,산성,2822,토요일,11:30,12.0
202403,8,상선,남한산성입구,2823,토요일,11:30,27.3
202403,8,하선,남한산성입구,2823,토요일,11:30,12.5
202403,8,상선,단대오거리,2824,토요일,11:30,19.4
202403,8,하선,단대오거리,2824,토요일,11:30,11.7
202403,8,상선,신흥,2825,토요일,11:30,11.4
202403,8,하선,신흥,2825,토요일,11:30,10.3
202403,8,상선,수진,2826,토요일,11:30,8.7
202403,8,하선,수진,2826,토요일,11:30,11.3
202403,8,상선,모란,2827,토요일,11:30,7.3
202403,8,하선,모란,2827,토요일,11:30,0.0
202403,8,상선,암사,2811,일요일,11:30,0.0
202403,8,하선,암사,2811,일요일,11:30,14.7
202403,8,상선,천호,2812,일요일,11:30,6.9
202403,8,하선,천호,2812,일요일,11:30,37.7
202403,8,상선,강동구청,2813,일요일,11:30,19.3
202403,8,하선,강동구청,2813,일요일,11:30,42.0
202403,8,상선,몽촌토성,2814,일요일,11:30,19.3
202403,8,하선,몽촌토성,2814,일요일,11:30,43.7
202403,8,상선,잠실,2815,일요일,11:30,22.4
202403,8,하선,잠실,2815,일요일,11:30,39.7
202403,8,상선,석촌,2816,일요일,11:30,49.3
202403,8,하선,석촌,2816,일요일,11:30,40.7
202403,8,상선,송파,2817,일요일,11:30,58.4
202403,8,하선,송파,2817,일요일,11:30,43.1
202403,8,상선,가락시장,2818,일요일,11:30,54.6
202403,8,하선,가락시장,2818,일요일,11:30,40.2
202403,8,상선,문정,2819,일요일,11:30,52.5
202403,8,하선,문정,2819,일요일,11:30,34.2
202403,8,상선,장지,2820,일요일,11:30,46.9
202403,8,하선,장지,2820,일요일,11:30,28.5
202403,8,상선,복정,2821,일요일,11:30,41.3
202403,8,하선,복정,2821,일요일,11:30,15.6
202403,8,상선,산성,2822,일요일,11:30,24.0
202403,8,하선,산성,2822,일요일,11:30,14.1
202403,8,상선,남한산성입구,2823,일요일,11:30,20.3
202403,8,하선,남한산성입구,2823,일요일,11:30,14.8
202403,8,상선,단대오거리,2824,일요일,11:30,15.6
202403,8,하선,단대오거리,2824,일요일,11:30,15.1
202403,8,상선,신흥,2825,일요일,11:30,9.9
202403,8,하선,신흥,2825,일요일,11:30,14.4
202403,8,상선,수진,2826,일요일,11:30,7.2
202403,8,하선,수진,2826,일요일,11:30,13.0
202403,8,상선,모란,2827,일요일,11:30,6.7
202406,8,상선,암사,2811,평일,11:30,0.0
202406,8,하선,암사,2811,평일,11:30,11.5
202406,8,상선,천호,2812,평일,11:30,7.7
202406,8,하선,천호,2812,평일,11:30,29.3
202406,8,상선,강동구청,2813,평일,11:30,23.0
202406,8,하선,강동구청,2813,평일,11:30,31.5
202406,8,상선,몽촌토성,2814,평일,11:30,22.5
202406,8,하선,몽촌토성,2814,평일,11:30,31.7
202406,8,상선,잠실,2815,평일,11:30,24.1
202406,8,하선,잠실,2815,평일,11:30,34.9
202406,8,상선,석촌,2816,평일,11:30,44.6
202406,8,하선,석촌,2816,평일,11:30,37.9
202406,8,상선,송파,2817,평일,11:30,50.5
202406,8,하선,송파,2817,평일,11:30,37.2
202406,8,상선,가락시장,2818,평일,11:30,47.5
202406,8,하선,가락시장,2818,평일,11:30,32.1
202406,8,상선,문정,2819,평일,11:30,44.6
202406,8,하선,문정,2819,평일,11:30,25.6
202406,8,상선,장지,2820,평일,11:30,36.7
202406,8,하선,장지,2820,평일,11:30,20.2
202406,8,상선,복정,2821,평일,11:30,32.3
202406,8,하선,복정,2821,평일,11:30,12.6
202406,8,상선,산성,2822,평일,11:30,18.6
202406,8,하선,산성,2822,평일,11:30,10.7
202406,8,상선,남한산성입구,2823,평일,11:30,16.8
202406,8,하선,남한산성입구,2823,평일,11:30,9.9
202406,8,상선,단대오거리,2824,평일,11:30,11.2
202406,8,하선,단대오거리,2824,평일,11:30,8.9
202406,8,상선,신흥,2825,평일,11:30,8.2
202406,8,하선,신흥,2825,평일,11:30,8.0
202406,8,상선,수진,2826,평일,11:30,7.0
202406,8,하선,수진,2826,평일,11:30,7.8
202406,8,상선,모란,2827,평일,11:30,6.5
202406,8,하선,모란,2827,평일,11:30,0.0
202406,8,상선,암사,2811,토요일,11:30,0.0
202406,8,하선,암사,2811,토요일,11:30,15.4
202406,8,상선,천호,2812,토요일,11:30,9.0
202406,8,하선,천호,2812,토요일,11:30,39.5
202406,8,상선,강동구청,2813,토요일,11:30,26.7
202406,8,하선,강동구청,2813,토요일,11:30,48.1
202406,8,상선,몽촌토성,2814,토요일,11:30,26.3
202406,8,하선,몽촌토성,2814,토요일,11:30,44.8
202406,8,상선,잠실,2815,토요일,11:30,30.6
202406,8,하선,잠실,2815,토요일,11:30,41.9
202406,8,상선,석촌,2816,토요일,11:30,61.8
202406,8,하선,석촌,2816,토요일,11:30,43.5
202406,8,상선,송파,2817,토요일,11:30,69.1
202406,8,하선,송파,2817,토요일,11:30,43.1
202406,8,상선,가락시장,2818,토요일,11:30,64.9
202406,8,하선,가락시장,2818,토요일,11:30,38.3
202406,8,상선,문정,2819,토요일,11:30,58.2
202406,8,하선,문정,2819,토요일,11:30,31.1
202406,8,상선,장지,2820,토요일,11:30,49.0
202406,8,하선,장지,2820,토요일,11:30,25.7
202406,8,상선,복정,2821,토요일,11:30,41.9
202406,8,하선,복정,2821,토요일,11:30,14.0
202406,8,상선,산성,2822,토요일,11:30,26.0
202406,8,하선,산성,2822,토요일,11:30,11.2
202406,8,상선,남한산성입구,2823,토요일,11:30,22.5
202406,8,하선,남한산성입구,2823,토요일,11:30,10.9
202406,8,상선,단대오거리,2824,토요일,11:30,15.5
202406,8,하선,단대오거리,2824,토요일,11:30,10.1
202406,8,상선,신흥,2825,토요일,11:30,10.3
202406,8,하선,신흥,2825,토요일,11:30,8.7
202406,8,상선,수진,2826,토요일,11:30,7.8
202406,8,하선,수진,2826,토요일,11:30,10.7
202406,8,상선,모란,2827,토요일,11:30,5.9
202406,8,하선,모란,2827,토요일,11:30,0.0
202406,8,상선,암사,2811,일요일,11:30,0.0
202406,8,하선,암사,2811,일요일,11:30,12.4
202406,8,상선,천호,2812,일요일,11:30,5.6
202406,8,하선,천호,2812,일요일,11:30,29.7
202406,8,상선,강동구청,2813,일요일,11:30,23.9
202406,8,하선,강동구청,2813,일요일,11:30,33.5
202406,8,상선,몽촌토성,2814,일요일,11:30,22.1
202406,8,하선,몽촌토성,2814,일요일,11:30,40.5
202406,8,상선,잠실,2815,일요일,11:30,22.6
202406,8,하선,잠실,2815,일요일,11:30,33.5
202406,8,상선,석촌,2816,일요일,11:30,47.6
202406,8,하선,석촌,2816,일요일,11:30,32.6
202406,8,상선,송파,2817,일요일,11:30,52.9
202406,8,하선,송파,2817,일요일,11:30,32.6
202406,8,상선,가락시장,2818,일요일,11:30,49.8
202406,8,하선,가락시장,2818,일요일,11:30,27.8
202406,8,상선,문정,2819,일요일,11:30,45.3
202406,8,하선,문정,2819,일요일,11:30,23.8
202406,8,상선,장지,2820,일요일,11:30,38.8
202406,8,하선,장지,2820,일요일,11:30,18.0
202406,8,상선,복정,2821,일요일,11:30,34.5
202406,8,하선,복정,2821,일요일,11:30,11.1
202406,8,상선,산성,2822,일요일,11:30,21.5
202406,8,하선,산성,2822,일요일,11:30,8.0
202406,8,상선,남한산성입구,2823,일요일,11:30,17.1
202406,8,하선,남한산성입구,2823,일요일,11:30,8.6
202406,8,상선,단대오거리,2824,일요일,11:30,11.3
202406,8,하선,단대오거리,2824,일요일,11:30,8.3
202406,8,상선,신흥,2825,일요일,11:30,6.9
202406,8,하선,신흥,2825,일요일,11:30,7.6
202406,8,상선,수진,2826,일요일,11:30,5.0
202406,8,하선,수진,2826,일요일,11:30,6.8
202406,8,상선,모란,2827,일요일,11:30,3.7
2020,8,상선,암사,2811,평일,12:00,0.0
2020,8,하선,암사,2811,평일,12:00,11.0
2020,8,상선,천호,2812,평일,12:00,7.0
2020,8,하선,천호,2812,평일,12:00,28.9
2020,8,상선,강동구청,2813,평일,12:00,21.1
2020,8,하선,강동구청,2813,평일,12:00,31.2
2020,8,상선,몽촌토성,2814,평일,12:00,22.4
2020,8,하선,몽촌토성,2814,평일,12:00,31.7
2020,8,상선,잠실,2815,평일,12:00,22.9
2020,8,하선,잠실,2815,평일,12:00,33.9
2020,8,상선,석촌,2816,평일,12:00,34.3
2020,8,하선,석촌,2816,평일,12:00,33.0
2020,8,상선,송파,2817,평일,12:00,37.3
2020,8,하선,송파,2817,평일,12:00,32.3
2020,8,상선,가락시장,2818,평일,12:00,35.7
2020,8,하선,가락시장,2818,평일,12:00,27.8
2020,8,상선,문정,2819,평일,12:00,33.3
2020,8,하선,문정,2819,평일,12:00,23.5
2020,8,상선,장지,2820,평일,12:00,27.3
2020,8,하선,장지,2820,평일,12:00,18.5
2020,8,상선,복정,2821,평일,12:00,24.0
2020,8,하선,복정,2821,평일,12:00,9.6
2020,8,상선,산성,2822,평일,12:00,15.8
2020,8,하선,산성,2822,평일,12:00,8.9
2020,8,상선,남한산성입구,2823,평일,12:00,13.6
2020,8,하선,남한산성입구,2823,평일,12:00,7.8
2020,8,상선,단대오거리,2824,평일,12:00,10.6
2020,8,하선,단대오거리,2824,평일,12:00,7.0
2020,8,상선,신흥,2825,평일,12:00,8.0
2020,8,하선,신흥,2825,평일,12:00,6.3
2020,8,상선,수진,2826,평일,12:00,6.9
2020,8,하선,수진,2826,평일,12:00,6.8
2020,8,상선,모란,2827,평일,12:00,5.9
2020,8,하선,모란,2827,평일,12:00,0.0
2020,8,상선,암사,2811,토요일,12:00,0.0
2020,8,하선,암사,2811,토요일,12:00,11.9
2020,8,상선,천호,2812,토요일,12:00,7.3
2020,8,하선,천호,2812,토요일,12:00,27.6
2020,8,상선,강동구청,2813,토요일,12:00,21.9
2020,8,하선,강동구청,2813,토요일,12:00,29.4
2020,8,상선,몽촌토성,2814,토요일,12:00,22.6
2020,8,하선,몽촌토성,2814,토요일,12:00,30.6
2020,8,상선,잠실,2815,토요일,12:00,23.5
2020,8,하선,잠실,2815,토요일,12:00,29.3
2020,8,상선,석촌,2816,토요일,12:00,43.8
2020,8,하선,석촌,2816,토요일,12:00,29.2
2020,8,상선,송파,2817,토요일,12:00,47.7
2020,8,하선,송파,2817,토요일,12:00,29.5
2020,8,상선,가락시장,2818,토요일,12:00,42.0
2020,8,하선,가락시장,2818,토요일,12:00,26.1
2020,8,상선,문정,2819,토요일,12:00,38.2
2020,8,하선,문정,2819,토요일,12:00,22.0
2020,8,상선,장지,2820,토요일,12:00,33.3
2020,8,하선,장지,2820,토요일,12:00,20.4
2020,8,상선,복정,2821,토요일,12:00,30.2
2020,8,하선,복정,2821,토요일,12:00,10.4
2020,8,상선,산성,2822,토요일,12:00,19.1
2020,8,하선,산성,2822,토요일,12:00,9.2
2020,8,상선,남한산성입구,2823,토요일,12:00,15.6
2020,8,하선,남한산성입구,2823,토요일,12:00,7.5
2020,8,상선,단대오거리,2824,토요일,12:00,11.8
2020,8,하선,단대오거리,2824,토요일,12:00,6.0
2020,8,상선,신흥,2825,토요일,12:00,8.2
2020,8,하선,신흥,2825,토요일,12:00,5.0
2020,8,상선,수진,2826,토요일,12:00,7.0
2020,8,하선,수진,2826,토요일,12:00,4.9
2020,8,상선,모란,2827,토요일,12:00,5.5
2020,8,하선,모란,2827,토요일,12:00,0.0
2020,8,상선,암사,2811,일요일,12:00,0.0
2020,8,하선,암사,2811,일요일,12:00,8.5
2020,8,상선,천호,2812,일요일,12:00,4.2
2020,8,하선,천호,2812,일요일,12:00,18.9
2020,8,상선,강동구청,2813,일요일,12:00,11.7
2020,8,하선,강동구청,2813,일요일,12:00,21.0
2020,8,상선,몽촌토성,2814,일요일,12:00,12.7
2020,8,하선,몽촌토성,2814,일요일,12:00,21.7
2020,8,상선,잠실,2815,일요일,12:00,13.3
2020,8,하선,잠실,2815,일요일,12:00,20.3
2020,8,상선,석촌,2816,일요일,12:00,28.2
2020,8,하선,석촌,2816,일요일,12:00,23.1
2020,8,상선,송파,2817,일요일,12:00,30.1
2020,8,하선,송파,2817,일요일,12:00,23.4
2020,8,상선,가락시장,2818,일요일,12:00,28.8
2021,8,상선,암사,2811,평일,12:00,0.0
2021,8,하선,암사,2811,평일,12:00,12.2
2021,8,상선,천호,2812,평일,12:00,7.6
2021,8,하선,천호,2812,평일,12:00,29.3
2021,8,상선,강동구청,2813,평일,12:00,22.9
2021,8,하선,강동구청,2813,평일,12:00,31.6
2021,8,상선,몽촌토성,2814,평일,12:00,23.6
2021,8,하선,몽촌토성,2814,평일,12:00,32.6
2021,8,상선,잠실,2815,평일,12:00,24.6
2021,8,하선,잠실,2815,평일,12:00,34.0
2021,8,상선,석촌,2816,평일,12:00,39.5
2021,8,하선,석촌,2816,평일,12:00,40.5
2021,8,상선,송파,2817,평일,12:00,42.7
2021,8,하선,송파,2817,평일,12:00,40.0
2021,8,상선,가락시장,2818,평일,12:00,40.5
2021,8,하선,가락시장,2818,평일,12:00,36.2
2021,8,상선,문정,2819,평일,12:00,37.1
2021,8,하선,문정,2819,평일,12:00,30.2
2021,8,상선,장지,2820,평일,12:00,31.3
2021,8,하선,장지,2820,평일,12:00,21.3
2021,8,상선,복정,2821,평일,12:00,27.2
2021,8,하선,복정,2821,평일,12:00,9.7
2021,8,상선,산성,2822,평일,12:00,14.9
2021,8,하선,산성,2822,평일,12:00,8.9
2021,8,상선,남한산성입구,2823,평일,12:00,13.3
2021,8,하선,남한산성입구,2823,평일,12:00,8.1
2021,8,상선,단대오거리,2824,평일,12:00,10.2
2021,8,하선,단대오거리,2824,평일,12:00,7.6
2021,8,상선,신흥,2825,평일,12:00,8.0
2021,8,하선,신흥,2825,평일,12:00,6.8
2021,8,상선,수진,2826,평일,12:00,7.5
2021,8,하선,수진,2826,평일,12:00,7.2
2021,8,상선,모란,2827,평일,12:00,6.4
2021,8,하선,모란,2827,평일,12:00,0.0
2021,8,상선,암사,2811,토요일,12:00,0.0
2021,8,하선,암사,2811,토요일,12:00,14.7
2021,8,상선,천호,2812,토요일,12:00,7.1
2021,8,하선,천호,2812,토요일,12:00,35.0
2021,8,상선,강동구청,2813,토요일,12:00,25.8
2021,8,하선,강동구청,2813,토요일,12:00,36.5
2021,8,상선,몽촌토성,2814,토요일,12:00,26.4
2021,8,하선,몽촌토성,2814,토요일,12:00,38.0
2021,8,상선,잠실,2815,토요일,12:00,27.0
2021,8,하선,잠실,2815,토요일,12:00,34.5
2021,8,상선,석촌,2816,토요일,12:00,42.7
2021,8,하선,석촌,2816,토요일,12:00,38.2
2021,8,상선,송파,2817,토요일,12:00,47.5
2021,8,하선,송파,2817,토요일,12:00,37.0
2021,8,상선,가락시장,2818,토요일,12:00,44.5
2021,8,하선,가락시장,2818,토요일,12:00,34.5
2021,8,상선,문정,2819,토요일,12:00,41.2
2021,8,하선,문정,2819,토요일,12:00,28.2
2021,8,상선,장지,2820,토요일,12:00,36.8
2021,8,하선,장지,2820,토요일,12:00,19.8
2021,8,상선,복정,2821,토요일,12:00,38.9
2021,8,하선,복정,2821,토요일,12:00,9.6
2021,8,상선,산성,2822,토요일,12:00,22.4
2021,8,하선,산성,2822,토요일,12:00,8.0
2021,8,상선,남한산성입구,2823,토요일,12:00,20.1
2021,8,하선,남한산성입구,2823,토요일,12:00,8.5
2021,8,상선,단대오거리,2824,토요일,12:00,13.6
2021,8,하선,단대오거리,2824,토요일,12:00,7.9
2021,8,상선,신흥,2825,토요일,12:00,9.0
2021,8,하선,신흥,2825,토요일,12:00,6.9
2021,8,상선,수진,2826,토요일,12:00,7.7
2021,8,하선,수진,2826,토요일,12:00,7.0
2021,8,상선,모란,2827,토요일,12:00,6.3
2021,8,하선,모란,2827,토요일,12:00,0.0
2022,8,상선,암사,2811,평일,12:00,0.0
2022,8,하선,암사,2811,평일,12:00,12.0
2022,8,상선,천호,2812,평일,12:00,8.4
2022,8,하선,천호,2812,평일,12:00,32.6
2022,8,상선,강동구청,2813,평일,12:00,21.9
2022,8,하선,강동구청,2813,평일,12:00,34.7
2022,8,상선,몽촌토성,2814,평일,12:00,24.3
2022,8,하선,몽촌토성,2814,평일,12:00,36.4
2022,8,상선,잠실,2815,평일,12:00,27.6
2022,8,하선,잠실,2815,평일,12:00,40.3
2022,8,상선,석촌,2816,평일,12:00,42.5
2022,8,하선,석촌,2816,평일,12:00,44.1
2022,8,상선,송파,2817,평일,12:00,46.6
2022,8,하선,송파,2817,평일,12:00,42.9
2022,8,상선,가락시장,2818,평일,12:00,45.2
2022,8,하선,가락시장,2818,평일,12:00,37.4
2022,8,상선,문정,2819,평일,12:00,41.0
2022,8,하선,문정,2819,평일,12:00,32.5
2022,8,상선,장지,2820,평일,12:00,35.7
2022,8,하선,장지,2820,평일,12:00,25.5
2022,8,상선,복정,2821,평일,12:00,31.0
2022,8,하선,복정,2821,평일,12:00,13.9
2022,8,상선,산성,2822,평일,12:00,19.1
2022,8,하선,산성,2822,평일,12:00,11.6
2022,8,상선,남한산성입구,2823,평일,12:00,17.1
2022,8,하선,남한산성입구,2823,평일,12:00,9.6
2022,8,상선,단대오거리,2824,평일,12:00,12.4
2022,8,하선,단대오거리,2824,평일,12:00,8.7
2022,8,상선,신흥,2825,평일,12:00,9.8
2022,8,하선,신흥,2825,평일,12:00,8.3
2022,8,상선,수진,2826,평일,12:00,8.4
2022,8,하선,수진,2826,평일,12:00,8.7
2022,8,상선,모란,2827,평일,12:00,6.9
2022,8,하선,모란,2827,평일,12:00,0.0
2022,8,상선,암사,2811,토요일,12:00,0.0
2022,8,하선,암사,2811,토요일,12:00,16.2
2022,8,상선,천호,2812,토요일,12:00,10.4
2022,8,하선,천호,2812,토요일,12:00,41.0
2022,8,상선,강동구청,2813,토요일,12:00,27.2
2022,8,하선,강동구청,2813,토요일,12:00,44.7
2022,8,상선,몽촌토성,2814,토요일,12:00,28.2
2022,8,하선,몽촌토성,2814,토요일,12:00,46.4
2022,8,상선,잠실,2815,토요일,12:00,29.0
2022,8,하선,잠실,2815,토요일,12:00,39.3
2022,8,상선,석촌,2816,토요일,12:00,59.4
2022,8,하선,석촌,2816,토요일,12:00,40.8
2022,8,상선,송파,2817,토요일,12:00,65.9
2022,8,하선,송파,2817,토요일,12:00,39.5
2022,8,상선,가락시장,2818,토요일,12:00,62.3
2022,8,하선,가락시장,2818,토요일,12:00,34.8
2022,8,상선,문정,2819,토요일,12:00,60.1
2022,8,하선,문정,2819,토요일,12:00,29.1
2022,8,상선,장지,2820,토요일,12:00,53.1
2022,8,하선,장지,2820,토요일,12:00,22.9
2022,8,상선,복정,2821,토요일,12:00,45.2
2022,8,하선,복정,2821,토요일,12:00,12.9
2022,8,상선,산성,2822,토요일,12:00,24.9
2022,8,하선,산성,2822,토요일,12:00,10.0
2022,8,상선,남한산성입구,2823,토요일,12:00,21.7
2022,8,하선,남한산성입구,2823,토요일,12:00,10.3
2022,8,상선,단대오거리,2824,토요일,12:00,16.2
2022,8,하선,단대오거리,2824,토요일,12:00,9.5
2022,8,상선,신흥,2825,토요일,12:00,11.0
2022,8,하선,신흥,2825,토요일,12:00,7.8
2022,8,상선,암사,2811,공휴일,12:00,0.0
2022,8,하선,암사,2811,공휴일,12:00,12.1
2022,8,상선,천호,2812,공휴일,12:00,5.1
2022,8,하선,천호,2812,공휴일,12:00,31.1
2022,8,상선,강동구청,2813,공휴일,12:00,17.6
2022,8,하선,강동구청,2813,공휴일,12:00,31.0
2022,8,상선,몽촌토성,2814,공휴일,12:00,17.8
2022,8,하선,몽촌토성,2814,공휴일,12:00,32.9
2022,8,상선,잠실,2815,공휴일,12:00,17.3
2022,8,하선,잠실,2815,공휴일,12:00,30.4
2022,8,상선,석촌,2816,공휴일,12:00,40.9
2022,8,하선,석촌,2816,공휴일,12:00,31.3
2022,8,상선,송파,2817,공휴일,12:00,47.2
2022,8,하선,송파,2817,공휴일,12:00,33.0
2022,8,상선,가락시장,2818,공휴일,12:00,43.3
2022,8,하선,가락시장,2818,공휴일,12:00,29.2
2022,8,상선,문정,2819,공휴일,12:00,45.1
2022,8,하선,문정,2819,공휴일,12:00,25.2
2022,8,상선,장지,2820,공휴일,12:00,41.0
2022,8,하선,장지,2820,공휴일,12:00,20.7
2022,8,상선,복정,2821,공휴일,12:00,36.1
2022,8,하선,복정,2821,공휴일,12:00,12.1
2022,8,상선,산성,2822,공휴일,12:00,22.2
2022,8,하선,산성,2822,공휴일,12:00,8.5
2022,8,상선,남한산성입구,2823,공휴일,12:00,19.5
2022,8,하선,남한산성입구,2823,공휴일,12:00,7.0
2022,8,상선,단대오거리,2824,공휴일,12:00,13.0
2022,8,하선,단대오거리,2824,공휴일,12:00,6.9
2022,8,상선,신흥,2825,공휴일,12:00,7.7
2022,8,하선,신흥,2825,공휴일,12:00,6.3
2022,8,상선,수진,2826,공휴일,12:00,5.4
2022,8,하선,수진,2826,공휴일,12:00,5.9
2022,8,상선,모란,2827,공휴일,12:00,4.0
2022,8,하선,모란,2827,공휴일,12:00,0.0
2023,8,상선,암사,2811,평일,12:00,0.0
2023,8,하선,암사,2811,평일,12:00,11.9
2023,8,상선,천호,2812,평일,12:00,8.6
2023,8,하선,천호,2812,평일,12:00,33.0
2023,8,상선,강동구청,2813,평일,12:00,22.6
2023,8,하선,강동구청,2813,평일,12:00,35.5
2023,8,상선,몽촌토성,2814,평일,12:00,24.9
2023,8,하선,몽촌토성,2814,평일,12:00,37.7
2023,8,상선,잠실,2815,평일,12:00,28.4
2023,8,하선,잠실,2815,평일,12:00,40.3
2023,8,상선,석촌,2816,평일,12:00,45.4
2023,8,하선,석촌,2816,평일,12:00,42.1
2023,8,상선,송파,2817,평일,12:00,49.4
2023,8,하선,송파,2817,평일,12:00,41.3
2023,8,상선,가락시장,2818,평일,12:00,47.5
2023,8,하선,가락시장,2818,평일,12:00,35.5
2023,8,상선,문정,2819,평일,12:00,44.0
2023,8,하선,문정,2819,평일,12:00,30.3
2023,8,상선,장지,2820,평일,12:00,38.9
2023,8,하선,장지,2820,평일,12:00,24.8
2023,8,상선,복정,2821,평일,12:00,33.6
2023,8,하선,복정,2821,평일,12:00,14.3
2023,8,상선,산성,2822,평일,12:00,20.7
2023,8,하선,산성,2822,평일,12:00,11.1
2023,8,상선,남한산성입구,2823,평일,12:00,17.6
2023,8,하선,남한산성입구,2823,평일,12:00,9.4
2023,8,상선,단대오거리,2824,평일,12:00,12.1
2023,8,하선,단대오거리,2824,평일,12:00,8.9
2023,8,상선,신흥,2825,평일,12:00,8.9
2023,8,하선,신흥,2825,평일,12:00,8.0
2023,8,상선,수진,2826,평일,12:00,8.0
2023,8,하선,수진,2826,평일,12:00,8.8
2023,8,상선,모란,2827,평일,12:00,6.6
2023,8,하선,모란,2827,평일,12:00,0.0
2023,8,상선,암사,2811,토요일,12:00,0.0
2023,8,하선,암사,2811,토요일,12:00,16.6
2023,8,상선,천호,2812,토요일,12:00,8.1
2023,8,하선,천호,2812,토요일,12:00,42.8
2023,8,상선,강동구청,2813,토요일,12:00,27.1
2023,8,하선,강동구청,2813,토요일,12:00,47.0
2023,8,상선,몽촌토성,2814,토요일,12:00,30.6
2023,8,하선,몽촌토성,2814,토요일,12:00,49.3
2023,8,상선,잠실,2815,토요일,12:00,32.1
2023,8,하선,잠실,2815,토요일,12:00,44.7
2023,8,상선,석촌,2816,토요일,12:00,62.5
2023,8,하선,석촌,2816,토요일,12:00,43.6
2023,8,상선,송파,2817,토요일,12:00,74.7
2023,8,하선,송파,2817,토요일,12:00,43.4
2023,8,상선,가락시장,2818,토요일,12:00,69.8
2023,8,하선,가락시장,2818,토요일,12:00,38.4
2023,8,상선,문정,2819,토요일,12:00,62.3
2023,8,하선,문정,2819,토요일,12:00,33.2
2023,8,상선,장지,2820,토요일,12:00,54.5
2023,8,하선,장지,2820,토요일,12:00,27.4
2023,8,상선,복정,2821,토요일,12:00,47.3
2023,8,하선,복정,2821,토요일,12:00,15.1
2023,8,상선,산성,2822,토요일,12:00,28.6
2023,8,하선,산성,2822,토요일,12:00,11.5
2023,8,상선,남한산성입구,2823,토요일,12:00,24.2
2023,8,하선,남한산성입구,2823,토요일,12:00,12.0
2023,8,상선,단대오거리,2824,토요일,12:00,16.8
2023,8,하선,단대오거리,2824,토요일,12:00,11.7
2023,8,상선,신흥,2825,토요일,12:00,10.8
2023,8,하선,신흥,2825,토요일,12:00,9.3
2023,8,상선,수진,2826,토요일,12:00,8.9
2023,8,하선,수진,2826,토요일,12:00,9.3
2023,8,상선,모란,2827,토요일,12:00,7.7
2023,8,하선,모란,2827,토요일,12:00,0.0
2023,8,상선,암사,2811,일요일,12:00,0.0
2023,8,하선,암사,2811,일요일,12:00,14.9
2023,8,상선,천호,2812,일요일,12:00,5.1
2023,8,하선,천호,2812,일요일,12:00,31.6
2023,8,상선,강동구청,2813,일요일,12:00,21.7
2023,8,하선,강동구청,2813,일요일,12:00,35.5
2023,8,상선,몽촌토성,2814,일요일,12:00,22.0
2023,8,하선,몽촌토성,2814,일요일,12:00,39.5
2023,8,상선,잠실,2815,일요일,12:00,22.5
2023,8,하선,잠실,2815,일요일,12:00,34.3
2023,8,상선,석촌,2816,일요일,12:00,51.0
2023,8,하선,석촌,2816,일요일,12:00,33.3
2023,8,상선,송파,2817,일요일,12:00,54.2
2023,8,하선,송파,2817,일요일,12:00,34.2
2023,8,상선,가락시장,2818,일요일,12:00,49.0
2023,8,하선,가락시장,2818,일요일,12:00,30.2
2023,8,상선,문정,2819,일요일,12:00,46.0
2023,8,하선,문정,2819,일요일,12:00,25.6
2023,8,상선,장지,2820,일요일,12:00,41.9
2023,8,하선,장지,2820,일요일,12:00,20.7
2023,8,상선,복정,2821,일요일,12:00,37.2
2023,8,하선,복정,2821,일요일,12:00,11.2
2023,8,상선,산성,2822,일요일,12:00,24.3
2023,8,하선,산성,2822,일요일,12:00,9.1
2023,8,상선,남한산성입구,2823,일요일,12:00,20.7
2023,8,하선,남한산성입구,2823,일요일,12:00,8.8
2023,8,상선,단대오거리,2824,일요일,12:00,14.2
2023,8,하선,단대오거리,2824,일요일,12:00,8.4
2023,8,상선,신흥,2825,일요일,12:00,8.2
2023,8,하선,신흥,2825,일요일,12:00,6.9
2023,8,상선,수진,2826,일요일,12:00,6.8
2023,8,하선,수진,2826,일요일,12:00,6.4
2023,8,상선,모란,2827,일요일,12:00,5.6
202403,8,상선,암사,2811,평일,12:00,0.0
202403,8,하선,암사,2811,평일,12:00,13.6
202403,8,상선,천호,2812,평일,12:00,8.2
202403,8,하선,천호,2812,평일,12:00,35.4
202403,8,상선,강동구청,2813,평일,12:00,23.1
202403,8,하선,강동구청,2813,평일,12:00,38.1
202403,8,상선,몽촌토성,2814,평일,12:00,25.3
202403,8,하선,몽촌토성,2814,평일,12:00,39.5
202403,8,상선,잠실,2815,평일,12:00,28.2
202403,8,하선,잠실,2815,평일,12:00,41.4
202403,8,상선,석촌,2816,평일,12:00,45.5
202403,8,하선,석촌,2816,평일,12:00,42.2
202403,8,상선,송파,2817,평일,12:00,50.8
202403,8,하선,송파,2817,평일,12:00,42.1
202403,8,상선,가락시장,2818,평일,12:00,49.2
202403,8,하선,가락시장,2818,평일,12:00,36.9
202403,8,상선,문정,2819,평일,12:00,45.0
202403,8,하선,문정,2819,평일,12:00,31.4
202403,8,상선,장지,2820,평일,12:00,37.9
202403,8,하선,장지,2820,평일,12:00,25.9
202403,8,상선,복정,2821,평일,12:00,32.3
202403,8,하선,복정,2821,평일,12:00,15.2
202403,8,상선,산성,2822,평일,12:00,20.2
202403,8,하선,산성,2822,평일,12:00,12.2
202403,8,상선,남한산성입구,2823,평일,12:00,17.5
202403,8,하선,남한산성입구,2823,평일,12:00,9.6
202403,8,상선,단대오거리,2824,평일,12:00,12.7
202403,8,하선,단대오거리,2824,평일,12:00,8.7
202403,8,상선,신흥,2825,평일,12:00,9.5
202403,8,하선,신흥,2825,평일,12:00,7.9
202403,8,상선,수진,2826,평일,12:00,8.2
202403,8,하선,수진,2826,평일,12:00,8.3
202403,8,상선,모란,2827,평일,12:00,6.8
202403,8,하선,모란,2827,평일,12:00,0.0
202403,8,상선,암사,2811,토요일,12:00,0.0
202403,8,하선,암사,2811,토요일,12:00,19.3
202403,8,상선,천호,2812,토요일,12:00,9.6
202403,8,하선,천호,2812,토요일,12:00,52.3
202403,8,상선,강동구청,2813,토요일,12:00,37.0
202403,8,하선,강동구청,2813,토요일,12:00,56.1
202403,8,상선,몽촌토성,2814,토요일,12:00,39.6
202403,8,하선,몽촌토성,2814,토요일,12:00,57.9
202403,8,상선,잠실,2815,토요일,12:00,41.2
202403,8,하선,잠실,2815,토요일,12:00,51.0
202403,8,상선,석촌,2816,토요일,12:00,75.2
202403,8,하선,석촌,2816,토요일,12:00,46.5
202403,8,상선,송파,2817,토요일,12:00,89.1
202403,8,하선,송파,2817,토요일,12:00,46.6
202403,8,상선,가락시장,2818,토요일,12:00,78.3
202403,8,하선,가락시장,2818,토요일,12:00,41.6
202403,8,상선,문정,2819,토요일,12:00,70.6
202403,8,하선,문정,2819,토요일,12:00,33.4
202403,8,상선,장지,2820,토요일,12:00,63.2
202403,8,하선,장지,2820,토요일,12:00,28.2
202403,8,상선,복정,2821,토요일,12:00,55.8
202403,8,하선,복정,2821,토요일,12:00,16.5
202403,8,상선,산성,2822,토요일,12:00,36.0
202403,8,하선,산성,2822,토요일,12:00,12.3
202403,8,상선,남한산성입구,2823,토요일,12:00,30.0
202403,8,하선,남한산성입구,2823,토요일,12:00,12.7
202403,8,상선,단대오거리,2824,토요일,12:00,20.9
202403,8,하선,단대오거리,2824,토요일,12:00,11.1
202403,8,상선,신흥,2825,토요일,12:00,13.1
202403,8,하선,신흥,2825,토요일,12:00,9.7
202403,8,상선,수진,2826,토요일,12:00,10.4
202403,8,하선,수진,2826,토요일,12:00,11.1
202403,8,상선,모란,2827,토요일,12:00,9.4
202403,8,하선,모란,2827,토요일,12:00,0.0
202403,8,상선,암사,2811,일요일,12:00,0.0
202403,8,하선,암사,2811,일요일,12:00,14.6
202403,8,상선,천호,2812,일요일,12:00,7.2
202403,8,하선,천호,2812,일요일,12:00,37.0
202403,8,상선,강동구청,2813,일요일,12:00,24.1
202403,8,하선,강동구청,2813,일요일,12:00,40.3
202403,8,상선,몽촌토성,2814,일요일,12:00,26.6
202403,8,하선,몽촌토성,2814,일요일,12:00,42.3
202403,8,상선,잠실,2815,일요일,12:00,28.0
202403,8,하선,잠실,2815,일요일,12:00,38.4
202403,8,상선,석촌,2816,일요일,12:00,49.9
202403,8,하선,석촌,2816,일요일,12:00,37.3
202403,8,상선,송파,2817,일요일,12:00,61.2
202403,8,하선,송파,2817,일요일,12:00,38.5
202403,8,상선,가락시장,2818,일요일,12:00,58.5
202403,8,하선,가락시장,2818,일요일,12:00,35.9
202403,8,상선,문정,2819,일요일,12:00,55.4
202403,8,하선,문정,2819,일요일,12:00,31.3
202403,8,상선,장지,2820,일요일,12:00,50.9
202403,8,하선,장지,2820,일요일,12:00,26.3
202403,8,상선,복정,2821,일요일,12:00,44.1
202403,8,하선,복정,2821,일요일,12:00,13.1
202403,8,상선,산성,2822,일요일,12:00,24.8
202403,8,하선,산성,2822,일요일,12:00,11.6
202403,8,상선,남한산성입구,2823,일요일,12:00,21.3
202403,8,하선,남한산성입구,2823,일요일,12:00,14.0
202403,8,상선,단대오거리,2824,일요일,12:00,15.7
202403,8,하선,단대오거리,2824,일요일,12:00,15.8
202403,8,상선,신흥,2825,일요일,12:00,11.0
202403,8,하선,신흥,2825,일요일,12:00,14.6
202403,8,상선,수진,2826,일요일,12:00,9.6
202403,8,하선,수진,2826,일요일,12:00,13.7
202403,8,상선,모란,2827,일요일,12:00,9.0
202406,8,상선,암사,2811,평일,12:00,0.0
202406,8,하선,암사,2811,평일,12:00,11.8
202406,8,상선,천호,2812,평일,12:00,7.9
202406,8,하선,천호,2812,평일,12:00,33.3
202406,8,상선,강동구청,2813,평일,12:00,22.3
202406,8,하선,강동구청,2813,평일,12:00,35.5
202406,8,상선,몽촌토성,2814,평일,12:00,24.6
202406,8,하선,몽촌토성,2814,평일,12:00,36.5
202406,8,상선,잠실,2815,평일,12:00,28.1
202406,8,하선,잠실,2815,평일,12:00,38.6
202406,8,상선,석촌,2816,평일,12:00,47.2
202406,8,하선,석촌,2816,평일,12:00,38.5
202406,8,상선,송파,2817,평일,12:00,51.2
202406,8,하선,송파,2817,평일,12:00,38.1
202406,8,상선,가락시장,2818,평일,12:00,49.1
202406,8,하선,가락시장,2818,평일,12:00,35.2
202406,8,상선,문정,2819,평일,12:00,44.8
202406,8,하선,문정,2819,평일,12:00,29.1
202406,8,상선,장지,2820,평일,12:00,38.2
202406,8,하선,장지,2820,평일,12:00,23.2
202406,8,상선,복정,2821,평일,12:00,33.3
202406,8,하선,복정,2821,평일,12:00,14.3
202406,8,상선,산성,2822,평일,12:00,20.7
202406,8,하선,산성,2822,평일,12:00,11.1
202406,8,상선,남한산성입구,2823,평일,12:00,18.2
202406,8,하선,남한산성입구,2823,평일,12:00,9.6
202406,8,상선,단대오거리,2824,평일,12:00,12.5
202406,8,하선,단대오거리,2824,평일,12:00,9.0
202406,8,상선,신흥,2825,평일,12:00,9.2
202406,8,하선,신흥,2825,평일,12:00,7.8
202406,8,상선,수진,2826,평일,12:00,8.2
202406,8,하선,수진,2826,평일,12:00,8.0
202406,8,상선,모란,2827,평일,12:00,7.2
202406,8,하선,모란,2827,평일,12:00,0.0
202406,8,상선,암사,2811,토요일,12:00,0.0
202406,8,하선,암사,2811,토요일,12:00,16.8
202406,8,상선,천호,2812,토요일,12:00,10.9
202406,8,하선,천호,2812,토요일,12:00,46.6
202406,8,상선,강동구청,2813,토요일,12:00,31.2
202406,8,하선,강동구청,2813,토요일,12:00,50.9
202406,8,상선,몽촌토성,2814,토요일,12:00,32.1
202406,8,하선,몽촌토성,2814,토요일,12:00,57.2
202406,8,상선,잠실,2815,토요일,12:00,33.3
202406,8,하선,잠실,2815,토요일,12:00,46.8
202406,8,상선,석촌,2816,토요일,12:00,63.1
202406,8,하선,석촌,2816,토요일,12:00,41.6
202406,8,상선,송파,2817,토요일,12:00,74.4
202406,8,하선,송파,2817,토요일,12:00,40.3
202406,8,상선,가락시장,2818,토요일,12:00,68.6
202406,8,하선,가락시장,2818,토요일,12:00,37.3
202406,8,상선,문정,2819,토요일,12:00,63.5
202406,8,하선,문정,2819,토요일,12:00,30.6
202406,8,상선,장지,2820,토요일,12:00,57.9
202406,8,하선,장지,2820,토요일,12:00,24.5
202406,8,상선,복정,2821,토요일,12:00,51.5
202406,8,하선,복정,2821,토요일,12:00,15.8
202406,8,상선,산성,2822,토요일,12:00,30.4
202406,8,하선,산성,2822,토요일,12:00,12.4
202406,8,상선,남한산성입구,2823,토요일,12:00,26.4
202406,8,하선,남한산성입구,2823,토요일,12:00,12.9
202406,8,상선,단대오거리,2824,토요일,12:00,20.0
202406,8,하선,단대오거리,2824,토요일,12:00,12.0
202406,8,상선,신흥,2825,토요일,12:00,13.2
202406,8,하선,신흥,2825,토요일,12:00,10.7
202406,8,상선,수진,2826,토요일,12:00,11.0
202406,8,하선,수진,2826,토요일,12:00,13.8
202406,8,상선,모란,2827,토요일,12:00,8.3
202406,8,하선,모란,2827,토요일,12:00,0.0
202406,8,상선,암사,2811,일요일,12:00,0.0
202406,8,하선,암사,2811,일요일,12:00,13.0
202406,8,상선,천호,2812,일요일,12:00,6.9
202406,8,하선,천호,2812,일요일,12:00,31.2
202406,8,상선,강동구청,2813,일요일,12:00,20.2
202406,8,하선,강동구청,2813,일요일,12:00,33.9
202406,8,상선,몽촌토성,2814,일요일,12:00,22.1
202406,8,하선,몽촌토성,2814,일요일,12:00,39.3
202406,8,상선,잠실,2815,일요일,12:00,20.0
202406,8,하선,잠실,2815,일요일,12:00,33.7
202406,8,상선,석촌,2816,일요일,12:00,44.3
202406,8,하선,석촌,2816,일요일,12:00,30.8
202406,8,상선,송파,2817,일요일,12:00,54.1
202406,8,하선,송파,2817,일요일,12:00,31.3
202406,8,상선,가락시장,2818,일요일,12:00,49.9
202406,8,하선,가락시장,2818,일요일,12:00,27.9
202406,8,상선,문정,2819,일요일,12:00,48.6
202406,8,하선,문정,2819,일요일,12:00,23.9
202406,8,상선,장지,2820,일요일,12:00,43.5
202406,8,하선,장지,2820,일요일,12:00,19.2
202406,8,상선,복정,2821,일요일,12:00,39.0
202406,8,하선,복정,2821,일요일,12:00,11.5
202406,8,상선,산성,2822,일요일,12:00,22.5
202406,8,하선,산성,2822,일요일,12:00,8.2
202406,8,상선,남한산성입구,2823,일요일,12:00,19.4
202406,8,하선,남한산성입구,2823,일요일,12:00,8.2
202406,8,상선,단대오거리,2824,일요일,12:00,13.8
202406,8,하선,단대오거리,2824,일요일,12:00,7.7
202406,8,상선,신흥,2825,일요일,12:00,10.4
202406,8,하선,신흥,2825,일요일,12:00,5.6
202406,8,상선,수진,2826,일요일,12:00,8.4
202406,8,하선,수진,2826,일요일,12:00,7.2
202406,8,상선,모란,2827,일요일,12:00,4.7
2020,8,상선,암사,2811,평일,12:30,0.0
2020,8,하선,암사,2811,평일,12:30,10.8
2020,8,상선,천호,2812,평일,12:30,8.2
2020,8,하선,천호,2812,평일,12:30,26.4
2020,8,상선,강동구청,2813,평일,12:30,20.2
2020,8,하선,강동구청,2813,평일,12:30,28.7
2020,8,상선,몽촌토성,2814,평일,12:30,20.4
2020,8,하선,몽촌토성,2814,평일,12:30,29.2
2020,8,상선,잠실,2815,평일,12:30,22.3
2020,8,하선,잠실,2815,평일,12:30,32.8
2020,8,상선,석촌,2816,평일,12:30,32.1
2020,8,하선,석촌,2816,평일,12:30,37.7
2020,8,상선,송파,2817,평일,12:30,35.2
2020,8,하선,송파,2817,평일,12:30,36.5
2020,8,상선,가락시장,2818,평일,12:30,36.8
2020,8,하선,가락시장,2818,평일,12:30,33.9
2020,8,상선,문정,2819,평일,12:30,33.4
2020,8,하선,문정,2819,평일,12:30,27.8
2020,8,상선,장지,2820,평일,12:30,29.4
2020,8,하선,장지,2820,평일,12:30,22.0
2020,8,상선,복정,2821,평일,12:30,24.9
2020,8,하선,복정,2821,평일,12:30,12.4
2020,8,상선,산성,2822,평일,12:30,15.5
2020,8,하선,산성,2822,평일,12:30,9.4
2020,8,상선,남한산성입구,2823,평일,12:30,13.5
2020,8,하선,남한산성입구,2823,평일,12:30,7.9
2020,8,상선,단대오거리,2824,평일,12:30,9.3
2020,8,하선,단대오거리,2824,평일,12:30,7.2
2020,8,상선,신흥,2825,평일,12:30,6.3
2020,8,하선,신흥,2825,평일,12:30,6.7
2020,8,상선,수진,2826,평일,12:30,5.2
2020,8,하선,수진,2826,평일,12:30,6.5
2020,8,상선,모란,2827,평일,12:30,4.9
2020,8,하선,모란,2827,평일,12:30,0.0
2020,8,상선,암사,2811,토요일,12:30,0.0
2020,8,하선,암사,2811,토요일,12:30,11.7
2020,8,상선,천호,2812,토요일,12:30,7.8
2020,8,하선,천호,2812,토요일,12:30,31.2
2020,8,상선,강동구청,2813,토요일,12:30,26.2
2020,8,하선,강동구청,2813,토요일,12:30,33.8
2020,8,상선,몽촌토성,2814,토요일,12:30,27.6
2020,8,하선,몽촌토성,2814,토요일,12:30,33.1
2020,8,상선,잠실,2815,토요일,12:30,29.0
2020,8,하선,잠실,2815,토요일,12:30,32.4
2020,8,상선,석촌,2816,토요일,12:30,42.7
2020,8,하선,석촌,2816,토요일,12:30,33.7
2020,8,상선,송파,2817,토요일,12:30,46.7
2020,8,하선,송파,2817,토요일,12:30,33.1
2020,8,상선,가락시장,2818,토요일,12:30,44.3
2020,8,하선,가락시장,2818,토요일,12:30,31.7
2020,8,상선,문정,2819,토요일,12:30,40.2
2020,8,하선,문정,2819,토요일,12:30,26.8
2020,8,상선,장지,2820,토요일,12:30,35.6
2020,8,하선,장지,2820,토요일,12:30,20.5
2020,8,상선,복정,2821,토요일,12:30,30.1
2020,8,하선,복정,2821,토요일,12:30,12.4
2020,8,상선,산성,2822,토요일,12:30,15.9
2020,8,하선,산성,2822,토요일,12:30,10.3
2020,8,상선,남한산성입구,2823,토요일,12:30,13.5
2020,8,하선,남한산성입구,2823,토요일,12:30,8.4
2020,8,상선,단대오거리,2824,토요일,12:30,9.8
2020,8,하선,단대오거리,2824,토요일,12:30,7.7
2020,8,상선,신흥,2825,토요일,12:30,6.5
2020,8,하선,신흥,2825,토요일,12:30,6.3
2020,8,상선,수진,2826,토요일,12:30,5.2
2020,8,하선,수진,2826,토요일,12:30,5.8
2020,8,상선,모란,2827,토요일,12:30,4.7
2020,8,하선,모란,2827,토요일,12:30,0.0
2020,8,상선,암사,2811,일요일,12:30,0.0
2020,8,하선,암사,2811,일요일,12:30,8.9
2020,8,상선,천호,2812,일요일,12:30,5.2
2020,8,하선,천호,2812,일요일,12:30,23.0
2020,8,상선,강동구청,2813,일요일,12:30,19.0
2020,8,하선,강동구청,2813,일요일,12:30,25.0
2020,8,상선,몽촌토성,2814,일요일,12:30,19.6
2020,8,하선,몽촌토성,2814,일요일,12:30,27.1
2020,8,상선,잠실,2815,일요일,12:30,20.1
2020,8,하선,잠실,2815,일요일,12:30,25.4
2020,8,상선,석촌,2816,일요일,12:30,29.6
2020,8,하선,석촌,2816,일요일,12:30,26.3
2020,8,상선,송파,2817,일요일,12:30,31.8
2020,8,하선,송파,2817,일요일,12:30,26.1
2020,8,상선,가락시장,2818,일요일,12:30,29.9
2021,8,상선,암사,2811,평일,12:30,0.0
2021,8,하선,암사,2811,평일,12:30,11.4
2021,8,상선,천호,2812,평일,12:30,9.5
2021,8,하선,천호,2812,평일,12:30,30.7
2021,8,상선,강동구청,2813,평일,12:30,24.8
2021,8,하선,강동구청,2813,평일,12:30,30.9
2021,8,상선,몽촌토성,2814,평일,12:30,24.1
2021,8,하선,몽촌토성,2814,평일,12:30,32.1
2021,8,상선,잠실,2815,평일,12:30,26.1
2021,8,하선,잠실,2815,평일,12:30,36.7
2021,8,상선,석촌,2816,평일,12:30,36.4
2021,8,하선,석촌,2816,평일,12:30,35.9
2021,8,상선,송파,2817,평일,12:30,40.3
2021,8,하선,송파,2817,평일,12:30,35.1
2021,8,상선,가락시장,2818,평일,12:30,39.6
2021,8,하선,가락시장,2818,평일,12:30,27.6
2021,8,상선,문정,2819,평일,12:30,36.1
2021,8,하선,문정,2819,평일,12:30,22.5
2021,8,상선,장지,2820,평일,12:30,30.0
2021,8,하선,장지,2820,평일,12:30,18.6
2021,8,상선,복정,2821,평일,12:30,25.2
2021,8,하선,복정,2821,평일,12:30,10.7
2021,8,상선,산성,2822,평일,12:30,14.5
2021,8,하선,산성,2822,평일,12:30,10.3
2021,8,상선,남한산성입구,2823,평일,12:30,13.0
2021,8,하선,남한산성입구,2823,평일,12:30,9.1
2021,8,상선,단대오거리,2824,평일,12:30,10.0
2021,8,하선,단대오거리,2824,평일,12:30,8.5
2021,8,상선,신흥,2825,평일,12:30,8.3
2021,8,하선,신흥,2825,평일,12:30,7.6
2021,8,상선,수진,2826,평일,12:30,7.4
2021,8,하선,수진,2826,평일,12:30,7.7
2021,8,상선,모란,2827,평일,12:30,7.1
2021,8,하선,모란,2827,평일,12:30,0.0
2021,8,상선,암사,2811,토요일,12:30,0.0
2021,8,하선,암사,2811,토요일,12:30,12.6
2021,8,상선,천호,2812,토요일,12:30,7.5
2021,8,하선,천호,2812,토요일,12:30,33.6
2021,8,상선,강동구청,2813,토요일,12:30,24.6
2021,8,하선,강동구청,2813,토요일,12:30,35.7
2021,8,상선,몽촌토성,2814,토요일,12:30,25.2
2021,8,하선,몽촌토성,2814,토요일,12:30,36.7
2021,8,상선,잠실,2815,토요일,12:30,27.2
2021,8,하선,잠실,2815,토요일,12:30,32.6
2021,8,상선,석촌,2816,토요일,12:30,56.6
2021,8,하선,석촌,2816,토요일,12:30,33.1
2021,8,상선,송파,2817,토요일,12:30,55.0
2021,8,하선,송파,2817,토요일,12:30,33.1
2021,8,상선,가락시장,2818,토요일,12:30,52.8
2021,8,하선,가락시장,2818,토요일,12:30,30.1
2021,8,상선,문정,2819,토요일,12:30,47.7
2021,8,하선,문정,2819,토요일,12:30,26.5
2021,8,상선,장지,2820,토요일,12:30,42.8
2021,8,하선,장지,2820,토요일,12:30,21.1
2021,8,상선,복정,2821,토요일,12:30,29.1
2021,8,하선,복정,2821,토요일,12:30,10.9
2021,8,상선,산성,2822,토요일,12:30,19.0
2021,8,하선,산성,2822,토요일,12:30,8.9
2021,8,상선,남한산성입구,2823,토요일,12:30,16.2
2021,8,하선,남한산성입구,2823,토요일,12:30,9.8
2021,8,상선,단대오거리,2824,토요일,12:30,12.8
2021,8,하선,단대오거리,2824,토요일,12:30,8.8
2021,8,상선,신흥,2825,토요일,12:30,8.6
2021,8,하선,신흥,2825,토요일,12:30,7.3
2021,8,상선,수진,2826,토요일,12:30,6.8
2021,8,하선,수진,2826,토요일,12:30,7.5
2021,8,상선,모란,2827,토요일,12:30,5.3
2021,8,하선,모란,2827,토요일,12:30,0.0
2022,8,상선,암사,2811,평일,12:30,0.0
2022,8,하선,암사,2811,평일,12:30,11.7
2022,8,상선,천호,2812,평일,12:30,9.2
2022,8,하선,천호,2812,평일,12:30,30.9
2022,8,상선,강동구청,2813,평일,12:30,25.3
2022,8,하선,강동구청,2813,평일,12:30,32.8
2022,8,상선,몽촌토성,2814,평일,12:30,26.9
2022,8,하선,몽촌토성,2814,평일,12:30,35.8
2022,8,상선,잠실,2815,평일,12:30,26.9
2022,8,하선,잠실,2815,평일,12:30,39.0
2022,8,상선,석촌,2816,평일,12:30,42.3
2022,8,하선,석촌,2816,평일,12:30,42.6
2022,8,상선,송파,2817,평일,12:30,47.2
2022,8,하선,송파,2817,평일,12:30,41.4
2022,8,상선,가락시장,2818,평일,12:30,44.9
2022,8,하선,가락시장,2818,평일,12:30,37.0
2022,8,상선,문정,2819,평일,12:30,42.0
2022,8,하선,문정,2819,평일,12:30,30.0
2022,8,상선,장지,2820,평일,12:30,35.5
2022,8,하선,장지,2820,평일,12:30,24.6
2022,8,상선,복정,2821,평일,12:30,30.7
2022,8,하선,복정,2821,평일,12:30,16.0
2022,8,상선,산성,2822,평일,12:30,20.1
2022,8,하선,산성,2822,평일,12:30,13.6
2022,8,상선,남한산성입구,2823,평일,12:30,18.5
2022,8,하선,남한산성입구,2823,평일,12:30,10.5
2022,8,상선,단대오거리,2824,평일,12:30,12.4
2022,8,하선,단대오거리,2824,평일,12:30,9.3
2022,8,상선,신흥,2825,평일,12:30,9.0
2022,8,하선,신흥,2825,평일,12:30,8.1
2022,8,상선,수진,2826,평일,12:30,7.9
2022,8,하선,수진,2826,평일,12:30,8.1
2022,8,상선,모란,2827,평일,12:30,7.6
2022,8,하선,모란,2827,평일,12:30,0.0
2022,8,상선,암사,2811,토요일,12:30,0.0
2022,8,하선,암사,2811,토요일,12:30,15.0
2022,8,상선,천호,2812,토요일,12:30,9.6
2022,8,하선,천호,2812,토요일,12:30,41.1
2022,8,상선,강동구청,2813,토요일,12:30,32.4
2022,8,하선,강동구청,2813,토요일,12:30,49.1
2022,8,상선,몽촌토성,2814,토요일,12:30,36.6
2022,8,하선,몽촌토성,2814,토요일,12:30,50.1
2022,8,상선,잠실,2815,토요일,12:30,38.4
2022,8,하선,잠실,2815,토요일,12:30,47.5
2022,8,상선,석촌,2816,토요일,12:30,67.5
2022,8,하선,석촌,2816,토요일,12:30,49.8
2022,8,상선,송파,2817,토요일,12:30,75.8
2022,8,하선,송파,2817,토요일,12:30,49.1
2022,8,상선,가락시장,2818,토요일,12:30,72.2
2022,8,하선,가락시장,2818,토요일,12:30,42.6
2022,8,상선,문정,2819,토요일,12:30,65.8
2022,8,하선,문정,2819,토요일,12:30,36.5
2022,8,상선,장지,2820,토요일,12:30,58.6
2022,8,하선,장지,2820,토요일,12:30,28.6
2022,8,상선,복정,2821,토요일,12:30,48.5
2022,8,하선,복정,2821,토요일,12:30,16.1
2022,8,상선,산성,2822,토요일,12:30,27.0
2022,8,하선,산성,2822,토요일,12:30,12.5
2022,8,상선,남한산성입구,2823,토요일,12:30,24.0
2022,8,하선,남한산성입구,2823,토요일,12:30,10.8
2022,8,상선,단대오거리,2824,토요일,12:30,17.5
2022,8,하선,단대오거리,2824,토요일,12:30,9.8
2022,8,상선,신흥,2825,토요일,12:30,11.8
2022,8,하선,신흥,2825,토요일,12:30,8.5
2022,8,상선,암사,2811,공휴일,12:30,0.0
2022,8,하선,암사,2811,공휴일,12:30,13.8
2022,8,상선,천호,2812,공휴일,12:30,6.7
2022,8,하선,천호,2812,공휴일,12:30,33.5
2022,8,상선,강동구청,2813,공휴일,12:30,25.9
2022,8,하선,강동구청,2813,공휴일,12:30,38.0
2022,8,상선,몽촌토성,2814,공휴일,12:30,27.1
2022,8,하선,몽촌토성,2814,공휴일,12:30,39.2
2022,8,상선,잠실,2815,공휴일,12:30,28.3
2022,8,하선,잠실,2815,공휴일,12:30,34.5
2022,8,상선,석촌,2816,공휴일,12:30,53.3
2022,8,하선,석촌,2816,공휴일,12:30,37.3
2022,8,상선,송파,2817,공휴일,12:30,60.7
2022,8,하선,송파,2817,공휴일,12:30,37.0
2022,8,상선,가락시장,2818,공휴일,12:30,56.4
2022,8,하선,가락시장,2818,공휴일,12:30,34.0
2022,8,상선,문정,2819,공휴일,12:30,51.8
2022,8,하선,문정,2819,공휴일,12:30,27.7
2022,8,상선,장지,2820,공휴일,12:30,46.4
2022,8,하선,장지,2820,공휴일,12:30,21.7
2022,8,상선,복정,2821,공휴일,12:30,40.4
2022,8,하선,복정,2821,공휴일,12:30,13.2
2022,8,상선,산성,2822,공휴일,12:30,18.7
2022,8,하선,산성,2822,공휴일,12:30,10.1
2022,8,상선,남한산성입구,2823,공휴일,12:30,16.5
2022,8,하선,남한산성입구,2823,공휴일,12:30,9.9
2022,8,상선,단대오거리,2824,공휴일,12:30,11.1
2022,8,하선,단대오거리,2824,공휴일,12:30,9.6
2022,8,상선,신흥,2825,공휴일,12:30,6.9
2022,8,하선,신흥,2825,공휴일,12:30,8.2
2022,8,상선,수진,2826,공휴일,12:30,5.6
2022,8,하선,수진,2826,공휴일,12:30,7.9
2022,8,상선,모란,2827,공휴일,12:30,5.0
2022,8,하선,모란,2827,공휴일,12:30,0.0
2023,8,상선,암사,2811,평일,12:30,0.0
2023,8,하선,암사,2811,평일,12:30,12.6
2023,8,상선,천호,2812,평일,12:30,9.2
2023,8,하선,천호,2812,평일,12:30,33.4
2023,8,상선,강동구청,2813,평일,12:30,26.3
2023,8,하선,강동구청,2813,평일,12:30,35.1
2023,8,상선,몽촌토성,2814,평일,12:30,28.0
2023,8,하선,몽촌토성,2814,평일,12:30,36.5
2023,8,상선,잠실,2815,평일,12:30,28.7
2023,8,하선,잠실,2815,평일,12:30,39.6
2023,8,상선,석촌,2816,평일,12:30,46.1
2023,8,하선,석촌,2816,평일,12:30,44.4
2023,8,상선,송파,2817,평일,12:30,51.7
2023,8,하선,송파,2817,평일,12:30,43.2
2023,8,상선,가락시장,2818,평일,12:30,49.1
2023,8,하선,가락시장,2818,평일,12:30,38.1
2023,8,상선,문정,2819,평일,12:30,45.1
2023,8,하선,문정,2819,평일,12:30,33.2
2023,8,상선,장지,2820,평일,12:30,35.5
2023,8,하선,장지,2820,평일,12:30,27.9
2023,8,상선,복정,2821,평일,12:30,31.1
2023,8,하선,복정,2821,평일,12:30,17.1
2023,8,상선,산성,2822,평일,12:30,19.4
2023,8,하선,산성,2822,평일,12:30,13.2
2023,8,상선,남한산성입구,2823,평일,12:30,18.0
2023,8,하선,남한산성입구,2823,평일,12:30,10.5
2023,8,상선,단대오거리,2824,평일,12:30,12.7
2023,8,하선,단대오거리,2824,평일,12:30,9.2
2023,8,상선,신흥,2825,평일,12:30,9.3
2023,8,하선,신흥,2825,평일,12:30,8.0
2023,8,상선,수진,2826,평일,12:30,8.2
2023,8,하선,수진,2826,평일,12:30,8.2
2023,8,상선,모란,2827,평일,12:30,7.6
2023,8,하선,모란,2827,평일,12:30,0.0
2023,8,상선,암사,2811,토요일,12:30,0.0
2023,8,하선,암사,2811,토요일,12:30,16.6
2023,8,상선,천호,2812,토요일,12:30,11.0
2023,8,하선,천호,2812,토요일,12:30,45.6
2023,8,상선,강동구청,2813,토요일,12:30,34.5
2023,8,하선,강동구청,2813,토요일,12:30,49.0
2023,8,상선,몽촌토성,2814,토요일,12:30,35.4
2023,8,하선,몽촌토성,2814,토요일,12:30,50.7
2023,8,상선,잠실,2815,토요일,12:30,38.7
2023,8,하선,잠실,2815,토요일,12:30,48.3
2023,8,상선,석촌,2816,토요일,12:30,74.8
2023,8,하선,석촌,2816,토요일,12:30,49.7
2023,8,상선,송파,2817,토요일,12:30,82.6
2023,8,하선,송파,2817,토요일,12:30,50.0
2023,8,상선,가락시장,2818,토요일,12:30,78.2
2023,8,하선,가락시장,2818,토요일,12:30,44.0
2023,8,상선,문정,2819,토요일,12:30,72.9
2023,8,하선,문정,2819,토요일,12:30,36.5
2023,8,상선,장지,2820,토요일,12:30,62.4
2023,8,하선,장지,2820,토요일,12:30,28.6
2023,8,상선,복정,2821,토요일,12:30,55.0
2023,8,하선,복정,2821,토요일,12:30,17.9
2023,8,상선,산성,2822,토요일,12:30,29.9
2023,8,하선,산성,2822,토요일,12:30,12.1
2023,8,상선,남한산성입구,2823,토요일,12:30,26.2
2023,8,하선,남한산성입구,2823,토요일,12:30,12.5
2023,8,상선,단대오거리,2824,토요일,12:30,19.3
2023,8,하선,단대오거리,2824,토요일,12:30,10.6
2023,8,상선,신흥,2825,토요일,12:30,12.3
2023,8,하선,신흥,2825,토요일,12:30,8.3
2023,8,상선,수진,2826,토요일,12:30,10.6
2023,8,하선,수진,2826,토요일,12:30,8.5
2023,8,상선,모란,2827,토요일,12:30,8.7
2023,8,하선,모란,2827,토요일,12:30,0.0
2023,8,상선,암사,2811,일요일,12:30,0.0
2023,8,하선,암사,2811,일요일,12:30,13.2
2023,8,상선,천호,2812,일요일,12:30,8.3
2023,8,하선,천호,2812,일요일,12:30,37.4
2023,8,상선,강동구청,2813,일요일,12:30,26.3
2023,8,하선,강동구청,2813,일요일,12:30,41.2
2023,8,상선,몽촌토성,2814,일요일,12:30,26.2
2023,8,하선,몽촌토성,2814,일요일,12:30,42.7
2023,8,상선,잠실,2815,일요일,12:30,26.0
2023,8,하선,잠실,2815,일요일,12:30,38.5
2023,8,상선,석촌,2816,일요일,12:30,53.8
2023,8,하선,석촌,2816,일요일,12:30,37.8
2023,8,상선,송파,2817,일요일,12:30,64.3
2023,8,하선,송파,2817,일요일,12:30,37.1
2023,8,상선,가락시장,2818,일요일,12:30,59.8
2023,8,하선,가락시장,2818,일요일,12:30,34.1
2023,8,상선,문정,2819,일요일,12:30,56.6
2023,8,하선,문정,2819,일요일,12:30,29.1
2023,8,상선,장지,2820,일요일,12:30,50.0
2023,8,하선,장지,2820,일요일,12:30,22.5
2023,8,상선,복정,2821,일요일,12:30,46.4
2023,8,하선,복정,2821,일요일,12:30,14.1
2023,8,상선,산성,2822,일요일,12:30,23.6
2023,8,하선,산성,2822,일요일,12:30,11.5
2023,8,상선,남한산성입구,2823,일요일,12:30,21.2
2023,8,하선,남한산성입구,2823,일요일,12:30,10.2
2023,8,상선,단대오거리,2824,일요일,12:30,15.0
2023,8,하선,단대오거리,2824,일요일,12:30,8.2
2023,8,상선,신흥,2825,일요일,12:30,9.3
2023,8,하선,신흥,2825,일요일,12:30,6.7
2023,8,상선,수진,2826,일요일,12:30,8.0
2023,8,하선,수진,2826,일요일,12:30,9.2
2023,8,상선,모란,2827,일요일,12:30,6.3
202403,8,상선,암사,2811,평일,12:30,0.0
202403,8,하선,암사,2811,평일,12:30,12.5
202403,8,상선,천호,2812,평일,12:30,9.7
202403,8,하선,천호,2812,평일,12:30,30.8
202403,8,상선,강동구청,2813,평일,12:30,25.9
202403,8,하선,강동구청,2813,평일,12:30,32.4
202403,8,상선,몽촌토성,2814,평일,12:30,27.5
202403,8,하선,몽촌토성,2814,평일,12:30,34.6
202403,8,상선,잠실,2815,평일,12:30,28.1
202403,8,하선,잠실,2815,평일,12:30,39.4
202403,8,상선,석촌,2816,평일,12:30,44.4
202403,8,하선,석촌,2816,평일,12:30,44.9
202403,8,상선,송파,2817,평일,12:30,50.1
202403,8,하선,송파,2817,평일,12:30,43.6
202403,8,상선,가락시장,2818,평일,12:30,48.0
202403,8,하선,가락시장,2818,평일,12:30,39.4
202403,8,상선,문정,2819,평일,12:30,44.3
202403,8,하선,문정,2819,평일,12:30,34.4
202403,8,상선,장지,2820,평일,12:30,36.9
202403,8,하선,장지,2820,평일,12:30,29.2
202403,8,상선,복정,2821,평일,12:30,31.7
202403,8,하선,복정,2821,평일,12:30,18.4
202403,8,상선,산성,2822,평일,12:30,20.5
202403,8,하선,산성,2822,평일,12:30,14.2
202403,8,상선,남한산성입구,2823,평일,12:30,18.5
202403,8,하선,남한산성입구,2823,평일,12:30,10.3
202403,8,상선,단대오거리,2824,평일,12:30,12.5
202403,8,하선,단대오거리,2824,평일,12:30,8.9
202403,8,상선,신흥,2825,평일,12:30,9.1
202403,8,하선,신흥,2825,평일,12:30,7.7
202403,8,상선,수진,2826,평일,12:30,8.3
202403,8,하선,수진,2826,평일,12:30,7.8
202403,8,상선,모란,2827,평일,12:30,7.9
202403,8,하선,모란,2827,평일,12:30,0.0
202403,8,상선,암사,2811,토요일,12:30,0.0
202403,8,하선,암사,2811,토요일,12:30,19.0
202403,8,상선,천호,2812,토요일,12:30,13.8
202403,8,하선,천호,2812,토요일,12:30,55.0
202403,8,상선,강동구청,2813,토요일,12:30,41.7
202403,8,하선,강동구청,2813,토요일,12:30,59.1
202403,8,상선,몽촌토성,2814,토요일,12:30,43.6
202403,8,하선,몽촌토성,2814,토요일,12:30,62.0
202403,8,상선,잠실,2815,토요일,12:30,45.0
202403,8,하선,잠실,2815,토요일,12:30,54.1
202403,8,상선,석촌,2816,토요일,12:30,80.2
202403,8,하선,석촌,2816,토요일,12:30,57.4
202403,8,상선,송파,2817,토요일,12:30,89.4
202403,8,하선,송파,2817,토요일,12:30,55.7
202403,8,상선,가락시장,2818,토요일,12:30,84.6
202403,8,하선,가락시장,2818,토요일,12:30,51.5
202403,8,상선,문정,2819,토요일,12:30,78.6
202403,8,하선,문정,2819,토요일,12:30,42.8
202403,8,상선,장지,2820,토요일,12:30,67.7
202403,8,하선,장지,2820,토요일,12:30,34.4
202403,8,상선,복정,2821,토요일,12:30,57.7
202403,8,하선,복정,2821,토요일,12:30,20.8
202403,8,상선,산성,2822,토요일,12:30,31.9
202403,8,하선,산성,2822,토요일,12:30,15.8
202403,8,상선,남한산성입구,2823,토요일,12:30,29.0
202403,8,하선,남한산성입구,2823,토요일,12:30,15.2
202403,8,상선,단대오거리,2824,토요일,12:30,20.8
202403,8,하선,단대오거리,2824,토요일,12:30,13.1
202403,8,상선,신흥,2825,토요일,12:30,12.7
202403,8,하선,신흥,2825,토요일,12:30,10.6
202403,8,상선,수진,2826,토요일,12:30,11.8
202403,8,하선,수진,2826,토요일,12:30,11.1
202403,8,상선,모란,2827,토요일,12:30,10.6
202403,8,하선,모란,2827,토요일,12:30,0.0
202403,8,상선,암사,2811,일요일,12:30,0.0
202403,8,하선,암사,2811,일요일,12:30,14.7
202403,8,상선,천호,2812,일요일,12:30,7.9
202403,8,하선,천호,2812,일요일,12:30,39.9
202403,8,상선,강동구청,2813,일요일,12:30,26.7
202403,8,하선,강동구청,2813,일요일,12:30,45.7
202403,8,상선,몽촌토성,2814,일요일,12:30,27.1
202403,8,하선,몽촌토성,2814,일요일,12:30,47.4
202403,8,상선,잠실,2815,일요일,12:30,31.7
202403,8,하선,잠실,2815,일요일,12:30,42.3
202403,8,상선,석촌,2816,일요일,12:30,60.4
202403,8,하선,석촌,2816,일요일,12:30,46.0
202403,8,상선,송파,2817,일요일,12:30,68.9
202403,8,하선,송파,2817,일요일,12:30,47.8
202403,8,상선,가락시장,2818,일요일,12:30,66.3
202403,8,하선,가락시장,2818,일요일,12:30,45.5
202403,8,상선,문정,2819,일요일,12:30,60.1
202403,8,하선,문정,2819,일요일,12:30,39.4
202403,8,상선,장지,2820,일요일,12:30,53.6
202403,8,하선,장지,2820,일요일,12:30,31.9
202403,8,상선,복정,2821,일요일,12:30,46.7
202403,8,하선,복정,2821,일요일,12:30,17.2
202403,8,상선,산성,2822,일요일,12:30,27.3
202403,8,하선,산성,2822,일요일,12:30,13.9
202403,8,상선,남한산성입구,2823,일요일,12:30,23.5
202403,8,하선,남한산성입구,2823,일요일,12:30,14.6
202403,8,상선,단대오거리,2824,일요일,12:30,17.5
202403,8,하선,단대오거리,2824,일요일,12:30,14.4
202403,8,상선,신흥,2825,일요일,12:30,12.8
202403,8,하선,신흥,2825,일요일,12:30,13.7
202403,8,상선,수진,2826,일요일,12:30,9.9
202403,8,하선,수진,2826,일요일,12:30,14.6
202403,8,상선,모란,2827,일요일,12:30,9.8
202406,8,상선,암사,2811,평일,12:30,0.0
202406,8,하선,암사,2811,평일,12:30,10.8
202406,8,상선,천호,2812,평일,12:30,9.8
202406,8,하선,천호,2812,평일,12:30,29.9
202406,8,상선,강동구청,2813,평일,12:30,26.0
202406,8,하선,강동구청,2813,평일,12:30,31.6
202406,8,상선,몽촌토성,2814,평일,12:30,27.6
202406,8,하선,몽촌토성,2814,평일,12:30,33.6
202406,8,상선,잠실,2815,평일,12:30,28.2
202406,8,하선,잠실,2815,평일,12:30,37.1
202406,8,상선,석촌,2816,평일,12:30,45.6
202406,8,하선,석촌,2816,평일,12:30,41.8
202406,8,상선,송파,2817,평일,12:30,49.7
202406,8,하선,송파,2817,평일,12:30,40.9
202406,8,상선,가락시장,2818,평일,12:30,47.5
202406,8,하선,가락시장,2818,평일,12:30,36.7
202406,8,상선,문정,2819,평일,12:30,43.5
202406,8,하선,문정,2819,평일,12:30,29.4
202406,8,상선,장지,2820,평일,12:30,35.0
202406,8,하선,장지,2820,평일,12:30,24.5
202406,8,상선,복정,2821,평일,12:30,30.1
202406,8,하선,복정,2821,평일,12:30,15.5
202406,8,상선,산성,2822,평일,12:30,18.8
202406,8,하선,산성,2822,평일,12:30,12.2
202406,8,상선,남한산성입구,2823,평일,12:30,16.3
202406,8,하선,남한산성입구,2823,평일,12:30,10.0
202406,8,상선,단대오거리,2824,평일,12:30,11.8
202406,8,하선,단대오거리,2824,평일,12:30,8.2
202406,8,상선,신흥,2825,평일,12:30,8.7
202406,8,하선,신흥,2825,평일,12:30,7.1
202406,8,상선,수진,2826,평일,12:30,7.7
202406,8,하선,수진,2826,평일,12:30,7.2
202406,8,상선,모란,2827,평일,12:30,7.2
202406,8,하선,모란,2827,평일,12:30,0.0
202406,8,상선,암사,2811,토요일,12:30,0.0
202406,8,하선,암사,2811,토요일,12:30,17.0
202406,8,상선,천호,2812,토요일,12:30,11.3
202406,8,하선,천호,2812,토요일,12:30,43.5
202406,8,상선,강동구청,2813,토요일,12:30,33.5
202406,8,하선,강동구청,2813,토요일,12:30,49.5
202406,8,상선,몽촌토성,2814,토요일,12:30,35.6
202406,8,하선,몽촌토성,2814,토요일,12:30,51.7
202406,8,상선,잠실,2815,토요일,12:30,39.6
202406,8,하선,잠실,2815,토요일,12:30,47.7
202406,8,상선,석촌,2816,토요일,12:30,72.3
202406,8,하선,석촌,2816,토요일,12:30,51.2
202406,8,상선,송파,2817,토요일,12:30,75.5
202406,8,하선,송파,2817,토요일,12:30,48.5
202406,8,상선,가락시장,2818,토요일,12:30,70.5
202406,8,하선,가락시장,2818,토요일,12:30,43.7
202406,8,상선,문정,2819,토요일,12:30,63.4
202406,8,하선,문정,2819,토요일,12:30,35.8
202406,8,상선,장지,2820,토요일,12:30,56.0
202406,8,하선,장지,2820,토요일,12:30,27.4
202406,8,상선,복정,2821,토요일,12:30,50.8
202406,8,하선,복정,2821,토요일,12:30,16.9
202406,8,상선,산성,2822,토요일,12:30,26.6
202406,8,하선,산성,2822,토요일,12:30,13.4
202406,8,상선,남한산성입구,2823,토요일,12:30,21.8
202406,8,하선,남한산성입구,2823,토요일,12:30,14.2
202406,8,상선,단대오거리,2824,토요일,12:30,16.1
202406,8,하선,단대오거리,2824,토요일,12:30,11.2
202406,8,상선,신흥,2825,토요일,12:30,11.3
202406,8,하선,신흥,2825,토요일,12:30,9.2
202406,8,상선,수진,2826,토요일,12:30,9.1
202406,8,하선,수진,2826,토요일,12:30,9.9
202406,8,상선,모란,2827,토요일,12:30,8.5
202406,8,하선,모란,2827,토요일,12:30,0.0
202406,8,상선,암사,2811,일요일,12:30,0.0
202406,8,하선,암사,2811,일요일,12:30,13.4
202406,8,상선,천호,2812,일요일,12:30,8.3
202406,8,하선,천호,2812,일요일,12:30,33.4
202406,8,상선,강동구청,2813,일요일,12:30,27.8
202406,8,하선,강동구청,2813,일요일,12:30,39.0
202406,8,상선,몽촌토성,2814,일요일,12:30,28.6
202406,8,하선,몽촌토성,2814,일요일,12:30,42.9
202406,8,상선,잠실,2815,일요일,12:30,26.9
202406,8,하선,잠실,2815,일요일,12:30,38.9
202406,8,상선,석촌,2816,일요일,12:30,53.2
202406,8,하선,석촌,2816,일요일,12:30,41.0
202406,8,상선,송파,2817,일요일,12:30,58.3
202406,8,하선,송파,2817,일요일,12:30,38.8
202406,8,상선,가락시장,2818,일요일,12:30,55.9
202406,8,하선,가락시장,2818,일요일,12:30,35.2
202406,8,상선,문정,2819,일요일,12:30,52.4
202406,8,하선,문정,2819,일요일,12:30,29.4
202406,8,상선,장지,2820,일요일,12:30,46.6
202406,8,하선,장지,2820,일요일,12:30,22.3
202406,8,상선,복정,2821,일요일,12:30,41.5
202406,8,하선,복정,2821,일요일,12:30,12.7
202406,8,상선,산성,2822,일요일,12:30,26.5
202406,8,하선,산성,2822,일요일,12:30,10.9
202406,8,상선,남한산성입구,2823,일요일,12:30,22.2
202406,8,하선,남한산성입구,2823,일요일,12:30,10.5
202406,8,상선,단대오거리,2824,일요일,12:30,17.2
202406,8,하선,단대오거리,2824,일요일,12:30,8.8
202406,8,상선,신흥,2825,일요일,12:30,11.2
202406,8,하선,신흥,2825,일요일,12:30,7.3
202406,8,상선,수진,2826,일요일,12:30,9.3
202406,8,하선,수진,2826,일요일,12:30,7.4
202406,8,상선,모란,2827,일요일,12:30,6.3
2020,8,상선,암사,2811,평일,13:00,0.0
2020,8,하선,암사,2811,평일,13:00,9.9
2020,8,상선,천호,2812,평일,13:00,7.0
2020,8,하선,천호,2812,평일,13:00,29.3
2020,8,상선,강동구청,2813,평일,13:00,22.2
2020,8,하선,강동구청,2813,평일,13:00,30.2
2020,8,상선,몽촌토성,2814,평일,13:00,26.1
2020,8,하선,몽촌토성,2814,평일,13:00,30.7
2020,8,상선,잠실,2815,평일,13:00,26.9
2020,8,하선,잠실,2815,평일,13:00,34.5
2020,8,상선,석촌,2816,평일,13:00,37.0
2020,8,하선,석촌,2816,평일,13:00,37.1
2020,8,상선,송파,2817,평일,13:00,39.9
2020,8,하선,송파,2817,평일,13:00,36.4
2020,8,상선,가락시장,2818,평일,13:00,36.0
2020,8,하선,가락시장,2818,평일,13:00,32.9
2020,8,상선,문정,2819,평일,13:00,33.9
2020,8,하선,문정,2819,평일,13:00,27.2
2020,8,상선,장지,2820,평일,13:00,27.6
2020,8,하선,장지,2820,평일,13:00,22.8
2020,8,상선,복정,2821,평일,13:00,22.6
2020,8,하선,복정,2821,평일,13:00,13.3
2020,8,상선,산성,2822,평일,13:00,16.7
2020,8,하선,산성,2822,평일,13:00,13.6
2020,8,상선,남한산성입구,2823,평일,13:00,14.9
2020,8,하선,남한산성입구,2823,평일,13:00,9.3
2020,8,상선,단대오거리,2824,평일,13:00,11.1
2020,8,하선,단대오거리,2824,평일,13:00,8.4
2020,8,상선,신흥,2825,평일,13:00,8.4
2020,8,하선,신흥,2825,평일,13:00,7.6
2020,8,상선,수진,2826,평일,13:00,6.8
2020,8,하선,수진,2826,평일,13:00,7.3
2020,8,상선,모란,2827,평일,13:00,6.3
2020,8,하선,모란,2827,평일,13:00,0.0
2020,8,상선,암사,2811,토요일,13:00,0.0
2020,8,하선,암사,2811,토요일,13:00,11.4
2020,8,상선,천호,2812,토요일,13:00,7.6
2020,8,하선,천호,2812,토요일,13:00,29.4
2020,8,상선,강동구청,2813,토요일,13:00,22.5
2020,8,하선,강동구청,2813,토요일,13:00,35.0
2020,8,상선,몽촌토성,2814,토요일,13:00,23.7
2020,8,하선,몽촌토성,2814,토요일,13:00,37.3
2020,8,상선,잠실,2815,토요일,13:00,24.1
2020,8,하선,잠실,2815,토요일,13:00,33.9
2020,8,상선,석촌,2816,토요일,13:00,42.0
2020,8,하선,석촌,2816,토요일,13:00,34.4
2020,8,상선,송파,2817,토요일,13:00,45.5
2020,8,하선,송파,2817,토요일,13:00,29.6
2020,8,상선,가락시장,2818,토요일,13:00,39.7
2020,8,하선,가락시장,2818,토요일,13:00,27.0
2020,8,상선,문정,2819,토요일,13:00,36.4
2020,8,하선,문정,2819,토요일,13:00,24.1
2020,8,상선,장지,2820,토요일,13:00,31.3
2020,8,하선,장지,2820,토요일,13:00,21.1
2020,8,상선,복정,2821,토요일,13:00,25.9
2020,8,하선,복정,2821,토요일,13:00,13.3
2020,8,상선,산성,2822,토요일,13:00,19.6
2020,8,하선,산성,2822,토요일,13:00,11.4
2020,8,상선,남한산성입구,2823,토요일,13:00,16.1
2020,8,하선,남한산성입구,2823,토요일,13:00,9.7
2020,8,상선,단대오거리,2824,토요일,13:00,11.0
2020,8,하선,단대오거리,2824,토요일,13:00,8.4
2020,8,상선,신흥,2825,토요일,13:00,8.2
2020,8,하선,신흥,2825,토요일,13:00,7.3
2020,8,상선,수진,2826,토요일,13:00,6.3
2020,8,하선,수진,2826,토요일,13:00,5.6
2020,8,상선,모란,2827,토요일,13:00,5.5
2020,8,하선,모란,2827,토요일,13:00,0.0
2020,8,상선,암사,2811,일요일,13:00,0.0
2020,8,하선,암사,2811,일요일,13:00,8.1
2020,8,상선,천호,2812,일요일,13:00,4.3
2020,8,하선,천호,2812,일요일,13:00,21.9
2020,8,상선,강동구청,2813,일요일,13:00,15.5
2020,8,하선,강동구청,2813,일요일,13:00,23.6
2020,8,상선,몽촌토성,2814,일요일,13:00,14.6
2020,8,하선,몽촌토성,2814,일요일,13:00,24.0
2020,8,상선,잠실,2815,일요일,13:00,14.8
2020,8,하선,잠실,2815,일요일,13:00,23.1
2020,8,상선,석촌,2816,일요일,13:00,26.1
2020,8,하선,석촌,2816,일요일,13:00,24.4
2020,8,상선,송파,2817,일요일,13:00,27.2
2020,8,하선,송파,2817,일요일,13:00,19.2
2020,8,상선,가락시장,2818,일요일,13:00,29.4
2021,8,상선,암사,2811,평일,13:00,0.0
2021,8,하선,암사,2811,평일,13:00,11.5
2021,8,상선,천호,2812,평일,13:00,8.8
2021,8,하선,천호,2812,평일,13:00,29.3
2021,8,상선,강동구청,2813,평일,13:00,21.2
2021,8,하선,강동구청,2813,평일,13:00,32.6
2021,8,상선,몽촌토성,2814,평일,13:00,23.9
2021,8,하선,몽촌토성,2814,평일,13:00,34.1
2021,8,상선,잠실,2815,평일,13:00,25.1
2021,8,하선,잠실,2815,평일,13:00,35.2
2021,8,상선,석촌,2816,평일,13:00,36.1
2021,8,하선,석촌,2816,평일,13:00,36.6
2021,8,상선,송파,2817,평일,13:00,41.8
2021,8,하선,송파,2817,평일,13:00,36.0
2021,8,상선,가락시장,2818,평일,13:00,39.1
2021,8,하선,가락시장,2818,평일,13:00,35.0
2021,8,상선,문정,2819,평일,13:00,36.4
2021,8,하선,문정,2819,평일,13:00,28.4
2021,8,상선,장지,2820,평일,13:00,29.1
2021,8,하선,장지,2820,평일,13:00,23.6
2021,8,상선,복정,2821,평일,13:00,22.9
2021,8,하선,복정,2821,평일,13:00,13.7
2021,8,상선,산성,2822,평일,13:00,14.6
2021,8,하선,산성,2822,평일,13:00,11.3
2021,8,상선,남한산성입구,2823,평일,13:00,12.9
2021,8,하선,남한산성입구,2823,평일,13:00,9.6
2021,8,상선,단대오거리,2824,평일,13:00,10.4
2021,8,하선,단대오거리,2824,평일,13:00,8.4
2021,8,상선,신흥,2825,평일,13:00,8.2
2021,8,하선,신흥,2825,평일,13:00,7.7
2021,8,상선,수진,2826,평일,13:00,7.2
2021,8,하선,수진,2826,평일,13:00,8.4
2021,8,상선,모란,2827,평일,13:00,6.8
2021,8,하선,모란,2827,평일,13:00,0.0
2021,8,상선,암사,2811,토요일,13:00,0.0
2021,8,하선,암사,2811,토요일,13:00,13.2
2021,8,상선,천호,2812,토요일,13:00,8.6
2021,8,하선,천호,2812,토요일,13:00,35.3
2021,8,상선,강동구청,2813,토요일,13:00,27.3
2021,8,하선,강동구청,2813,토요일,13:00,38.9
2021,8,상선,몽촌토성,2814,토요일,13:00,28.9
2021,8,하선,몽촌토성,2814,토요일,13:00,40.1
2021,8,상선,잠실,2815,토요일,13:00,29.8
2021,8,하선,잠실,2815,토요일,13:00,36.3
2021,8,상선,석촌,2816,토요일,13:00,48.4
2021,8,하선,석촌,2816,토요일,13:00,37.8
2021,8,상선,송파,2817,토요일,13:00,56.0
2021,8,하선,송파,2817,토요일,13:00,41.8
2021,8,상선,가락시장,2818,토요일,13:00,56.8
2021,8,하선,가락시장,2818,토요일,13:00,36.6
2021,8,상선,문정,2819,토요일,13:00,50.5
2021,8,하선,문정,2819,토요일,13:00,29.4
2021,8,상선,장지,2820,토요일,13:00,43.7
2021,8,하선,장지,2820,토요일,13:00,23.6
2021,8,상선,복정,2821,토요일,13:00,37.2
2021,8,하선,복정,2821,토요일,13:00,11.0
2021,8,상선,산성,2822,토요일,13:00,22.2
2021,8,하선,산성,2822,토요일,13:00,9.1
2021,8,상선,남한산성입구,2823,토요일,13:00,19.0
2021,8,하선,남한산성입구,2823,토요일,13:00,8.9
2021,8,상선,단대오거리,2824,토요일,13:00,12.8
2021,8,하선,단대오거리,2824,토요일,13:00,8.0
2021,8,상선,신흥,2825,토요일,13:00,8.7
2021,8,하선,신흥,2825,토요일,13:00,7.7
2021,8,상선,수진,2826,토요일,13:00,6.9
2021,8,하선,수진,2826,토요일,13:00,7.2
2021,8,상선,모란,2827,토요일,13:00,6.6
2021,8,하선,모란,2827,토요일,13:00,0.0
2022,8,상선,암사,2811,평일,13:00,0.0
2022,8,하선,암사,2811,평일,13:00,12.4
2022,8,상선,천호,2812,평일,13:00,9.0
2022,8,하선,천호,2812,평일,13:00,33.1
2022,8,상선,강동구청,2813,평일,13:00,27.1
2022,8,하선,강동구청,2813,평일,13:00,35.5
2022,8,상선,몽촌토성,2814,평일,13:00,29.3
2022,8,하선,몽촌토성,2814,평일,13:00,34.4
2022,8,상선,잠실,2815,평일,13:00,28.7
2022,8,하선,잠실,2815,평일,13:00,40.7
2022,8,상선,석촌,2816,평일,13:00,44.4
2022,8,하선,석촌,2816,평일,13:00,42.3
2022,8,상선,송파,2817,평일,13:00,51.0
2022,8,하선,송파,2817,평일,13:00,41.5
2022,8,상선,가락시장,2818,평일,13:00,47.6
2022,8,하선,가락시장,2818,평일,13:00,37.8
2022,8,상선,문정,2819,평일,13:00,44.9
2022,8,하선,문정,2819,평일,13:00,32.1
2022,8,상선,장지,2820,평일,13:00,38.2
2022,8,하선,장지,2820,평일,13:00,28.1
2022,8,상선,복정,2821,평일,13:00,32.3
2022,8,하선,복정,2821,평일,13:00,18.8
2022,8,상선,산성,2822,평일,13:00,19.1
2022,8,하선,산성,2822,평일,13:00,16.0
2022,8,상선,남한산성입구,2823,평일,13:00,16.4
2022,8,하선,남한산성입구,2823,평일,13:00,12.1
2022,8,상선,단대오거리,2824,평일,13:00,12.1
2022,8,하선,단대오거리,2824,평일,13:00,9.8
2022,8,상선,신흥,2825,평일,13:00,8.8
2022,8,하선,신흥,2825,평일,13:00,8.4
2022,8,상선,수진,2826,평일,13:00,8.0
2022,8,하선,수진,2826,평일,13:00,8.4
2022,8,상선,모란,2827,평일,13:00,7.5
2022,8,하선,모란,2827,평일,13:00,0.0
2022,8,상선,암사,2811,토요일,13:00,0.0
2022,8,하선,암사,2811,토요일,13:00,16.5
2022,8,상선,천호,2812,토요일,13:00,9.9
2022,8,하선,천호,2812,토요일,13:00,45.8
2022,8,상선,강동구청,2813,토요일,13:00,33.5
2022,8,하선,강동구청,2813,토요일,13:00,43.9
2022,8,상선,몽촌토성,2814,토요일,13:00,31.4
2022,8,하선,몽촌토성,2814,토요일,13:00,45.8
2022,8,상선,잠실,2815,토요일,13:00,34.3
2022,8,하선,잠실,2815,토요일,13:00,46.0
2022,8,상선,석촌,2816,토요일,13:00,66.6
2022,8,하선,석촌,2816,토요일,13:00,49.5
2022,8,상선,송파,2817,토요일,13:00,73.0
2022,8,하선,송파,2817,토요일,13:00,49.2
2022,8,상선,가락시장,2818,토요일,13:00,69.6
2022,8,하선,가락시장,2818,토요일,13:00,44.6
2022,8,상선,문정,2819,토요일,13:00,65.1
2022,8,하선,문정,2819,토요일,13:00,35.7
2022,8,상선,장지,2820,토요일,13:00,56.7
2022,8,하선,장지,2820,토요일,13:00,28.7
2022,8,상선,복정,2821,토요일,13:00,47.6
2022,8,하선,복정,2821,토요일,13:00,16.8
2022,8,상선,산성,2822,토요일,13:00,28.2
2022,8,하선,산성,2822,토요일,13:00,13.6
2022,8,상선,남한산성입구,2823,토요일,13:00,25.3
2022,8,하선,남한산성입구,2823,토요일,13:00,13.1
2022,8,상선,단대오거리,2824,토요일,13:00,17.4
2022,8,하선,단대오거리,2824,토요일,13:00,12.4
2022,8,상선,신흥,2825,토요일,13:00,10.7
2022,8,하선,신흥,2825,토요일,13:00,10.2
2022,8,상선,암사,2811,공휴일,13:00,0.0
2022,8,하선,암사,2811,공휴일,13:00,11.6
2022,8,상선,천호,2812,공휴일,13:00,7.6
2022,8,하선,천호,2812,공휴일,13:00,31.1
2022,8,상선,강동구청,2813,공휴일,13:00,24.2
2022,8,하선,강동구청,2813,공휴일,13:00,34.0
2022,8,상선,몽촌토성,2814,공휴일,13:00,22.4
2022,8,하선,몽촌토성,2814,공휴일,13:00,34.7
2022,8,상선,잠실,2815,공휴일,13:00,24.8
2022,8,하선,잠실,2815,공휴일,13:00,36.8
2022,8,상선,석촌,2816,공휴일,13:00,49.3
2022,8,하선,석촌,2816,공휴일,13:00,37.0
2022,8,상선,송파,2817,공휴일,13:00,53.6
2022,8,하선,송파,2817,공휴일,13:00,36.3
2022,8,상선,가락시장,2818,공휴일,13:00,50.1
2022,8,하선,가락시장,2818,공휴일,13:00,33.6
2022,8,상선,문정,2819,공휴일,13:00,45.1
2022,8,하선,문정,2819,공휴일,13:00,26.5
2022,8,상선,장지,2820,공휴일,13:00,40.0
2022,8,하선,장지,2820,공휴일,13:00,20.6
2022,8,상선,복정,2821,공휴일,13:00,34.9
2022,8,하선,복정,2821,공휴일,13:00,12.4
2022,8,상선,산성,2822,공휴일,13:00,19.8
2022,8,하선,산성,2822,공휴일,13:00,11.0
2022,8,상선,남한산성입구,2823,공휴일,13:00,17.6
2022,8,하선,남한산성입구,2823,공휴일,13:00,11.4
2022,8,상선,단대오거리,2824,공휴일,13:00,12.7
2022,8,하선,단대오거리,2824,공휴일,13:00,10.0
2022,8,상선,신흥,2825,공휴일,13:00,8.7
2022,8,하선,신흥,2825,공휴일,13:00,7.3
2022,8,상선,수진,2826,공휴일,13:00,7.1
2022,8,하선,수진,2826,공휴일,13:00,6.7
2022,8,상선,모란,2827,공휴일,13:00,5.9
2022,8,하선,모란,2827,공휴일,13:00,0.0
2023,8,상선,암사,2811,평일,13:00,0.0
2023,8,하선,암사,2811,평일,13:00,12.7
2023,8,상선,천호,2812,평일,13:00,9.5
2023,8,하선,천호,2812,평일,13:00,33.9
2023,8,상선,강동구청,2813,평일,13:00,29.1
2023,8,하선,강동구청,2813,평일,13:00,35.6
2023,8,상선,몽촌토성,2814,평일,13:00,30.7
2023,8,하선,몽촌토성,2814,평일,13:00,37.2
2023,8,상선,잠실,2815,평일,13:00,31.2
2023,8,하선,잠실,2815,평일,13:00,42.5
2023,8,상선,석촌,2816,평일,13:00,47.7
2023,8,하선,석촌,2816,평일,13:00,47.7
2023,8,상선,송파,2817,평일,13:00,52.5
2023,8,하선,송파,2817,평일,13:00,46.4
2023,8,상선,가락시장,2818,평일,13:00,49.8
2023,8,하선,가락시장,2818,평일,13:00,41.1
2023,8,상선,문정,2819,평일,13:00,46.3
2023,8,하선,문정,2819,평일,13:00,32.9
2023,8,상선,장지,2820,평일,13:00,38.9
2023,8,하선,장지,2820,평일,13:00,28.5
2023,8,상선,복정,2821,평일,13:00,33.2
2023,8,하선,복정,2821,평일,13:00,17.8
2023,8,상선,산성,2822,평일,13:00,20.4
2023,8,하선,산성,2822,평일,13:00,14.9
2023,8,상선,남한산성입구,2823,평일,13:00,17.7
2023,8,하선,남한산성입구,2823,평일,13:00,11.7
2023,8,상선,단대오거리,2824,평일,13:00,13.5
2023,8,하선,단대오거리,2824,평일,13:00,10.4
2023,8,상선,신흥,2825,평일,13:00,10.1
2023,8,하선,신흥,2825,평일,13:00,9.0
2023,8,상선,수진,2826,평일,13:00,9.2
2023,8,하선,수진,2826,평일,13:00,9.1
2023,8,상선,모란,2827,평일,13:00,8.5
2023,8,하선,모란,2827,평일,13:00,0.0
2023,8,상선,암사,2811,토요일,13:00,0.0
2023,8,하선,암사,2811,토요일,13:00,16.6
2023,8,상선,천호,2812,토요일,13:00,10.5
2023,8,하선,천호,2812,토요일,13:00,52.8
2023,8,상선,강동구청,2813,토요일,13:00,39.5
2023,8,하선,강동구청,2813,토요일,13:00,54.1
2023,8,상선,몽촌토성,2814,토요일,13:00,38.6
2023,8,하선,몽촌토성,2814,토요일,13:00,54.6
2023,8,상선,잠실,2815,토요일,13:00,39.6
2023,8,하선,잠실,2815,토요일,13:00,50.2
2023,8,상선,석촌,2816,토요일,13:00,71.5
2023,8,하선,석촌,2816,토요일,13:00,53.5
2023,8,상선,송파,2817,토요일,13:00,74.4
2023,8,하선,송파,2817,토요일,13:00,50.7
2023,8,상선,가락시장,2818,토요일,13:00,70.1
2023,8,하선,가락시장,2818,토요일,13:00,45.6
2023,8,상선,문정,2819,토요일,13:00,64.5
2023,8,하선,문정,2819,토요일,13:00,36.1
2023,8,상선,장지,2820,토요일,13:00,55.8
2023,8,하선,장지,2820,토요일,13:00,28.8
2023,8,상선,복정,2821,토요일,13:00,47.8
2023,8,하선,복정,2821,토요일,13:00,18.0
2023,8,상선,산성,2822,토요일,13:00,29.9
2023,8,하선,산성,2822,토요일,13:00,13.3
2023,8,상선,남한산성입구,2823,토요일,13:00,26.6
2023,8,하선,남한산성입구,2823,토요일,13:00,11.6
2023,8,상선,단대오거리,2824,토요일,13:00,19.5
2023,8,하선,단대오거리,2824,토요일,13:00,11.1
2023,8,상선,신흥,2825,토요일,13:00,11.7
2023,8,하선,신흥,2825,토요일,13:00,9.2
2023,8,상선,수진,2826,토요일,13:00,9.2
2023,8,하선,수진,2826,토요일,13:00,8.6
2023,8,상선,모란,2827,토요일,13:00,8.2
2023,8,하선,모란,2827,토요일,13:00,0.0
2023,8,상선,암사,2811,일요일,13:00,0.0
2023,8,하선,암사,2811,일요일,13:00,13.3
2023,8,상선,천호,2812,일요일,13:00,8.7
2023,8,하선,천호,2812,일요일,13:00,34.0
2023,8,상선,강동구청,2813,일요일,13:00,29.2
2023,8,하선,강동구청,2813,일요일,13:00,38.1
2023,8,상선,몽촌토성,2814,일요일,13:00,27.7
2023,8,하선,몽촌토성,2814,일요일,13:00,42.9
2023,8,상선,잠실,2815,일요일,13:00,29.8
2023,8,하선,잠실,2815,일요일,13:00,41.8
2023,8,상선,석촌,2816,일요일,13:00,56.3
2023,8,하선,석촌,2816,일요일,13:00,42.6
2023,8,상선,송파,2817,일요일,13:00,60.3
2023,8,하선,송파,2817,일요일,13:00,41.0
2023,8,상선,가락시장,2818,일요일,13:00,56.7
2023,8,하선,가락시장,2818,일요일,13:00,37.7
2023,8,상선,문정,2819,일요일,13:00,50.9
2023,8,하선,문정,2819,일요일,13:00,29.8
2023,8,상선,장지,2820,일요일,13:00,43.7
2023,8,하선,장지,2820,일요일,13:00,24.5
2023,8,상선,복정,2821,일요일,13:00,37.4
2023,8,하선,복정,2821,일요일,13:00,16.2
2023,8,상선,산성,2822,일요일,13:00,22.3
2023,8,하선,산성,2822,일요일,13:00,11.3
2023,8,상선,남한산성입구,2823,일요일,13:00,17.9
2023,8,하선,남한산성입구,2823,일요일,13:00,11.0
2023,8,상선,단대오거리,2824,일요일,13:00,12.7
2023,8,하선,단대오거리,2824,일요일,13:00,9.6
2023,8,상선,신흥,2825,일요일,13:00,8.5
2023,8,하선,신흥,2825,일요일,13:00,7.7
2023,8,상선,수진,2826,일요일,13:00,7.2
2023,8,하선,수진,2826,일요일,13:00,6.6
2023,8,상선,모란,2827,일요일,13:00,5.8
202403,8,상선,암사,2811,평일,13:00,0.0
202403,8,하선,암사,2811,평일,13:00,12.9
202403,8,상선,천호,2812,평일,13:00,9.6
202403,8,하선,천호,2812,평일,13:00,33.6
202403,8,상선,강동구청,2813,평일,13:00,28.6
202403,8,하선,강동구청,2813,평일,13:00,36.1
202403,8,상선,몽촌토성,2814,평일,13:00,30.2
202403,8,하선,몽촌토성,2814,평일,13:00,35.8
202403,8,상선,잠실,2815,평일,13:00,30.7
202403,8,하선,잠실,2815,평일,13:00,42.1
202403,8,상선,석촌,2816,평일,13:00,48.3
202403,8,하선,석촌,2816,평일,13:00,46.7
202403,8,상선,송파,2817,평일,13:00,53.8
202403,8,하선,송파,2817,평일,13:00,45.9
202403,8,상선,가락시장,2818,평일,13:00,51.6
202403,8,하선,가락시장,2818,평일,13:00,41.7
202403,8,상선,문정,2819,평일,13:00,49.0
202403,8,하선,문정,2819,평일,13:00,33.2
202403,8,상선,장지,2820,평일,13:00,41.1
202403,8,하선,장지,2820,평일,13:00,28.6
202403,8,상선,복정,2821,평일,13:00,34.9
202403,8,하선,복정,2821,평일,13:00,17.9
202403,8,상선,산성,2822,평일,13:00,20.2
202403,8,하선,산성,2822,평일,13:00,15.4
202403,8,상선,남한산성입구,2823,평일,13:00,17.2
202403,8,하선,남한산성입구,2823,평일,13:00,11.4
202403,8,상선,단대오거리,2824,평일,13:00,12.5
202403,8,하선,단대오거리,2824,평일,13:00,10.0
202403,8,상선,신흥,2825,평일,13:00,8.4
202403,8,하선,신흥,2825,평일,13:00,9.1
202403,8,상선,수진,2826,평일,13:00,8.1
202403,8,하선,수진,2826,평일,13:00,9.2
202403,8,상선,모란,2827,평일,13:00,7.6
202403,8,하선,모란,2827,평일,13:00,0.0
202403,8,상선,암사,2811,토요일,13:00,0.0
202403,8,하선,암사,2811,토요일,13:00,20.1
202403,8,상선,천호,2812,토요일,13:00,12.6
202403,8,하선,천호,2812,토요일,13:00,53.5
202403,8,상선,강동구청,2813,토요일,13:00,43.1
202403,8,하선,강동구청,2813,토요일,13:00,57.4
202403,8,상선,몽촌토성,2814,토요일,13:00,41.2
202403,8,하선,몽촌토성,2814,토요일,13:00,62.6
202403,8,상선,잠실,2815,토요일,13:00,46.1
202403,8,하선,잠실,2815,토요일,13:00,53.9
202403,8,상선,석촌,2816,토요일,13:00,80.5
202403,8,하선,석촌,2816,토요일,13:00,54.5
202403,8,상선,송파,2817,토요일,13:00,89.1
202403,8,하선,송파,2817,토요일,13:00,53.9
202403,8,상선,가락시장,2818,토요일,13:00,84.8
202403,8,하선,가락시장,2818,토요일,13:00,49.3
202403,8,상선,문정,2819,토요일,13:00,75.0
202403,8,하선,문정,2819,토요일,13:00,40.0
202403,8,상선,장지,2820,토요일,13:00,63.9
202403,8,하선,장지,2820,토요일,13:00,34.6
202403,8,상선,복정,2821,토요일,13:00,55.2
202403,8,하선,복정,2821,토요일,13:00,21.8
202403,8,상선,산성,2822,토요일,13:00,32.9
202403,8,하선,산성,2822,토요일,13:00,15.7
202403,8,상선,남한산성입구,2823,토요일,13:00,26.7
202403,8,하선,남한산성입구,2823,토요일,13:00,15.6
202403,8,상선,단대오거리,2824,토요일,13:00,19.7
202403,8,하선,단대오거리,2824,토요일,13:00,13.3
202403,8,상선,신흥,2825,토요일,13:00,13.8
202403,8,하선,신흥,2825,토요일,13:00,10.8
202403,8,상선,수진,2826,토요일,13:00,11.0
202403,8,하선,수진,2826,토요일,13:00,9.9
202403,8,상선,모란,2827,토요일,13:00,9.0
202403,8,하선,모란,2827,토요일,13:00,0.0
202403,8,상선,암사,2811,일요일,13:00,0.0
202403,8,하선,암사,2811,일요일,13:00,13.4
202403,8,상선,천호,2812,일요일,13:00,9.9
202403,8,하선,천호,2812,일요일,13:00,42.5
202403,8,상선,강동구청,2813,일요일,13:00,31.6
202403,8,하선,강동구청,2813,일요일,13:00,43.1
202403,8,상선,몽촌토성,2814,일요일,13:00,30.9
202403,8,하선,몽촌토성,2814,일요일,13:00,43.6
202403,8,상선,잠실,2815,일요일,13:00,32.2
202403,8,하선,잠실,2815,일요일,13:00,40.4
202403,8,상선,석촌,2816,일요일,13:00,54.9
202403,8,하선,석촌,2816,일요일,13:00,40.5
202403,8,상선,송파,2817,일요일,13:00,62.5
202403,8,하선,송파,2817,일요일,13:00,39.6
202403,8,상선,가락시장,2818,일요일,13:00,59.5
202403,8,하선,가락시장,2818,일요일,13:00,38.4
202403,8,상선,문정,2819,일요일,13:00,56.3
202403,8,하선,문정,2819,일요일,13:00,31.8
202403,8,상선,장지,2820,일요일,13:00,51.2
202403,8,하선,장지,2820,일요일,13:00,28.5
202403,8,상선,복정,2821,일요일,13:00,45.4
202403,8,하선,복정,2821,일요일,13:00,16.2
202403,8,상선,산성,2822,일요일,13:00,26.0
202403,8,하선,산성,2822,일요일,13:00,14.1
202403,8,상선,남한산성입구,2823,일요일,13:00,22.8
202403,8,하선,남한산성입구,2823,일요일,13:00,13.4
202403,8,상선,단대오거리,2824,일요일,13:00,18.1
202403,8,하선,단대오거리,2824,일요일,13:00,14.4
202403,8,상선,신흥,2825,일요일,13:00,13.4
202403,8,하선,신흥,2825,일요일,13:00,13.0
202403,8,상선,수진,2826,일요일,13:00,12.3
202403,8,하선,수진,2826,일요일,13:00,13.6
202403,8,상선,모란,2827,일요일,13:00,10.9
202406,8,상선,암사,2811,평일,13:00,0.0
202406,8,하선,암사,2811,평일,13:00,12.5
202406,8,상선,천호,2812,평일,13:00,9.4
202406,8,하선,천호,2812,평일,13:00,33.1
202406,8,상선,강동구청,2813,평일,13:00,26.7
202406,8,하선,강동구청,2813,평일,13:00,35.4
202406,8,상선,몽촌토성,2814,평일,13:00,28.1
202406,8,하선,몽촌토성,2814,평일,13:00,35.0
202406,8,상선,잠실,2815,평일,13:00,28.0
202406,8,하선,잠실,2815,평일,13:00,40.8
202406,8,상선,석촌,2816,평일,13:00,44.8
202406,8,하선,석촌,2816,평일,13:00,43.8
202406,8,상선,송파,2817,평일,13:00,50.5
202406,8,하선,송파,2817,평일,13:00,43.4
202406,8,상선,가락시장,2818,평일,13:00,47.4
202406,8,하선,가락시장,2818,평일,13:00,38.4
202406,8,상선,문정,2819,평일,13:00,44.2
202406,8,하선,문정,2819,평일,13:00,31.7
202406,8,상선,장지,2820,평일,13:00,36.0
202406,8,하선,장지,2820,평일,13:00,26.5
202406,8,상선,복정,2821,평일,13:00,30.9
202406,8,하선,복정,2821,평일,13:00,17.4
202406,8,상선,산성,2822,평일,13:00,18.7
202406,8,하선,산성,2822,평일,13:00,13.0
202406,8,상선,남한산성입구,2823,평일,13:00,16.7
202406,8,하선,남한산성입구,2823,평일,13:00,9.9
202406,8,상선,단대오거리,2824,평일,13:00,12.2
202406,8,하선,단대오거리,2824,평일,13:00,8.4
202406,8,상선,신흥,2825,평일,13:00,8.9
202406,8,하선,신흥,2825,평일,13:00,7.2
202406,8,상선,수진,2826,평일,13:00,8.4
202406,8,하선,수진,2826,평일,13:00,7.7
202406,8,상선,모란,2827,평일,13:00,7.8
202406,8,하선,모란,2827,평일,13:00,0.0
202406,8,상선,암사,2811,토요일,13:00,0.0
202406,8,하선,암사,2811,토요일,13:00,16.5
202406,8,상선,천호,2812,토요일,13:00,11.5
202406,8,하선,천호,2812,토요일,13:00,48.2
202406,8,상선,강동구청,2813,토요일,13:00,36.4
202406,8,하선,강동구청,2813,토요일,13:00,48.1
202406,8,상선,몽촌토성,2814,토요일,13:00,36.1
202406,8,하선,몽촌토성,2814,토요일,13:00,48.8
202406,8,상선,잠실,2815,토요일,13:00,37.1
202406,8,하선,잠실,2815,토요일,13:00,47.2
202406,8,상선,석촌,2816,토요일,13:00,68.2
202406,8,하선,석촌,2816,토요일,13:00,47.5
202406,8,상선,송파,2817,토요일,13:00,71.7
202406,8,하선,송파,2817,토요일,13:00,47.8
202406,8,상선,가락시장,2818,토요일,13:00,67.2
202406,8,하선,가락시장,2818,토요일,13:00,43.7
202406,8,상선,문정,2819,토요일,13:00,57.5
202406,8,하선,문정,2819,토요일,13:00,36.5
202406,8,상선,장지,2820,토요일,13:00,48.3
202406,8,하선,장지,2820,토요일,13:00,28.6
202406,8,상선,복정,2821,토요일,13:00,41.5
202406,8,하선,복정,2821,토요일,13:00,17.1
202406,8,상선,산성,2822,토요일,13:00,23.5
202406,8,하선,산성,2822,토요일,13:00,12.3
202406,8,상선,남한산성입구,2823,토요일,13:00,21.1
202406,8,하선,남한산성입구,2823,토요일,13:00,12.7
202406,8,상선,단대오거리,2824,토요일,13:00,16.1
202406,8,하선,단대오거리,2824,토요일,13:00,11.0
202406,8,상선,신흥,2825,토요일,13:00,10.9
202406,8,하선,신흥,2825,토요일,13:00,9.2
202406,8,상선,수진,2826,토요일,13:00,9.3
202406,8,하선,수진,2826,토요일,13:00,9.6
202406,8,상선,모란,2827,토요일,13:00,6.8
202406,8,하선,모란,2827,토요일,13:00,0.0
202406,8,상선,암사,2811,일요일,13:00,0.0
202406,8,하선,암사,2811,일요일,13:00,13.6
202406,8,상선,천호,2812,일요일,13:00,7.9
202406,8,하선,천호,2812,일요일,13:00,41.0
202406,8,상선,강동구청,2813,일요일,13:00,26.6
202406,8,하선,강동구청,2813,일요일,13:00,39.9
202406,8,상선,몽촌토성,2814,일요일,13:00,25.6
202406,8,하선,몽촌토성,2814,일요일,13:00,40.6
202406,8,상선,잠실,2815,일요일,13:00,25.2
202406,8,하선,잠실,2815,일요일,13:00,36.5
202406,8,상선,석촌,2816,일요일,13:00,52.0
202406,8,하선,석촌,2816,일요일,13:00,36.3
202406,8,상선,송파,2817,일요일,13:00,57.0
202406,8,하선,송파,2817,일요일,13:00,37.0
202406,8,상선,가락시장,2818,일요일,13:00,54.1
202406,8,하선,가락시장,2818,일요일,13:00,34.5
202406,8,상선,문정,2819,일요일,13:00,49.0
202406,8,하선,문정,2819,일요일,13:00,31.0
202406,8,상선,장지,2820,일요일,13:00,41.7
202406,8,하선,장지,2820,일요일,13:00,25.0
202406,8,상선,복정,2821,일요일,13:00,37.7
202406,8,하선,복정,2821,일요일,13:00,15.8
202406,8,상선,산성,2822,일요일,13:00,22.6
202406,8,하선,산성,2822,일요일,13:00,11.8
202406,8,상선,남한산성입구,2823,일요일,13:00,19.2
202406,8,하선,남한산성입구,2823,일요일,13:00,10.1
202406,8,상선,단대오거리,2824,일요일,13:00,14.0
202406,8,하선,단대오거리,2824,일요일,13:00,9.2
202406,8,상선,신흥,2825,일요일,13:00,9.2
202406,8,하선,신흥,2825,일요일,13:00,6.8
202406,8,상선,수진,2826,일요일,13:00,7.9
202406,8,하선,수진,2826,일요일,13:00,6.8
202406,8,상선,모란,2827,일요일,13:00,5.8
2020,8,상선,암사,2811,평일,13:30,0.0
2020,8,하선,암사,2811,평일,13:30,9.1
2020,8,상선,천호,2812,평일,13:30,8.3
2020,8,하선,천호,2812,평일,13:30,24.1
2020,8,상선,강동구청,2813,평일,13:30,23.9
2020,8,하선,강동구청,2813,평일,13:30,25.3
2020,8,상선,몽촌토성,2814,평일,13:30,25.2
2020,8,하선,몽촌토성,2814,평일,13:30,26.1
2020,8,상선,잠실,2815,평일,13:30,27.1
2020,8,하선,잠실,2815,평일,13:30,31.6
2020,8,상선,석촌,2816,평일,13:30,38.1
2020,8,하선,석촌,2816,평일,13:30,37.5
2020,8,상선,송파,2817,평일,13:30,43.2
2020,8,하선,송파,2817,평일,13:30,36.2
2020,8,상선,가락시장,2818,평일,13:30,41.7
2020,8,하선,가락시장,2818,평일,13:30,32.7
2020,8,상선,문정,2819,평일,13:30,37.6
2020,8,하선,문정,2819,평일,13:30,26.2
2020,8,상선,장지,2820,평일,13:30,29.7
2020,8,하선,장지,2820,평일,13:30,21.8
2020,8,상선,복정,2821,평일,13:30,25.3
2020,8,하선,복정,2821,평일,13:30,12.7
2020,8,상선,산성,2822,평일,13:30,12.9
2020,8,하선,산성,2822,평일,13:30,11.7
2020,8,상선,남한산성입구,2823,평일,13:30,11.3
2020,8,하선,남한산성입구,2823,평일,13:30,11.1
2020,8,상선,단대오거리,2824,평일,13:30,9.0
2020,8,하선,단대오거리,2824,평일,13:30,9.6
2020,8,상선,신흥,2825,평일,13:30,7.3
2020,8,하선,신흥,2825,평일,13:30,9.0
2020,8,상선,수진,2826,평일,13:30,6.8
2020,8,하선,수진,2826,평일,13:30,7.2
2020,8,상선,모란,2827,평일,13:30,7.1
2020,8,하선,모란,2827,평일,13:30,0.0
2020,8,상선,암사,2811,토요일,13:30,0.0
2020,8,하선,암사,2811,토요일,13:30,12.7
2020,8,상선,천호,2812,토요일,13:30,8.7
2020,8,하선,천호,2812,토요일,13:30,32.2
2020,8,상선,강동구청,2813,토요일,13:30,25.8
2020,8,하선,강동구청,2813,토요일,13:30,31.5
2020,8,상선,몽촌토성,2814,토요일,13:30,26.1
2020,8,하선,몽촌토성,2814,토요일,13:30,33.6
2020,8,상선,잠실,2815,토요일,13:30,26.9
2020,8,하선,잠실,2815,토요일,13:30,35.4
2020,8,상선,석촌,2816,토요일,13:30,44.0
2020,8,하선,석촌,2816,토요일,13:30,35.6
2020,8,상선,송파,2817,토요일,13:30,48.6
2020,8,하선,송파,2817,토요일,13:30,38.9
2020,8,상선,가락시장,2818,토요일,13:30,44.9
2020,8,하선,가락시장,2818,토요일,13:30,37.8
2020,8,상선,문정,2819,토요일,13:30,41.7
2020,8,하선,문정,2819,토요일,13:30,31.6
2020,8,상선,장지,2820,토요일,13:30,36.3
2020,8,하선,장지,2820,토요일,13:30,26.3
2020,8,상선,복정,2821,토요일,13:30,30.8
2020,8,하선,복정,2821,토요일,13:30,12.3
2020,8,상선,산성,2822,토요일,13:30,14.9
2020,8,하선,산성,2822,토요일,13:30,10.3
2020,8,상선,남한산성입구,2823,토요일,13:30,12.7
2020,8,하선,남한산성입구,2823,토요일,13:30,9.4
2020,8,상선,단대오거리,2824,토요일,13:30,9.6
2020,8,하선,단대오거리,2824,토요일,13:30,7.8
2020,8,상선,신흥,2825,토요일,13:30,6.3
2020,8,하선,신흥,2825,토요일,13:30,7.0
2020,8,상선,수진,2826,토요일,13:30,5.2
2020,8,하선,수진,2826,토요일,13:30,6.1
2020,8,상선,모란,2827,토요일,13:30,5.5
2020,8,하선,모란,2827,토요일,13:30,0.0
2020,8,상선,암사,2811,일요일,13:30,0.0
2020,8,하선,암사,2811,일요일,13:30,7.4
2020,8,상선,천호,2812,일요일,13:30,7.4
2020,8,하선,천호,2812,일요일,13:30,20.8
2020,8,상선,강동구청,2813,일요일,13:30,16.1
2020,8,하선,강동구청,2813,일요일,13:30,22.4
2020,8,상선,몽촌토성,2814,일요일,13:30,19.0
2020,8,하선,몽촌토성,2814,일요일,13:30,22.8
2020,8,상선,잠실,2815,일요일,13:30,18.1
2020,8,하선,잠실,2815,일요일,13:30,24.3
2020,8,상선,석촌,2816,일요일,13:30,31.0
2020,8,하선,석촌,2816,일요일,13:30,20.6
2020,8,상선,송파,2817,일요일,13:30,32.9
2020,8,하선,송파,2817,일요일,13:30,25.3
2020,8,상선,가락시장,2818,일요일,13:30,28.2
2021,8,상선,암사,2811,평일,13:30,0.0
2021,8,하선,암사,2811,평일,13:30,10.4
2021,8,상선,천호,2812,평일,13:30,9.8
2021,8,하선,천호,2812,평일,13:30,26.6
2021,8,상선,강동구청,2813,평일,13:30,27.2
2021,8,하선,강동구청,2813,평일,13:30,28.1
2021,8,상선,몽촌토성,2814,평일,13:30,29.1
2021,8,하선,몽촌토성,2814,평일,13:30,29.1
2021,8,상선,잠실,2815,평일,13:30,29.5
2021,8,하선,잠실,2815,평일,13:30,35.8
2021,8,상선,석촌,2816,평일,13:30,39.1
2021,8,하선,석촌,2816,평일,13:30,36.8
2021,8,상선,송파,2817,평일,13:30,40.4
2021,8,하선,송파,2817,평일,13:30,35.8
2021,8,상선,가락시장,2818,평일,13:30,39.0
2021,8,하선,가락시장,2818,평일,13:30,32.3
2021,8,상선,문정,2819,평일,13:30,35.1
2021,8,하선,문정,2819,평일,13:30,26.4
2021,8,상선,장지,2820,평일,13:30,26.4
2021,8,하선,장지,2820,평일,13:30,21.8
2021,8,상선,복정,2821,평일,13:30,22.5
2021,8,하선,복정,2821,평일,13:30,12.8
2021,8,상선,산성,2822,평일,13:30,11.6
2021,8,하선,산성,2822,평일,13:30,11.8
2021,8,상선,남한산성입구,2823,평일,13:30,10.5
2021,8,하선,남한산성입구,2823,평일,13:30,9.7
2021,8,상선,단대오거리,2824,평일,13:30,8.8
2021,8,하선,단대오거리,2824,평일,13:30,8.8
2021,8,상선,신흥,2825,평일,13:30,7.5
2021,8,하선,신흥,2825,평일,13:30,7.7
2021,8,상선,수진,2826,평일,13:30,6.9
2021,8,하선,수진,2826,평일,13:30,7.5
2021,8,상선,모란,2827,평일,13:30,7.1
2021,8,하선,모란,2827,평일,13:30,0.0
2021,8,상선,암사,2811,토요일,13:30,0.0
2021,8,하선,암사,2811,토요일,13:30,13.2
2021,8,상선,천호,2812,토요일,13:30,9.1
2021,8,하선,천호,2812,토요일,13:30,35.8
2021,8,상선,강동구청,2813,토요일,13:30,28.0
2021,8,하선,강동구청,2813,토요일,13:30,37.5
2021,8,상선,몽촌토성,2814,토요일,13:30,28.2
2021,8,하선,몽촌토성,2814,토요일,13:30,38.9
2021,8,상선,잠실,2815,토요일,13:30,30.5
2021,8,하선,잠실,2815,토요일,13:30,40.8
2021,8,상선,석촌,2816,토요일,13:30,49.8
2021,8,하선,석촌,2816,토요일,13:30,43.3
2021,8,상선,송파,2817,토요일,13:30,54.3
2021,8,하선,송파,2817,토요일,13:30,37.1
2021,8,상선,가락시장,2818,토요일,13:30,46.5
2021,8,하선,가락시장,2818,토요일,13:30,34.8
2021,8,상선,문정,2819,토요일,13:30,44.0
2021,8,하선,문정,2819,토요일,13:30,29.4
2021,8,상선,장지,2820,토요일,13:30,38.0
2021,8,하선,장지,2820,토요일,13:30,24.0
2021,8,상선,복정,2821,토요일,13:30,33.8
2021,8,하선,복정,2821,토요일,13:30,15.0
2021,8,상선,산성,2822,토요일,13:30,17.8
2021,8,하선,산성,2822,토요일,13:30,13.6
2021,8,상선,남한산성입구,2823,토요일,13:30,14.9
2021,8,하선,남한산성입구,2823,토요일,13:30,12.7
2021,8,상선,단대오거리,2824,토요일,13:30,10.9
2021,8,하선,단대오거리,2824,토요일,13:30,10.0
2021,8,상선,신흥,2825,토요일,13:30,7.6
2021,8,하선,신흥,2825,토요일,13:30,7.8
2021,8,상선,수진,2826,토요일,13:30,6.2
2021,8,하선,수진,2826,토요일,13:30,7.7
2021,8,상선,모란,2827,토요일,13:30,6.2
2021,8,하선,모란,2827,토요일,13:30,0.0
2022,8,상선,암사,2811,평일,13:30,0.0
2022,8,하선,암사,2811,평일,13:30,10.3
2022,8,상선,천호,2812,평일,13:30,9.6
2022,8,하선,천호,2812,평일,13:30,31.5
2022,8,상선,강동구청,2813,평일,13:30,25.5
2022,8,하선,강동구청,2813,평일,13:30,32.4
2022,8,상선,몽촌토성,2814,평일,13:30,27.6
2022,8,하선,몽촌토성,2814,평일,13:30,33.4
2022,8,상선,잠실,2815,평일,13:30,30.9
2022,8,하선,잠실,2815,평일,13:30,40.8
2022,8,상선,석촌,2816,평일,13:30,43.1
2022,8,하선,석촌,2816,평일,13:30,43.6
2022,8,상선,송파,2817,평일,13:30,45.7
2022,8,하선,송파,2817,평일,13:30,41.9
2022,8,상선,가락시장,2818,평일,13:30,44.2
2022,8,하선,가락시장,2818,평일,13:30,37.9
2022,8,상선,문정,2819,평일,13:30,40.8
2022,8,하선,문정,2819,평일,13:30,32.0
2022,8,상선,장지,2820,평일,13:30,32.2
2022,8,하선,장지,2820,평일,13:30,26.8
2022,8,상선,복정,2821,평일,13:30,27.2
2022,8,하선,복정,2821,평일,13:30,17.2
2022,8,상선,산성,2822,평일,13:30,15.7
2022,8,하선,산성,2822,평일,13:30,14.3
2022,8,상선,남한산성입구,2823,평일,13:30,14.2
2022,8,하선,남한산성입구,2823,평일,13:30,11.6
2022,8,상선,단대오거리,2824,평일,13:30,11.2
2022,8,하선,단대오거리,2824,평일,13:30,10.1
2022,8,상선,신흥,2825,평일,13:30,8.6
2022,8,하선,신흥,2825,평일,13:30,8.2
2022,8,상선,수진,2826,평일,13:30,7.9
2022,8,하선,수진,2826,평일,13:30,8.0
2022,8,상선,모란,2827,평일,13:30,7.8
2022,8,하선,모란,2827,평일,13:30,0.0
2022,8,상선,암사,2811,토요일,13:30,0.0
2022,8,하선,암사,2811,토요일,13:30,15.5
2022,8,상선,천호,2812,토요일,13:30,10.8
2022,8,하선,천호,2812,토요일,13:30,41.9
2022,8,상선,강동구청,2813,토요일,13:30,33.2
2022,8,하선,강동구청,2813,토요일,13:30,44.9
2022,8,상선,몽촌토성,2814,토요일,13:30,38.6
2022,8,하선,몽촌토성,2814,토요일,13:30,46.4
2022,8,상선,잠실,2815,토요일,13:30,40.8
2022,8,하선,잠실,2815,토요일,13:30,46.6
2022,8,상선,석촌,2816,토요일,13:30,64.0
2022,8,하선,석촌,2816,토요일,13:30,48.2
2022,8,상선,송파,2817,토요일,13:30,68.8
2022,8,하선,송파,2817,토요일,13:30,46.1
2022,8,상선,가락시장,2818,토요일,13:30,64.8
2022,8,하선,가락시장,2818,토요일,13:30,43.8
2022,8,상선,문정,2819,토요일,13:30,58.3
2022,8,하선,문정,2819,토요일,13:30,36.6
2022,8,상선,장지,2820,토요일,13:30,49.8
2022,8,하선,장지,2820,토요일,13:30,31.6
2022,8,상선,복정,2821,토요일,13:30,42.3
2022,8,하선,복정,2821,토요일,13:30,19.6
2022,8,상선,산성,2822,토요일,13:30,22.8
2022,8,하선,산성,2822,토요일,13:30,17.1
2022,8,상선,남한산성입구,2823,토요일,13:30,19.9
2022,8,하선,남한산성입구,2823,토요일,13:30,14.3
2022,8,상선,단대오거리,2824,토요일,13:30,15.1
2022,8,하선,단대오거리,2824,토요일,13:30,13.1
2022,8,상선,신흥,2825,토요일,13:30,11.4
2022,8,하선,신흥,2825,토요일,13:30,10.1
2022,8,상선,암사,2811,공휴일,13:30,0.0
2022,8,하선,암사,2811,공휴일,13:30,13.0
2022,8,상선,천호,2812,공휴일,13:30,7.4
2022,8,하선,천호,2812,공휴일,13:30,33.2
2022,8,상선,강동구청,2813,공휴일,13:30,26.8
2022,8,하선,강동구청,2813,공휴일,13:30,35.7
2022,8,상선,몽촌토성,2814,공휴일,13:30,27.8
2022,8,하선,몽촌토성,2814,공휴일,13:30,39.5
2022,8,상선,잠실,2815,공휴일,13:30,29.7
2022,8,하선,잠실,2815,공휴일,13:30,37.4
2022,8,상선,석촌,2816,공휴일,13:30,45.4
2022,8,하선,석촌,2816,공휴일,13:30,40.2
2022,8,상선,송파,2817,공휴일,13:30,50.4
2022,8,하선,송파,2817,공휴일,13:30,38.6
2022,8,상선,가락시장,2818,공휴일,13:30,47.5
2022,8,하선,가락시장,2818,공휴일,13:30,36.1
2022,8,상선,문정,2819,공휴일,13:30,42.5
2022,8,하선,문정,2819,공휴일,13:30,30.1
2022,8,상선,장지,2820,공휴일,13:30,36.9
2022,8,하선,장지,2820,공휴일,13:30,24.4
2022,8,상선,복정,2821,공휴일,13:30,32.9
2022,8,하선,복정,2821,공휴일,13:30,15.7
2022,8,상선,산성,2822,공휴일,13:30,19.0
2022,8,하선,산성,2822,공휴일,13:30,12.0
2022,8,상선,남한산성입구,2823,공휴일,13:30,16.3
2022,8,하선,남한산성입구,2823,공휴일,13:30,9.9
2022,8,상선,단대오거리,2824,공휴일,13:30,12.1
2022,8,하선,단대오거리,2824,공휴일,13:30,8.7
2022,8,상선,신흥,2825,공휴일,13:30,7.8
2022,8,하선,신흥,2825,공휴일,13:30,6.8
2022,8,상선,수진,2826,공휴일,13:30,6.8
2022,8,하선,수진,2826,공휴일,13:30,6.6
2022,8,상선,모란,2827,공휴일,13:30,5.5
2022,8,하선,모란,2827,공휴일,13:30,0.0
2023,8,상선,암사,2811,평일,13:30,0.0
2023,8,하선,암사,2811,평일,13:30,10.1
2023,8,상선,천호,2812,평일,13:30,9.3
2023,8,하선,천호,2812,평일,13:30,32.3
2023,8,상선,강동구청,2813,평일,13:30,26.9
2023,8,하선,강동구청,2813,평일,13:30,33.9
2023,8,상선,몽촌토성,2814,평일,13:30,28.7
2023,8,하선,몽촌토성,2814,평일,13:30,34.2
2023,8,상선,잠실,2815,평일,13:30,31.0
2023,8,하선,잠실,2815,평일,13:30,41.6
2023,8,상선,석촌,2816,평일,13:30,45.2
2023,8,하선,석촌,2816,평일,13:30,44.2
2023,8,상선,송파,2817,평일,13:30,49.6
2023,8,하선,송파,2817,평일,13:30,42.4
2023,8,상선,가락시장,2818,평일,13:30,48.0
2023,8,하선,가락시장,2818,평일,13:30,38.8
2023,8,상선,문정,2819,평일,13:30,44.0
2023,8,하선,문정,2819,평일,13:30,32.8
2023,8,상선,장지,2820,평일,13:30,35.5
2023,8,하선,장지,2820,평일,13:30,27.2
2023,8,상선,복정,2821,평일,13:30,30.0
2023,8,하선,복정,2821,평일,13:30,18.0
2023,8,상선,산성,2822,평일,13:30,16.6
2023,8,하선,산성,2822,평일,13:30,14.1
2023,8,상선,남한산성입구,2823,평일,13:30,14.4
2023,8,하선,남한산성입구,2823,평일,13:30,11.2
2023,8,상선,단대오거리,2824,평일,13:30,11.3
2023,8,하선,단대오거리,2824,평일,13:30,9.7
2023,8,상선,신흥,2825,평일,13:30,9.0
2023,8,하선,신흥,2825,평일,13:30,7.9
2023,8,상선,수진,2826,평일,13:30,8.6
2023,8,하선,수진,2826,평일,13:30,7.6
2023,8,상선,모란,2827,평일,13:30,8.1
2023,8,하선,모란,2827,평일,13:30,0.0
2023,8,상선,암사,2811,토요일,13:30,0.0
2023,8,하선,암사,2811,토요일,13:30,15.3
2023,8,상선,천호,2812,토요일,13:30,9.7
2023,8,하선,천호,2812,토요일,13:30,42.7
2023,8,상선,강동구청,2813,토요일,13:30,33.3
2023,8,하선,강동구청,2813,토요일,13:30,46.6
2023,8,상선,몽촌토성,2814,토요일,13:30,35.3
2023,8,하선,몽촌토성,2814,토요일,13:30,52.4
2023,8,상선,잠실,2815,토요일,13:30,36.9
2023,8,하선,잠실,2815,토요일,13:30,53.1
2023,8,상선,석촌,2816,토요일,13:30,68.7
2023,8,하선,석촌,2816,토요일,13:30,50.9
2023,8,상선,송파,2817,토요일,13:30,77.9
2023,8,하선,송파,2817,토요일,13:30,49.0
2023,8,상선,가락시장,2818,토요일,13:30,75.0
2023,8,하선,가락시장,2818,토요일,13:30,45.6
2023,8,상선,문정,2819,토요일,13:30,68.5
2023,8,하선,문정,2819,토요일,13:30,37.2
2023,8,상선,장지,2820,토요일,13:30,59.9
2023,8,하선,장지,2820,토요일,13:30,30.0
2023,8,상선,복정,2821,토요일,13:30,51.6
2023,8,하선,복정,2821,토요일,13:30,20.5
2023,8,상선,산성,2822,토요일,13:30,27.2
2023,8,하선,산성,2822,토요일,13:30,14.9
2023,8,상선,남한산성입구,2823,토요일,13:30,23.5
2023,8,하선,남한산성입구,2823,토요일,13:30,14.1
2023,8,상선,단대오거리,2824,토요일,13:30,17.0
2023,8,하선,단대오거리,2824,토요일,13:30,12.6
2023,8,상선,신흥,2825,토요일,13:30,11.2
2023,8,하선,신흥,2825,토요일,13:30,9.4
2023,8,상선,수진,2826,토요일,13:30,10.1
2023,8,하선,수진,2826,토요일,13:30,7.9
2023,8,상선,모란,2827,토요일,13:30,9.7
2023,8,하선,모란,2827,토요일,13:30,0.0
2023,8,상선,암사,2811,일요일,13:30,0.0
2023,8,하선,암사,2811,일요일,13:30,12.5
2023,8,상선,천호,2812,일요일,13:30,7.7
2023,8,하선,천호,2812,일요일,13:30,39.2
2023,8,상선,강동구청,2813,일요일,13:30,24.4
2023,8,하선,강동구청,2813,일요일,13:30,42.4
2023,8,상선,몽촌토성,2814,일요일,13:30,27.6
2023,8,하선,몽촌토성,2814,일요일,13:30,39.7
2023,8,상선,잠실,2815,일요일,13:30,29.3
2023,8,하선,잠실,2815,일요일,13:30,41.5
2023,8,상선,석촌,2816,일요일,13:30,52.8
2023,8,하선,석촌,2816,일요일,13:30,39.3
2023,8,상선,송파,2817,일요일,13:30,60.4
2023,8,하선,송파,2817,일요일,13:30,39.9
2023,8,상선,가락시장,2818,일요일,13:30,57.3
2023,8,하선,가락시장,2818,일요일,13:30,37.0
2023,8,상선,문정,2819,일요일,13:30,53.2
2023,8,하선,문정,2819,일요일,13:30,32.7
2023,8,상선,장지,2820,일요일,13:30,45.5
2023,8,하선,장지,2820,일요일,13:30,25.7
2023,8,상선,복정,2821,일요일,13:30,40.7
2023,8,하선,복정,2821,일요일,13:30,17.0
2023,8,상선,산성,2822,일요일,13:30,21.2
2023,8,하선,산성,2822,일요일,13:30,12.1
2023,8,상선,남한산성입구,2823,일요일,13:30,17.8
2023,8,하선,남한산성입구,2823,일요일,13:30,10.8
2023,8,상선,단대오거리,2824,일요일,13:30,13.7
2023,8,하선,단대오거리,2824,일요일,13:30,9.2
2023,8,상선,신흥,2825,일요일,13:30,10.0
2023,8,하선,신흥,2825,일요일,13:30,6.9
2023,8,상선,수진,2826,일요일,13:30,8.3
2023,8,하선,수진,2826,일요일,13:30,7.4
2023,8,상선,모란,2827,일요일,13:30,6.9
202403,8,상선,암사,2811,평일,13:30,0.0
202403,8,하선,암사,2811,평일,13:30,10.7
202403,8,상선,천호,2812,평일,13:30,9.6
202403,8,하선,천호,2812,평일,13:30,31.1
202403,8,상선,강동구청,2813,평일,13:30,27.1
202403,8,하선,강동구청,2813,평일,13:30,32.3
202403,8,상선,몽촌토성,2814,평일,13:30,28.7
202403,8,하선,몽촌토성,2814,평일,13:30,33.7
202403,8,상선,잠실,2815,평일,13:30,31.0
202403,8,하선,잠실,2815,평일,13:30,41.7
202403,8,상선,석촌,2816,평일,13:30,45.2
202403,8,하선,석촌,2816,평일,13:30,44.3
202403,8,상선,송파,2817,평일,13:30,48.7
202403,8,하선,송파,2817,평일,13:30,42.5
202403,8,상선,가락시장,2818,평일,13:30,47.3
202403,8,하선,가락시장,2818,평일,13:30,37.9
202403,8,상선,문정,2819,평일,13:30,43.8
202403,8,하선,문정,2819,평일,13:30,31.7
202403,8,상선,장지,2820,평일,13:30,34.1
202403,8,하선,장지,2820,평일,13:30,26.8
202403,8,상선,복정,2821,평일,13:30,29.0
202403,8,하선,복정,2821,평일,13:30,17.7
202403,8,상선,산성,2822,평일,13:30,16.1
202403,8,하선,산성,2822,평일,13:30,14.5
202403,8,상선,남한산성입구,2823,평일,13:30,14.3
202403,8,하선,남한산성입구,2823,평일,13:30,11.4
202403,8,상선,단대오거리,2824,평일,13:30,11.5
202403,8,하선,단대오거리,2824,평일,13:30,10.0
202403,8,상선,신흥,2825,평일,13:30,9.1
202403,8,하선,신흥,2825,평일,13:30,8.1
202403,8,상선,수진,2826,평일,13:30,8.4
202403,8,하선,수진,2826,평일,13:30,8.0
202403,8,상선,모란,2827,평일,13:30,8.3
202403,8,하선,모란,2827,평일,13:30,0.0
202403,8,상선,암사,2811,토요일,13:30,0.0
202403,8,하선,암사,2811,토요일,13:30,18.0
202403,8,상선,천호,2812,토요일,13:30,12.2
202403,8,하선,천호,2812,토요일,13:30,49.4
202403,8,상선,강동구청,2813,토요일,13:30,36.0
202403,8,하선,강동구청,2813,토요일,13:30,52.4
202403,8,상선,몽촌토성,2814,토요일,13:30,39.6
202403,8,하선,몽촌토성,2814,토요일,13:30,52.6
202403,8,상선,잠실,2815,토요일,13:30,44.6
202403,8,하선,잠실,2815,토요일,13:30,50.4
202403,8,상선,석촌,2816,토요일,13:30,72.7
202403,8,하선,석촌,2816,토요일,13:30,55.2
202403,8,상선,송파,2817,토요일,13:30,83.4
202403,8,하선,송파,2817,토요일,13:30,53.7
202403,8,상선,가락시장,2818,토요일,13:30,79.7
202403,8,하선,가락시장,2818,토요일,13:30,49.5
202403,8,상선,문정,2819,토요일,13:30,71.8
202403,8,하선,문정,2819,토요일,13:30,40.8
202403,8,상선,장지,2820,토요일,13:30,62.0
202403,8,하선,장지,2820,토요일,13:30,35.0
202403,8,상선,복정,2821,토요일,13:30,52.7
202403,8,하선,복정,2821,토요일,13:30,24.1
202403,8,상선,산성,2822,토요일,13:30,27.0
202403,8,하선,산성,2822,토요일,13:30,16.9
202403,8,상선,남한산성입구,2823,토요일,13:30,22.3
202403,8,하선,남한산성입구,2823,토요일,13:30,15.0
202403,8,상선,단대오거리,2824,토요일,13:30,17.2
202403,8,하선,단대오거리,2824,토요일,13:30,11.9
202403,8,상선,신흥,2825,토요일,13:30,12.0
202403,8,하선,신흥,2825,토요일,13:30,9.8
202403,8,상선,수진,2826,토요일,13:30,10.1
202403,8,하선,수진,2826,토요일,13:30,9.2
202403,8,상선,모란,2827,토요일,13:30,11.0
202403,8,하선,모란,2827,토요일,13:30,0.0
202403,8,상선,암사,2811,일요일,13:30,0.0
202403,8,하선,암사,2811,일요일,13:30,14.3
202403,8,상선,천호,2812,일요일,13:30,9.4
202403,8,하선,천호,2812,일요일,13:30,40.3
202403,8,상선,강동구청,2813,일요일,13:30,29.2
202403,8,하선,강동구청,2813,일요일,13:30,44.8
202403,8,상선,몽촌토성,2814,일요일,13:30,30.4
202403,8,하선,몽촌토성,2814,일요일,13:30,45.8
202403,8,상선,잠실,2815,일요일,13:30,32.7
202403,8,하선,잠실,2815,일요일,13:30,45.4
202403,8,상선,석촌,2816,일요일,13:30,53.9
202403,8,하선,석촌,2816,일요일,13:30,46.5
202403,8,상선,송파,2817,일요일,13:30,63.0
202403,8,하선,송파,2817,일요일,13:30,45.5
202403,8,상선,가락시장,2818,일요일,13:30,61.4
202403,8,하선,가락시장,2818,일요일,13:30,42.6
202403,8,상선,문정,2819,일요일,13:30,57.6
202403,8,하선,문정,2819,일요일,13:30,36.4
202403,8,상선,장지,2820,일요일,13:30,53.1
202403,8,하선,장지,2820,일요일,13:30,30.7
202403,8,상선,복정,2821,일요일,13:30,48.8
202403,8,하선,복정,2821,일요일,13:30,17.8
202403,8,상선,산성,2822,일요일,13:30,24.3
202403,8,하선,산성,2822,일요일,13:30,14.6
202403,8,상선,남한산성입구,2823,일요일,13:30,22.8
202403,8,하선,남한산성입구,2823,일요일,13:30,15.4
202403,8,상선,단대오거리,2824,일요일,13:30,18.7
202403,8,하선,단대오거리,2824,일요일,13:30,15.6
202403,8,상선,신흥,2825,일요일,13:30,15.3
202403,8,하선,신흥,2825,일요일,13:30,14.1
202403,8,상선,수진,2826,일요일,13:30,14.3
202403,8,하선,수진,2826,일요일,13:30,14.4
202403,8,상선,모란,2827,일요일,13:30,14.2
202406,8,상선,암사,2811,평일,13:30,0.0
202406,8,하선,암사,2811,평일,13:30,9.9
202406,8,상선,천호,2812,평일,13:30,8.9
202406,8,하선,천호,2812,평일,13:30,31.5
202406,8,상선,강동구청,2813,평일,13:30,27.2
202406,8,하선,강동구청,2813,평일,13:30,32.9
202406,8,상선,몽촌토성,2814,평일,13:30,29.0
202406,8,하선,몽촌토성,2814,평일,13:30,33.8
202406,8,상선,잠실,2815,평일,13:30,32.5
202406,8,하선,잠실,2815,평일,13:30,42.7
202406,8,상선,석촌,2816,평일,13:30,45.5
202406,8,하선,석촌,2816,평일,13:30,45.1
202406,8,상선,송파,2817,평일,13:30,48.0
202406,8,하선,송파,2817,평일,13:30,43.1
202406,8,상선,가락시장,2818,평일,13:30,46.7
202406,8,하선,가락시장,2818,평일,13:30,38.2
202406,8,상선,문정,2819,평일,13:30,43.2
202406,8,하선,문정,2819,평일,13:30,31.3
202406,8,상선,장지,2820,평일,13:30,34.7
202406,8,하선,장지,2820,평일,13:30,25.5
202406,8,상선,복정,2821,평일,13:30,29.4
202406,8,하선,복정,2821,평일,13:30,17.6
202406,8,상선,산성,2822,평일,13:30,16.7
202406,8,하선,산성,2822,평일,13:30,13.2
202406,8,상선,남한산성입구,2823,평일,13:30,14.1
202406,8,하선,남한산성입구,2823,평일,13:30,10.4
202406,8,상선,단대오거리,2824,평일,13:30,11.2
202406,8,하선,단대오거리,2824,평일,13:30,8.9
202406,8,상선,신흥,2825,평일,13:30,9.0
202406,8,하선,신흥,2825,평일,13:30,7.5
202406,8,상선,수진,2826,평일,13:30,8.1
202406,8,하선,수진,2826,평일,13:30,7.4
202406,8,상선,모란,2827,평일,13:30,7.6
202406,8,하선,모란,2827,평일,13:30,0.0
202406,8,상선,암사,2811,토요일,13:30,0.0
202406,8,하선,암사,2811,토요일,13:30,14.6
202406,8,상선,천호,2812,토요일,13:30,12.0
202406,8,하선,천호,2812,토요일,13:30,40.6
202406,8,상선,강동구청,2813,토요일,13:30,33.7
202406,8,하선,강동구청,2813,토요일,13:30,42.3
202406,8,상선,몽촌토성,2814,토요일,13:30,36.2
202406,8,하선,몽촌토성,2814,토요일,13:30,47.2
202406,8,상선,잠실,2815,토요일,13:30,39.4
202406,8,하선,잠실,2815,토요일,13:30,48.5
202406,8,상선,석촌,2816,토요일,13:30,66.2
202406,8,하선,석촌,2816,토요일,13:30,53.3
202406,8,상선,송파,2817,토요일,13:30,72.2
202406,8,하선,송파,2817,토요일,13:30,50.0
202406,8,상선,가락시장,2818,토요일,13:30,68.3
202406,8,하선,가락시장,2818,토요일,13:30,45.3
202406,8,상선,문정,2819,토요일,13:30,62.4
202406,8,하선,문정,2819,토요일,13:30,38.1
202406,8,상선,장지,2820,토요일,13:30,55.1
202406,8,하선,장지,2820,토요일,13:30,30.8
202406,8,상선,복정,2821,토요일,13:30,48.1
202406,8,하선,복정,2821,토요일,13:30,20.4
202406,8,상선,산성,2822,토요일,13:30,23.0
202406,8,하선,산성,2822,토요일,13:30,15.1
202406,8,상선,남한산성입구,2823,토요일,13:30,19.4
202406,8,하선,남한산성입구,2823,토요일,13:30,11.9
202406,8,상선,단대오거리,2824,토요일,13:30,15.1
202406,8,하선,단대오거리,2824,토요일,13:30,10.8
202406,8,상선,신흥,2825,토요일,13:30,10.7
202406,8,하선,신흥,2825,토요일,13:30,8.9
202406,8,상선,수진,2826,토요일,13:30,8.9
202406,8,하선,수진,2826,토요일,13:30,8.8
202406,8,상선,모란,2827,토요일,13:30,8.6
202406,8,하선,모란,2827,토요일,13:30,0.0
202406,8,상선,암사,2811,일요일,13:30,0.0
202406,8,하선,암사,2811,일요일,13:30,12.2
202406,8,상선,천호,2812,일요일,13:30,9.7
202406,8,하선,천호,2812,일요일,13:30,36.6
202406,8,상선,강동구청,2813,일요일,13:30,25.7
202406,8,하선,강동구청,2813,일요일,13:30,38.2
202406,8,상선,몽촌토성,2814,일요일,13:30,27.8
202406,8,하선,몽촌토성,2814,일요일,13:30,41.9
202406,8,상선,잠실,2815,일요일,13:30,29.7
202406,8,하선,잠실,2815,일요일,13:30,40.1
202406,8,상선,석촌,2816,일요일,13:30,50.3
202406,8,하선,석촌,2816,일요일,13:30,40.1
202406,8,상선,송파,2817,일요일,13:30,54.1
202406,8,하선,송파,2817,일요일,13:30,39.1
202406,8,상선,가락시장,2818,일요일,13:30,51.1
202406,8,하선,가락시장,2818,일요일,13:30,35.5
202406,8,상선,문정,2819,일요일,13:30,47.0
202406,8,하선,문정,2819,일요일,13:30,30.1
202406,8,상선,장지,2820,일요일,13:30,43.2
202406,8,하선,장지,2820,일요일,13:30,23.5
202406,8,상선,복정,2821,일요일,13:30,39.0
202406,8,하선,복정,2821,일요일,13:30,14.7
202406,8,상선,산성,2822,일요일,13:30,19.3
202406,8,하선,산성,2822,일요일,13:30,10.9
202406,8,상선,남한산성입구,2823,일요일,13:30,16.3
202406,8,하선,남한산성입구,2823,일요일,13:30,10.4
202406,8,상선,단대오거리,2824,일요일,13:30,13.3
202406,8,하선,단대오거리,2824,일요일,13:30,10.6
202406,8,상선,신흥,2825,일요일,13:30,9.5
202406,8,하선,신흥,2825,일요일,13:30,7.9
202406,8,상선,수진,2826,일요일,13:30,8.6
202406,8,하선,수진,2826,일요일,13:30,7.5
202406,8,상선,모란,2827,일요일,13:30,6.3
2020,8,상선,암사,2811,평일,14:00,0.0
2020,8,하선,암사,2811,평일,14:00,9.6
2020,8,상선,천호,2812,평일,14:00,8.3
2020,8,하선,천호,2812,평일,14:00,26.4
2020,8,상선,강동구청,2813,평일,14:00,25.9
2020,8,하선,강동구청,2813,평일,14:00,26.4
2020,8,상선,몽촌토성,2814,평일,14:00,23.9
2020,8,하선,몽촌토성,2814,평일,14:00,27.9
2020,8,상선,잠실,2815,평일,14:00,23.7
2020,8,하선,잠실,2815,평일,14:00,33.9
2020,8,상선,석촌,2816,평일,14:00,32.2
2020,8,하선,석촌,2816,평일,14:00,32.2
2020,8,상선,송파,2817,평일,14:00,35.0
2020,8,하선,송파,2817,평일,14:00,31.5
2020,8,상선,가락시장,2818,평일,14:00,36.0
2020,8,하선,가락시장,2818,평일,14:00,29.7
2020,8,상선,문정,2819,평일,14:00,34.2
2020,8,하선,문정,2819,평일,14:00,25.0
2020,8,상선,장지,2820,평일,14:00,26.5
2020,8,하선,장지,2820,평일,14:00,20.8
2020,8,상선,복정,2821,평일,14:00,21.4
2020,8,하선,복정,2821,평일,14:00,12.1
2020,8,상선,산성,2822,평일,14:00,12.9
2020,8,하선,산성,2822,평일,14:00,12.0
2020,8,상선,남한산성입구,2823,평일,14:00,11.5
2020,8,하선,남한산성입구,2823,평일,14:00,10.8
2020,8,상선,단대오거리,2824,평일,14:00,8.8
2020,8,하선,단대오거리,2824,평일,14:00,9.5
2020,8,상선,신흥,2825,평일,14:00,7.3
2020,8,하선,신흥,2825,평일,14:00,7.8
2020,8,상선,수진,2826,평일,14:00,6.6
2020,8,하선,수진,2826,평일,14:00,7.0
2020,8,상선,모란,2827,평일,14:00,6.9
2020,8,하선,모란,2827,평일,14:00,0.0
2020,8,상선,암사,2811,토요일,14:00,0.0
2020,8,하선,암사,2811,토요일,14:00,11.9
2020,8,상선,천호,2812,토요일,14:00,9.7
2020,8,하선,천호,2812,토요일,14:00,30.4
2020,8,상선,강동구청,2813,토요일,14:00,22.9
2020,8,하선,강동구청,2813,토요일,14:00,32.3
2020,8,상선,몽촌토성,2814,토요일,14:00,24.8
2020,8,하선,몽촌토성,2814,토요일,14:00,33.5
2020,8,상선,잠실,2815,토요일,14:00,26.2
2020,8,하선,잠실,2815,토요일,14:00,32.8
2020,8,상선,석촌,2816,토요일,14:00,39.4
2020,8,하선,석촌,2816,토요일,14:00,37.0
2020,8,상선,송파,2817,토요일,14:00,42.6
2020,8,하선,송파,2817,토요일,14:00,36.1
2020,8,상선,가락시장,2818,토요일,14:00,40.7
2020,8,하선,가락시장,2818,토요일,14:00,33.2
2020,8,상선,문정,2819,토요일,14:00,38.4
2020,8,하선,문정,2819,토요일,14:00,26.2
2020,8,상선,장지,2820,토요일,14:00,33.8
2020,8,하선,장지,2820,토요일,14:00,22.4
2020,8,상선,복정,2821,토요일,14:00,30.2
2020,8,하선,복정,2821,토요일,14:00,13.0
2020,8,상선,산성,2822,토요일,14:00,17.4
2020,8,하선,산성,2822,토요일,14:00,11.2
2020,8,상선,남한산성입구,2823,토요일,14:00,14.1
2020,8,하선,남한산성입구,2823,토요일,14:00,10.0
2020,8,상선,단대오거리,2824,토요일,14:00,10.8
2020,8,하선,단대오거리,2824,토요일,14:00,8.5
2020,8,상선,신흥,2825,토요일,14:00,7.2
2020,8,하선,신흥,2825,토요일,14:00,7.3
2020,8,상선,수진,2826,토요일,14:00,5.7
2020,8,하선,수진,2826,토요일,14:00,5.4
2020,8,상선,모란,2827,토요일,14:00,5.8
2020,8,하선,모란,2827,토요일,14:00,0.0
2020,8,상선,암사,2811,일요일,14:00,0.0
2020,8,하선,암사,2811,일요일,14:00,8.0
2020,8,상선,천호,2812,일요일,14:00,4.8
2020,8,하선,천호,2812,일요일,14:00,21.9
2020,8,상선,강동구청,2813,일요일,14:00,14.9
2020,8,하선,강동구청,2813,일요일,14:00,23.5
2020,8,상선,몽촌토성,2814,일요일,14:00,15.7
2020,8,하선,몽촌토성,2814,일요일,14:00,24.1
2020,8,상선,잠실,2815,일요일,14:00,18.2
2020,8,하선,잠실,2815,일요일,14:00,21.4
2020,8,상선,석촌,2816,일요일,14:00,29.0
2020,8,하선,석촌,2816,일요일,14:00,25.9
2020,8,상선,송파,2817,일요일,14:00,30.9
2020,8,하선,송파,2817,일요일,14:00,25.2
2020,8,상선,가락시장,2818,일요일,14:00,29.3
2021,8,상선,암사,2811,평일,14:00,0.0
2021,8,하선,암사,2811,평일,14:00,10.2
2021,8,상선,천호,2812,평일,14:00,8.2
2021,8,하선,천호,2812,평일,14:00,26.8
2021,8,상선,강동구청,2813,평일,14:00,25.6
2021,8,하선,강동구청,2813,평일,14:00,29.0
2021,8,상선,몽촌토성,2814,평일,14:00,28.2
2021,8,하선,몽촌토성,2814,평일,14:00,30.3
2021,8,상선,잠실,2815,평일,14:00,30.2
2021,8,하선,잠실,2815,평일,14:00,36.7
2021,8,상선,석촌,2816,평일,14:00,35.0
2021,8,하선,석촌,2816,평일,14:00,39.6
2021,8,상선,송파,2817,평일,14:00,37.7
2021,8,하선,송파,2817,평일,14:00,38.0
2021,8,상선,가락시장,2818,평일,14:00,36.4
2021,8,하선,가락시장,2818,평일,14:00,34.2
2021,8,상선,문정,2819,평일,14:00,34.5
2021,8,하선,문정,2819,평일,14:00,28.7
2021,8,상선,장지,2820,평일,14:00,29.0
2021,8,하선,장지,2820,평일,14:00,23.2
2021,8,상선,복정,2821,평일,14:00,23.7
2021,8,하선,복정,2821,평일,14:00,11.8
2021,8,상선,산성,2822,평일,14:00,13.9
2021,8,하선,산성,2822,평일,14:00,10.1
2021,8,상선,남한산성입구,2823,평일,14:00,11.9
2021,8,하선,남한산성입구,2823,평일,14:00,9.3
2021,8,상선,단대오거리,2824,평일,14:00,9.7
2021,8,하선,단대오거리,2824,평일,14:00,7.8
2021,8,상선,신흥,2825,평일,14:00,7.9
2021,8,하선,신흥,2825,평일,14:00,7.0
2021,8,상선,수진,2826,평일,14:00,7.3
2021,8,하선,수진,2826,평일,14:00,6.7
2021,8,상선,모란,2827,평일,14:00,7.2
2021,8,하선,모란,2827,평일,14:00,0.0
2021,8,상선,암사,2811,토요일,14:00,0.0
2021,8,하선,암사,2811,토요일,14:00,11.6
2021,8,상선,천호,2812,토요일,14:00,7.8
2021,8,하선,천호,2812,토요일,14:00,31.3
2021,8,상선,강동구청,2813,토요일,14:00,28.7
2021,8,하선,강동구청,2813,토요일,14:00,33.2
2021,8,상선,몽촌토성,2814,토요일,14:00,30.7
2021,8,하선,몽촌토성,2814,토요일,14:00,34.3
2021,8,상선,잠실,2815,토요일,14:00,32.7
2021,8,하선,잠실,2815,토요일,14:00,29.3
2021,8,상선,석촌,2816,토요일,14:00,48.3
2021,8,하선,석촌,2816,토요일,14:00,34.1
2021,8,상선,송파,2817,토요일,14:00,50.0
2021,8,하선,송파,2817,토요일,14:00,33.6
2021,8,상선,가락시장,2818,토요일,14:00,48.1
2021,8,하선,가락시장,2818,토요일,14:00,29.6
2021,8,상선,문정,2819,토요일,14:00,43.9
2021,8,하선,문정,2819,토요일,14:00,26.9
2021,8,상선,장지,2820,토요일,14:00,37.0
2021,8,하선,장지,2820,토요일,14:00,20.9
2021,8,상선,복정,2821,토요일,14:00,32.8
2021,8,하선,복정,2821,토요일,14:00,10.7
2021,8,상선,산성,2822,토요일,14:00,19.1
2021,8,하선,산성,2822,토요일,14:00,9.4
2021,8,상선,남한산성입구,2823,토요일,14:00,17.4
2021,8,하선,남한산성입구,2823,토요일,14:00,8.4
2021,8,상선,단대오거리,2824,토요일,14:00,12.6
2021,8,하선,단대오거리,2824,토요일,14:00,7.5
2021,8,상선,신흥,2825,토요일,14:00,8.8
2021,8,하선,신흥,2825,토요일,14:00,6.0
2021,8,상선,수진,2826,토요일,14:00,8.1
2021,8,하선,수진,2826,토요일,14:00,6.3
2021,8,상선,모란,2827,토요일,14:00,6.9
2021,8,하선,모란,2827,토요일,14:00,0.0
2022,8,상선,암사,2811,평일,14:00,0.0
2022,8,하선,암사,2811,평일,14:00,9.8
2022,8,상선,천호,2812,평일,14:00,9.3
2022,8,하선,천호,2812,평일,14:00,27.9
2022,8,상선,강동구청,2813,평일,14:00,26.7
2022,8,하선,강동구청,2813,평일,14:00,28.7
2022,8,상선,몽촌토성,2814,평일,14:00,28.0
2022,8,하선,몽촌토성,2814,평일,14:00,31.5
2022,8,상선,잠실,2815,평일,14:00,31.4
2022,8,하선,잠실,2815,평일,14:00,40.2
2022,8,상선,석촌,2816,평일,14:00,39.9
2022,8,하선,석촌,2816,평일,14:00,42.8
2022,8,상선,송파,2817,평일,14:00,44.7
2022,8,하선,송파,2817,평일,14:00,40.1
2022,8,상선,가락시장,2818,평일,14:00,43.0
2022,8,하선,가락시장,2818,평일,14:00,36.8
2022,8,상선,문정,2819,평일,14:00,42.0
2022,8,하선,문정,2819,평일,14:00,30.6
2022,8,상선,장지,2820,평일,14:00,33.6
2022,8,하선,장지,2820,평일,14:00,25.6
2022,8,상선,복정,2821,평일,14:00,28.4
2022,8,하선,복정,2821,평일,14:00,15.9
2022,8,상선,산성,2822,평일,14:00,15.3
2022,8,하선,산성,2822,평일,14:00,12.3
2022,8,상선,남한산성입구,2823,평일,14:00,13.6
2022,8,하선,남한산성입구,2823,평일,14:00,10.9
2022,8,상선,단대오거리,2824,평일,14:00,10.5
2022,8,하선,단대오거리,2824,평일,14:00,9.3
2022,8,상선,신흥,2825,평일,14:00,8.9
2022,8,하선,신흥,2825,평일,14:00,7.7
2022,8,상선,수진,2826,평일,14:00,8.4
2022,8,하선,수진,2826,평일,14:00,7.2
2022,8,상선,모란,2827,평일,14:00,7.9
2022,8,하선,모란,2827,평일,14:00,0.0
2022,8,상선,암사,2811,토요일,14:00,0.0
2022,8,하선,암사,2811,토요일,14:00,15.3
2022,8,상선,천호,2812,토요일,14:00,11.1
2022,8,하선,천호,2812,토요일,14:00,40.4
2022,8,상선,강동구청,2813,토요일,14:00,34.0
2022,8,하선,강동구청,2813,토요일,14:00,43.9
2022,8,상선,몽촌토성,2814,토요일,14:00,31.7
2022,8,하선,몽촌토성,2814,토요일,14:00,46.4
2022,8,상선,잠실,2815,토요일,14:00,32.2
2022,8,하선,잠실,2815,토요일,14:00,48.6
2022,8,상선,석촌,2816,토요일,14:00,60.1
2022,8,하선,석촌,2816,토요일,14:00,47.1
2022,8,상선,송파,2817,토요일,14:00,65.7
2022,8,하선,송파,2817,토요일,14:00,45.6
2022,8,상선,가락시장,2818,토요일,14:00,62.6
2022,8,하선,가락시장,2818,토요일,14:00,40.3
2022,8,상선,문정,2819,토요일,14:00,57.9
2022,8,하선,문정,2819,토요일,14:00,35.0
2022,8,상선,장지,2820,토요일,14:00,48.8
2022,8,하선,장지,2820,토요일,14:00,28.9
2022,8,상선,복정,2821,토요일,14:00,42.8
2022,8,하선,복정,2821,토요일,14:00,17.0
2022,8,상선,산성,2822,토요일,14:00,22.5
2022,8,하선,산성,2822,토요일,14:00,14.0
2022,8,상선,남한산성입구,2823,토요일,14:00,19.3
2022,8,하선,남한산성입구,2823,토요일,14:00,12.8
2022,8,상선,단대오거리,2824,토요일,14:00,14.3
2022,8,하선,단대오거리,2824,토요일,14:00,11.8
2022,8,상선,신흥,2825,토요일,14:00,9.6
2022,8,하선,신흥,2825,토요일,14:00,8.9
2022,8,상선,암사,2811,공휴일,14:00,0.0
2022,8,하선,암사,2811,공휴일,14:00,9.8
2022,8,상선,천호,2812,공휴일,14:00,8.0
2022,8,하선,천호,2812,공휴일,14:00,30.8
2022,8,상선,강동구청,2813,공휴일,14:00,22.0
2022,8,하선,강동구청,2813,공휴일,14:00,33.7
2022,8,상선,몽촌토성,2814,공휴일,14:00,22.2
2022,8,하선,몽촌토성,2814,공휴일,14:00,34.5
2022,8,상선,잠실,2815,공휴일,14:00,23.3
2022,8,하선,잠실,2815,공휴일,14:00,38.3
2022,8,상선,석촌,2816,공휴일,14:00,40.4
2022,8,하선,석촌,2816,공휴일,14:00,38.5
2022,8,상선,송파,2817,공휴일,14:00,44.8
2022,8,하선,송파,2817,공휴일,14:00,37.5
2022,8,상선,가락시장,2818,공휴일,14:00,42.5
2022,8,하선,가락시장,2818,공휴일,14:00,33.5
2022,8,상선,문정,2819,공휴일,14:00,43.0
2022,8,하선,문정,2819,공휴일,14:00,28.3
2022,8,상선,장지,2820,공휴일,14:00,36.3
2022,8,하선,장지,2820,공휴일,14:00,22.7
2022,8,상선,복정,2821,공휴일,14:00,33.5
2022,8,하선,복정,2821,공휴일,14:00,13.4
2022,8,상선,산성,2822,공휴일,14:00,16.8
2022,8,하선,산성,2822,공휴일,14:00,11.2
2022,8,상선,남한산성입구,2823,공휴일,14:00,15.2
2022,8,하선,남한산성입구,2823,공휴일,14:00,10.4
2022,8,상선,단대오거리,2824,공휴일,14:00,11.8
2022,8,하선,단대오거리,2824,공휴일,14:00,9.7
2022,8,상선,신흥,2825,공휴일,14:00,9.2
2022,8,하선,신흥,2825,공휴일,14:00,7.4
2022,8,상선,수진,2826,공휴일,14:00,6.6
2022,8,하선,수진,2826,공휴일,14:00,7.3
2022,8,상선,모란,2827,공휴일,14:00,5.7
2022,8,하선,모란,2827,공휴일,14:00,0.0
2023,8,상선,암사,2811,평일,14:00,0.0
2023,8,하선,암사,2811,평일,14:00,9.9
2023,8,상선,천호,2812,평일,14:00,9.9
2023,8,하선,천호,2812,평일,14:00,28.4
2023,8,상선,강동구청,2813,평일,14:00,28.7
2023,8,하선,강동구청,2813,평일,14:00,29.6
2023,8,상선,몽촌토성,2814,평일,14:00,29.7
2023,8,하선,몽촌토성,2814,평일,14:00,32.9
2023,8,상선,잠실,2815,평일,14:00,33.1
2023,8,하선,잠실,2815,평일,14:00,41.5
2023,8,상선,석촌,2816,평일,14:00,42.3
2023,8,하선,석촌,2816,평일,14:00,43.9
2023,8,상선,송파,2817,평일,14:00,45.8
2023,8,하선,송파,2817,평일,14:00,39.8
2023,8,상선,가락시장,2818,평일,14:00,44.7
2023,8,하선,가락시장,2818,평일,14:00,36.4
2023,8,상선,문정,2819,평일,14:00,43.3
2023,8,하선,문정,2819,평일,14:00,30.5
2023,8,상선,장지,2820,평일,14:00,34.3
2023,8,하선,장지,2820,평일,14:00,26.0
2023,8,상선,복정,2821,평일,14:00,28.8
2023,8,하선,복정,2821,평일,14:00,16.2
2023,8,상선,산성,2822,평일,14:00,15.8
2023,8,하선,산성,2822,평일,14:00,12.3
2023,8,상선,남한산성입구,2823,평일,14:00,13.7
2023,8,하선,남한산성입구,2823,평일,14:00,11.3
2023,8,상선,단대오거리,2824,평일,14:00,10.8
2023,8,하선,단대오거리,2824,평일,14:00,9.5
2023,8,상선,신흥,2825,평일,14:00,8.9
2023,8,하선,신흥,2825,평일,14:00,7.8
2023,8,상선,수진,2826,평일,14:00,8.2
2023,8,하선,수진,2826,평일,14:00,7.3
2023,8,상선,모란,2827,평일,14:00,8.3
2023,8,하선,모란,2827,평일,14:00,0.0
2023,8,상선,암사,2811,토요일,14:00,0.0
2023,8,하선,암사,2811,토요일,14:00,16.3
2023,8,상선,천호,2812,토요일,14:00,11.2
2023,8,하선,천호,2812,토요일,14:00,36.7
2023,8,상선,강동구청,2813,토요일,14:00,38.6
2023,8,하선,강동구청,2813,토요일,14:00,43.9
2023,8,상선,몽촌토성,2814,토요일,14:00,39.5
2023,8,하선,몽촌토성,2814,토요일,14:00,47.5
2023,8,상선,잠실,2815,토요일,14:00,40.4
2023,8,하선,잠실,2815,토요일,14:00,52.0
2023,8,상선,석촌,2816,토요일,14:00,69.2
2023,8,하선,석촌,2816,토요일,14:00,56.7
2023,8,상선,송파,2817,토요일,14:00,71.7
2023,8,하선,송파,2817,토요일,14:00,51.9
2023,8,상선,가락시장,2818,토요일,14:00,66.5
2023,8,하선,가락시장,2818,토요일,14:00,47.5
2023,8,상선,문정,2819,토요일,14:00,64.4
2023,8,하선,문정,2819,토요일,14:00,39.0
2023,8,상선,장지,2820,토요일,14:00,57.7
2023,8,하선,장지,2820,토요일,14:00,32.5
2023,8,상선,복정,2821,토요일,14:00,49.0
2023,8,하선,복정,2821,토요일,14:00,20.4
2023,8,상선,산성,2822,토요일,14:00,26.7
2023,8,하선,산성,2822,토요일,14:00,14.5
2023,8,상선,남한산성입구,2823,토요일,14:00,21.4
2023,8,하선,남한산성입구,2823,토요일,14:00,13.7
2023,8,상선,단대오거리,2824,토요일,14:00,16.1
2023,8,하선,단대오거리,2824,토요일,14:00,10.8
2023,8,상선,신흥,2825,토요일,14:00,11.9
2023,8,하선,신흥,2825,토요일,14:00,8.2
2023,8,상선,수진,2826,토요일,14:00,10.1
2023,8,하선,수진,2826,토요일,14:00,8.4
2023,8,상선,모란,2827,토요일,14:00,8.6
2023,8,하선,모란,2827,토요일,14:00,0.0
2023,8,상선,암사,2811,일요일,14:00,0.0
2023,8,하선,암사,2811,일요일,14:00,11.4
2023,8,상선,천호,2812,일요일,14:00,8.0
2023,8,하선,천호,2812,일요일,14:00,34.7
2023,8,상선,강동구청,2813,일요일,14:00,27.5
2023,8,하선,강동구청,2813,일요일,14:00,39.9
2023,8,상선,몽촌토성,2814,일요일,14:00,29.0
2023,8,하선,몽촌토성,2814,일요일,14:00,40.3
2023,8,상선,잠실,2815,일요일,14:00,32.9
2023,8,하선,잠실,2815,일요일,14:00,44.0
2023,8,상선,석촌,2816,일요일,14:00,53.7
2023,8,하선,석촌,2816,일요일,14:00,45.9
2023,8,상선,송파,2817,일요일,14:00,56.4
2023,8,하선,송파,2817,일요일,14:00,44.5
2023,8,상선,가락시장,2818,일요일,14:00,53.9
2023,8,하선,가락시장,2818,일요일,14:00,40.3
2023,8,상선,문정,2819,일요일,14:00,51.6
2023,8,하선,문정,2819,일요일,14:00,34.8
2023,8,상선,장지,2820,일요일,14:00,44.0
2023,8,하선,장지,2820,일요일,14:00,28.4
2023,8,상선,복정,2821,일요일,14:00,37.4
2023,8,하선,복정,2821,일요일,14:00,17.6
2023,8,상선,산성,2822,일요일,14:00,19.5
2023,8,하선,산성,2822,일요일,14:00,12.4
2023,8,상선,남한산성입구,2823,일요일,14:00,17.5
2023,8,하선,남한산성입구,2823,일요일,14:00,11.1
2023,8,상선,단대오거리,2824,일요일,14:00,13.4
2023,8,하선,단대오거리,2824,일요일,14:00,10.1
2023,8,상선,신흥,2825,일요일,14:00,9.8
2023,8,하선,신흥,2825,일요일,14:00,7.3
2023,8,상선,수진,2826,일요일,14:00,8.5
2023,8,하선,수진,2826,일요일,14:00,7.9
2023,8,상선,모란,2827,일요일,14:00,7.0
202403,8,상선,암사,2811,평일,14:00,0.0
202403,8,하선,암사,2811,평일,14:00,10.1
202403,8,상선,천호,2812,평일,14:00,10.2
202403,8,하선,천호,2812,평일,14:00,28.8
202403,8,상선,강동구청,2813,평일,14:00,29.9
202403,8,하선,강동구청,2813,평일,14:00,30.8
202403,8,상선,몽촌토성,2814,평일,14:00,31.4
202403,8,하선,몽촌토성,2814,평일,14:00,32.7
202403,8,상선,잠실,2815,평일,14:00,34.1
202403,8,하선,잠실,2815,평일,14:00,41.5
202403,8,상선,석촌,2816,평일,14:00,42.6
202403,8,하선,석촌,2816,평일,14:00,44.8
202403,8,상선,송파,2817,평일,14:00,47.8
202403,8,하선,송파,2817,평일,14:00,40.5
202403,8,상선,가락시장,2818,평일,14:00,47.0
202403,8,하선,가락시장,2818,평일,14:00,37.2
202403,8,상선,문정,2819,평일,14:00,44.0
202403,8,하선,문정,2819,평일,14:00,30.7
202403,8,상선,장지,2820,평일,14:00,34.9
202403,8,하선,장지,2820,평일,14:00,26.2
202403,8,상선,복정,2821,평일,14:00,29.2
202403,8,하선,복정,2821,평일,14:00,16.4
202403,8,상선,산성,2822,평일,14:00,15.6
202403,8,하선,산성,2822,평일,14:00,12.3
202403,8,상선,남한산성입구,2823,평일,14:00,14.2
202403,8,하선,남한산성입구,2823,평일,14:00,11.0
202403,8,상선,단대오거리,2824,평일,14:00,11.0
202403,8,하선,단대오거리,2824,평일,14:00,8.9
202403,8,상선,신흥,2825,평일,14:00,8.9
202403,8,하선,신흥,2825,평일,14:00,7.5
202403,8,상선,수진,2826,평일,14:00,8.0
202403,8,하선,수진,2826,평일,14:00,7.2
202403,8,상선,모란,2827,평일,14:00,8.1
202403,8,하선,모란,2827,평일,14:00,0.0
202403,8,상선,암사,2811,토요일,14:00,0.0
202403,8,하선,암사,2811,토요일,14:00,17.8
202403,8,상선,천호,2812,토요일,14:00,12.0
202403,8,하선,천호,2812,토요일,14:00,43.1
202403,8,상선,강동구청,2813,토요일,14:00,40.7
202403,8,하선,강동구청,2813,토요일,14:00,46.4
202403,8,상선,몽촌토성,2814,토요일,14:00,42.2
202403,8,하선,몽촌토성,2814,토요일,14:00,49.3
202403,8,상선,잠실,2815,토요일,14:00,49.0
202403,8,하선,잠실,2815,토요일,14:00,51.6
202403,8,상선,석촌,2816,토요일,14:00,69.7
202403,8,하선,석촌,2816,토요일,14:00,50.0
202403,8,상선,송파,2817,토요일,14:00,76.2
202403,8,하선,송파,2817,토요일,14:00,49.5
202403,8,상선,가락시장,2818,토요일,14:00,72.2
202403,8,하선,가락시장,2818,토요일,14:00,46.5
202403,8,상선,문정,2819,토요일,14:00,67.3
202403,8,하선,문정,2819,토요일,14:00,40.8
202403,8,상선,장지,2820,토요일,14:00,58.3
202403,8,하선,장지,2820,토요일,14:00,34.2
202403,8,상선,복정,2821,토요일,14:00,49.8
202403,8,하선,복정,2821,토요일,14:00,22.0
202403,8,상선,산성,2822,토요일,14:00,27.9
202403,8,하선,산성,2822,토요일,14:00,14.0
202403,8,상선,남한산성입구,2823,토요일,14:00,24.3
202403,8,하선,남한산성입구,2823,토요일,14:00,12.2
202403,8,상선,단대오거리,2824,토요일,14:00,18.5
202403,8,하선,단대오거리,2824,토요일,14:00,11.9
202403,8,상선,신흥,2825,토요일,14:00,13.0
202403,8,하선,신흥,2825,토요일,14:00,9.7
202403,8,상선,수진,2826,토요일,14:00,11.1
202403,8,하선,수진,2826,토요일,14:00,9.0
202403,8,상선,모란,2827,토요일,14:00,8.7
202403,8,하선,모란,2827,토요일,14:00,0.0
202403,8,상선,암사,2811,일요일,14:00,0.0
202403,8,하선,암사,2811,일요일,14:00,11.8
202403,8,상선,천호,2812,일요일,14:00,11.0
202403,8,하선,천호,2812,일요일,14:00,34.5
202403,8,상선,강동구청,2813,일요일,14:00,32.7
202403,8,하선,강동구청,2813,일요일,14:00,37.6
202403,8,상선,몽촌토성,2814,일요일,14:00,34.0
202403,8,하선,몽촌토성,2814,일요일,14:00,40.1
202403,8,상선,잠실,2815,일요일,14:00,37.5
202403,8,하선,잠실,2815,일요일,14:00,45.5
202403,8,상선,석촌,2816,일요일,14:00,52.6
202403,8,하선,석촌,2816,일요일,14:00,48.4
202403,8,상선,송파,2817,일요일,14:00,57.3
202403,8,하선,송파,2817,일요일,14:00,43.2
202403,8,상선,가락시장,2818,일요일,14:00,55.0
202403,8,하선,가락시장,2818,일요일,14:00,40.7
202403,8,상선,문정,2819,일요일,14:00,53.1
202403,8,하선,문정,2819,일요일,14:00,36.4
202403,8,상선,장지,2820,일요일,14:00,49.4
202403,8,하선,장지,2820,일요일,14:00,30.7
202403,8,상선,복정,2821,일요일,14:00,44.3
202403,8,하선,복정,2821,일요일,14:00,18.4
202403,8,상선,산성,2822,일요일,14:00,23.5
202403,8,하선,산성,2822,일요일,14:00,14.0
202403,8,상선,남한산성입구,2823,일요일,14:00,20.4
202403,8,하선,남한산성입구,2823,일요일,14:00,14.9
202403,8,상선,단대오거리,2824,일요일,14:00,17.8
202403,8,하선,단대오거리,2824,일요일,14:00,13.7
202403,8,상선,신흥,2825,일요일,14:00,14.2
202403,8,하선,신흥,2825,일요일,14:00,12.7
202403,8,상선,수진,2826,일요일,14:00,13.9
202403,8,하선,수진,2826,일요일,14:00,13.3
202403,8,상선,모란,2827,일요일,14:00,11.9
202406,8,상선,암사,2811,평일,14:00,0.0
202406,8,하선,암사,2811,평일,14:00,9.4
202406,8,상선,천호,2812,평일,14:00,9.7
202406,8,하선,천호,2812,평일,14:00,28.5
202406,8,상선,강동구청,2813,평일,14:00,29.0
202406,8,하선,강동구청,2813,평일,14:00,29.8
202406,8,상선,몽촌토성,2814,평일,14:00,30.6
202406,8,하선,몽촌토성,2814,평일,14:00,32.3
202406,8,상선,잠실,2815,평일,14:00,32.9
202406,8,하선,잠실,2815,평일,14:00,41.5
202406,8,상선,석촌,2816,평일,14:00,41.8
202406,8,하선,석촌,2816,평일,14:00,43.3
202406,8,상선,송파,2817,평일,14:00,46.2
202406,8,하선,송파,2817,평일,14:00,40.4
202406,8,상선,가락시장,2818,평일,14:00,44.1
202406,8,하선,가락시장,2818,평일,14:00,36.3
202406,8,상선,문정,2819,평일,14:00,42.6
202406,8,하선,문정,2819,평일,14:00,30.8
202406,8,상선,장지,2820,평일,14:00,33.4
202406,8,하선,장지,2820,평일,14:00,26.0
202406,8,상선,복정,2821,평일,14:00,28.4
202406,8,하선,복정,2821,평일,14:00,16.6
202406,8,상선,산성,2822,평일,14:00,16.3
202406,8,하선,산성,2822,평일,14:00,12.7
202406,8,상선,남한산성입구,2823,평일,14:00,14.8
202406,8,하선,남한산성입구,2823,평일,14:00,10.6
202406,8,상선,단대오거리,2824,평일,14:00,10.8
202406,8,하선,단대오거리,2824,평일,14:00,8.9
202406,8,상선,신흥,2825,평일,14:00,8.7
202406,8,하선,신흥,2825,평일,14:00,7.5
202406,8,상선,수진,2826,평일,14:00,8.0
202406,8,하선,수진,2826,평일,14:00,7.0
202406,8,상선,모란,2827,평일,14:00,7.7
202406,8,하선,모란,2827,평일,14:00,0.0
202406,8,상선,암사,2811,토요일,14:00,0.0
202406,8,하선,암사,2811,토요일,14:00,13.3
202406,8,상선,천호,2812,토요일,14:00,10.2
202406,8,하선,천호,2812,토요일,14:00,36.8
202406,8,상선,강동구청,2813,토요일,14:00,34.9
202406,8,하선,강동구청,2813,토요일,14:00,41.6
202406,8,상선,몽촌토성,2814,토요일,14:00,35.5
202406,8,하선,몽촌토성,2814,토요일,14:00,44.0
202406,8,상선,잠실,2815,토요일,14:00,42.1
202406,8,하선,잠실,2815,토요일,14:00,52.8
202406,8,상선,석촌,2816,토요일,14:00,62.9
202406,8,하선,석촌,2816,토요일,14:00,49.9
202406,8,상선,송파,2817,토요일,14:00,61.5
202406,8,하선,송파,2817,토요일,14:00,43.7
202406,8,상선,가락시장,2818,토요일,14:00,57.5
202406,8,하선,가락시장,2818,토요일,14:00,42.1
202406,8,상선,문정,2819,토요일,14:00,54.2
202406,8,하선,문정,2819,토요일,14:00,37.3
202406,8,상선,장지,2820,토요일,14:00,46.4
202406,8,하선,장지,2820,토요일,14:00,29.4
202406,8,상선,복정,2821,토요일,14:00,40.9
202406,8,하선,복정,2821,토요일,14:00,19.0
202406,8,상선,산성,2822,토요일,14:00,23.3
202406,8,하선,산성,2822,토요일,14:00,14.9
202406,8,상선,남한산성입구,2823,토요일,14:00,19.0
202406,8,하선,남한산성입구,2823,토요일,14:00,12.9
202406,8,상선,단대오거리,2824,토요일,14:00,15.4
202406,8,하선,단대오거리,2824,토요일,14:00,10.2
202406,8,상선,신흥,2825,토요일,14:00,12.1
202406,8,하선,신흥,2825,토요일,14:00,8.0
202406,8,상선,수진,2826,토요일,14:00,9.7
202406,8,하선,수진,2826,토요일,14:00,7.3
202406,8,상선,모란,2827,토요일,14:00,7.7
202406,8,하선,모란,2827,토요일,14:00,0.0
202406,8,상선,암사,2811,일요일,14:00,0.0
202406,8,하선,암사,2811,일요일,14:00,11.7
202406,8,상선,천호,2812,일요일,14:00,8.7
202406,8,하선,천호,2812,일요일,14:00,29.1
202406,8,상선,강동구청,2813,일요일,14:00,26.0
202406,8,하선,강동구청,2813,일요일,14:00,33.7
202406,8,상선,몽촌토성,2814,일요일,14:00,27.3
202406,8,하선,몽촌토성,2814,일요일,14:00,36.0
202406,8,상선,잠실,2815,일요일,14:00,30.1
202406,8,하선,잠실,2815,일요일,14:00,39.6
202406,8,상선,석촌,2816,일요일,14:00,48.3
202406,8,하선,석촌,2816,일요일,14:00,42.8
202406,8,상선,송파,2817,일요일,14:00,50.2
202406,8,하선,송파,2817,일요일,14:00,40.6
202406,8,상선,가락시장,2818,일요일,14:00,47.5
202406,8,하선,가락시장,2818,일요일,14:00,38.6
202406,8,상선,문정,2819,일요일,14:00,43.7
202406,8,하선,문정,2819,일요일,14:00,34.7
202406,8,상선,장지,2820,일요일,14:00,39.4
202406,8,하선,장지,2820,일요일,14:00,27.9
202406,8,상선,복정,2821,일요일,14:00,34.8
202406,8,하선,복정,2821,일요일,14:00,16.9
202406,8,상선,산성,2822,일요일,14:00,20.0
202406,8,하선,산성,2822,일요일,14:00,13.1
202406,8,상선,남한산성입구,2823,일요일,14:00,16.5
202406,8,하선,남한산성입구,2823,일요일,14:00,11.7
202406,8,상선,단대오거리,2824,일요일,14:00,12.6
202406,8,하선,단대오거리,2824,일요일,14:00,7.8
202406,8,상선,신흥,2825,일요일,14:00,10.0
202406,8,하선,신흥,2825,일요일,14:00,6.3
202406,8,상선,수진,2826,일요일,14:00,8.3
202406,8,하선,수진,2826,일요일,14:00,6.5
202406,8,상선,모란,2827,일요일,14:00,7.4
2020,8,상선,암사,2811,평일,14:30,0.0
2020,8,하선,암사,2811,평일,14:30,7.9
2020,8,상선,천호,2812,평일,14:30,10.2
2020,8,하선,천호,2812,평일,14:30,23.0
2020,8,상선,강동구청,2813,평일,14:30,23.2
2020,8,하선,강동구청,2813,평일,14:30,26.8
2020,8,상선,몽촌토성,2814,평일,14:30,28.2
2020,8,하선,몽촌토성,2814,평일,14:30,28.3
2020,8,상선,잠실,2815,평일,14:30,28.8
2020,8,하선,잠실,2815,평일,14:30,38.6
2020,8,상선,석촌,2816,평일,14:30,34.6
2020,8,하선,석촌,2816,평일,14:30,41.4
2020,8,상선,송파,2817,평일,14:30,41.6
2020,8,하선,송파,2817,평일,14:30,40.1
2020,8,상선,가락시장,2818,평일,14:30,39.9
2020,8,하선,가락시장,2818,평일,14:30,34.1
2020,8,상선,문정,2819,평일,14:30,35.3
2020,8,하선,문정,2819,평일,14:30,29.0
2020,8,상선,장지,2820,평일,14:30,27.2
2020,8,하선,장지,2820,평일,14:30,23.4
2020,8,상선,복정,2821,평일,14:30,23.1
2020,8,하선,복정,2821,평일,14:30,14.0
2020,8,상선,산성,2822,평일,14:30,13.1
2020,8,하선,산성,2822,평일,14:30,11.8
2020,8,상선,남한산성입구,2823,평일,14:30,11.5
2020,8,하선,남한산성입구,2823,평일,14:30,10.4
2020,8,상선,단대오거리,2824,평일,14:30,9.4
2020,8,하선,단대오거리,2824,평일,14:30,8.7
2020,8,상선,신흥,2825,평일,14:30,8.1
2020,8,하선,신흥,2825,평일,14:30,7.6
2020,8,상선,수진,2826,평일,14:30,7.2
2020,8,하선,수진,2826,평일,14:30,6.8
2020,8,상선,모란,2827,평일,14:30,7.4
2020,8,하선,모란,2827,평일,14:30,0.0
2020,8,상선,암사,2811,토요일,14:30,0.0
2020,8,하선,암사,2811,토요일,14:30,8.5
2020,8,상선,천호,2812,토요일,14:30,8.6
2020,8,하선,천호,2812,토요일,14:30,27.8
2020,8,상선,강동구청,2813,토요일,14:30,28.7
2020,8,하선,강동구청,2813,토요일,14:30,29.7
2020,8,상선,몽촌토성,2814,토요일,14:30,30.7
2020,8,하선,몽촌토성,2814,토요일,14:30,31.5
2020,8,상선,잠실,2815,토요일,14:30,31.9
2020,8,하선,잠실,2815,토요일,14:30,37.0
2020,8,상선,석촌,2816,토요일,14:30,47.7
2020,8,하선,석촌,2816,토요일,14:30,39.5
2020,8,상선,송파,2817,토요일,14:30,45.3
2020,8,하선,송파,2817,토요일,14:30,37.4
2020,8,상선,가락시장,2818,토요일,14:30,43.1
2020,8,하선,가락시장,2818,토요일,14:30,37.5
2020,8,상선,문정,2819,토요일,14:30,39.6
2020,8,하선,문정,2819,토요일,14:30,31.8
2020,8,상선,장지,2820,토요일,14:30,33.9
2020,8,하선,장지,2820,토요일,14:30,23.9
2020,8,상선,복정,2821,토요일,14:30,26.7
2020,8,하선,복정,2821,토요일,14:30,14.2
2020,8,상선,산성,2822,토요일,14:30,14.2
2020,8,하선,산성,2822,토요일,14:30,10.8
2020,8,상선,남한산성입구,2823,토요일,14:30,12.3
2020,8,하선,남한산성입구,2823,토요일,14:30,8.9
2020,8,상선,단대오거리,2824,토요일,14:30,9.3
2020,8,하선,단대오거리,2824,토요일,14:30,7.5
2020,8,상선,신흥,2825,토요일,14:30,6.9
2020,8,하선,신흥,2825,토요일,14:30,6.5
2020,8,상선,수진,2826,토요일,14:30,5.0
2020,8,하선,수진,2826,토요일,14:30,6.2
2020,8,상선,모란,2827,토요일,14:30,4.9
2020,8,하선,모란,2827,토요일,14:30,0.0
2020,8,상선,암사,2811,일요일,14:30,0.0
2020,8,하선,암사,2811,일요일,14:30,7.4
2020,8,상선,천호,2812,일요일,14:30,6.3
2020,8,하선,천호,2812,일요일,14:30,21.9
2020,8,상선,강동구청,2813,일요일,14:30,20.0
2020,8,하선,강동구청,2813,일요일,14:30,22.6
2020,8,상선,몽촌토성,2814,일요일,14:30,20.8
2020,8,하선,몽촌토성,2814,일요일,14:30,22.8
2020,8,상선,잠실,2815,일요일,14:30,21.6
2020,8,하선,잠실,2815,일요일,14:30,27.9
2020,8,상선,석촌,2816,일요일,14:30,29.6
2020,8,하선,석촌,2816,일요일,14:30,31.1
2020,8,상선,송파,2817,일요일,14:30,30.5
2020,8,하선,송파,2817,일요일,14:30,30.0
2020,8,상선,가락시장,2818,일요일,14:30,29.4
2021,8,상선,암사,2811,평일,14:30,0.0
2021,8,하선,암사,2811,평일,14:30,9.5
2021,8,상선,천호,2812,평일,14:30,10.6
2021,8,하선,천호,2812,평일,14:30,25.9
2021,8,상선,강동구청,2813,평일,14:30,28.4
2021,8,하선,강동구청,2813,평일,14:30,27.5
2021,8,상선,몽촌토성,2814,평일,14:30,29.4
2021,8,하선,몽촌토성,2814,평일,14:30,29.1
2021,8,상선,잠실,2815,평일,14:30,30.0
2021,8,하선,잠실,2815,평일,14:30,37.6
2021,8,상선,석촌,2816,평일,14:30,36.0
2021,8,하선,석촌,2816,평일,14:30,39.6
2021,8,상선,송파,2817,평일,14:30,40.2
2021,8,하선,송파,2817,평일,14:30,38.4
2021,8,상선,가락시장,2818,평일,14:30,40.0
2021,8,하선,가락시장,2818,평일,14:30,35.5
2021,8,상선,문정,2819,평일,14:30,37.5
2021,8,하선,문정,2819,평일,14:30,30.6
2021,8,상선,장지,2820,평일,14:30,28.6
2021,8,하선,장지,2820,평일,14:30,23.5
2021,8,상선,복정,2821,평일,14:30,23.8
2021,8,하선,복정,2821,평일,14:30,12.6
2021,8,상선,산성,2822,평일,14:30,13.2
2021,8,하선,산성,2822,평일,14:30,11.5
2021,8,상선,남한산성입구,2823,평일,14:30,11.7
2021,8,하선,남한산성입구,2823,평일,14:30,9.4
2021,8,상선,단대오거리,2824,평일,14:30,10.6
2021,8,하선,단대오거리,2824,평일,14:30,7.6
2021,8,상선,신흥,2825,평일,14:30,9.6
2021,8,하선,신흥,2825,평일,14:30,6.6
2021,8,상선,수진,2826,평일,14:30,8.7
2021,8,하선,수진,2826,평일,14:30,6.4
2021,8,상선,모란,2827,평일,14:30,9.4
2021,8,하선,모란,2827,평일,14:30,0.0
2021,8,상선,암사,2811,토요일,14:30,0.0
2021,8,하선,암사,2811,토요일,14:30,10.9
2021,8,상선,천호,2812,토요일,14:30,10.7
2021,8,하선,천호,2812,토요일,14:30,34.3
2021,8,상선,강동구청,2813,토요일,14:30,27.8
2021,8,하선,강동구청,2813,토요일,14:30,36.7
2021,8,상선,몽촌토성,2814,토요일,14:30,29.6
2021,8,하선,몽촌토성,2814,토요일,14:30,38.4
2021,8,상선,잠실,2815,토요일,14:30,31.3
2021,8,하선,잠실,2815,토요일,14:30,44.0
2021,8,상선,석촌,2816,토요일,14:30,44.2
2021,8,하선,석촌,2816,토요일,14:30,43.6
2021,8,상선,송파,2817,토요일,14:30,48.6
2021,8,하선,송파,2817,토요일,14:30,42.0
2021,8,상선,가락시장,2818,토요일,14:30,46.8
2021,8,하선,가락시장,2818,토요일,14:30,36.4
2021,8,상선,문정,2819,토요일,14:30,44.0
2021,8,하선,문정,2819,토요일,14:30,28.6
2021,8,상선,장지,2820,토요일,14:30,38.2
2021,8,하선,장지,2820,토요일,14:30,23.5
2021,8,상선,복정,2821,토요일,14:30,31.6
2021,8,하선,복정,2821,토요일,14:30,12.4
2021,8,상선,산성,2822,토요일,14:30,15.8
2021,8,하선,산성,2822,토요일,14:30,12.2
2021,8,상선,남한산성입구,2823,토요일,14:30,13.0
2021,8,하선,남한산성입구,2823,토요일,14:30,10.5
2021,8,상선,단대오거리,2824,토요일,14:30,9.9
2021,8,하선,단대오거리,2824,토요일,14:30,7.7
2021,8,상선,신흥,2825,토요일,14:30,7.7
2021,8,하선,신흥,2825,토요일,14:30,6.6
2021,8,상선,수진,2826,토요일,14:30,6.5
2021,8,하선,수진,2826,토요일,14:30,5.6
2021,8,상선,모란,2827,토요일,14:30,5.8
2021,8,하선,모란,2827,토요일,14:30,0.0
2022,8,상선,암사,2811,평일,14:30,0.0
2022,8,하선,암사,2811,평일,14:30,9.3
2022,8,상선,천호,2812,평일,14:30,11.5
2022,8,하선,천호,2812,평일,14:30,28.0
2022,8,상선,강동구청,2813,평일,14:30,32.4
2022,8,하선,강동구청,2813,평일,14:30,29.7
2022,8,상선,몽촌토성,2814,평일,14:30,34.3
2022,8,하선,몽촌토성,2814,평일,14:30,31.4
2022,8,상선,잠실,2815,평일,14:30,34.4
2022,8,하선,잠실,2815,평일,14:30,40.5
2022,8,상선,석촌,2816,평일,14:30,42.1
2022,8,하선,석촌,2816,평일,14:30,45.3
2022,8,상선,송파,2817,평일,14:30,48.3
2022,8,하선,송파,2817,평일,14:30,44.0
2022,8,상선,가락시장,2818,평일,14:30,47.2
2022,8,하선,가락시장,2818,평일,14:30,40.8
2022,8,상선,문정,2819,평일,14:30,42.4
2022,8,하선,문정,2819,평일,14:30,34.6
2022,8,상선,장지,2820,평일,14:30,32.8
2022,8,하선,장지,2820,평일,14:30,28.1
2022,8,상선,복정,2821,평일,14:30,27.9
2022,8,하선,복정,2821,평일,14:30,17.0
2022,8,상선,산성,2822,평일,14:30,14.2
2022,8,하선,산성,2822,평일,14:30,13.6
2022,8,상선,남한산성입구,2823,평일,14:30,12.6
2022,8,하선,남한산성입구,2823,평일,14:30,11.5
2022,8,상선,단대오거리,2824,평일,14:30,10.0
2022,8,하선,단대오거리,2824,평일,14:30,9.7
2022,8,상선,신흥,2825,평일,14:30,8.7
2022,8,하선,신흥,2825,평일,14:30,7.9
2022,8,상선,수진,2826,평일,14:30,8.2
2022,8,하선,수진,2826,평일,14:30,7.2
2022,8,상선,모란,2827,평일,14:30,8.6
2022,8,하선,모란,2827,평일,14:30,0.0
2022,8,상선,암사,2811,토요일,14:30,0.0
2022,8,하선,암사,2811,토요일,14:30,14.9
2022,8,상선,천호,2812,토요일,14:30,11.5
2022,8,하선,천호,2812,토요일,14:30,42.7
2022,8,상선,강동구청,2813,토요일,14:30,35.9
2022,8,하선,강동구청,2813,토요일,14:30,46.2
2022,8,상선,몽촌토성,2814,토요일,14:30,37.8
2022,8,하선,몽촌토성,2814,토요일,14:30,49.6
2022,8,상선,잠실,2815,토요일,14:30,39.3
2022,8,하선,잠실,2815,토요일,14:30,57.8
2022,8,상선,석촌,2816,토요일,14:30,57.2
2022,8,하선,석촌,2816,토요일,14:30,59.6
2022,8,상선,송파,2817,토요일,14:30,62.1
2022,8,하선,송파,2817,토요일,14:30,58.2
2022,8,상선,가락시장,2818,토요일,14:30,61.6
2022,8,하선,가락시장,2818,토요일,14:30,50.4
2022,8,상선,문정,2819,토요일,14:30,57.1
2022,8,하선,문정,2819,토요일,14:30,42.5
2022,8,상선,장지,2820,토요일,14:30,49.7
2022,8,하선,장지,2820,토요일,14:30,34.2
2022,8,상선,복정,2821,토요일,14:30,40.2
2022,8,하선,복정,2821,토요일,14:30,20.5
2022,8,상선,산성,2822,토요일,14:30,22.0
2022,8,하선,산성,2822,토요일,14:30,16.3
2022,8,상선,남한산성입구,2823,토요일,14:30,18.4
2022,8,하선,남한산성입구,2823,토요일,14:30,14.0
2022,8,상선,단대오거리,2824,토요일,14:30,14.0
2022,8,하선,단대오거리,2824,토요일,14:30,10.8
2022,8,상선,신흥,2825,토요일,14:30,10.2
2022,8,하선,신흥,2825,토요일,14:30,8.9
2022,8,상선,암사,2811,공휴일,14:30,0.0
2022,8,하선,암사,2811,공휴일,14:30,11.2
2022,8,상선,천호,2812,공휴일,14:30,7.5
2022,8,하선,천호,2812,공휴일,14:30,32.1
2022,8,상선,강동구청,2813,공휴일,14:30,25.5
2022,8,하선,강동구청,2813,공휴일,14:30,34.1
2022,8,상선,몽촌토성,2814,공휴일,14:30,29.4
2022,8,하선,몽촌토성,2814,공휴일,14:30,36.4
2022,8,상선,잠실,2815,공휴일,14:30,31.1
2022,8,하선,잠실,2815,공휴일,14:30,40.6
2022,8,상선,석촌,2816,공휴일,14:30,46.3
2022,8,하선,석촌,2816,공휴일,14:30,43.7
2022,8,상선,송파,2817,공휴일,14:30,51.8
2022,8,하선,송파,2817,공휴일,14:30,41.3
2022,8,상선,가락시장,2818,공휴일,14:30,45.8
2022,8,하선,가락시장,2818,공휴일,14:30,38.2
2022,8,상선,문정,2819,공휴일,14:30,43.4
2022,8,하선,문정,2819,공휴일,14:30,33.2
2022,8,상선,장지,2820,공휴일,14:30,38.4
2022,8,하선,장지,2820,공휴일,14:30,26.4
2022,8,상선,복정,2821,공휴일,14:30,32.2
2022,8,하선,복정,2821,공휴일,14:30,15.6
2022,8,상선,산성,2822,공휴일,14:30,17.5
2022,8,하선,산성,2822,공휴일,14:30,11.2
2022,8,상선,남한산성입구,2823,공휴일,14:30,14.7
2022,8,하선,남한산성입구,2823,공휴일,14:30,10.5
2022,8,상선,단대오거리,2824,공휴일,14:30,11.0
2022,8,하선,단대오거리,2824,공휴일,14:30,8.7
2022,8,상선,신흥,2825,공휴일,14:30,7.1
2022,8,하선,신흥,2825,공휴일,14:30,6.7
2022,8,상선,수진,2826,공휴일,14:30,6.1
2022,8,하선,수진,2826,공휴일,14:30,5.8
2022,8,상선,모란,2827,공휴일,14:30,5.7
2022,8,하선,모란,2827,공휴일,14:30,0.0
2023,8,상선,암사,2811,평일,14:30,0.0
2023,8,하선,암사,2811,평일,14:30,9.7
2023,8,상선,천호,2812,평일,14:30,11.9
2023,8,하선,천호,2812,평일,14:30,28.2
2023,8,상선,강동구청,2813,평일,14:30,34.9
2023,8,하선,강동구청,2813,평일,14:30,30.1
2023,8,상선,몽촌토성,2814,평일,14:30,36.9
2023,8,하선,몽촌토성,2814,평일,14:30,32.4
2023,8,상선,잠실,2815,평일,14:30,36.9
2023,8,하선,잠실,2815,평일,14:30,43.1
2023,8,상선,석촌,2816,평일,14:30,44.2
2023,8,하선,석촌,2816,평일,14:30,46.4
2023,8,상선,송파,2817,평일,14:30,49.4
2023,8,하선,송파,2817,평일,14:30,45.2
2023,8,상선,가락시장,2818,평일,14:30,48.7
2023,8,하선,가락시장,2818,평일,14:30,40.9
2023,8,상선,문정,2819,평일,14:30,44.3
2023,8,하선,문정,2819,평일,14:30,34.8
2023,8,상선,장지,2820,평일,14:30,34.5
2023,8,하선,장지,2820,평일,14:30,28.8
2023,8,상선,복정,2821,평일,14:30,29.5
2023,8,하선,복정,2821,평일,14:30,18.5
2023,8,상선,산성,2822,평일,14:30,14.9
2023,8,하선,산성,2822,평일,14:30,14.4
2023,8,상선,남한산성입구,2823,평일,14:30,13.7
2023,8,하선,남한산성입구,2823,평일,14:30,12.3
2023,8,상선,단대오거리,2824,평일,14:30,11.1
2023,8,하선,단대오거리,2824,평일,14:30,9.8
2023,8,상선,신흥,2825,평일,14:30,10.0
2023,8,하선,신흥,2825,평일,14:30,8.1
2023,8,상선,수진,2826,평일,14:30,9.3
2023,8,하선,수진,2826,평일,14:30,7.4
2023,8,상선,모란,2827,평일,14:30,9.4
2023,8,하선,모란,2827,평일,14:30,0.0
2023,8,상선,암사,2811,토요일,14:30,0.0
2023,8,하선,암사,2811,토요일,14:30,15.4
2023,8,상선,천호,2812,토요일,14:30,13.5
2023,8,하선,천호,2812,토요일,14:30,51.8
2023,8,상선,강동구청,2813,토요일,14:30,37.7
2023,8,하선,강동구청,2813,토요일,14:30,48.2
2023,8,상선,몽촌토성,2814,토요일,14:30,38.4
2023,8,하선,몽촌토성,2814,토요일,14:30,51.5
2023,8,상선,잠실,2815,토요일,14:30,40.1
2023,8,하선,잠실,2815,토요일,14:30,56.4
2023,8,상선,석촌,2816,토요일,14:30,67.4
2023,8,하선,석촌,2816,토요일,14:30,56.3
2023,8,상선,송파,2817,토요일,14:30,72.6
2023,8,하선,송파,2817,토요일,14:30,56.7
2023,8,상선,가락시장,2818,토요일,14:30,68.3
2023,8,하선,가락시장,2818,토요일,14:30,51.3
2023,8,상선,문정,2819,토요일,14:30,66.4
2023,8,하선,문정,2819,토요일,14:30,42.8
2023,8,상선,장지,2820,토요일,14:30,52.9
2023,8,하선,장지,2820,토요일,14:30,35.7
2023,8,상선,복정,2821,토요일,14:30,44.1
2023,8,하선,복정,2821,토요일,14:30,21.9
2023,8,상선,산성,2822,토요일,14:30,23.7
2023,8,하선,산성,2822,토요일,14:30,15.8
2023,8,상선,남한산성입구,2823,토요일,14:30,20.3
2023,8,하선,남한산성입구,2823,토요일,14:30,13.2
2023,8,상선,단대오거리,2824,토요일,14:30,15.7
2023,8,하선,단대오거리,2824,토요일,14:30,10.1
2023,8,상선,신흥,2825,토요일,14:30,10.6
2023,8,하선,신흥,2825,토요일,14:30,8.0
2023,8,상선,수진,2826,토요일,14:30,8.3
2023,8,하선,수진,2826,토요일,14:30,7.3
2023,8,상선,모란,2827,토요일,14:30,7.8
2023,8,하선,모란,2827,토요일,14:30,0.0
2023,8,상선,암사,2811,일요일,14:30,0.0
2023,8,하선,암사,2811,일요일,14:30,10.0
2023,8,상선,천호,2812,일요일,14:30,10.9
2023,8,하선,천호,2812,일요일,14:30,36.9
2023,8,상선,강동구청,2813,일요일,14:30,30.0
2023,8,하선,강동구청,2813,일요일,14:30,36.8
2023,8,상선,몽촌토성,2814,일요일,14:30,31.2
2023,8,하선,몽촌토성,2814,일요일,14:30,37.7
2023,8,상선,잠실,2815,일요일,14:30,31.1
2023,8,하선,잠실,2815,일요일,14:30,48.8
2023,8,상선,석촌,2816,일요일,14:30,51.1
2023,8,하선,석촌,2816,일요일,14:30,49.2
2023,8,상선,송파,2817,일요일,14:30,56.9
2023,8,하선,송파,2817,일요일,14:30,46.5
2023,8,상선,가락시장,2818,일요일,14:30,55.2
2023,8,하선,가락시장,2818,일요일,14:30,41.8
2023,8,상선,문정,2819,일요일,14:30,49.7
2023,8,하선,문정,2819,일요일,14:30,34.5
2023,8,상선,장지,2820,일요일,14:30,41.5
2023,8,하선,장지,2820,일요일,14:30,27.9
2023,8,상선,복정,2821,일요일,14:30,36.8
2023,8,하선,복정,2821,일요일,14:30,16.7
2023,8,상선,산성,2822,일요일,14:30,20.6
2023,8,하선,산성,2822,일요일,14:30,13.9
2023,8,상선,남한산성입구,2823,일요일,14:30,15.7
2023,8,하선,남한산성입구,2823,일요일,14:30,11.5
2023,8,상선,단대오거리,2824,일요일,14:30,12.0
2023,8,하선,단대오거리,2824,일요일,14:30,9.4
2023,8,상선,신흥,2825,일요일,14:30,8.4
2023,8,하선,신흥,2825,일요일,14:30,7.8
2023,8,상선,수진,2826,일요일,14:30,7.4
2023,8,하선,수진,2826,일요일,14:30,7.5
2023,8,상선,모란,2827,일요일,14:30,6.4
202403,8,상선,암사,2811,평일,14:30,0.0
202403,8,하선,암사,2811,평일,14:30,8.6
202403,8,상선,천호,2812,평일,14:30,11.6
202403,8,하선,천호,2812,평일,14:30,28.2
202403,8,상선,강동구청,2813,평일,14:30,34.6
202403,8,하선,강동구청,2813,평일,14:30,29.9
202403,8,상선,몽촌토성,2814,평일,14:30,36.3
202403,8,하선,몽촌토성,2814,평일,14:30,32.0
202403,8,상선,잠실,2815,평일,14:30,36.4
202403,8,하선,잠실,2815,평일,14:30,42.0
202403,8,상선,석촌,2816,평일,14:30,42.9
202403,8,하선,석촌,2816,평일,14:30,46.1
202403,8,상선,송파,2817,평일,14:30,48.3
202403,8,하선,송파,2817,평일,14:30,45.2
202403,8,상선,가락시장,2818,평일,14:30,47.5
202403,8,하선,가락시장,2818,평일,14:30,41.7
202403,8,상선,문정,2819,평일,14:30,43.1
202403,8,하선,문정,2819,평일,14:30,35.5
202403,8,상선,장지,2820,평일,14:30,33.6
202403,8,하선,장지,2820,평일,14:30,29.4
202403,8,상선,복정,2821,평일,14:30,28.1
202403,8,하선,복정,2821,평일,14:30,18.3
202403,8,상선,산성,2822,평일,14:30,14.4
202403,8,하선,산성,2822,평일,14:30,14.0
202403,8,상선,남한산성입구,2823,평일,14:30,13.0
202403,8,하선,남한산성입구,2823,평일,14:30,11.8
202403,8,상선,단대오거리,2824,평일,14:30,10.5
202403,8,하선,단대오거리,2824,평일,14:30,9.3
202403,8,상선,신흥,2825,평일,14:30,9.8
202403,8,하선,신흥,2825,평일,14:30,7.6
202403,8,상선,수진,2826,평일,14:30,9.2
202403,8,하선,수진,2826,평일,14:30,6.9
202403,8,상선,모란,2827,평일,14:30,9.4
202403,8,하선,모란,2827,평일,14:30,0.0
202403,8,상선,암사,2811,토요일,14:30,0.0
202403,8,하선,암사,2811,토요일,14:30,14.4
202403,8,상선,천호,2812,토요일,14:30,12.8
202403,8,하선,천호,2812,토요일,14:30,49.1
202403,8,상선,강동구청,2813,토요일,14:30,42.9
202403,8,하선,강동구청,2813,토요일,14:30,49.7
202403,8,상선,몽촌토성,2814,토요일,14:30,44.2
202403,8,하선,몽촌토성,2814,토요일,14:30,55.3
202403,8,상선,잠실,2815,토요일,14:30,43.4
202403,8,하선,잠실,2815,토요일,14:30,61.3
202403,8,상선,석촌,2816,토요일,14:30,65.4
202403,8,하선,석촌,2816,토요일,14:30,65.3
202403,8,상선,송파,2817,토요일,14:30,73.4
202403,8,하선,송파,2817,토요일,14:30,59.0
202403,8,상선,가락시장,2818,토요일,14:30,69.9
202403,8,하선,가락시장,2818,토요일,14:30,53.8
202403,8,상선,문정,2819,토요일,14:30,67.4
202403,8,하선,문정,2819,토요일,14:30,41.9
202403,8,상선,장지,2820,토요일,14:30,53.5
202403,8,하선,장지,2820,토요일,14:30,34.4
202403,8,상선,복정,2821,토요일,14:30,47.1
202403,8,하선,복정,2821,토요일,14:30,22.5
202403,8,상선,산성,2822,토요일,14:30,26.4
202403,8,하선,산성,2822,토요일,14:30,17.1
202403,8,상선,남한산성입구,2823,토요일,14:30,22.4
202403,8,하선,남한산성입구,2823,토요일,14:30,15.8
202403,8,상선,단대오거리,2824,토요일,14:30,17.2
202403,8,하선,단대오거리,2824,토요일,14:30,12.2
202403,8,상선,신흥,2825,토요일,14:30,12.4
202403,8,하선,신흥,2825,토요일,14:30,9.7
202403,8,상선,수진,2826,토요일,14:30,10.3
202403,8,하선,수진,2826,토요일,14:30,9.2
202403,8,상선,모란,2827,토요일,14:30,9.0
202403,8,하선,모란,2827,토요일,14:30,0.0
202403,8,상선,암사,2811,일요일,14:30,0.0
202403,8,하선,암사,2811,일요일,14:30,11.3
202403,8,상선,천호,2812,일요일,14:30,11.2
202403,8,하선,천호,2812,일요일,14:30,37.8
202403,8,상선,강동구청,2813,일요일,14:30,32.1
202403,8,하선,강동구청,2813,일요일,14:30,38.9
202403,8,상선,몽촌토성,2814,일요일,14:30,34.6
202403,8,하선,몽촌토성,2814,일요일,14:30,41.3
202403,8,상선,잠실,2815,일요일,14:30,35.2
202403,8,하선,잠실,2815,일요일,14:30,44.4
202403,8,상선,석촌,2816,일요일,14:30,56.2
202403,8,하선,석촌,2816,일요일,14:30,46.0
202403,8,상선,송파,2817,일요일,14:30,65.2
202403,8,하선,송파,2817,일요일,14:30,48.0
202403,8,상선,가락시장,2818,일요일,14:30,63.0
202403,8,하선,가락시장,2818,일요일,14:30,44.2
202403,8,상선,문정,2819,일요일,14:30,56.4
202403,8,하선,문정,2819,일요일,14:30,40.3
202403,8,상선,장지,2820,일요일,14:30,47.2
202403,8,하선,장지,2820,일요일,14:30,35.3
202403,8,상선,복정,2821,일요일,14:30,42.3
202403,8,하선,복정,2821,일요일,14:30,20.8
202403,8,상선,산성,2822,일요일,14:30,22.6
202403,8,하선,산성,2822,일요일,14:30,15.1
202403,8,상선,남한산성입구,2823,일요일,14:30,20.7
202403,8,하선,남한산성입구,2823,일요일,14:30,14.5
202403,8,상선,단대오거리,2824,일요일,14:30,18.6
202403,8,하선,단대오거리,2824,일요일,14:30,13.0
202403,8,상선,신흥,2825,일요일,14:30,15.4
202403,8,하선,신흥,2825,일요일,14:30,11.6
202403,8,상선,수진,2826,일요일,14:30,14.2
202403,8,하선,수진,2826,일요일,14:30,11.9
202403,8,상선,모란,2827,일요일,14:30,12.6
202406,8,상선,암사,2811,평일,14:30,0.0
202406,8,하선,암사,2811,평일,14:30,8.5
202406,8,상선,천호,2812,평일,14:30,11.7
202406,8,하선,천호,2812,평일,14:30,26.4
202406,8,상선,강동구청,2813,평일,14:30,33.2
202406,8,하선,강동구청,2813,평일,14:30,28.7
202406,8,상선,몽촌토성,2814,평일,14:30,35.4
202406,8,하선,몽촌토성,2814,평일,14:30,30.6
202406,8,상선,잠실,2815,평일,14:30,36.6
202406,8,하선,잠실,2815,평일,14:30,44.0
202406,8,상선,석촌,2816,평일,14:30,45.4
202406,8,하선,석촌,2816,평일,14:30,46.7
202406,8,상선,송파,2817,평일,14:30,49.3
202406,8,하선,송파,2817,평일,14:30,44.3
202406,8,상선,가락시장,2818,평일,14:30,48.0
202406,8,하선,가락시장,2818,평일,14:30,40.9
202406,8,상선,문정,2819,평일,14:30,43.7
202406,8,하선,문정,2819,평일,14:30,34.7
202406,8,상선,장지,2820,평일,14:30,33.9
202406,8,하선,장지,2820,평일,14:30,29.1
202406,8,상선,복정,2821,평일,14:30,29.0
202406,8,하선,복정,2821,평일,14:30,18.4
202406,8,상선,산성,2822,평일,14:30,16.0
202406,8,하선,산성,2822,평일,14:30,13.9
202406,8,상선,남한산성입구,2823,평일,14:30,14.6
202406,8,하선,남한산성입구,2823,평일,14:30,11.3
202406,8,상선,단대오거리,2824,평일,14:30,10.8
202406,8,하선,단대오거리,2824,평일,14:30,9.0
202406,8,상선,신흥,2825,평일,14:30,9.5
202406,8,하선,신흥,2825,평일,14:30,7.2
202406,8,상선,수진,2826,평일,14:30,8.9
202406,8,하선,수진,2826,평일,14:30,6.9
202406,8,상선,모란,2827,평일,14:30,9.0
202406,8,하선,모란,2827,평일,14:30,0.0
202406,8,상선,암사,2811,토요일,14:30,0.0
202406,8,하선,암사,2811,토요일,14:30,14.0
202406,8,상선,천호,2812,토요일,14:30,12.8
202406,8,하선,천호,2812,토요일,14:30,42.1
202406,8,상선,강동구청,2813,토요일,14:30,35.6
202406,8,하선,강동구청,2813,토요일,14:30,40.1
202406,8,상선,몽촌토성,2814,토요일,14:30,38.8
202406,8,하선,몽촌토성,2814,토요일,14:30,42.1
202406,8,상선,잠실,2815,토요일,14:30,37.6
202406,8,하선,잠실,2815,토요일,14:30,52.6
202406,8,상선,석촌,2816,토요일,14:30,60.1
202406,8,하선,석촌,2816,토요일,14:30,51.6
202406,8,상선,송파,2817,토요일,14:30,64.7
202406,8,하선,송파,2817,토요일,14:30,51.9
202406,8,상선,가락시장,2818,토요일,14:30,61.2
202406,8,하선,가락시장,2818,토요일,14:30,47.1
202406,8,상선,문정,2819,토요일,14:30,56.1
202406,8,하선,문정,2819,토요일,14:30,42.1
202406,8,상선,장지,2820,토요일,14:30,49.1
202406,8,하선,장지,2820,토요일,14:30,31.8
202406,8,상선,복정,2821,토요일,14:30,41.3
202406,8,하선,복정,2821,토요일,14:30,20.2
202406,8,상선,산성,2822,토요일,14:30,22.5
202406,8,하선,산성,2822,토요일,14:30,14.8
202406,8,상선,남한산성입구,2823,토요일,14:30,18.8
202406,8,하선,남한산성입구,2823,토요일,14:30,13.0
202406,8,상선,단대오거리,2824,토요일,14:30,15.2
202406,8,하선,단대오거리,2824,토요일,14:30,9.3
202406,8,상선,신흥,2825,토요일,14:30,11.3
202406,8,하선,신흥,2825,토요일,14:30,7.3
202406,8,상선,수진,2826,토요일,14:30,9.4
202406,8,하선,수진,2826,토요일,14:30,7.7
202406,8,상선,모란,2827,토요일,14:30,7.1
202406,8,하선,모란,2827,토요일,14:30,0.0
202406,8,상선,암사,2811,일요일,14:30,0.0
202406,8,하선,암사,2811,일요일,14:30,10.0
202406,8,상선,천호,2812,일요일,14:30,9.7
202406,8,하선,천호,2812,일요일,14:30,31.1
202406,8,상선,강동구청,2813,일요일,14:30,28.0
202406,8,하선,강동구청,2813,일요일,14:30,30.4
202406,8,상선,몽촌토성,2814,일요일,14:30,29.9
202406,8,하선,몽촌토성,2814,일요일,14:30,34.3
202406,8,상선,잠실,2815,일요일,14:30,29.6
202406,8,하선,잠실,2815,일요일,14:30,42.7
202406,8,상선,석촌,2816,일요일,14:30,45.5
202406,8,하선,석촌,2816,일요일,14:30,41.5
202406,8,상선,송파,2817,일요일,14:30,50.4
202406,8,하선,송파,2817,일요일,14:30,40.0
202406,8,상선,가락시장,2818,일요일,14:30,49.1
202406,8,하선,가락시장,2818,일요일,14:30,36.4
202406,8,상선,문정,2819,일요일,14:30,43.9
202406,8,하선,문정,2819,일요일,14:30,32.7
202406,8,상선,장지,2820,일요일,14:30,37.4
202406,8,하선,장지,2820,일요일,14:30,27.0
202406,8,상선,복정,2821,일요일,14:30,31.5
202406,8,하선,복정,2821,일요일,14:30,18.0
202406,8,상선,산성,2822,일요일,14:30,16.7
202406,8,하선,산성,2822,일요일,14:30,13.4
202406,8,상선,남한산성입구,2823,일요일,14:30,13.5
202406,8,하선,남한산성입구,2823,일요일,14:30,11.3
202406,8,상선,단대오거리,2824,일요일,14:30,10.5
202406,8,하선,단대오거리,2824,일요일,14:30,9.4
202406,8,상선,신흥,2825,일요일,14:30,7.9
202406,8,하선,신흥,2825,일요일,14:30,7.3
202406,8,상선,수진,2826,일요일,14:30,6.7
202406,8,하선,수진,2826,일요일,14:30,6.2
202406,8,상선,모란,2827,일요일,14:30,6.9
2020,8,상선,암사,2811,평일,15:00,0.0
2020,8,하선,암사,2811,평일,15:00,8.5
2020,8,상선,천호,2812,평일,15:00,10.9
2020,8,하선,천호,2812,평일,15:00,25.9
2020,8,상선,강동구청,2813,평일,15:00,33.6
2020,8,하선,강동구청,2813,평일,15:00,28.1
2020,8,상선,몽촌토성,2814,평일,15:00,35.8
2020,8,하선,몽촌토성,2814,평일,15:00,29.6
2020,8,상선,잠실,2815,평일,15:00,38.3
2020,8,하선,잠실,2815,평일,15:00,39.4
2020,8,상선,석촌,2816,평일,15:00,45.0
2020,8,하선,석촌,2816,평일,15:00,37.3
2020,8,상선,송파,2817,평일,15:00,46.6
2020,8,하선,송파,2817,평일,15:00,36.9
2020,8,상선,가락시장,2818,평일,15:00,44.7
2020,8,하선,가락시장,2818,평일,15:00,34.0
2020,8,상선,문정,2819,평일,15:00,39.3
2020,8,하선,문정,2819,평일,15:00,30.3
2020,8,상선,장지,2820,평일,15:00,28.5
2020,8,하선,장지,2820,평일,15:00,23.8
2020,8,상선,복정,2821,평일,15:00,23.6
2020,8,하선,복정,2821,평일,15:00,15.2
2020,8,상선,산성,2822,평일,15:00,13.8
2020,8,하선,산성,2822,평일,15:00,13.6
2020,8,상선,남한산성입구,2823,평일,15:00,12.4
2020,8,하선,남한산성입구,2823,평일,15:00,11.1
2020,8,상선,단대오거리,2824,평일,15:00,11.0
2020,8,하선,단대오거리,2824,평일,15:00,8.3
2020,8,상선,신흥,2825,평일,15:00,10.1
2020,8,하선,신흥,2825,평일,15:00,6.7
2020,8,상선,수진,2826,평일,15:00,10.8
2020,8,하선,수진,2826,평일,15:00,6.7
2020,8,상선,모란,2827,평일,15:00,10.7
2020,8,하선,모란,2827,평일,15:00,0.0
2020,8,상선,암사,2811,토요일,15:00,0.0
2020,8,하선,암사,2811,토요일,15:00,9.5
2020,8,상선,천호,2812,토요일,15:00,8.8
2020,8,하선,천호,2812,토요일,15:00,27.8
2020,8,상선,강동구청,2813,토요일,15:00,25.2
2020,8,하선,강동구청,2813,토요일,15:00,28.6
2020,8,상선,몽촌토성,2814,토요일,15:00,27.7
2020,8,하선,몽촌토성,2814,토요일,15:00,30.6
2020,8,상선,잠실,2815,토요일,15:00,27.8
2020,8,하선,잠실,2815,토요일,15:00,37.2
2020,8,상선,석촌,2816,토요일,15:00,38.2
2020,8,하선,석촌,2816,토요일,15:00,39.3
2020,8,상선,송파,2817,토요일,15:00,44.7
2020,8,하선,송파,2817,토요일,15:00,34.1
2020,8,상선,가락시장,2818,토요일,15:00,46.5
2020,8,하선,가락시장,2818,토요일,15:00,29.4
2020,8,상선,문정,2819,토요일,15:00,41.6
2020,8,하선,문정,2819,토요일,15:00,27.2
2020,8,상선,장지,2820,토요일,15:00,36.6
2020,8,하선,장지,2820,토요일,15:00,22.3
2020,8,상선,복정,2821,토요일,15:00,31.4
2020,8,하선,복정,2821,토요일,15:00,12.5
2020,8,상선,산성,2822,토요일,15:00,17.6
2020,8,하선,산성,2822,토요일,15:00,11.9
2020,8,상선,남한산성입구,2823,토요일,15:00,14.6
2020,8,하선,남한산성입구,2823,토요일,15:00,9.8
2020,8,상선,단대오거리,2824,토요일,15:00,10.9
2020,8,하선,단대오거리,2824,토요일,15:00,7.5
2020,8,상선,신흥,2825,토요일,15:00,7.7
2020,8,하선,신흥,2825,토요일,15:00,6.4
2020,8,상선,수진,2826,토요일,15:00,6.5
2020,8,하선,수진,2826,토요일,15:00,5.6
2020,8,상선,모란,2827,토요일,15:00,5.2
2020,8,하선,모란,2827,토요일,15:00,0.0
2020,8,상선,암사,2811,일요일,15:00,0.0
2020,8,하선,암사,2811,일요일,15:00,6.5
2020,8,상선,천호,2812,일요일,15:00,6.4
2020,8,하선,천호,2812,일요일,15:00,19.9
2020,8,상선,강동구청,2813,일요일,15:00,16.3
2020,8,하선,강동구청,2813,일요일,15:00,18.5
2020,8,상선,몽촌토성,2814,일요일,15:00,18.6
2020,8,하선,몽촌토성,2814,일요일,15:00,21.6
2020,8,상선,잠실,2815,일요일,15:00,19.7
2020,8,하선,잠실,2815,일요일,15:00,26.4
2020,8,상선,석촌,2816,일요일,15:00,26.1
2020,8,하선,석촌,2816,일요일,15:00,27.2
2020,8,상선,송파,2817,일요일,15:00,29.7
2020,8,하선,송파,2817,일요일,15:00,27.4
2020,8,상선,가락시장,2818,일요일,15:00,29.5
2021,8,상선,암사,2811,평일,15:00,0.0
2021,8,하선,암사,2811,평일,15:00,9.4
2021,8,상선,천호,2812,평일,15:00,12.8
2021,8,하선,천호,2812,평일,15:00,25.1
2021,8,상선,강동구청,2813,평일,15:00,37.6
2021,8,하선,강동구청,2813,평일,15:00,26.6
2021,8,상선,몽촌토성,2814,평일,15:00,40.1
2021,8,하선,몽촌토성,2814,평일,15:00,28.6
2021,8,상선,잠실,2815,평일,15:00,38.2
2021,8,하선,잠실,2815,평일,15:00,39.5
2021,8,상선,석촌,2816,평일,15:00,45.5
2021,8,하선,석촌,2816,평일,15:00,43.6
2021,8,상선,송파,2817,평일,15:00,49.4
2021,8,하선,송파,2817,평일,15:00,42.0
2021,8,상선,가락시장,2818,평일,15:00,47.1
2021,8,하선,가락시장,2818,평일,15:00,39.5
2021,8,상선,문정,2819,평일,15:00,41.7
2021,8,하선,문정,2819,평일,15:00,35.0
2021,8,상선,장지,2820,평일,15:00,30.3
2021,8,하선,장지,2820,평일,15:00,26.9
2021,8,상선,복정,2821,평일,15:00,25.1
2021,8,하선,복정,2821,평일,15:00,15.6
2021,8,상선,산성,2822,평일,15:00,11.7
2021,8,하선,산성,2822,평일,15:00,14.1
2021,8,상선,남한산성입구,2823,평일,15:00,10.7
2021,8,하선,남한산성입구,2823,평일,15:00,11.4
2021,8,상선,단대오거리,2824,평일,15:00,10.5
2021,8,하선,단대오거리,2824,평일,15:00,8.9
2021,8,상선,신흥,2825,평일,15:00,10.1
2021,8,하선,신흥,2825,평일,15:00,7.3
2021,8,상선,수진,2826,평일,15:00,10.3
2021,8,하선,수진,2826,평일,15:00,7.1
2021,8,상선,모란,2827,평일,15:00,10.3
2021,8,하선,모란,2827,평일,15:00,0.0
2021,8,상선,암사,2811,토요일,15:00,0.0
2021,8,하선,암사,2811,토요일,15:00,10.7
2021,8,상선,천호,2812,토요일,15:00,9.8
2021,8,하선,천호,2812,토요일,15:00,31.4
2021,8,상선,강동구청,2813,토요일,15:00,28.4
2021,8,하선,강동구청,2813,토요일,15:00,30.9
2021,8,상선,몽촌토성,2814,토요일,15:00,33.5
2021,8,하선,몽촌토성,2814,토요일,15:00,34.8
2021,8,상선,잠실,2815,토요일,15:00,35.1
2021,8,하선,잠실,2815,토요일,15:00,39.0
2021,8,상선,석촌,2816,토요일,15:00,44.6
2021,8,하선,석촌,2816,토요일,15:00,38.4
2021,8,상선,송파,2817,토요일,15:00,46.8
2021,8,하선,송파,2817,토요일,15:00,42.0
2021,8,상선,가락시장,2818,토요일,15:00,46.9
2021,8,하선,가락시장,2818,토요일,15:00,40.6
2021,8,상선,문정,2819,토요일,15:00,41.5
2021,8,하선,문정,2819,토요일,15:00,35.7
2021,8,상선,장지,2820,토요일,15:00,34.6
2021,8,하선,장지,2820,토요일,15:00,28.3
2021,8,상선,복정,2821,토요일,15:00,29.1
2021,8,하선,복정,2821,토요일,15:00,15.6
2021,8,상선,산성,2822,토요일,15:00,16.7
2021,8,하선,산성,2822,토요일,15:00,13.0
2021,8,상선,남한산성입구,2823,토요일,15:00,13.9
2021,8,하선,남한산성입구,2823,토요일,15:00,11.5
2021,8,상선,단대오거리,2824,토요일,15:00,10.7
2021,8,하선,단대오거리,2824,토요일,15:00,9.3
2021,8,상선,신흥,2825,토요일,15:00,8.2
2021,8,하선,신흥,2825,토요일,15:00,7.7
2021,8,상선,수진,2826,토요일,15:00,7.7
2021,8,하선,수진,2826,토요일,15:00,6.3
2021,8,상선,모란,2827,토요일,15:00,6.3
2021,8,하선,모란,2827,토요일,15:00,0.0
2022,8,상선,암사,2811,평일,15:00,0.0
2022,8,하선,암사,2811,평일,15:00,9.1
2022,8,상선,천호,2812,평일,15:00,13.9
2022,8,하선,천호,2812,평일,15:00,26.9
2022,8,상선,강동구청,2813,평일,15:00,40.7
2022,8,하선,강동구청,2813,평일,15:00,27.1
2022,8,상선,몽촌토성,2814,평일,15:00,43.1
2022,8,하선,몽촌토성,2814,평일,15:00,29.2
2022,8,상선,잠실,2815,평일,15:00,43.2
2022,8,하선,잠실,2815,평일,15:00,43.9
2022,8,상선,석촌,2816,평일,15:00,49.4
2022,8,하선,석촌,2816,평일,15:00,47.9
2022,8,상선,송파,2817,평일,15:00,52.7
2022,8,하선,송파,2817,평일,15:00,46.0
2022,8,상선,가락시장,2818,평일,15:00,50.4
2022,8,하선,가락시장,2818,평일,15:00,42.3
2022,8,상선,문정,2819,평일,15:00,45.3
2022,8,하선,문정,2819,평일,15:00,38.2
2022,8,상선,장지,2820,평일,15:00,34.3
2022,8,하선,장지,2820,평일,15:00,32.0
2022,8,상선,복정,2821,평일,15:00,28.7
2022,8,하선,복정,2821,평일,15:00,20.9
2022,8,상선,산성,2822,평일,15:00,17.2
2022,8,하선,산성,2822,평일,15:00,16.8
2022,8,상선,남한산성입구,2823,평일,15:00,16.1
2022,8,하선,남한산성입구,2823,평일,15:00,13.1
2022,8,상선,단대오거리,2824,평일,15:00,12.1
2022,8,하선,단대오거리,2824,평일,15:00,10.1
2022,8,상선,신흥,2825,평일,15:00,11.0
2022,8,하선,신흥,2825,평일,15:00,8.6
2022,8,상선,수진,2826,평일,15:00,10.1
2022,8,하선,수진,2826,평일,15:00,8.5
2022,8,상선,모란,2827,평일,15:00,10.8
2022,8,하선,모란,2827,평일,15:00,0.0
2022,8,상선,암사,2811,토요일,15:00,0.0
2022,8,하선,암사,2811,토요일,15:00,13.4
2022,8,상선,천호,2812,토요일,15:00,12.0
2022,8,하선,천호,2812,토요일,15:00,39.8
2022,8,상선,강동구청,2813,토요일,15:00,40.3
2022,8,하선,강동구청,2813,토요일,15:00,41.0
2022,8,상선,몽촌토성,2814,토요일,15:00,42.7
2022,8,하선,몽촌토성,2814,토요일,15:00,43.9
2022,8,상선,잠실,2815,토요일,15:00,45.1
2022,8,하선,잠실,2815,토요일,15:00,50.0
2022,8,상선,석촌,2816,토요일,15:00,67.7
2022,8,하선,석촌,2816,토요일,15:00,51.7
2022,8,상선,송파,2817,토요일,15:00,73.4
2022,8,하선,송파,2817,토요일,15:00,48.5
2022,8,상선,가락시장,2818,토요일,15:00,70.7
2022,8,하선,가락시장,2818,토요일,15:00,48.7
2022,8,상선,문정,2819,토요일,15:00,59.2
2022,8,하선,문정,2819,토요일,15:00,43.1
2022,8,상선,장지,2820,토요일,15:00,50.1
2022,8,하선,장지,2820,토요일,15:00,35.9
2022,8,상선,복정,2821,토요일,15:00,45.4
2022,8,하선,복정,2821,토요일,15:00,21.6
2022,8,상선,산성,2822,토요일,15:00,21.2
2022,8,하선,산성,2822,토요일,15:00,17.8
2022,8,상선,남한산성입구,2823,토요일,15:00,19.4
2022,8,하선,남한산성입구,2823,토요일,15:00,15.0
2022,8,상선,단대오거리,2824,토요일,15:00,14.0
2022,8,하선,단대오거리,2824,토요일,15:00,11.0
2022,8,상선,신흥,2825,토요일,15:00,10.3
2022,8,하선,신흥,2825,토요일,15:00,8.7
2022,8,상선,암사,2811,공휴일,15:00,0.0
2022,8,하선,암사,2811,공휴일,15:00,9.5
2022,8,상선,천호,2812,공휴일,15:00,9.3
2022,8,하선,천호,2812,공휴일,15:00,28.4
2022,8,상선,강동구청,2813,공휴일,15:00,26.9
2022,8,하선,강동구청,2813,공휴일,15:00,30.3
2022,8,상선,몽촌토성,2814,공휴일,15:00,26.5
2022,8,하선,몽촌토성,2814,공휴일,15:00,32.6
2022,8,상선,잠실,2815,공휴일,15:00,27.1
2022,8,하선,잠실,2815,공휴일,15:00,40.1
2022,8,상선,석촌,2816,공휴일,15:00,42.3
2022,8,하선,석촌,2816,공휴일,15:00,41.8
2022,8,상선,송파,2817,공휴일,15:00,47.0
2022,8,하선,송파,2817,공휴일,15:00,40.2
2022,8,상선,가락시장,2818,공휴일,15:00,48.2
2022,8,하선,가락시장,2818,공휴일,15:00,37.2
2022,8,상선,문정,2819,공휴일,15:00,45.9
2022,8,하선,문정,2819,공휴일,15:00,34.2
2022,8,상선,장지,2820,공휴일,15:00,40.0
2022,8,하선,장지,2820,공휴일,15:00,28.1
2022,8,상선,복정,2821,공휴일,15:00,33.4
2022,8,하선,복정,2821,공휴일,15:00,17.6
2022,8,상선,산성,2822,공휴일,15:00,16.0
2022,8,하선,산성,2822,공휴일,15:00,13.2
2022,8,상선,남한산성입구,2823,공휴일,15:00,14.0
2022,8,하선,남한산성입구,2823,공휴일,15:00,10.4
2022,8,상선,단대오거리,2824,공휴일,15:00,10.7
2022,8,하선,단대오거리,2824,공휴일,15:00,7.9
2022,8,상선,신흥,2825,공휴일,15:00,7.7
2022,8,하선,신흥,2825,공휴일,15:00,6.1
2022,8,상선,수진,2826,공휴일,15:00,6.5
2022,8,하선,수진,2826,공휴일,15:00,6.4
2022,8,상선,모란,2827,공휴일,15:00,5.9
2022,8,하선,모란,2827,공휴일,15:00,0.0
2023,8,상선,암사,2811,평일,15:00,0.0
2023,8,하선,암사,2811,평일,15:00,9.1
2023,8,상선,천호,2812,평일,15:00,14.2
2023,8,하선,천호,2812,평일,15:00,27.9
2023,8,상선,강동구청,2813,평일,15:00,41.6
2023,8,하선,강동구청,2813,평일,15:00,28.7
2023,8,상선,몽촌토성,2814,평일,15:00,43.7
2023,8,하선,몽촌토성,2814,평일,15:00,31.1
2023,8,상선,잠실,2815,평일,15:00,47.6
2023,8,하선,잠실,2815,평일,15:00,46.5
2023,8,상선,석촌,2816,평일,15:00,53.7
2023,8,하선,석촌,2816,평일,15:00,50.6
2023,8,상선,송파,2817,평일,15:00,59.0
2023,8,하선,송파,2817,평일,15:00,47.7
2023,8,상선,가락시장,2818,평일,15:00,56.4
2023,8,하선,가락시장,2818,평일,15:00,44.4
2023,8,상선,문정,2819,평일,15:00,49.9
2023,8,하선,문정,2819,평일,15:00,39.8
2023,8,상선,장지,2820,평일,15:00,38.1
2023,8,하선,장지,2820,평일,15:00,34.0
2023,8,상선,복정,2821,평일,15:00,30.7
2023,8,하선,복정,2821,평일,15:00,22.0
2023,8,상선,산성,2822,평일,15:00,17.9
2023,8,하선,산성,2822,평일,15:00,17.3
2023,8,상선,남한산성입구,2823,평일,15:00,16.6
2023,8,하선,남한산성입구,2823,평일,15:00,14.0
2023,8,상선,단대오거리,2824,평일,15:00,12.6
2023,8,하선,단대오거리,2824,평일,15:00,10.7
2023,8,상선,신흥,2825,평일,15:00,11.5
2023,8,하선,신흥,2825,평일,15:00,8.7
2023,8,상선,수진,2826,평일,15:00,10.9
2023,8,하선,수진,2826,평일,15:00,9.0
2023,8,상선,모란,2827,평일,15:00,11.3
2023,8,하선,모란,2827,평일,15:00,0.0
2023,8,상선,암사,2811,토요일,15:00,0.0
2023,8,하선,암사,2811,토요일,15:00,13.9
2023,8,상선,천호,2812,토요일,15:00,12.2
2023,8,하선,천호,2812,토요일,15:00,42.7
2023,8,상선,강동구청,2813,토요일,15:00,39.5
2023,8,하선,강동구청,2813,토요일,15:00,44.9
2023,8,상선,몽촌토성,2814,토요일,15:00,43.7
2023,8,하선,몽촌토성,2814,토요일,15:00,48.2
2023,8,상선,잠실,2815,토요일,15:00,45.9
2023,8,하선,잠실,2815,토요일,15:00,59.8
2023,8,상선,석촌,2816,토요일,15:00,75.0
2023,8,하선,석촌,2816,토요일,15:00,59.9
2023,8,상선,송파,2817,토요일,15:00,77.1
2023,8,하선,송파,2817,토요일,15:00,57.3
2023,8,상선,가락시장,2818,토요일,15:00,74.0
2023,8,하선,가락시장,2818,토요일,15:00,52.6
2023,8,상선,문정,2819,토요일,15:00,64.0
2023,8,하선,문정,2819,토요일,15:00,46.3
2023,8,상선,장지,2820,토요일,15:00,54.0
2023,8,하선,장지,2820,토요일,15:00,37.7
2023,8,상선,복정,2821,토요일,15:00,45.9
2023,8,하선,복정,2821,토요일,15:00,21.2
2023,8,상선,산성,2822,토요일,15:00,26.5
2023,8,하선,산성,2822,토요일,15:00,16.5
2023,8,상선,남한산성입구,2823,토요일,15:00,22.3
2023,8,하선,남한산성입구,2823,토요일,15:00,14.2
2023,8,상선,단대오거리,2824,토요일,15:00,16.8
2023,8,하선,단대오거리,2824,토요일,15:00,9.9
2023,8,상선,신흥,2825,토요일,15:00,11.1
2023,8,하선,신흥,2825,토요일,15:00,7.7
2023,8,상선,수진,2826,토요일,15:00,9.3
2023,8,하선,수진,2826,토요일,15:00,7.7
2023,8,상선,모란,2827,토요일,15:00,7.0
2023,8,하선,모란,2827,토요일,15:00,0.0
2023,8,상선,암사,2811,일요일,15:00,0.0
2023,8,하선,암사,2811,일요일,15:00,10.4
2023,8,상선,천호,2812,일요일,15:00,10.4
2023,8,하선,천호,2812,일요일,15:00,32.9
2023,8,상선,강동구청,2813,일요일,15:00,30.4
2023,8,하선,강동구청,2813,일요일,15:00,34.6
2023,8,상선,몽촌토성,2814,일요일,15:00,33.2
2023,8,하선,몽촌토성,2814,일요일,15:00,38.0
2023,8,상선,잠실,2815,일요일,15:00,33.8
2023,8,하선,잠실,2815,일요일,15:00,47.5
2023,8,상선,석촌,2816,일요일,15:00,50.9
2023,8,하선,석촌,2816,일요일,15:00,49.6
2023,8,상선,송파,2817,일요일,15:00,54.1
2023,8,하선,송파,2817,일요일,15:00,46.9
2023,8,상선,가락시장,2818,일요일,15:00,51.9
2023,8,하선,가락시장,2818,일요일,15:00,41.6
2023,8,상선,문정,2819,일요일,15:00,48.1
2023,8,하선,문정,2819,일요일,15:00,36.8
2023,8,상선,장지,2820,일요일,15:00,42.2
2023,8,하선,장지,2820,일요일,15:00,30.6
2023,8,상선,복정,2821,일요일,15:00,35.8
2023,8,하선,복정,2821,일요일,15:00,19.7
2023,8,상선,산성,2822,일요일,15:00,18.7
2023,8,하선,산성,2822,일요일,15:00,15.2
2023,8,상선,남한산성입구,2823,일요일,15:00,16.6
2023,8,하선,남한산성입구,2823,일요일,15:00,13.1
2023,8,상선,단대오거리,2824,일요일,15:00,13.9
2023,8,하선,단대오거리,2824,일요일,15:00,9.0
2023,8,상선,신흥,2825,일요일,15:00,10.4
2023,8,하선,신흥,2825,일요일,15:00,6.6
2023,8,상선,수진,2826,일요일,15:00,8.9
2023,8,하선,수진,2826,일요일,15:00,6.5
2023,8,상선,모란,2827,일요일,15:00,6.3
202403,8,상선,암사,2811,평일,15:00,0.0
202403,8,하선,암사,2811,평일,15:00,8.8
202403,8,상선,천호,2812,평일,15:00,13.6
202403,8,하선,천호,2812,평일,15:00,27.7
202403,8,상선,강동구청,2813,평일,15:00,42.2
202403,8,하선,강동구청,2813,평일,15:00,27.7
202403,8,상선,몽촌토성,2814,평일,15:00,44.8
202403,8,하선,몽촌토성,2814,평일,15:00,30.1
202403,8,상선,잠실,2815,평일,15:00,48.0
202403,8,하선,잠실,2815,평일,15:00,46.4
202403,8,상선,석촌,2816,평일,15:00,52.3
202403,8,하선,석촌,2816,평일,15:00,50.8
202403,8,상선,송파,2817,평일,15:00,56.3
202403,8,하선,송파,2817,평일,15:00,47.9
202403,8,상선,가락시장,2818,평일,15:00,53.1
202403,8,하선,가락시장,2818,평일,15:00,43.9
202403,8,상선,문정,2819,평일,15:00,46.6
202403,8,하선,문정,2819,평일,15:00,39.9
202403,8,상선,장지,2820,평일,15:00,35.3
202403,8,하선,장지,2820,평일,15:00,34.4
202403,8,상선,복정,2821,평일,15:00,28.8
202403,8,하선,복정,2821,평일,15:00,23.4
202403,8,상선,산성,2822,평일,15:00,17.1
202403,8,하선,산성,2822,평일,15:00,17.5
202403,8,상선,남한산성입구,2823,평일,15:00,16.0
202403,8,하선,남한산성입구,2823,평일,15:00,13.9
202403,8,상선,단대오거리,2824,평일,15:00,12.4
202403,8,하선,단대오거리,2824,평일,15:00,10.8
202403,8,상선,신흥,2825,평일,15:00,11.6
202403,8,하선,신흥,2825,평일,15:00,8.5
202403,8,상선,수진,2826,평일,15:00,10.9
202403,8,하선,수진,2826,평일,15:00,8.7
202403,8,상선,모란,2827,평일,15:00,11.7
202403,8,하선,모란,2827,평일,15:00,0.0
202403,8,상선,암사,2811,토요일,15:00,0.0
202403,8,하선,암사,2811,토요일,15:00,13.6
202403,8,상선,천호,2812,토요일,15:00,13.6
202403,8,하선,천호,2812,토요일,15:00,44.6
202403,8,상선,강동구청,2813,토요일,15:00,41.6
202403,8,하선,강동구청,2813,토요일,15:00,46.7
202403,8,상선,몽촌토성,2814,토요일,15:00,45.0
202403,8,하선,몽촌토성,2814,토요일,15:00,48.8
202403,8,상선,잠실,2815,토요일,15:00,47.5
202403,8,하선,잠실,2815,토요일,15:00,59.4
202403,8,상선,석촌,2816,토요일,15:00,68.9
202403,8,하선,석촌,2816,토요일,15:00,57.0
202403,8,상선,송파,2817,토요일,15:00,73.7
202403,8,하선,송파,2817,토요일,15:00,54.6
202403,8,상선,가락시장,2818,토요일,15:00,70.8
202403,8,하선,가락시장,2818,토요일,15:00,54.3
202403,8,상선,문정,2819,토요일,15:00,63.4
202403,8,하선,문정,2819,토요일,15:00,49.5
202403,8,상선,장지,2820,토요일,15:00,54.3
202403,8,하선,장지,2820,토요일,15:00,41.8
202403,8,상선,복정,2821,토요일,15:00,45.1
202403,8,하선,복정,2821,토요일,15:00,26.2
202403,8,상선,산성,2822,토요일,15:00,24.4
202403,8,하선,산성,2822,토요일,15:00,19.7
202403,8,상선,남한산성입구,2823,토요일,15:00,20.5
202403,8,하선,남한산성입구,2823,토요일,15:00,14.6
202403,8,상선,단대오거리,2824,토요일,15:00,15.6
202403,8,하선,단대오거리,2824,토요일,15:00,10.3
202403,8,상선,신흥,2825,토요일,15:00,11.8
202403,8,하선,신흥,2825,토요일,15:00,8.2
202403,8,상선,수진,2826,토요일,15:00,8.9
202403,8,하선,수진,2826,토요일,15:00,7.4
202403,8,상선,모란,2827,토요일,15:00,7.4
202403,8,하선,모란,2827,토요일,15:00,0.0
202403,8,상선,암사,2811,일요일,15:00,0.0
202403,8,하선,암사,2811,일요일,15:00,10.1
202403,8,상선,천호,2812,일요일,15:00,11.7
202403,8,하선,천호,2812,일요일,15:00,30.6
202403,8,상선,강동구청,2813,일요일,15:00,35.2
202403,8,하선,강동구청,2813,일요일,15:00,32.8
202403,8,상선,몽촌토성,2814,일요일,15:00,38.2
202403,8,하선,몽촌토성,2814,일요일,15:00,36.0
202403,8,상선,잠실,2815,일요일,15:00,39.6
202403,8,하선,잠실,2815,일요일,15:00,45.4
202403,8,상선,석촌,2816,일요일,15:00,53.3
202403,8,하선,석촌,2816,일요일,15:00,47.8
202403,8,상선,송파,2817,일요일,15:00,57.9
202403,8,하선,송파,2817,일요일,15:00,45.9
202403,8,상선,가락시장,2818,일요일,15:00,56.5
202403,8,하선,가락시장,2818,일요일,15:00,42.3
202403,8,상선,문정,2819,일요일,15:00,55.6
202403,8,하선,문정,2819,일요일,15:00,40.2
202403,8,상선,장지,2820,일요일,15:00,48.4
202403,8,하선,장지,2820,일요일,15:00,33.4
202403,8,상선,복정,2821,일요일,15:00,41.0
202403,8,하선,복정,2821,일요일,15:00,21.4
202403,8,상선,산성,2822,일요일,15:00,23.2
202403,8,하선,산성,2822,일요일,15:00,17.7
202403,8,상선,남한산성입구,2823,일요일,15:00,20.9
202403,8,하선,남한산성입구,2823,일요일,15:00,14.0
202403,8,상선,단대오거리,2824,일요일,15:00,18.1
202403,8,하선,단대오거리,2824,일요일,15:00,12.4
202403,8,상선,신흥,2825,일요일,15:00,15.0
202403,8,하선,신흥,2825,일요일,15:00,11.0
202403,8,상선,수진,2826,일요일,15:00,13.9
202403,8,하선,수진,2826,일요일,15:00,10.7
202403,8,상선,모란,2827,일요일,15:00,13.7
202406,8,상선,암사,2811,평일,15:00,0.0
202406,8,하선,암사,2811,평일,15:00,8.9
202406,8,상선,천호,2812,평일,15:00,13.9
202406,8,하선,천호,2812,평일,15:00,27.3
202406,8,상선,강동구청,2813,평일,15:00,42.7
202406,8,하선,강동구청,2813,평일,15:00,29.3
202406,8,상선,몽촌토성,2814,평일,15:00,44.8
202406,8,하선,몽촌토성,2814,평일,15:00,31.6
202406,8,상선,잠실,2815,평일,15:00,47.9
202406,8,하선,잠실,2815,평일,15:00,45.8
202406,8,상선,석촌,2816,평일,15:00,52.8
202406,8,하선,석촌,2816,평일,15:00,49.9
202406,8,상선,송파,2817,평일,15:00,56.9
202406,8,하선,송파,2817,평일,15:00,45.8
202406,8,상선,가락시장,2818,평일,15:00,54.1
202406,8,하선,가락시장,2818,평일,15:00,42.5
202406,8,상선,문정,2819,평일,15:00,48.6
202406,8,하선,문정,2819,평일,15:00,39.2
202406,8,상선,장지,2820,평일,15:00,36.5
202406,8,하선,장지,2820,평일,15:00,33.9
202406,8,상선,복정,2821,평일,15:00,29.4
202406,8,하선,복정,2821,평일,15:00,22.7
202406,8,상선,산성,2822,평일,15:00,18.1
202406,8,하선,산성,2822,평일,15:00,17.2
202406,8,상선,남한산성입구,2823,평일,15:00,16.8
202406,8,하선,남한산성입구,2823,평일,15:00,13.5
202406,8,상선,단대오거리,2824,평일,15:00,12.6
202406,8,하선,단대오거리,2824,평일,15:00,10.1
202406,8,상선,신흥,2825,평일,15:00,10.9
202406,8,하선,신흥,2825,평일,15:00,8.1
202406,8,상선,수진,2826,평일,15:00,10.2
202406,8,하선,수진,2826,평일,15:00,8.7
202406,8,상선,모란,2827,평일,15:00,10.2
202406,8,하선,모란,2827,평일,15:00,0.0
202406,8,상선,암사,2811,토요일,15:00,0.0
202406,8,하선,암사,2811,토요일,15:00,13.6
202406,8,상선,천호,2812,토요일,15:00,12.3
202406,8,하선,천호,2812,토요일,15:00,35.8
202406,8,상선,강동구청,2813,토요일,15:00,39.4
202406,8,하선,강동구청,2813,토요일,15:00,37.9
202406,8,상선,몽촌토성,2814,토요일,15:00,41.6
202406,8,하선,몽촌토성,2814,토요일,15:00,41.6
202406,8,상선,잠실,2815,토요일,15:00,43.6
202406,8,하선,잠실,2815,토요일,15:00,48.9
202406,8,상선,석촌,2816,토요일,15:00,62.9
202406,8,하선,석촌,2816,토요일,15:00,50.7
202406,8,상선,송파,2817,토요일,15:00,64.9
202406,8,하선,송파,2817,토요일,15:00,48.3
202406,8,상선,가락시장,2818,토요일,15:00,61.0
202406,8,하선,가락시장,2818,토요일,15:00,45.6
202406,8,상선,문정,2819,토요일,15:00,55.7
202406,8,하선,문정,2819,토요일,15:00,39.3
202406,8,상선,장지,2820,토요일,15:00,47.5
202406,8,하선,장지,2820,토요일,15:00,33.4
202406,8,상선,복정,2821,토요일,15:00,40.1
202406,8,하선,복정,2821,토요일,15:00,18.9
202406,8,상선,산성,2822,토요일,15:00,18.9
202406,8,하선,산성,2822,토요일,15:00,14.1
202406,8,상선,남한산성입구,2823,토요일,15:00,15.5
202406,8,하선,남한산성입구,2823,토요일,15:00,11.8
202406,8,상선,단대오거리,2824,토요일,15:00,12.0
202406,8,하선,단대오거리,2824,토요일,15:00,8.6
202406,8,상선,신흥,2825,토요일,15:00,10.1
202406,8,하선,신흥,2825,토요일,15:00,7.2
202406,8,상선,수진,2826,토요일,15:00,8.9
202406,8,하선,수진,2826,토요일,15:00,6.3
202406,8,상선,모란,2827,토요일,15:00,6.8
202406,8,하선,모란,2827,토요일,15:00,0.0
202406,8,상선,암사,2811,일요일,15:00,0.0
202406,8,하선,암사,2811,일요일,15:00,11.4
202406,8,상선,천호,2812,일요일,15:00,10.5
202406,8,하선,천호,2812,일요일,15:00,33.0
202406,8,상선,강동구청,2813,일요일,15:00,29.0
202406,8,하선,강동구청,2813,일요일,15:00,34.0
202406,8,상선,몽촌토성,2814,일요일,15:00,30.6
202406,8,하선,몽촌토성,2814,일요일,15:00,33.3
202406,8,상선,잠실,2815,일요일,15:00,32.1
202406,8,하선,잠실,2815,일요일,15:00,42.7
202406,8,상선,석촌,2816,일요일,15:00,43.3
202406,8,하선,석촌,2816,일요일,15:00,41.8
202406,8,상선,송파,2817,일요일,15:00,47.6
202406,8,하선,송파,2817,일요일,15:00,39.7
202406,8,상선,가락시장,2818,일요일,15:00,45.9
202406,8,하선,가락시장,2818,일요일,15:00,36.2
202406,8,상선,문정,2819,일요일,15:00,44.3
202406,8,하선,문정,2819,일요일,15:00,33.4
202406,8,상선,장지,2820,일요일,15:00,38.1
202406,8,하선,장지,2820,일요일,15:00,28.1
202406,8,상선,복정,2821,일요일,15:00,31.2
202406,8,하선,복정,2821,일요일,15:00,17.8
202406,8,상선,산성,2822,일요일,15:00,17.3
202406,8,하선,산성,2822,일요일,15:00,13.0
202406,8,상선,남한산성입구,2823,일요일,15:00,15.2
202406,8,하선,남한산성입구,2823,일요일,15:00,10.5
202406,8,상선,단대오거리,2824,일요일,15:00,11.7
202406,8,하선,단대오거리,2824,일요일,15:00,7.7
202406,8,상선,신흥,2825,일요일,15:00,8.7
202406,8,하선,신흥,2825,일요일,15:00,6.6
202406,8,상선,수진,2826,일요일,15:00,7.1
202406,8,하선,수진,2826,일요일,15:00,6.2
202406,8,상선,모란,2827,일요일,15:00,6.4
2020,8,상선,암사,2811,평일,15:30,0.0
2020,8,하선,암사,2811,평일,15:30,8.1
2020,8,상선,천호,2812,평일,15:30,13.1
2020,8,하선,천호,2812,평일,15:30,24.6
2020,8,상선,강동구청,2813,평일,15:30,34.8
2020,8,하선,강동구청,2813,평일,15:30,25.2
2020,8,상선,몽촌토성,2814,평일,15:30,37.2
2020,8,하선,몽촌토성,2814,평일,15:30,26.4
2020,8,상선,잠실,2815,평일,15:30,35.9
2020,8,하선,잠실,2815,평일,15:30,37.0
2020,8,상선,석촌,2816,평일,15:30,39.0
2020,8,하선,석촌,2816,평일,15:30,44.5
2020,8,상선,송파,2817,평일,15:30,42.0
2020,8,하선,송파,2817,평일,15:30,42.5
2020,8,상선,가락시장,2818,평일,15:30,44.2
2020,8,하선,가락시장,2818,평일,15:30,42.1
2020,8,상선,문정,2819,평일,15:30,38.2
2020,8,하선,문정,2819,평일,15:30,35.5
2020,8,상선,장지,2820,평일,15:30,29.6
2020,8,하선,장지,2820,평일,15:30,27.6
2020,8,상선,복정,2821,평일,15:30,25.1
2020,8,하선,복정,2821,평일,15:30,15.5
2020,8,상선,산성,2822,평일,15:30,14.9
2020,8,하선,산성,2822,평일,15:30,13.5
2020,8,상선,남한산성입구,2823,평일,15:30,13.4
2020,8,하선,남한산성입구,2823,평일,15:30,11.4
2020,8,상선,단대오거리,2824,평일,15:30,11.8
2020,8,하선,단대오거리,2824,평일,15:30,9.1
2020,8,상선,신흥,2825,평일,15:30,11.1
2020,8,하선,신흥,2825,평일,15:30,7.7
2020,8,상선,수진,2826,평일,15:30,10.6
2020,8,하선,수진,2826,평일,15:30,6.9
2020,8,상선,모란,2827,평일,15:30,10.8
2020,8,하선,모란,2827,평일,15:30,0.0
2020,8,상선,암사,2811,토요일,15:30,0.0
2020,8,하선,암사,2811,토요일,15:30,8.9
2020,8,상선,천호,2812,토요일,15:30,9.3
2020,8,하선,천호,2812,토요일,15:30,28.8
2020,8,상선,강동구청,2813,토요일,15:30,24.7
2020,8,하선,강동구청,2813,토요일,15:30,29.8
2020,8,상선,몽촌토성,2814,토요일,15:30,26.2
2020,8,하선,몽촌토성,2814,토요일,15:30,31.2
2020,8,상선,잠실,2815,토요일,15:30,29.0
2020,8,하선,잠실,2815,토요일,15:30,39.1
2020,8,상선,석촌,2816,토요일,15:30,43.1
2020,8,하선,석촌,2816,토요일,15:30,42.1
2020,8,상선,송파,2817,토요일,15:30,46.6
2020,8,하선,송파,2817,토요일,15:30,43.8
2020,8,상선,가락시장,2818,토요일,15:30,41.3
2020,8,하선,가락시장,2818,토요일,15:30,41.3
2020,8,상선,문정,2819,토요일,15:30,37.5
2020,8,하선,문정,2819,토요일,15:30,34.9
2020,8,상선,장지,2820,토요일,15:30,31.9
2020,8,하선,장지,2820,토요일,15:30,26.6
2020,8,상선,복정,2821,토요일,15:30,27.4
2020,8,하선,복정,2821,토요일,15:30,15.0
2020,8,상선,산성,2822,토요일,15:30,14.9
2020,8,하선,산성,2822,토요일,15:30,13.0
2020,8,상선,남한산성입구,2823,토요일,15:30,11.8
2020,8,하선,남한산성입구,2823,토요일,15:30,10.6
2020,8,상선,단대오거리,2824,토요일,15:30,9.2
2020,8,하선,단대오거리,2824,토요일,15:30,7.6
2020,8,상선,신흥,2825,토요일,15:30,7.8
2020,8,하선,신흥,2825,토요일,15:30,6.1
2020,8,상선,수진,2826,토요일,15:30,6.1
2020,8,하선,수진,2826,토요일,15:30,4.8
2020,8,상선,모란,2827,토요일,15:30,5.6
2020,8,하선,모란,2827,토요일,15:30,0.0
2020,8,상선,암사,2811,일요일,15:30,0.0
2020,8,하선,암사,2811,일요일,15:30,7.2
2020,8,상선,천호,2812,일요일,15:30,8.0
2020,8,하선,천호,2812,일요일,15:30,19.8
2020,8,상선,강동구청,2813,일요일,15:30,16.6
2020,8,하선,강동구청,2813,일요일,15:30,22.9
2020,8,상선,몽촌토성,2814,일요일,15:30,18.0
2020,8,하선,몽촌토성,2814,일요일,15:30,23.8
2020,8,상선,잠실,2815,일요일,15:30,20.5
2020,8,하선,잠실,2815,일요일,15:30,29.8
2020,8,상선,석촌,2816,일요일,15:30,28.5
2020,8,하선,석촌,2816,일요일,15:30,33.0
2020,8,상선,송파,2817,일요일,15:30,30.4
2020,8,하선,송파,2817,일요일,15:30,29.1
2020,8,상선,가락시장,2818,일요일,15:30,29.3
2021,8,상선,암사,2811,평일,15:30,0.0
2021,8,하선,암사,2811,평일,15:30,9.2
2021,8,상선,천호,2812,평일,15:30,14.9
2021,8,하선,천호,2812,평일,15:30,29.1
2021,8,상선,강동구청,2813,평일,15:30,37.5
2021,8,하선,강동구청,2813,평일,15:30,29.5
2021,8,상선,몽촌토성,2814,평일,15:30,37.2
2021,8,하선,몽촌토성,2814,평일,15:30,31.8
2021,8,상선,잠실,2815,평일,15:30,40.7
2021,8,하선,잠실,2815,평일,15:30,43.8
2021,8,상선,석촌,2816,평일,15:30,42.8
2021,8,하선,석촌,2816,평일,15:30,44.1
2021,8,상선,송파,2817,평일,15:30,45.5
2021,8,하선,송파,2817,평일,15:30,42.0
2021,8,상선,가락시장,2818,평일,15:30,46.2
2021,8,하선,가락시장,2818,평일,15:30,40.9
2021,8,상선,문정,2819,평일,15:30,40.0
2021,8,하선,문정,2819,평일,15:30,36.7
2021,8,상선,장지,2820,평일,15:30,32.8
2021,8,하선,장지,2820,평일,15:30,29.7
2021,8,상선,복정,2821,평일,15:30,27.7
2021,8,하선,복정,2821,평일,15:30,17.9
2021,8,상선,산성,2822,평일,15:30,14.4
2021,8,하선,산성,2822,평일,15:30,15.1
2021,8,상선,남한산성입구,2823,평일,15:30,13.0
2021,8,하선,남한산성입구,2823,평일,15:30,11.6
2021,8,상선,단대오거리,2824,평일,15:30,11.2
2021,8,하선,단대오거리,2824,평일,15:30,8.6
2021,8,상선,신흥,2825,평일,15:30,10.8
2021,8,하선,신흥,2825,평일,15:30,7.1
2021,8,상선,수진,2826,평일,15:30,10.1
2021,8,하선,수진,2826,평일,15:30,6.7
2021,8,상선,모란,2827,평일,15:30,10.4
2021,8,하선,모란,2827,평일,15:30,0.0
2021,8,상선,암사,2811,토요일,15:30,0.0
2021,8,하선,암사,2811,토요일,15:30,10.1
2021,8,상선,천호,2812,토요일,15:30,12.5
2021,8,하선,천호,2812,토요일,15:30,32.8
2021,8,상선,강동구청,2813,토요일,15:30,35.6
2021,8,하선,강동구청,2813,토요일,15:30,34.8
2021,8,상선,몽촌토성,2814,토요일,15:30,36.4
2021,8,하선,몽촌토성,2814,토요일,15:30,37.8
2021,8,상선,잠실,2815,토요일,15:30,37.8
2021,8,하선,잠실,2815,토요일,15:30,48.0
2021,8,상선,석촌,2816,토요일,15:30,53.1
2021,8,하선,석촌,2816,토요일,15:30,50.1
2021,8,상선,송파,2817,토요일,15:30,56.1
2021,8,하선,송파,2817,토요일,15:30,42.3
2021,8,상선,가락시장,2818,토요일,15:30,53.5
2021,8,하선,가락시장,2818,토요일,15:30,39.3
2021,8,상선,문정,2819,토요일,15:30,47.8
2021,8,하선,문정,2819,토요일,15:30,33.9
2021,8,상선,장지,2820,토요일,15:30,38.5
2021,8,하선,장지,2820,토요일,15:30,26.5
2021,8,상선,복정,2821,토요일,15:30,32.9
2021,8,하선,복정,2821,토요일,15:30,16.9
2021,8,상선,산성,2822,토요일,15:30,16.3
2021,8,하선,산성,2822,토요일,15:30,15.5
2021,8,상선,남한산성입구,2823,토요일,15:30,12.6
2021,8,하선,남한산성입구,2823,토요일,15:30,11.6
2021,8,상선,단대오거리,2824,토요일,15:30,9.5
2021,8,하선,단대오거리,2824,토요일,15:30,7.9
2021,8,상선,신흥,2825,토요일,15:30,7.9
2021,8,하선,신흥,2825,토요일,15:30,6.2
2021,8,상선,수진,2826,토요일,15:30,6.6
2021,8,하선,수진,2826,토요일,15:30,5.9
2021,8,상선,모란,2827,토요일,15:30,6.8
2021,8,하선,모란,2827,토요일,15:30,0.0
2022,8,상선,암사,2811,평일,15:30,0.0
2022,8,하선,암사,2811,평일,15:30,9.4
2022,8,상선,천호,2812,평일,15:30,14.8
2022,8,하선,천호,2812,평일,15:30,29.7
2022,8,상선,강동구청,2813,평일,15:30,42.1
2022,8,하선,강동구청,2813,평일,15:30,31.4
2022,8,상선,몽촌토성,2814,평일,15:30,45.1
2022,8,하선,몽촌토성,2814,평일,15:30,33.8
2022,8,상선,잠실,2815,평일,15:30,47.0
2022,8,하선,잠실,2815,평일,15:30,47.6
2022,8,상선,석촌,2816,평일,15:30,50.3
2022,8,하선,석촌,2816,평일,15:30,51.3
2022,8,상선,송파,2817,평일,15:30,53.6
2022,8,하선,송파,2817,평일,15:30,48.1
2022,8,상선,가락시장,2818,평일,15:30,53.3
2022,8,하선,가락시장,2818,평일,15:30,45.7
2022,8,상선,문정,2819,평일,15:30,48.8
2022,8,하선,문정,2819,평일,15:30,39.9
2022,8,상선,장지,2820,평일,15:30,38.8
2022,8,하선,장지,2820,평일,15:30,32.6
2022,8,상선,복정,2821,평일,15:30,32.9
2022,8,하선,복정,2821,평일,15:30,21.8
2022,8,상선,산성,2822,평일,15:30,19.5
2022,8,하선,산성,2822,평일,15:30,17.7
2022,8,상선,남한산성입구,2823,평일,15:30,18.0
2022,8,하선,남한산성입구,2823,평일,15:30,14.9
2022,8,상선,단대오거리,2824,평일,15:30,14.4
2022,8,하선,단대오거리,2824,평일,15:30,11.7
2022,8,상선,신흥,2825,평일,15:30,12.6
2022,8,하선,신흥,2825,평일,15:30,9.2
2022,8,상선,수진,2826,평일,15:30,12.2
2022,8,하선,수진,2826,평일,15:30,8.5
2022,8,상선,모란,2827,평일,15:30,12.4
2022,8,하선,모란,2827,평일,15:30,0.0
2022,8,상선,암사,2811,토요일,15:30,0.0
2022,8,하선,암사,2811,토요일,15:30,12.4
2022,8,상선,천호,2812,토요일,15:30,15.2
2022,8,하선,천호,2812,토요일,15:30,38.1
2022,8,상선,강동구청,2813,토요일,15:30,44.1
2022,8,하선,강동구청,2813,토요일,15:30,41.8
2022,8,상선,몽촌토성,2814,토요일,15:30,51.3
2022,8,하선,몽촌토성,2814,토요일,15:30,45.1
2022,8,상선,잠실,2815,토요일,15:30,54.4
2022,8,하선,잠실,2815,토요일,15:30,58.4
2022,8,상선,석촌,2816,토요일,15:30,76.4
2022,8,하선,석촌,2816,토요일,15:30,60.5
2022,8,상선,송파,2817,토요일,15:30,81.5
2022,8,하선,송파,2817,토요일,15:30,58.2
2022,8,상선,가락시장,2818,토요일,15:30,69.4
2022,8,하선,가락시장,2818,토요일,15:30,51.6
2022,8,상선,문정,2819,토요일,15:30,64.9
2022,8,하선,문정,2819,토요일,15:30,45.1
2022,8,상선,장지,2820,토요일,15:30,55.7
2022,8,하선,장지,2820,토요일,15:30,37.7
2022,8,상선,복정,2821,토요일,15:30,46.8
2022,8,하선,복정,2821,토요일,15:30,22.8
2022,8,상선,산성,2822,토요일,15:30,26.6
2022,8,하선,산성,2822,토요일,15:30,17.1
2022,8,상선,남한산성입구,2823,토요일,15:30,21.4
2022,8,하선,남한산성입구,2823,토요일,15:30,14.6
2022,8,상선,단대오거리,2824,토요일,15:30,16.2
2022,8,하선,단대오거리,2824,토요일,15:30,11.4
2022,8,상선,신흥,2825,토요일,15:30,11.5
2022,8,하선,신흥,2825,토요일,15:30,9.1
2022,8,상선,암사,2811,공휴일,15:30,0.0
2022,8,하선,암사,2811,공휴일,15:30,9.2
2022,8,상선,천호,2812,공휴일,15:30,12.4
2022,8,하선,천호,2812,공휴일,15:30,30.4
2022,8,상선,강동구청,2813,공휴일,15:30,29.2
2022,8,하선,강동구청,2813,공휴일,15:30,31.9
2022,8,상선,몽촌토성,2814,공휴일,15:30,30.6
2022,8,하선,몽촌토성,2814,공휴일,15:30,32.6
2022,8,상선,잠실,2815,공휴일,15:30,32.4
2022,8,하선,잠실,2815,공휴일,15:30,44.8
2022,8,상선,석촌,2816,공휴일,15:30,43.8
2022,8,하선,석촌,2816,공휴일,15:30,45.3
2022,8,상선,송파,2817,공휴일,15:30,50.1
2022,8,하선,송파,2817,공휴일,15:30,42.7
2022,8,상선,가락시장,2818,공휴일,15:30,49.6
2022,8,하선,가락시장,2818,공휴일,15:30,36.9
2022,8,상선,문정,2819,공휴일,15:30,45.9
2022,8,하선,문정,2819,공휴일,15:30,32.3
2022,8,상선,장지,2820,공휴일,15:30,38.3
2022,8,하선,장지,2820,공휴일,15:30,26.8
2022,8,상선,복정,2821,공휴일,15:30,32.7
2022,8,하선,복정,2821,공휴일,15:30,17.5
2022,8,상선,산성,2822,공휴일,15:30,17.3
2022,8,하선,산성,2822,공휴일,15:30,12.7
2022,8,상선,남한산성입구,2823,공휴일,15:30,14.9
2022,8,하선,남한산성입구,2823,공휴일,15:30,10.3
2022,8,상선,단대오거리,2824,공휴일,15:30,11.3
2022,8,하선,단대오거리,2824,공휴일,15:30,8.7
2022,8,상선,신흥,2825,공휴일,15:30,8.3
2022,8,하선,신흥,2825,공휴일,15:30,7.7
2022,8,상선,수진,2826,공휴일,15:30,7.0
2022,8,하선,수진,2826,공휴일,15:30,7.5
2022,8,상선,모란,2827,공휴일,15:30,6.2
2022,8,하선,모란,2827,공휴일,15:30,0.0
2023,8,상선,암사,2811,평일,15:30,0.0
2023,8,하선,암사,2811,평일,15:30,8.8
2023,8,상선,천호,2812,평일,15:30,16.1
2023,8,하선,천호,2812,평일,15:30,31.5
2023,8,상선,강동구청,2813,평일,15:30,47.5
2023,8,하선,강동구청,2813,평일,15:30,32.2
2023,8,상선,몽촌토성,2814,평일,15:30,50.4
2023,8,하선,몽촌토성,2814,평일,15:30,34.6
2023,8,상선,잠실,2815,평일,15:30,49.5
2023,8,하선,잠실,2815,평일,15:30,52.6
2023,8,상선,석촌,2816,평일,15:30,54.7
2023,8,하선,석촌,2816,평일,15:30,56.8
2023,8,상선,송파,2817,평일,15:30,58.5
2023,8,하선,송파,2817,평일,15:30,53.0
2023,8,상선,가락시장,2818,평일,15:30,57.5
2023,8,하선,가락시장,2818,평일,15:30,49.3
2023,8,상선,문정,2819,평일,15:30,52.3
2023,8,하선,문정,2819,평일,15:30,43.1
2023,8,상선,장지,2820,평일,15:30,42.4
2023,8,하선,장지,2820,평일,15:30,36.5
2023,8,상선,복정,2821,평일,15:30,36.0
2023,8,하선,복정,2821,평일,15:30,24.7
2023,8,상선,산성,2822,평일,15:30,20.3
2023,8,하선,산성,2822,평일,15:30,19.5
2023,8,상선,남한산성입구,2823,평일,15:30,19.2
2023,8,하선,남한산성입구,2823,평일,15:30,15.9
2023,8,상선,단대오거리,2824,평일,15:30,14.8
2023,8,하선,단대오거리,2824,평일,15:30,11.4
2023,8,상선,신흥,2825,평일,15:30,13.1
2023,8,하선,신흥,2825,평일,15:30,9.1
2023,8,상선,수진,2826,평일,15:30,12.2
2023,8,하선,수진,2826,평일,15:30,8.5
2023,8,상선,모란,2827,평일,15:30,12.1
2023,8,하선,모란,2827,평일,15:30,0.0
2023,8,상선,암사,2811,토요일,15:30,0.0
2023,8,하선,암사,2811,토요일,15:30,13.7
2023,8,상선,천호,2812,토요일,15:30,14.0
2023,8,하선,천호,2812,토요일,15:30,49.4
2023,8,상선,강동구청,2813,토요일,15:30,45.0
2023,8,하선,강동구청,2813,토요일,15:30,57.1
2023,8,상선,몽촌토성,2814,토요일,15:30,49.1
2023,8,하선,몽촌토성,2814,토요일,15:30,59.5
2023,8,상선,잠실,2815,토요일,15:30,52.8
2023,8,하선,잠실,2815,토요일,15:30,67.0
2023,8,상선,석촌,2816,토요일,15:30,70.7
2023,8,하선,석촌,2816,토요일,15:30,67.7
2023,8,상선,송파,2817,토요일,15:30,75.6
2023,8,하선,송파,2817,토요일,15:30,65.4
2023,8,상선,가락시장,2818,토요일,15:30,73.3
2023,8,하선,가락시장,2818,토요일,15:30,60.9
2023,8,상선,문정,2819,토요일,15:30,67.4
2023,8,하선,문정,2819,토요일,15:30,53.3
2023,8,상선,장지,2820,토요일,15:30,58.5
2023,8,하선,장지,2820,토요일,15:30,43.2
2023,8,상선,복정,2821,토요일,15:30,49.9
2023,8,하선,복정,2821,토요일,15:30,27.4
2023,8,상선,산성,2822,토요일,15:30,25.0
2023,8,하선,산성,2822,토요일,15:30,20.8
2023,8,상선,남한산성입구,2823,토요일,15:30,19.6
2023,8,하선,남한산성입구,2823,토요일,15:30,17.3
2023,8,상선,단대오거리,2824,토요일,15:30,15.3
2023,8,하선,단대오거리,2824,토요일,15:30,11.9
2023,8,상선,신흥,2825,토요일,15:30,12.5
2023,8,하선,신흥,2825,토요일,15:30,9.4
2023,8,상선,수진,2826,토요일,15:30,10.1
2023,8,하선,수진,2826,토요일,15:30,9.0
2023,8,상선,모란,2827,토요일,15:30,8.7
2023,8,하선,모란,2827,토요일,15:30,0.0
2023,8,상선,암사,2811,일요일,15:30,0.0
2023,8,하선,암사,2811,일요일,15:30,10.0
2023,8,상선,천호,2812,일요일,15:30,11.8
2023,8,하선,천호,2812,일요일,15:30,34.1
2023,8,상선,강동구청,2813,일요일,15:30,36.0
2023,8,하선,강동구청,2813,일요일,15:30,37.2
2023,8,상선,몽촌토성,2814,일요일,15:30,39.2
2023,8,하선,몽촌토성,2814,일요일,15:30,39.3
2023,8,상선,잠실,2815,일요일,15:30,40.1
2023,8,하선,잠실,2815,일요일,15:30,50.7
2023,8,상선,석촌,2816,일요일,15:30,52.5
2023,8,하선,석촌,2816,일요일,15:30,52.6
2023,8,상선,송파,2817,일요일,15:30,56.3
2023,8,하선,송파,2817,일요일,15:30,48.8
2023,8,상선,가락시장,2818,일요일,15:30,54.2
2023,8,하선,가락시장,2818,일요일,15:30,46.0
2023,8,상선,문정,2819,일요일,15:30,49.2
2023,8,하선,문정,2819,일요일,15:30,39.6
2023,8,상선,장지,2820,일요일,15:30,41.2
2023,8,하선,장지,2820,일요일,15:30,30.4
2023,8,상선,복정,2821,일요일,15:30,34.5
2023,8,하선,복정,2821,일요일,15:30,19.6
2023,8,상선,산성,2822,일요일,15:30,16.9
2023,8,하선,산성,2822,일요일,15:30,14.7
2023,8,상선,남한산성입구,2823,일요일,15:30,14.4
2023,8,하선,남한산성입구,2823,일요일,15:30,11.9
2023,8,상선,단대오거리,2824,일요일,15:30,11.9
2023,8,하선,단대오거리,2824,일요일,15:30,8.4
2023,8,상선,신흥,2825,일요일,15:30,9.7
2023,8,하선,신흥,2825,일요일,15:30,6.5
2023,8,상선,수진,2826,일요일,15:30,7.9
2023,8,하선,수진,2826,일요일,15:30,6.1
2023,8,상선,모란,2827,일요일,15:30,6.6
202403,8,상선,암사,2811,평일,15:30,0.0
202403,8,하선,암사,2811,평일,15:30,9.2
202403,8,상선,천호,2812,평일,15:30,15.6
202403,8,하선,천호,2812,평일,15:30,31.3
202403,8,상선,강동구청,2813,평일,15:30,47.4
202403,8,하선,강동구청,2813,평일,15:30,32.6
202403,8,상선,몽촌토성,2814,평일,15:30,49.7
202403,8,하선,몽촌토성,2814,평일,15:30,35.2
202403,8,상선,잠실,2815,평일,15:30,49.4
202403,8,하선,잠실,2815,평일,15:30,51.6
202403,8,상선,석촌,2816,평일,15:30,53.3
202403,8,하선,석촌,2816,평일,15:30,55.1
202403,8,상선,송파,2817,평일,15:30,57.4
202403,8,하선,송파,2817,평일,15:30,52.3
202403,8,상선,가락시장,2818,평일,15:30,56.1
202403,8,하선,가락시장,2818,평일,15:30,48.2
202403,8,상선,문정,2819,평일,15:30,51.2
202403,8,하선,문정,2819,평일,15:30,42.3
202403,8,상선,장지,2820,평일,15:30,42.6
202403,8,하선,장지,2820,평일,15:30,36.3
202403,8,상선,복정,2821,평일,15:30,35.9
202403,8,하선,복정,2821,평일,15:30,24.8
202403,8,상선,산성,2822,평일,15:30,19.9
202403,8,하선,산성,2822,평일,15:30,21.6
202403,8,상선,남한산성입구,2823,평일,15:30,18.2
202403,8,하선,남한산성입구,2823,평일,15:30,17.6
202403,8,상선,단대오거리,2824,평일,15:30,14.8
202403,8,하선,단대오거리,2824,평일,15:30,12.5
202403,8,상선,신흥,2825,평일,15:30,13.8
202403,8,하선,신흥,2825,평일,15:30,9.9
202403,8,상선,수진,2826,평일,15:30,13.1
202403,8,하선,수진,2826,평일,15:30,9.6
202403,8,상선,모란,2827,평일,15:30,13.0
202403,8,하선,모란,2827,평일,15:30,0.0
202403,8,상선,암사,2811,토요일,15:30,0.0
202403,8,하선,암사,2811,토요일,15:30,14.1
202403,8,상선,천호,2812,토요일,15:30,15.4
202403,8,하선,천호,2812,토요일,15:30,45.5
202403,8,상선,강동구청,2813,토요일,15:30,40.3
202403,8,하선,강동구청,2813,토요일,15:30,50.3
202403,8,상선,몽촌토성,2814,토요일,15:30,45.1
202403,8,하선,몽촌토성,2814,토요일,15:30,53.2
202403,8,상선,잠실,2815,토요일,15:30,49.4
202403,8,하선,잠실,2815,토요일,15:30,64.9
202403,8,상선,석촌,2816,토요일,15:30,65.9
202403,8,하선,석촌,2816,토요일,15:30,68.2
202403,8,상선,송파,2817,토요일,15:30,74.1
202403,8,하선,송파,2817,토요일,15:30,64.2
202403,8,상선,가락시장,2818,토요일,15:30,71.9
202403,8,하선,가락시장,2818,토요일,15:30,59.2
202403,8,상선,문정,2819,토요일,15:30,65.6
202403,8,하선,문정,2819,토요일,15:30,51.0
202403,8,상선,장지,2820,토요일,15:30,55.7
202403,8,하선,장지,2820,토요일,15:30,43.4
202403,8,상선,복정,2821,토요일,15:30,48.0
202403,8,하선,복정,2821,토요일,15:30,29.4
202403,8,상선,산성,2822,토요일,15:30,26.0
202403,8,하선,산성,2822,토요일,15:30,21.9
202403,8,상선,남한산성입구,2823,토요일,15:30,20.9
202403,8,하선,남한산성입구,2823,토요일,15:30,18.4
202403,8,상선,단대오거리,2824,토요일,15:30,17.0
202403,8,하선,단대오거리,2824,토요일,15:30,12.7
202403,8,상선,신흥,2825,토요일,15:30,12.4
202403,8,하선,신흥,2825,토요일,15:30,10.3
202403,8,상선,수진,2826,토요일,15:30,10.4
202403,8,하선,수진,2826,토요일,15:30,9.8
202403,8,상선,모란,2827,토요일,15:30,8.5
202403,8,하선,모란,2827,토요일,15:30,0.0
202403,8,상선,암사,2811,일요일,15:30,0.0
202403,8,하선,암사,2811,일요일,15:30,10.5
202403,8,상선,천호,2812,일요일,15:30,12.8
202403,8,하선,천호,2812,일요일,15:30,35.2
202403,8,상선,강동구청,2813,일요일,15:30,32.2
202403,8,하선,강동구청,2813,일요일,15:30,37.8
202403,8,상선,몽촌토성,2814,일요일,15:30,34.4
202403,8,하선,몽촌토성,2814,일요일,15:30,38.8
202403,8,상선,잠실,2815,일요일,15:30,39.9
202403,8,하선,잠실,2815,일요일,15:30,51.6
202403,8,상선,석촌,2816,일요일,15:30,52.4
202403,8,하선,석촌,2816,일요일,15:30,52.7
202403,8,상선,송파,2817,일요일,15:30,61.3
202403,8,하선,송파,2817,일요일,15:30,50.5
202403,8,상선,가락시장,2818,일요일,15:30,61.2
202403,8,하선,가락시장,2818,일요일,15:30,46.5
202403,8,상선,문정,2819,일요일,15:30,56.3
202403,8,하선,문정,2819,일요일,15:30,41.7
202403,8,상선,장지,2820,일요일,15:30,48.3
202403,8,하선,장지,2820,일요일,15:30,36.0
202403,8,상선,복정,2821,일요일,15:30,43.6
202403,8,하선,복정,2821,일요일,15:30,24.3
202403,8,상선,산성,2822,일요일,15:30,20.3
202403,8,하선,산성,2822,일요일,15:30,17.8
202403,8,상선,남한산성입구,2823,일요일,15:30,18.5
202403,8,하선,남한산성입구,2823,일요일,15:30,15.7
202403,8,상선,단대오거리,2824,일요일,15:30,16.2
202403,8,하선,단대오거리,2824,일요일,15:30,11.5
202403,8,상선,신흥,2825,일요일,15:30,16.8
202403,8,하선,신흥,2825,일요일,15:30,10.0
202403,8,상선,수진,2826,일요일,15:30,16.1
202403,8,하선,수진,2826,일요일,15:30,11.0
202403,8,상선,모란,2827,일요일,15:30,15.0
202406,8,상선,암사,2811,평일,15:30,0.0
202406,8,하선,암사,2811,평일,15:30,9.2
202406,8,상선,천호,2812,평일,15:30,15.4
202406,8,하선,천호,2812,평일,15:30,30.4
202406,8,상선,강동구청,2813,평일,15:30,45.4
202406,8,하선,강동구청,2813,평일,15:30,30.5
202406,8,상선,몽촌토성,2814,평일,15:30,48.4
202406,8,하선,몽촌토성,2814,평일,15:30,32.4
202406,8,상선,잠실,2815,평일,15:30,47.6
202406,8,하선,잠실,2815,평일,15:30,49.3
202406,8,상선,석촌,2816,평일,15:30,53.5
202406,8,하선,석촌,2816,평일,15:30,52.8
202406,8,상선,송파,2817,평일,15:30,57.2
202406,8,하선,송파,2817,평일,15:30,50.7
202406,8,상선,가락시장,2818,평일,15:30,55.9
202406,8,하선,가락시장,2818,평일,15:30,46.8
202406,8,상선,문정,2819,평일,15:30,49.5
202406,8,하선,문정,2819,평일,15:30,41.1
202406,8,상선,장지,2820,평일,15:30,40.5
202406,8,하선,장지,2820,평일,15:30,36.3
202406,8,상선,복정,2821,평일,15:30,33.6
202406,8,하선,복정,2821,평일,15:30,24.5
202406,8,상선,산성,2822,평일,15:30,18.0
202406,8,하선,산성,2822,평일,15:30,20.8
202406,8,상선,남한산성입구,2823,평일,15:30,16.5
202406,8,하선,남한산성입구,2823,평일,15:30,16.6
202406,8,상선,단대오거리,2824,평일,15:30,14.6
202406,8,하선,단대오거리,2824,평일,15:30,11.3
202406,8,상선,신흥,2825,평일,15:30,12.7
202406,8,하선,신흥,2825,평일,15:30,8.9
202406,8,상선,수진,2826,평일,15:30,12.4
202406,8,하선,수진,2826,평일,15:30,8.2
202406,8,상선,모란,2827,평일,15:30,12.3
202406,8,하선,모란,2827,평일,15:30,0.0
202406,8,상선,암사,2811,토요일,15:30,0.0
202406,8,하선,암사,2811,토요일,15:30,12.2
202406,8,상선,천호,2812,토요일,15:30,12.2
202406,8,하선,천호,2812,토요일,15:30,42.4
202406,8,상선,강동구청,2813,토요일,15:30,38.8
202406,8,하선,강동구청,2813,토요일,15:30,47.8
202406,8,상선,몽촌토성,2814,토요일,15:30,40.7
202406,8,하선,몽촌토성,2814,토요일,15:30,50.0
202406,8,상선,잠실,2815,토요일,15:30,46.0
202406,8,하선,잠실,2815,토요일,15:30,62.6
202406,8,상선,석촌,2816,토요일,15:30,63.1
202406,8,하선,석촌,2816,토요일,15:30,59.5
202406,8,상선,송파,2817,토요일,15:30,72.8
202406,8,하선,송파,2817,토요일,15:30,56.9
202406,8,상선,가락시장,2818,토요일,15:30,69.8
202406,8,하선,가락시장,2818,토요일,15:30,52.9
202406,8,상선,문정,2819,토요일,15:30,63.4
202406,8,하선,문정,2819,토요일,15:30,45.2
202406,8,상선,장지,2820,토요일,15:30,51.4
202406,8,하선,장지,2820,토요일,15:30,38.6
202406,8,상선,복정,2821,토요일,15:30,43.2
202406,8,하선,복정,2821,토요일,15:30,24.4
202406,8,상선,산성,2822,토요일,15:30,23.8
202406,8,하선,산성,2822,토요일,15:30,17.1
202406,8,상선,남한산성입구,2823,토요일,15:30,18.1
202406,8,하선,남한산성입구,2823,토요일,15:30,14.0
202406,8,상선,단대오거리,2824,토요일,15:30,14.2
202406,8,하선,단대오거리,2824,토요일,15:30,10.2
202406,8,상선,신흥,2825,토요일,15:30,11.1
202406,8,하선,신흥,2825,토요일,15:30,8.3
202406,8,상선,수진,2826,토요일,15:30,9.8
202406,8,하선,수진,2826,토요일,15:30,7.8
202406,8,상선,모란,2827,토요일,15:30,8.5
202406,8,하선,모란,2827,토요일,15:30,0.0
202406,8,상선,암사,2811,일요일,15:30,0.0
202406,8,하선,암사,2811,일요일,15:30,10.8
202406,8,상선,천호,2812,일요일,15:30,10.6
202406,8,하선,천호,2812,일요일,15:30,30.3
202406,8,상선,강동구청,2813,일요일,15:30,28.4
202406,8,하선,강동구청,2813,일요일,15:30,35.0
202406,8,상선,몽촌토성,2814,일요일,15:30,30.8
202406,8,하선,몽촌토성,2814,일요일,15:30,37.9
202406,8,상선,잠실,2815,일요일,15:30,35.0
202406,8,하선,잠실,2815,일요일,15:30,47.9
202406,8,상선,석촌,2816,일요일,15:30,44.2
202406,8,하선,석촌,2816,일요일,15:30,49.4
202406,8,상선,송파,2817,일요일,15:30,47.6
202406,8,하선,송파,2817,일요일,15:30,44.9
202406,8,상선,가락시장,2818,일요일,15:30,47.2
202406,8,하선,가락시장,2818,일요일,15:30,42.3
202406,8,상선,문정,2819,일요일,15:30,41.5
202406,8,하선,문정,2819,일요일,15:30,37.1
202406,8,상선,장지,2820,일요일,15:30,35.7
202406,8,하선,장지,2820,일요일,15:30,30.2
202406,8,상선,복정,2821,일요일,15:30,29.2
202406,8,하선,복정,2821,일요일,15:30,21.7
202406,8,상선,산성,2822,일요일,15:30,15.6
202406,8,하선,산성,2822,일요일,15:30,16.1
202406,8,상선,남한산성입구,2823,일요일,15:30,13.0
202406,8,하선,남한산성입구,2823,일요일,15:30,12.7
202406,8,상선,단대오거리,2824,일요일,15:30,10.2
202406,8,하선,단대오거리,2824,일요일,15:30,9.5
202406,8,상선,신흥,2825,일요일,15:30,8.2
202406,8,하선,신흥,2825,일요일,15:30,7.9
202406,8,상선,수진,2826,일요일,15:30,7.1
202406,8,하선,수진,2826,일요일,15:30,7.5
202406,8,상선,모란,2827,일요일,15:30,6.6
2020,8,상선,암사,2811,평일,16:00,0.0
2020,8,하선,암사,2811,평일,16:00,9.7
2020,8,상선,천호,2812,평일,16:00,14.2
2020,8,하선,천호,2812,평일,16:00,27.9
2020,8,상선,강동구청,2813,평일,16:00,39.3
2020,8,하선,강동구청,2813,평일,16:00,29.4
2020,8,상선,몽촌토성,2814,평일,16:00,44.1
2020,8,하선,몽촌토성,2814,평일,16:00,31.7
2020,8,상선,잠실,2815,평일,16:00,44.3
2020,8,하선,잠실,2815,평일,16:00,44.9
2020,8,상선,석촌,2816,평일,16:00,50.5
2020,8,하선,석촌,2816,평일,16:00,48.6
2020,8,상선,송파,2817,평일,16:00,53.6
2020,8,하선,송파,2817,평일,16:00,46.7
2020,8,상선,가락시장,2818,평일,16:00,51.5
2020,8,하선,가락시장,2818,평일,16:00,42.1
2020,8,상선,문정,2819,평일,16:00,45.4
2020,8,하선,문정,2819,평일,16:00,37.5
2020,8,상선,장지,2820,평일,16:00,34.7
2020,8,하선,장지,2820,평일,16:00,31.5
2020,8,상선,복정,2821,평일,16:00,28.1
2020,8,하선,복정,2821,평일,16:00,20.6
2020,8,상선,산성,2822,평일,16:00,16.2
2020,8,하선,산성,2822,평일,16:00,16.5
2020,8,상선,남한산성입구,2823,평일,16:00,16.1
2020,8,하선,남한산성입구,2823,평일,16:00,12.8
2020,8,상선,단대오거리,2824,평일,16:00,13.6
2020,8,하선,단대오거리,2824,평일,16:00,9.3
2020,8,상선,신흥,2825,평일,16:00,12.5
2020,8,하선,신흥,2825,평일,16:00,7.4
2020,8,상선,수진,2826,평일,16:00,12.8
2020,8,하선,수진,2826,평일,16:00,7.8
2020,8,상선,모란,2827,평일,16:00,12.3
2020,8,하선,모란,2827,평일,16:00,0.0
2020,8,상선,암사,2811,토요일,16:00,0.0
2020,8,하선,암사,2811,토요일,16:00,10.8
2020,8,상선,천호,2812,토요일,16:00,10.6
2020,8,하선,천호,2812,토요일,16:00,29.8
2020,8,상선,강동구청,2813,토요일,16:00,30.8
2020,8,하선,강동구청,2813,토요일,16:00,32.2
2020,8,상선,몽촌토성,2814,토요일,16:00,32.9
2020,8,하선,몽촌토성,2814,토요일,16:00,34.1
2020,8,상선,잠실,2815,토요일,16:00,32.2
2020,8,하선,잠실,2815,토요일,16:00,36.0
2020,8,상선,석촌,2816,토요일,16:00,41.5
2020,8,하선,석촌,2816,토요일,16:00,39.2
2020,8,상선,송파,2817,토요일,16:00,44.7
2020,8,하선,송파,2817,토요일,16:00,37.6
2020,8,상선,가락시장,2818,토요일,16:00,44.2
2020,8,하선,가락시장,2818,토요일,16:00,34.8
2020,8,상선,문정,2819,토요일,16:00,40.3
2020,8,하선,문정,2819,토요일,16:00,29.8
2020,8,상선,장지,2820,토요일,16:00,36.1
2020,8,하선,장지,2820,토요일,16:00,28.0
2020,8,상선,복정,2821,토요일,16:00,30.1
2020,8,하선,복정,2821,토요일,16:00,16.8
2020,8,상선,산성,2822,토요일,16:00,16.0
2020,8,하선,산성,2822,토요일,16:00,14.6
2020,8,상선,남한산성입구,2823,토요일,16:00,13.5
2020,8,하선,남한산성입구,2823,토요일,16:00,10.6
2020,8,상선,단대오거리,2824,토요일,16:00,11.8
2020,8,하선,단대오거리,2824,토요일,16:00,7.6
2020,8,상선,신흥,2825,토요일,16:00,9.0
2020,8,하선,신흥,2825,토요일,16:00,6.1
2020,8,상선,수진,2826,토요일,16:00,8.1
2020,8,하선,수진,2826,토요일,16:00,5.7
2020,8,상선,모란,2827,토요일,16:00,6.3
2020,8,하선,모란,2827,토요일,16:00,0.0
2020,8,상선,암사,2811,일요일,16:00,0.0
2020,8,하선,암사,2811,일요일,16:00,7.2
2020,8,상선,천호,2812,일요일,16:00,7.7
2020,8,하선,천호,2812,일요일,16:00,19.7
2020,8,상선,강동구청,2813,일요일,16:00,17.9
2020,8,하선,강동구청,2813,일요일,16:00,20.5
2020,8,상선,몽촌토성,2814,일요일,16:00,19.4
2020,8,하선,몽촌토성,2814,일요일,16:00,21.6
2020,8,상선,잠실,2815,일요일,16:00,18.0
2020,8,하선,잠실,2815,일요일,16:00,26.5
2020,8,상선,석촌,2816,일요일,16:00,28.5
2020,8,하선,석촌,2816,일요일,16:00,28.2
2020,8,상선,송파,2817,일요일,16:00,29.4
2020,8,하선,송파,2817,일요일,16:00,27.2
2020,8,상선,가락시장,2818,일요일,16:00,28.5
2021,8,상선,암사,2811,평일,16:00,0.0
2021,8,하선,암사,2811,평일,16:00,9.8
2021,8,상선,천호,2812,평일,16:00,15.1
2021,8,하선,천호,2812,평일,16:00,30.5
2021,8,상선,강동구청,2813,평일,16:00,40.7
2021,8,하선,강동구청,2813,평일,16:00,32.9
2021,8,상선,몽촌토성,2814,평일,16:00,47.4
2021,8,하선,몽촌토성,2814,평일,16:00,35.4
2021,8,상선,잠실,2815,평일,16:00,47.4
2021,8,하선,잠실,2815,평일,16:00,48.4
2021,8,상선,석촌,2816,평일,16:00,49.4
2021,8,하선,석촌,2816,평일,16:00,53.3
2021,8,상선,송파,2817,평일,16:00,55.7
2021,8,하선,송파,2817,평일,16:00,51.2
2021,8,상선,가락시장,2818,평일,16:00,55.3
2021,8,하선,가락시장,2818,평일,16:00,45.1
2021,8,상선,문정,2819,평일,16:00,48.1
2021,8,하선,문정,2819,평일,16:00,40.7
2021,8,상선,장지,2820,평일,16:00,35.7
2021,8,하선,장지,2820,평일,16:00,33.0
2021,8,상선,복정,2821,평일,16:00,28.4
2021,8,하선,복정,2821,평일,16:00,19.7
2021,8,상선,산성,2822,평일,16:00,16.1
2021,8,하선,산성,2822,평일,16:00,17.4
2021,8,상선,남한산성입구,2823,평일,16:00,15.4
2021,8,하선,남한산성입구,2823,평일,16:00,13.5
2021,8,상선,단대오거리,2824,평일,16:00,13.8
2021,8,하선,단대오거리,2824,평일,16:00,10.1
2021,8,상선,신흥,2825,평일,16:00,12.5
2021,8,하선,신흥,2825,평일,16:00,8.1
2021,8,상선,수진,2826,평일,16:00,12.3
2021,8,하선,수진,2826,평일,16:00,8.2
2021,8,상선,모란,2827,평일,16:00,12.2
2021,8,하선,모란,2827,평일,16:00,0.0
2021,8,상선,암사,2811,토요일,16:00,0.0
2021,8,하선,암사,2811,토요일,16:00,13.1
2021,8,상선,천호,2812,토요일,16:00,10.9
2021,8,하선,천호,2812,토요일,16:00,37.5
2021,8,상선,강동구청,2813,토요일,16:00,35.2
2021,8,하선,강동구청,2813,토요일,16:00,39.8
2021,8,상선,몽촌토성,2814,토요일,16:00,37.2
2021,8,하선,몽촌토성,2814,토요일,16:00,43.3
2021,8,상선,잠실,2815,토요일,16:00,37.9
2021,8,하선,잠실,2815,토요일,16:00,48.8
2021,8,상선,석촌,2816,토요일,16:00,46.7
2021,8,하선,석촌,2816,토요일,16:00,48.5
2021,8,상선,송파,2817,토요일,16:00,49.6
2021,8,하선,송파,2817,토요일,16:00,46.5
2021,8,상선,가락시장,2818,토요일,16:00,47.0
2021,8,하선,가락시장,2818,토요일,16:00,44.7
2021,8,상선,문정,2819,토요일,16:00,43.0
2021,8,하선,문정,2819,토요일,16:00,34.5
2021,8,상선,장지,2820,토요일,16:00,38.3
2021,8,하선,장지,2820,토요일,16:00,31.7
2021,8,상선,복정,2821,토요일,16:00,31.9
2021,8,하선,복정,2821,토요일,16:00,17.1
2021,8,상선,산성,2822,토요일,16:00,17.8
2021,8,하선,산성,2822,토요일,16:00,14.9
2021,8,상선,남한산성입구,2823,토요일,16:00,16.0
2021,8,하선,남한산성입구,2823,토요일,16:00,11.3
2021,8,상선,단대오거리,2824,토요일,16:00,13.9
2021,8,하선,단대오거리,2824,토요일,16:00,8.3
2021,8,상선,신흥,2825,토요일,16:00,10.7
2021,8,하선,신흥,2825,토요일,16:00,7.0
2021,8,상선,수진,2826,토요일,16:00,8.7
2021,8,하선,수진,2826,토요일,16:00,7.1
2021,8,상선,모란,2827,토요일,16:00,7.2
2021,8,하선,모란,2827,토요일,16:00,0.0
2022,8,상선,암사,2811,평일,16:00,0.0
2022,8,하선,암사,2811,평일,16:00,9.6
2022,8,상선,천호,2812,평일,16:00,16.5
2022,8,하선,천호,2812,평일,16:00,33.9
2022,8,상선,강동구청,2813,평일,16:00,48.1
2022,8,하선,강동구청,2813,평일,16:00,35.3
2022,8,상선,몽촌토성,2814,평일,16:00,49.1
2022,8,하선,몽촌토성,2814,평일,16:00,38.8
2022,8,상선,잠실,2815,평일,16:00,49.8
2022,8,하선,잠실,2815,평일,16:00,55.0
2022,8,상선,석촌,2816,평일,16:00,62.2
2022,8,하선,석촌,2816,평일,16:00,60.0
2022,8,상선,송파,2817,평일,16:00,66.5
2022,8,하선,송파,2817,평일,16:00,55.6
2022,8,상선,가락시장,2818,평일,16:00,63.9
2022,8,하선,가락시장,2818,평일,16:00,52.1
2022,8,상선,문정,2819,평일,16:00,58.8
2022,8,하선,문정,2819,평일,16:00,47.8
2022,8,상선,장지,2820,평일,16:00,46.7
2022,8,하선,장지,2820,평일,16:00,38.2
2022,8,상선,복정,2821,평일,16:00,38.7
2022,8,하선,복정,2821,평일,16:00,25.4
2022,8,상선,산성,2822,평일,16:00,23.9
2022,8,하선,산성,2822,평일,16:00,19.1
2022,8,상선,남한산성입구,2823,평일,16:00,22.7
2022,8,하선,남한산성입구,2823,평일,16:00,15.4
2022,8,상선,단대오거리,2824,평일,16:00,17.5
2022,8,하선,단대오거리,2824,평일,16:00,11.7
2022,8,상선,신흥,2825,평일,16:00,14.4
2022,8,하선,신흥,2825,평일,16:00,9.8
2022,8,상선,수진,2826,평일,16:00,12.9
2022,8,하선,수진,2826,평일,16:00,10.0
2022,8,상선,모란,2827,평일,16:00,13.3
2022,8,하선,모란,2827,평일,16:00,0.0
2022,8,상선,암사,2811,토요일,16:00,0.0
2022,8,하선,암사,2811,토요일,16:00,14.4
2022,8,상선,천호,2812,토요일,16:00,14.9
2022,8,하선,천호,2812,토요일,16:00,45.0
2022,8,상선,강동구청,2813,토요일,16:00,46.6
2022,8,하선,강동구청,2813,토요일,16:00,47.0
2022,8,상선,몽촌토성,2814,토요일,16:00,46.9
2022,8,하선,몽촌토성,2814,토요일,16:00,49.9
2022,8,상선,잠실,2815,토요일,16:00,49.4
2022,8,하선,잠실,2815,토요일,16:00,61.9
2022,8,상선,석촌,2816,토요일,16:00,62.7
2022,8,하선,석촌,2816,토요일,16:00,66.9
2022,8,상선,송파,2817,토요일,16:00,69.2
2022,8,하선,송파,2817,토요일,16:00,64.3
2022,8,상선,가락시장,2818,토요일,16:00,73.9
2022,8,하선,가락시장,2818,토요일,16:00,57.4
2022,8,상선,문정,2819,토요일,16:00,70.2
2022,8,하선,문정,2819,토요일,16:00,50.1
2022,8,상선,장지,2820,토요일,16:00,62.8
2022,8,하선,장지,2820,토요일,16:00,43.0
2022,8,상선,복정,2821,토요일,16:00,52.4
2022,8,하선,복정,2821,토요일,16:00,27.2
2022,8,상선,산성,2822,토요일,16:00,26.9
2022,8,하선,산성,2822,토요일,16:00,20.2
2022,8,상선,남한산성입구,2823,토요일,16:00,21.6
2022,8,하선,남한산성입구,2823,토요일,16:00,16.4
2022,8,상선,단대오거리,2824,토요일,16:00,16.5
2022,8,하선,단대오거리,2824,토요일,16:00,11.4
2022,8,상선,신흥,2825,토요일,16:00,12.2
2022,8,하선,신흥,2825,토요일,16:00,8.3
2022,8,상선,암사,2811,공휴일,16:00,0.0
2022,8,하선,암사,2811,공휴일,16:00,8.8
2022,8,상선,천호,2812,공휴일,16:00,11.9
2022,8,하선,천호,2812,공휴일,16:00,28.1
2022,8,상선,강동구청,2813,공휴일,16:00,30.5
2022,8,하선,강동구청,2813,공휴일,16:00,29.5
2022,8,상선,몽촌토성,2814,공휴일,16:00,34.5
2022,8,하선,몽촌토성,2814,공휴일,16:00,32.9
2022,8,상선,잠실,2815,공휴일,16:00,36.4
2022,8,하선,잠실,2815,공휴일,16:00,46.2
2022,8,상선,석촌,2816,공휴일,16:00,48.5
2022,8,하선,석촌,2816,공휴일,16:00,48.3
2022,8,상선,송파,2817,공휴일,16:00,53.7
2022,8,하선,송파,2817,공휴일,16:00,46.0
2022,8,상선,가락시장,2818,공휴일,16:00,51.6
2022,8,하선,가락시장,2818,공휴일,16:00,43.3
2022,8,상선,문정,2819,공휴일,16:00,46.3
2022,8,하선,문정,2819,공휴일,16:00,38.1
2022,8,상선,장지,2820,공휴일,16:00,38.6
2022,8,하선,장지,2820,공휴일,16:00,32.2
2022,8,상선,복정,2821,공휴일,16:00,32.4
2022,8,하선,복정,2821,공휴일,16:00,19.7
2022,8,상선,산성,2822,공휴일,16:00,17.5
2022,8,하선,산성,2822,공휴일,16:00,15.4
2022,8,상선,남한산성입구,2823,공휴일,16:00,13.9
2022,8,하선,남한산성입구,2823,공휴일,16:00,12.7
2022,8,상선,단대오거리,2824,공휴일,16:00,11.5
2022,8,하선,단대오거리,2824,공휴일,16:00,8.7
2022,8,상선,신흥,2825,공휴일,16:00,8.7
2022,8,하선,신흥,2825,공휴일,16:00,7.3
2022,8,상선,수진,2826,공휴일,16:00,7.8
2022,8,하선,수진,2826,공휴일,16:00,6.6
2022,8,상선,모란,2827,공휴일,16:00,6.8
2022,8,하선,모란,2827,공휴일,16:00,0.0
2023,8,상선,암사,2811,평일,16:00,0.0
2023,8,하선,암사,2811,평일,16:00,10.1
2023,8,상선,천호,2812,평일,16:00,16.6
2023,8,하선,천호,2812,평일,16:00,35.3
2023,8,상선,강동구청,2813,평일,16:00,51.5
2023,8,하선,강동구청,2813,평일,16:00,36.2
2023,8,상선,몽촌토성,2814,평일,16:00,53.9
2023,8,하선,몽촌토성,2814,평일,16:00,40.8
2023,8,상선,잠실,2815,평일,16:00,53.9
2023,8,하선,잠실,2815,평일,16:00,59.2
2023,8,상선,석촌,2816,평일,16:00,69.5
2023,8,하선,석촌,2816,평일,16:00,63.5
2023,8,상선,송파,2817,평일,16:00,75.0
2023,8,하선,송파,2817,평일,16:00,59.0
2023,8,상선,가락시장,2818,평일,16:00,73.2
2023,8,하선,가락시장,2818,평일,16:00,55.7
2023,8,상선,문정,2819,평일,16:00,64.5
2023,8,하선,문정,2819,평일,16:00,51.0
2023,8,상선,장지,2820,평일,16:00,50.5
2023,8,하선,장지,2820,평일,16:00,41.8
2023,8,상선,복정,2821,평일,16:00,42.7
2023,8,하선,복정,2821,평일,16:00,28.9
2023,8,상선,산성,2822,평일,16:00,24.5
2023,8,하선,산성,2822,평일,16:00,20.9
2023,8,상선,남한산성입구,2823,평일,16:00,23.2
2023,8,하선,남한산성입구,2823,평일,16:00,16.6
2023,8,상선,단대오거리,2824,평일,16:00,17.6
2023,8,하선,단대오거리,2824,평일,16:00,12.3
2023,8,상선,신흥,2825,평일,16:00,14.3
2023,8,하선,신흥,2825,평일,16:00,9.4
2023,8,상선,수진,2826,평일,16:00,12.8
2023,8,하선,수진,2826,평일,16:00,10.1
2023,8,상선,모란,2827,평일,16:00,13.6
2023,8,하선,모란,2827,평일,16:00,0.0
2023,8,상선,암사,2811,토요일,16:00,0.0
2023,8,하선,암사,2811,토요일,16:00,15.1
2023,8,상선,천호,2812,토요일,16:00,15.3
2023,8,하선,천호,2812,토요일,16:00,47.4
2023,8,상선,강동구청,2813,토요일,16:00,46.7
2023,8,하선,강동구청,2813,토요일,16:00,47.4
2023,8,상선,몽촌토성,2814,토요일,16:00,53.4
2023,8,하선,몽촌토성,2814,토요일,16:00,51.7
2023,8,상선,잠실,2815,토요일,16:00,53.4
2023,8,하선,잠실,2815,토요일,16:00,64.6
2023,8,상선,석촌,2816,토요일,16:00,74.1
2023,8,하선,석촌,2816,토요일,16:00,67.5
2023,8,상선,송파,2817,토요일,16:00,79.6
2023,8,하선,송파,2817,토요일,16:00,62.7
2023,8,상선,가락시장,2818,토요일,16:00,74.7
2023,8,하선,가락시장,2818,토요일,16:00,57.1
2023,8,상선,문정,2819,토요일,16:00,74.5
2023,8,하선,문정,2819,토요일,16:00,47.0
2023,8,상선,장지,2820,토요일,16:00,63.4
2023,8,하선,장지,2820,토요일,16:00,41.8
2023,8,상선,복정,2821,토요일,16:00,51.3
2023,8,하선,복정,2821,토요일,16:00,24.0
2023,8,상선,산성,2822,토요일,16:00,26.2
2023,8,하선,산성,2822,토요일,16:00,19.8
2023,8,상선,남한산성입구,2823,토요일,16:00,24.6
2023,8,하선,남한산성입구,2823,토요일,16:00,16.4
2023,8,상선,단대오거리,2824,토요일,16:00,19.1
2023,8,하선,단대오거리,2824,토요일,16:00,11.6
2023,8,상선,신흥,2825,토요일,16:00,14.6
2023,8,하선,신흥,2825,토요일,16:00,9.5
2023,8,상선,수진,2826,토요일,16:00,11.9
2023,8,하선,수진,2826,토요일,16:00,9.2
2023,8,상선,모란,2827,토요일,16:00,8.9
2023,8,하선,모란,2827,토요일,16:00,0.0
2023,8,상선,암사,2811,일요일,16:00,0.0
2023,8,하선,암사,2811,일요일,16:00,10.1
2023,8,상선,천호,2812,일요일,16:00,12.6
2023,8,하선,천호,2812,일요일,16:00,34.1
2023,8,상선,강동구청,2813,일요일,16:00,33.2
2023,8,하선,강동구청,2813,일요일,16:00,34.6
2023,8,상선,몽촌토성,2814,일요일,16:00,37.0
2023,8,하선,몽촌토성,2814,일요일,16:00,36.7
2023,8,상선,잠실,2815,일요일,16:00,38.0
2023,8,하선,잠실,2815,일요일,16:00,54.3
2023,8,상선,석촌,2816,일요일,16:00,46.4
2023,8,하선,석촌,2816,일요일,16:00,56.4
2023,8,상선,송파,2817,일요일,16:00,51.1
2023,8,하선,송파,2817,일요일,16:00,52.3
2023,8,상선,가락시장,2818,일요일,16:00,48.7
2023,8,하선,가락시장,2818,일요일,16:00,47.8
2023,8,상선,문정,2819,일요일,16:00,47.1
2023,8,하선,문정,2819,일요일,16:00,42.3
2023,8,상선,장지,2820,일요일,16:00,42.0
2023,8,하선,장지,2820,일요일,16:00,36.7
2023,8,상선,복정,2821,일요일,16:00,35.0
2023,8,하선,복정,2821,일요일,16:00,24.4
2023,8,상선,산성,2822,일요일,16:00,17.7
2023,8,하선,산성,2822,일요일,16:00,16.6
2023,8,상선,남한산성입구,2823,일요일,16:00,16.2
2023,8,하선,남한산성입구,2823,일요일,16:00,12.3
2023,8,상선,단대오거리,2824,일요일,16:00,14.0
2023,8,하선,단대오거리,2824,일요일,16:00,8.8
2023,8,상선,신흥,2825,일요일,16:00,10.3
2023,8,하선,신흥,2825,일요일,16:00,6.4
2023,8,상선,수진,2826,일요일,16:00,8.6
2023,8,하선,수진,2826,일요일,16:00,6.8
2023,8,상선,모란,2827,일요일,16:00,7.0
202403,8,상선,암사,2811,평일,16:00,0.0
202403,8,하선,암사,2811,평일,16:00,10.6
202403,8,상선,천호,2812,평일,16:00,17.7
202403,8,하선,천호,2812,평일,16:00,35.9
202403,8,상선,강동구청,2813,평일,16:00,51.6
202403,8,하선,강동구청,2813,평일,16:00,36.2
202403,8,상선,몽촌토성,2814,평일,16:00,52.5
202403,8,하선,몽촌토성,2814,평일,16:00,39.4
202403,8,상선,잠실,2815,평일,16:00,53.3
202403,8,하선,잠실,2815,평일,16:00,57.9
202403,8,상선,석촌,2816,평일,16:00,66.7
202403,8,하선,석촌,2816,평일,16:00,63.4
202403,8,상선,송파,2817,평일,16:00,72.8
202403,8,하선,송파,2817,평일,16:00,59.8
202403,8,상선,가락시장,2818,평일,16:00,70.9
202403,8,하선,가락시장,2818,평일,16:00,57.1
202403,8,상선,문정,2819,평일,16:00,62.9
202403,8,하선,문정,2819,평일,16:00,53.0
202403,8,상선,장지,2820,평일,16:00,49.3
202403,8,하선,장지,2820,평일,16:00,44.3
202403,8,상선,복정,2821,평일,16:00,39.4
202403,8,하선,복정,2821,평일,16:00,30.1
202403,8,상선,산성,2822,평일,16:00,23.7
202403,8,하선,산성,2822,평일,16:00,22.5
202403,8,상선,남한산성입구,2823,평일,16:00,22.8
202403,8,하선,남한산성입구,2823,평일,16:00,18.3
202403,8,상선,단대오거리,2824,평일,16:00,17.3
202403,8,하선,단대오거리,2824,평일,16:00,13.8
202403,8,상선,신흥,2825,평일,16:00,14.0
202403,8,하선,신흥,2825,평일,16:00,11.5
202403,8,상선,수진,2826,평일,16:00,12.7
202403,8,하선,수진,2826,평일,16:00,11.4
202403,8,상선,모란,2827,평일,16:00,14.2
202403,8,하선,모란,2827,평일,16:00,0.0
202403,8,상선,암사,2811,토요일,16:00,0.0
202403,8,하선,암사,2811,토요일,16:00,15.7
202403,8,상선,천호,2812,토요일,16:00,16.1
202403,8,하선,천호,2812,토요일,16:00,48.7
202403,8,상선,강동구청,2813,토요일,16:00,45.9
202403,8,하선,강동구청,2813,토요일,16:00,48.3
202403,8,상선,몽촌토성,2814,토요일,16:00,54.7
202403,8,하선,몽촌토성,2814,토요일,16:00,53.7
202403,8,상선,잠실,2815,토요일,16:00,55.5
202403,8,하선,잠실,2815,토요일,16:00,65.8
202403,8,상선,석촌,2816,토요일,16:00,65.4
202403,8,하선,석촌,2816,토요일,16:00,70.8
202403,8,상선,송파,2817,토요일,16:00,74.5
202403,8,하선,송파,2817,토요일,16:00,66.9
202403,8,상선,가락시장,2818,토요일,16:00,70.9
202403,8,하선,가락시장,2818,토요일,16:00,61.1
202403,8,상선,문정,2819,토요일,16:00,69.0
202403,8,하선,문정,2819,토요일,16:00,51.0
202403,8,상선,장지,2820,토요일,16:00,60.8
202403,8,하선,장지,2820,토요일,16:00,44.8
202403,8,상선,복정,2821,토요일,16:00,47.9
202403,8,하선,복정,2821,토요일,16:00,25.7
202403,8,상선,산성,2822,토요일,16:00,25.9
202403,8,하선,산성,2822,토요일,16:00,20.9
202403,8,상선,남한산성입구,2823,토요일,16:00,21.5
202403,8,하선,남한산성입구,2823,토요일,16:00,17.1
202403,8,상선,단대오거리,2824,토요일,16:00,17.9
202403,8,하선,단대오거리,2824,토요일,16:00,12.3
202403,8,상선,신흥,2825,토요일,16:00,13.7
202403,8,하선,신흥,2825,토요일,16:00,9.9
202403,8,상선,수진,2826,토요일,16:00,11.6
202403,8,하선,수진,2826,토요일,16:00,9.7
202403,8,상선,모란,2827,토요일,16:00,8.9
202403,8,하선,모란,2827,토요일,16:00,0.0
202403,8,상선,암사,2811,일요일,16:00,0.0
202403,8,하선,암사,2811,일요일,16:00,9.7
202403,8,상선,천호,2812,일요일,16:00,14.0
202403,8,하선,천호,2812,일요일,16:00,32.6
202403,8,상선,강동구청,2813,일요일,16:00,35.5
202403,8,하선,강동구청,2813,일요일,16:00,32.7
202403,8,상선,몽촌토성,2814,일요일,16:00,40.5
202403,8,하선,몽촌토성,2814,일요일,16:00,39.8
202403,8,상선,잠실,2815,일요일,16:00,39.6
202403,8,하선,잠실,2815,일요일,16:00,51.3
202403,8,상선,석촌,2816,일요일,16:00,48.9
202403,8,하선,석촌,2816,일요일,16:00,54.0
202403,8,상선,송파,2817,일요일,16:00,56.3
202403,8,하선,송파,2817,일요일,16:00,50.2
202403,8,상선,가락시장,2818,일요일,16:00,55.7
202403,8,하선,가락시장,2818,일요일,16:00,45.6
202403,8,상선,문정,2819,일요일,16:00,52.3
202403,8,하선,문정,2819,일요일,16:00,42.5
202403,8,상선,장지,2820,일요일,16:00,46.8
202403,8,하선,장지,2820,일요일,16:00,36.4
202403,8,상선,복정,2821,일요일,16:00,40.0
202403,8,하선,복정,2821,일요일,16:00,23.4
202403,8,상선,산성,2822,일요일,16:00,22.0
202403,8,하선,산성,2822,일요일,16:00,18.3
202403,8,상선,남한산성입구,2823,일요일,16:00,18.9
202403,8,하선,남한산성입구,2823,일요일,16:00,14.9
202403,8,상선,단대오거리,2824,일요일,16:00,17.3
202403,8,하선,단대오거리,2824,일요일,16:00,10.4
202403,8,상선,신흥,2825,일요일,16:00,16.2
202403,8,하선,신흥,2825,일요일,16:00,9.5
202403,8,상선,수진,2826,일요일,16:00,14.1
202403,8,하선,수진,2826,일요일,16:00,9.1
202403,8,상선,모란,2827,일요일,16:00,14.1
202406,8,상선,암사,2811,평일,16:00,0.0
202406,8,하선,암사,2811,평일,16:00,10.2
202406,8,상선,천호,2812,평일,16:00,17.2
202406,8,하선,천호,2812,평일,16:00,35.1
202406,8,상선,강동구청,2813,평일,16:00,51.6
202406,8,하선,강동구청,2813,평일,16:00,35.7
202406,8,상선,몽촌토성,2814,평일,16:00,49.2
202406,8,하선,몽촌토성,2814,평일,16:00,39.3
202406,8,상선,잠실,2815,평일,16:00,49.7
202406,8,하선,잠실,2815,평일,16:00,58.7
202406,8,상선,석촌,2816,평일,16:00,60.9
202406,8,하선,석촌,2816,평일,16:00,63.2
202406,8,상선,송파,2817,평일,16:00,65.9
202406,8,하선,송파,2817,평일,16:00,58.7
202406,8,상선,가락시장,2818,평일,16:00,64.7
202406,8,하선,가락시장,2818,평일,16:00,54.1
202406,8,상선,문정,2819,평일,16:00,58.1
202406,8,하선,문정,2819,평일,16:00,49.9
202406,8,상선,장지,2820,평일,16:00,43.7
202406,8,하선,장지,2820,평일,16:00,41.4
202406,8,상선,복정,2821,평일,16:00,33.7
202406,8,하선,복정,2821,평일,16:00,27.7
202406,8,상선,산성,2822,평일,16:00,19.5
202406,8,하선,산성,2822,평일,16:00,20.5
202406,8,상선,남한산성입구,2823,평일,16:00,18.1
202406,8,하선,남한산성입구,2823,평일,16:00,16.6
202406,8,상선,단대오거리,2824,평일,16:00,15.5
202406,8,하선,단대오거리,2824,평일,16:00,11.7
202406,8,상선,신흥,2825,평일,16:00,13.5
202406,8,하선,신흥,2825,평일,16:00,9.2
202406,8,상선,수진,2826,평일,16:00,12.6
202406,8,하선,수진,2826,평일,16:00,9.9
202406,8,상선,모란,2827,평일,16:00,13.1
202406,8,하선,모란,2827,평일,16:00,0.0
202406,8,상선,암사,2811,토요일,16:00,0.0
202406,8,하선,암사,2811,토요일,16:00,14.1
202406,8,상선,천호,2812,토요일,16:00,14.8
202406,8,하선,천호,2812,토요일,16:00,41.3
202406,8,상선,강동구청,2813,토요일,16:00,44.4
202406,8,하선,강동구청,2813,토요일,16:00,41.4
202406,8,상선,몽촌토성,2814,토요일,16:00,51.1
202406,8,하선,몽촌토성,2814,토요일,16:00,41.9
202406,8,상선,잠실,2815,토요일,16:00,51.3
202406,8,하선,잠실,2815,토요일,16:00,62.0
202406,8,상선,석촌,2816,토요일,16:00,63.4
202406,8,하선,석촌,2816,토요일,16:00,64.6
202406,8,상선,송파,2817,토요일,16:00,67.8
202406,8,하선,송파,2817,토요일,16:00,59.5
202406,8,상선,가락시장,2818,토요일,16:00,63.3
202406,8,하선,가락시장,2818,토요일,16:00,53.7
202406,8,상선,문정,2819,토요일,16:00,62.3
202406,8,하선,문정,2819,토요일,16:00,46.7
202406,8,상선,장지,2820,토요일,16:00,54.7
202406,8,하선,장지,2820,토요일,16:00,41.1
202406,8,상선,복정,2821,토요일,16:00,43.7
202406,8,하선,복정,2821,토요일,16:00,25.7
202406,8,상선,산성,2822,토요일,16:00,20.4
202406,8,하선,산성,2822,토요일,16:00,20.1
202406,8,상선,남한산성입구,2823,토요일,16:00,18.4
202406,8,하선,남한산성입구,2823,토요일,16:00,15.3
202406,8,상선,단대오거리,2824,토요일,16:00,16.1
202406,8,하선,단대오거리,2824,토요일,16:00,10.2
202406,8,상선,신흥,2825,토요일,16:00,13.1
202406,8,하선,신흥,2825,토요일,16:00,8.2
202406,8,상선,수진,2826,토요일,16:00,11.1
202406,8,하선,수진,2826,토요일,16:00,7.7
202406,8,상선,모란,2827,토요일,16:00,9.1
202406,8,하선,모란,2827,토요일,16:00,0.0
202406,8,상선,암사,2811,일요일,16:00,0.0
202406,8,하선,암사,2811,일요일,16:00,10.3
202406,8,상선,천호,2812,일요일,16:00,11.9
202406,8,하선,천호,2812,일요일,16:00,31.2
202406,8,상선,강동구청,2813,일요일,16:00,30.7
202406,8,하선,강동구청,2813,일요일,16:00,29.7
202406,8,상선,몽촌토성,2814,일요일,16:00,34.4
202406,8,하선,몽촌토성,2814,일요일,16:00,31.3
202406,8,상선,잠실,2815,일요일,16:00,34.3
202406,8,하선,잠실,2815,일요일,16:00,40.3
202406,8,상선,석촌,2816,일요일,16:00,42.4
202406,8,하선,석촌,2816,일요일,16:00,42.1
202406,8,상선,송파,2817,일요일,16:00,45.1
202406,8,하선,송파,2817,일요일,16:00,42.8
202406,8,상선,가락시장,2818,일요일,16:00,44.2
202406,8,하선,가락시장,2818,일요일,16:00,39.2
202406,8,상선,문정,2819,일요일,16:00,41.6
202406,8,하선,문정,2819,일요일,16:00,34.9
202406,8,상선,장지,2820,일요일,16:00,38.8
202406,8,하선,장지,2820,일요일,16:00,31.0
202406,8,상선,복정,2821,일요일,16:00,31.4
202406,8,하선,복정,2821,일요일,16:00,20.8
202406,8,상선,산성,2822,일요일,16:00,17.1
202406,8,하선,산성,2822,일요일,16:00,16.6
202406,8,상선,남한산성입구,2823,일요일,16:00,16.0
202406,8,하선,남한산성입구,2823,일요일,16:00,12.5
202406,8,상선,단대오거리,2824,일요일,16:00,12.8
202406,8,하선,단대오거리,2824,일요일,16:00,7.9
202406,8,상선,신흥,2825,일요일,16:00,10.3
202406,8,하선,신흥,2825,일요일,16:00,6.1
202406,8,상선,수진,2826,일요일,16:00,8.2
202406,8,하선,수진,2826,일요일,16:00,5.7
202406,8,상선,모란,2827,일요일,16:00,7.4
2020,8,상선,암사,2811,평일,16:30,0.0
2020,8,하선,암사,2811,평일,16:30,9.6
2020,8,상선,천호,2812,평일,16:30,16.1
2020,8,하선,천호,2812,평일,16:30,30.4
2020,8,상선,강동구청,2813,평일,16:30,44.2
2020,8,하선,강동구청,2813,평일,16:30,32.7
2020,8,상선,몽촌토성,2814,평일,16:30,46.8
2020,8,하선,몽촌토성,2814,평일,16:30,35.1
2020,8,상선,잠실,2815,평일,16:30,48.7
2020,8,하선,잠실,2815,평일,16:30,50.5
2020,8,상선,석촌,2816,평일,16:30,52.3
2020,8,하선,석촌,2816,평일,16:30,52.4
2020,8,상선,송파,2817,평일,16:30,57.2
2020,8,하선,송파,2817,평일,16:30,49.6
2020,8,상선,가락시장,2818,평일,16:30,55.9
2020,8,하선,가락시장,2818,평일,16:30,47.2
2020,8,상선,문정,2819,평일,16:30,51.8
2020,8,하선,문정,2819,평일,16:30,42.7
2020,8,상선,장지,2820,평일,16:30,39.4
2020,8,하선,장지,2820,평일,16:30,35.2
2020,8,상선,복정,2821,평일,16:30,32.5
2020,8,하선,복정,2821,평일,16:30,20.4
2020,8,상선,산성,2822,평일,16:30,17.6
2020,8,하선,산성,2822,평일,16:30,16.6
2020,8,상선,남한산성입구,2823,평일,16:30,16.2
2020,8,하선,남한산성입구,2823,평일,16:30,12.4
2020,8,상선,단대오거리,2824,평일,16:30,13.4
2020,8,하선,단대오거리,2824,평일,16:30,8.7
2020,8,상선,신흥,2825,평일,16:30,11.8
2020,8,하선,신흥,2825,평일,16:30,7.5
2020,8,상선,수진,2826,평일,16:30,9.4
2020,8,하선,수진,2826,평일,16:30,7.2
2020,8,상선,모란,2827,평일,16:30,8.0
2020,8,하선,모란,2827,평일,16:30,0.0
2020,8,상선,암사,2811,토요일,16:30,0.0
2020,8,하선,암사,2811,토요일,16:30,9.2
2020,8,상선,천호,2812,토요일,16:30,12.0
2020,8,하선,천호,2812,토요일,16:30,29.7
2020,8,상선,강동구청,2813,토요일,16:30,36.0
2020,8,하선,강동구청,2813,토요일,16:30,31.2
2020,8,상선,몽촌토성,2814,토요일,16:30,39.4
2020,8,하선,몽촌토성,2814,토요일,16:30,34.5
2020,8,상선,잠실,2815,토요일,16:30,40.9
2020,8,하선,잠실,2815,토요일,16:30,47.1
2020,8,상선,석촌,2816,토요일,16:30,47.0
2020,8,하선,석촌,2816,토요일,16:30,49.6
2020,8,상선,송파,2817,토요일,16:30,45.6
2020,8,하선,송파,2817,토요일,16:30,47.5
2020,8,상선,가락시장,2818,토요일,16:30,44.6
2020,8,하선,가락시장,2818,토요일,16:30,43.3
2020,8,상선,문정,2819,토요일,16:30,41.9
2020,8,하선,문정,2819,토요일,16:30,36.4
2020,8,상선,장지,2820,토요일,16:30,36.0
2020,8,하선,장지,2820,토요일,16:30,31.6
2020,8,상선,복정,2821,토요일,16:30,29.4
2020,8,하선,복정,2821,토요일,16:30,19.8
2020,8,상선,산성,2822,토요일,16:30,16.6
2020,8,하선,산성,2822,토요일,16:30,13.6
2020,8,상선,남한산성입구,2823,토요일,16:30,13.6
2020,8,하선,남한산성입구,2823,토요일,16:30,11.8
2020,8,상선,단대오거리,2824,토요일,16:30,11.0
2020,8,하선,단대오거리,2824,토요일,16:30,8.1
2020,8,상선,신흥,2825,토요일,16:30,7.5
2020,8,하선,신흥,2825,토요일,16:30,6.6
2020,8,상선,수진,2826,토요일,16:30,6.8
2020,8,하선,수진,2826,토요일,16:30,5.3
2020,8,상선,모란,2827,토요일,16:30,5.3
2020,8,하선,모란,2827,토요일,16:30,0.0
2020,8,상선,암사,2811,일요일,16:30,0.0
2020,8,하선,암사,2811,일요일,16:30,8.1
2020,8,상선,천호,2812,일요일,16:30,8.0
2020,8,하선,천호,2812,일요일,16:30,20.8
2020,8,상선,강동구청,2813,일요일,16:30,24.0
2020,8,하선,강동구청,2813,일요일,16:30,21.2
2020,8,상선,몽촌토성,2814,일요일,16:30,26.7
2020,8,하선,몽촌토성,2814,일요일,16:30,22.4
2020,8,상선,잠실,2815,일요일,16:30,27.6
2020,8,하선,잠실,2815,일요일,16:30,30.7
2020,8,상선,석촌,2816,일요일,16:30,30.9
2020,8,하선,석촌,2816,일요일,16:30,32.2
2020,8,상선,송파,2817,일요일,16:30,32.4
2020,8,하선,송파,2817,일요일,16:30,30.6
2020,8,상선,가락시장,2818,일요일,16:30,32.0
2021,8,상선,암사,2811,평일,16:30,0.0
2021,8,하선,암사,2811,평일,16:30,10.7
2021,8,상선,천호,2812,평일,16:30,17.6
2021,8,하선,천호,2812,평일,16:30,33.5
2021,8,상선,강동구청,2813,평일,16:30,51.3
2021,8,하선,강동구청,2813,평일,16:30,35.7
2021,8,상선,몽촌토성,2814,평일,16:30,54.7
2021,8,하선,몽촌토성,2814,평일,16:30,38.9
2021,8,상선,잠실,2815,평일,16:30,54.1
2021,8,하선,잠실,2815,평일,16:30,53.8
2021,8,상선,석촌,2816,평일,16:30,56.8
2021,8,하선,석촌,2816,평일,16:30,51.4
2021,8,상선,송파,2817,평일,16:30,60.3
2021,8,하선,송파,2817,평일,16:30,49.4
2021,8,상선,가락시장,2818,평일,16:30,58.6
2021,8,하선,가락시장,2818,평일,16:30,46.2
2021,8,상선,문정,2819,평일,16:30,53.7
2021,8,하선,문정,2819,평일,16:30,42.5
2021,8,상선,장지,2820,평일,16:30,40.4
2021,8,하선,장지,2820,평일,16:30,35.3
2021,8,상선,복정,2821,평일,16:30,33.7
2021,8,하선,복정,2821,평일,16:30,22.8
2021,8,상선,산성,2822,평일,16:30,19.2
2021,8,하선,산성,2822,평일,16:30,19.3
2021,8,상선,남한산성입구,2823,평일,16:30,17.9
2021,8,하선,남한산성입구,2823,평일,16:30,15.0
2021,8,상선,단대오거리,2824,평일,16:30,15.1
2021,8,하선,단대오거리,2824,평일,16:30,10.4
2021,8,상선,신흥,2825,평일,16:30,12.5
2021,8,하선,신흥,2825,평일,16:30,8.7
2021,8,상선,수진,2826,평일,16:30,10.9
2021,8,하선,수진,2826,평일,16:30,7.7
2021,8,상선,모란,2827,평일,16:30,9.9
2021,8,하선,모란,2827,평일,16:30,0.0
2021,8,상선,암사,2811,토요일,16:30,0.0
2021,8,하선,암사,2811,토요일,16:30,11.4
2021,8,상선,천호,2812,토요일,16:30,14.4
2021,8,하선,천호,2812,토요일,16:30,37.2
2021,8,상선,강동구청,2813,토요일,16:30,41.9
2021,8,하선,강동구청,2813,토요일,16:30,39.1
2021,8,상선,몽촌토성,2814,토요일,16:30,45.6
2021,8,하선,몽촌토성,2814,토요일,16:30,41.7
2021,8,상선,잠실,2815,토요일,16:30,47.7
2021,8,하선,잠실,2815,토요일,16:30,48.0
2021,8,상선,석촌,2816,토요일,16:30,59.2
2021,8,하선,석촌,2816,토요일,16:30,48.0
2021,8,상선,송파,2817,토요일,16:30,54.7
2021,8,하선,송파,2817,토요일,16:30,45.1
2021,8,상선,가락시장,2818,토요일,16:30,52.6
2021,8,하선,가락시장,2818,토요일,16:30,37.6
2021,8,상선,문정,2819,토요일,16:30,47.6
2021,8,하선,문정,2819,토요일,16:30,38.4
2021,8,상선,장지,2820,토요일,16:30,40.8
2021,8,하선,장지,2820,토요일,16:30,34.4
2021,8,상선,복정,2821,토요일,16:30,31.7
2021,8,하선,복정,2821,토요일,16:30,19.2
2021,8,상선,산성,2822,토요일,16:30,17.1
2021,8,하선,산성,2822,토요일,16:30,21.3
2021,8,상선,남한산성입구,2823,토요일,16:30,14.1
2021,8,하선,남한산성입구,2823,토요일,16:30,15.2
2021,8,상선,단대오거리,2824,토요일,16:30,10.1
2021,8,하선,단대오거리,2824,토요일,16:30,10.1
2021,8,상선,신흥,2825,토요일,16:30,9.3
2021,8,하선,신흥,2825,토요일,16:30,7.4
2021,8,상선,수진,2826,토요일,16:30,8.2
2021,8,하선,수진,2826,토요일,16:30,6.3
2021,8,상선,모란,2827,토요일,16:30,8.0
2021,8,하선,모란,2827,토요일,16:30,0.0
2022,8,상선,암사,2811,평일,16:30,0.0
2022,8,하선,암사,2811,평일,16:30,11.5
2022,8,상선,천호,2812,평일,16:30,19.6
2022,8,하선,천호,2812,평일,16:30,37.2
2022,8,상선,강동구청,2813,평일,16:30,52.3
2022,8,하선,강동구청,2813,평일,16:30,39.6
2022,8,상선,몽촌토성,2814,평일,16:30,61.1
2022,8,하선,몽촌토성,2814,평일,16:30,42.9
2022,8,상선,잠실,2815,평일,16:30,61.7
2022,8,하선,잠실,2815,평일,16:30,60.7
2022,8,상선,석촌,2816,평일,16:30,70.6
2022,8,하선,석촌,2816,평일,16:30,64.4
2022,8,상선,송파,2817,평일,16:30,76.5
2022,8,하선,송파,2817,평일,16:30,61.8
2022,8,상선,가락시장,2818,평일,16:30,74.0
2022,8,하선,가락시장,2818,평일,16:30,57.9
2022,8,상선,문정,2819,평일,16:30,71.2
2022,8,하선,문정,2819,평일,16:30,53.1
2022,8,상선,장지,2820,평일,16:30,58.1
2022,8,하선,장지,2820,평일,16:30,45.8
2022,8,상선,복정,2821,평일,16:30,48.9
2022,8,하선,복정,2821,평일,16:30,29.8
2022,8,상선,산성,2822,평일,16:30,28.4
2022,8,하선,산성,2822,평일,16:30,23.2
2022,8,상선,남한산성입구,2823,평일,16:30,26.5
2022,8,하선,남한산성입구,2823,평일,16:30,18.0
2022,8,상선,단대오거리,2824,평일,16:30,21.1
2022,8,하선,단대오거리,2824,평일,16:30,13.2
2022,8,상선,신흥,2825,평일,16:30,16.8
2022,8,하선,신흥,2825,평일,16:30,10.7
2022,8,상선,수진,2826,평일,16:30,16.0
2022,8,하선,수진,2826,평일,16:30,10.0
2022,8,상선,모란,2827,평일,16:30,14.3
2022,8,하선,모란,2827,평일,16:30,0.0
2022,8,상선,암사,2811,토요일,16:30,0.0
2022,8,하선,암사,2811,토요일,16:30,13.7
2022,8,상선,천호,2812,토요일,16:30,16.1
2022,8,하선,천호,2812,토요일,16:30,51.0
2022,8,상선,강동구청,2813,토요일,16:30,48.2
2022,8,하선,강동구청,2813,토요일,16:30,54.2
2022,8,상선,몽촌토성,2814,토요일,16:30,48.3
2022,8,하선,몽촌토성,2814,토요일,16:30,49.8
2022,8,상선,잠실,2815,토요일,16:30,51.5
2022,8,하선,잠실,2815,토요일,16:30,64.4
2022,8,상선,석촌,2816,토요일,16:30,76.3
2022,8,하선,석촌,2816,토요일,16:30,64.4
2022,8,상선,송파,2817,토요일,16:30,81.1
2022,8,하선,송파,2817,토요일,16:30,60.7
2022,8,상선,가락시장,2818,토요일,16:30,76.5
2022,8,하선,가락시장,2818,토요일,16:30,56.3
2022,8,상선,문정,2819,토요일,16:30,70.5
2022,8,하선,문정,2819,토요일,16:30,52.1
2022,8,상선,장지,2820,토요일,16:30,59.4
2022,8,하선,장지,2820,토요일,16:30,44.0
2022,8,상선,복정,2821,토요일,16:30,48.8
2022,8,하선,복정,2821,토요일,16:30,29.6
2022,8,상선,산성,2822,토요일,16:30,24.7
2022,8,하선,산성,2822,토요일,16:30,19.9
2022,8,상선,남한산성입구,2823,토요일,16:30,21.0
2022,8,하선,남한산성입구,2823,토요일,16:30,17.1
2022,8,상선,단대오거리,2824,토요일,16:30,17.0
2022,8,하선,단대오거리,2824,토요일,16:30,12.9
2022,8,상선,신흥,2825,토요일,16:30,11.6
2022,8,하선,신흥,2825,토요일,16:30,10.4
2022,8,상선,암사,2811,공휴일,16:30,0.0
2022,8,하선,암사,2811,공휴일,16:30,9.1
2022,8,상선,천호,2812,공휴일,16:30,11.9
2022,8,하선,천호,2812,공휴일,16:30,31.0
2022,8,상선,강동구청,2813,공휴일,16:30,29.9
2022,8,하선,강동구청,2813,공휴일,16:30,31.9
2022,8,상선,몽촌토성,2814,공휴일,16:30,31.4
2022,8,하선,몽촌토성,2814,공휴일,16:30,35.2
2022,8,상선,잠실,2815,공휴일,16:30,33.3
2022,8,하선,잠실,2815,공휴일,16:30,47.9
2022,8,상선,석촌,2816,공휴일,16:30,44.4
2022,8,하선,석촌,2816,공휴일,16:30,49.8
2022,8,상선,송파,2817,공휴일,16:30,50.4
2022,8,하선,송파,2817,공휴일,16:30,47.2
2022,8,상선,가락시장,2818,공휴일,16:30,50.9
2022,8,하선,가락시장,2818,공휴일,16:30,41.9
2022,8,상선,문정,2819,공휴일,16:30,47.5
2022,8,하선,문정,2819,공휴일,16:30,36.4
2022,8,상선,장지,2820,공휴일,16:30,41.7
2022,8,하선,장지,2820,공휴일,16:30,29.1
2022,8,상선,복정,2821,공휴일,16:30,33.4
2022,8,하선,복정,2821,공휴일,16:30,20.1
2022,8,상선,산성,2822,공휴일,16:30,16.3
2022,8,하선,산성,2822,공휴일,16:30,15.3
2022,8,상선,남한산성입구,2823,공휴일,16:30,14.9
2022,8,하선,남한산성입구,2823,공휴일,16:30,12.4
2022,8,상선,단대오거리,2824,공휴일,16:30,11.4
2022,8,하선,단대오거리,2824,공휴일,16:30,8.8
2022,8,상선,신흥,2825,공휴일,16:30,7.3
2022,8,하선,신흥,2825,공휴일,16:30,6.9
2022,8,상선,수진,2826,공휴일,16:30,6.2
2022,8,하선,수진,2826,공휴일,16:30,6.8
2022,8,상선,모란,2827,공휴일,16:30,5.5
2022,8,하선,모란,2827,공휴일,16:30,0.0
2023,8,상선,암사,2811,평일,16:30,0.0
2023,8,하선,암사,2811,평일,16:30,11.0
2023,8,상선,천호,2812,평일,16:30,20.7
2023,8,하선,천호,2812,평일,16:30,38.8
2023,8,상선,강동구청,2813,평일,16:30,54.9
2023,8,하선,강동구청,2813,평일,16:30,41.4
2023,8,상선,몽촌토성,2814,평일,16:30,62.0
2023,8,하선,몽촌토성,2814,평일,16:30,45.6
2023,8,상선,잠실,2815,평일,16:30,63.3
2023,8,하선,잠실,2815,평일,16:30,66.0
2023,8,상선,석촌,2816,평일,16:30,73.6
2023,8,하선,석촌,2816,평일,16:30,73.1
2023,8,상선,송파,2817,평일,16:30,79.6
2023,8,하선,송파,2817,평일,16:30,68.5
2023,8,상선,가락시장,2818,평일,16:30,76.6
2023,8,하선,가락시장,2818,평일,16:30,63.8
2023,8,상선,문정,2819,평일,16:30,72.8
2023,8,하선,문정,2819,평일,16:30,58.3
2023,8,상선,장지,2820,평일,16:30,59.5
2023,8,하선,장지,2820,평일,16:30,47.6
2023,8,상선,복정,2821,평일,16:30,50.3
2023,8,하선,복정,2821,평일,16:30,32.6
2023,8,상선,산성,2822,평일,16:30,27.1
2023,8,하선,산성,2822,평일,16:30,25.2
2023,8,상선,남한산성입구,2823,평일,16:30,26.2
2023,8,하선,남한산성입구,2823,평일,16:30,20.0
2023,8,상선,단대오거리,2824,평일,16:30,21.7
2023,8,하선,단대오거리,2824,평일,16:30,13.8
2023,8,상선,신흥,2825,평일,16:30,18.9
2023,8,하선,신흥,2825,평일,16:30,11.1
2023,8,상선,수진,2826,평일,16:30,18.2
2023,8,하선,수진,2826,평일,16:30,10.9
2023,8,상선,모란,2827,평일,16:30,15.8
2023,8,하선,모란,2827,평일,16:30,0.0
2023,8,상선,암사,2811,토요일,16:30,0.0
2023,8,하선,암사,2811,토요일,16:30,16.2
2023,8,상선,천호,2812,토요일,16:30,16.7
2023,8,하선,천호,2812,토요일,16:30,54.2
2023,8,상선,강동구청,2813,토요일,16:30,51.9
2023,8,하선,강동구청,2813,토요일,16:30,56.9
2023,8,상선,몽촌토성,2814,토요일,16:30,54.0
2023,8,하선,몽촌토성,2814,토요일,16:30,57.2
2023,8,상선,잠실,2815,토요일,16:30,57.7
2023,8,하선,잠실,2815,토요일,16:30,76.0
2023,8,상선,석촌,2816,토요일,16:30,80.7
2023,8,하선,석촌,2816,토요일,16:30,79.7
2023,8,상선,송파,2817,토요일,16:30,84.7
2023,8,하선,송파,2817,토요일,16:30,76.4
2023,8,상선,가락시장,2818,토요일,16:30,81.2
2023,8,하선,가락시장,2818,토요일,16:30,65.4
2023,8,상선,문정,2819,토요일,16:30,70.6
2023,8,하선,문정,2819,토요일,16:30,58.4
2023,8,상선,장지,2820,토요일,16:30,63.1
2023,8,하선,장지,2820,토요일,16:30,50.6
2023,8,상선,복정,2821,토요일,16:30,50.0
2023,8,하선,복정,2821,토요일,16:30,32.6
2023,8,상선,산성,2822,토요일,16:30,22.7
2023,8,하선,산성,2822,토요일,16:30,25.2
2023,8,상선,남한산성입구,2823,토요일,16:30,19.7
2023,8,하선,남한산성입구,2823,토요일,16:30,18.5
2023,8,상선,단대오거리,2824,토요일,16:30,15.5
2023,8,하선,단대오거리,2824,토요일,16:30,12.9
2023,8,상선,신흥,2825,토요일,16:30,12.2
2023,8,하선,신흥,2825,토요일,16:30,10.9
2023,8,상선,수진,2826,토요일,16:30,9.8
2023,8,하선,수진,2826,토요일,16:30,10.4
2023,8,상선,모란,2827,토요일,16:30,8.2
2023,8,하선,모란,2827,토요일,16:30,0.0
2023,8,상선,암사,2811,일요일,16:30,0.0
2023,8,하선,암사,2811,일요일,16:30,11.0
2023,8,상선,천호,2812,일요일,16:30,13.8
2023,8,하선,천호,2812,일요일,16:30,32.9
2023,8,상선,강동구청,2813,일요일,16:30,37.4
2023,8,하선,강동구청,2813,일요일,16:30,35.1
2023,8,상선,몽촌토성,2814,일요일,16:30,43.1
2023,8,하선,몽촌토성,2814,일요일,16:30,37.3
2023,8,상선,잠실,2815,일요일,16:30,45.1
2023,8,하선,잠실,2815,일요일,16:30,55.5
2023,8,상선,석촌,2816,일요일,16:30,52.9
2023,8,하선,석촌,2816,일요일,16:30,56.2
2023,8,상선,송파,2817,일요일,16:30,54.7
2023,8,하선,송파,2817,일요일,16:30,51.3
2023,8,상선,가락시장,2818,일요일,16:30,53.0
2023,8,하선,가락시장,2818,일요일,16:30,46.3
2023,8,상선,문정,2819,일요일,16:30,45.3
2023,8,하선,문정,2819,일요일,16:30,42.8
2023,8,상선,장지,2820,일요일,16:30,38.7
2023,8,하선,장지,2820,일요일,16:30,35.8
2023,8,상선,복정,2821,일요일,16:30,30.7
2023,8,하선,복정,2821,일요일,16:30,24.9
2023,8,상선,산성,2822,일요일,16:30,15.8
2023,8,하선,산성,2822,일요일,16:30,19.3
2023,8,상선,남한산성입구,2823,일요일,16:30,13.6
2023,8,하선,남한산성입구,2823,일요일,16:30,14.8
2023,8,상선,단대오거리,2824,일요일,16:30,11.5
2023,8,하선,단대오거리,2824,일요일,16:30,9.3
2023,8,상선,신흥,2825,일요일,16:30,9.2
2023,8,하선,신흥,2825,일요일,16:30,7.1
2023,8,상선,수진,2826,일요일,16:30,7.3
2023,8,하선,수진,2826,일요일,16:30,6.7
2023,8,상선,모란,2827,일요일,16:30,6.1
202403,8,상선,암사,2811,평일,16:30,0.0
202403,8,하선,암사,2811,평일,16:30,11.1
202403,8,상선,천호,2812,평일,16:30,20.4
202403,8,하선,천호,2812,평일,16:30,37.5
202403,8,상선,강동구청,2813,평일,16:30,55.1
202403,8,하선,강동구청,2813,평일,16:30,40.3
202403,8,상선,몽촌토성,2814,평일,16:30,64.3
202403,8,하선,몽촌토성,2814,평일,16:30,44.6
202403,8,상선,잠실,2815,평일,16:30,65.8
202403,8,하선,잠실,2815,평일,16:30,66.7
202403,8,상선,석촌,2816,평일,16:30,75.2
202403,8,하선,석촌,2816,평일,16:30,74.7
202403,8,상선,송파,2817,평일,16:30,80.8
202403,8,하선,송파,2817,평일,16:30,68.6
202403,8,상선,가락시장,2818,평일,16:30,78.2
202403,8,하선,가락시장,2818,평일,16:30,63.1
202403,8,상선,문정,2819,평일,16:30,75.1
202403,8,하선,문정,2819,평일,16:30,57.8
202403,8,상선,장지,2820,평일,16:30,62.4
202403,8,하선,장지,2820,평일,16:30,47.8
202403,8,상선,복정,2821,평일,16:30,53.3
202403,8,하선,복정,2821,평일,16:30,32.6
202403,8,상선,산성,2822,평일,16:30,29.5
202403,8,하선,산성,2822,평일,16:30,26.6
202403,8,상선,남한산성입구,2823,평일,16:30,29.3
202403,8,하선,남한산성입구,2823,평일,16:30,22.1
202403,8,상선,단대오거리,2824,평일,16:30,24.4
202403,8,하선,단대오거리,2824,평일,16:30,15.3
202403,8,상선,신흥,2825,평일,16:30,21.2
202403,8,하선,신흥,2825,평일,16:30,12.1
202403,8,상선,수진,2826,평일,16:30,20.5
202403,8,하선,수진,2826,평일,16:30,11.8
202403,8,상선,모란,2827,평일,16:30,18.3
202403,8,하선,모란,2827,평일,16:30,0.0
202403,8,상선,암사,2811,토요일,16:30,0.0
202403,8,하선,암사,2811,토요일,16:30,14.6
202403,8,상선,천호,2812,토요일,16:30,19.3
202403,8,하선,천호,2812,토요일,16:30,52.5
202403,8,상선,강동구청,2813,토요일,16:30,52.5
202403,8,하선,강동구청,2813,토요일,16:30,55.8
202403,8,상선,몽촌토성,2814,토요일,16:30,51.2
202403,8,하선,몽촌토성,2814,토요일,16:30,58.0
202403,8,상선,잠실,2815,토요일,16:30,53.0
202403,8,하선,잠실,2815,토요일,16:30,74.9
202403,8,상선,석촌,2816,토요일,16:30,72.0
202403,8,하선,석촌,2816,토요일,16:30,78.7
202403,8,상선,송파,2817,토요일,16:30,81.4
202403,8,하선,송파,2817,토요일,16:30,75.9
202403,8,상선,가락시장,2818,토요일,16:30,78.8
202403,8,하선,가락시장,2818,토요일,16:30,69.1
202403,8,상선,문정,2819,토요일,16:30,71.5
202403,8,하선,문정,2819,토요일,16:30,58.8
202403,8,상선,장지,2820,토요일,16:30,64.0
202403,8,하선,장지,2820,토요일,16:30,51.4
202403,8,상선,복정,2821,토요일,16:30,53.6
202403,8,하선,복정,2821,토요일,16:30,32.9
202403,8,상선,산성,2822,토요일,16:30,27.0
202403,8,하선,산성,2822,토요일,16:30,24.8
202403,8,상선,남한산성입구,2823,토요일,16:30,23.7
202403,8,하선,남한산성입구,2823,토요일,16:30,19.5
202403,8,상선,단대오거리,2824,토요일,16:30,19.1
202403,8,하선,단대오거리,2824,토요일,16:30,13.7
202403,8,상선,신흥,2825,토요일,16:30,12.5
202403,8,하선,신흥,2825,토요일,16:30,11.2
202403,8,상선,수진,2826,토요일,16:30,10.4
202403,8,하선,수진,2826,토요일,16:30,11.0
202403,8,상선,모란,2827,토요일,16:30,10.3
202403,8,하선,모란,2827,토요일,16:30,0.0
202403,8,상선,암사,2811,일요일,16:30,0.0
202403,8,하선,암사,2811,일요일,16:30,9.1
202403,8,상선,천호,2812,일요일,16:30,14.0
202403,8,하선,천호,2812,일요일,16:30,34.4
202403,8,상선,강동구청,2813,일요일,16:30,37.9
202403,8,하선,강동구청,2813,일요일,16:30,35.3
202403,8,상선,몽촌토성,2814,일요일,16:30,39.4
202403,8,하선,몽촌토성,2814,일요일,16:30,35.8
202403,8,상선,잠실,2815,일요일,16:30,42.3
202403,8,하선,잠실,2815,일요일,16:30,53.8
202403,8,상선,석촌,2816,일요일,16:30,50.5
202403,8,하선,석촌,2816,일요일,16:30,56.7
202403,8,상선,송파,2817,일요일,16:30,53.0
202403,8,하선,송파,2817,일요일,16:30,53.6
202403,8,상선,가락시장,2818,일요일,16:30,53.1
202403,8,하선,가락시장,2818,일요일,16:30,49.5
202403,8,상선,문정,2819,일요일,16:30,50.5
202403,8,하선,문정,2819,일요일,16:30,45.1
202403,8,상선,장지,2820,일요일,16:30,44.2
202403,8,하선,장지,2820,일요일,16:30,37.0
202403,8,상선,복정,2821,일요일,16:30,38.0
202403,8,하선,복정,2821,일요일,16:30,25.9
202403,8,상선,산성,2822,일요일,16:30,20.2
202403,8,하선,산성,2822,일요일,16:30,19.8
202403,8,상선,남한산성입구,2823,일요일,16:30,18.7
202403,8,하선,남한산성입구,2823,일요일,16:30,14.3
202403,8,상선,단대오거리,2824,일요일,16:30,16.3
202403,8,하선,단대오거리,2824,일요일,16:30,9.8
202403,8,상선,신흥,2825,일요일,16:30,14.2
202403,8,하선,신흥,2825,일요일,16:30,7.5
202403,8,상선,수진,2826,일요일,16:30,14.1
202403,8,하선,수진,2826,일요일,16:30,8.6
202403,8,상선,모란,2827,일요일,16:30,12.4
202406,8,상선,암사,2811,평일,16:30,0.0
202406,8,하선,암사,2811,평일,16:30,11.4
202406,8,상선,천호,2812,평일,16:30,20.5
202406,8,하선,천호,2812,평일,16:30,37.9
202406,8,상선,강동구청,2813,평일,16:30,51.5
202406,8,하선,강동구청,2813,평일,16:30,40.3
202406,8,상선,몽촌토성,2814,평일,16:30,62.7
202406,8,하선,몽촌토성,2814,평일,16:30,44.1
202406,8,상선,잠실,2815,평일,16:30,63.7
202406,8,하선,잠실,2815,평일,16:30,64.7
202406,8,상선,석촌,2816,평일,16:30,70.2
202406,8,하선,석촌,2816,평일,16:30,71.6
202406,8,상선,송파,2817,평일,16:30,74.3
202406,8,하선,송파,2817,평일,16:30,67.1
202406,8,상선,가락시장,2818,평일,16:30,70.7
202406,8,하선,가락시장,2818,평일,16:30,63.0
202406,8,상선,문정,2819,평일,16:30,67.1
202406,8,하선,문정,2819,평일,16:30,56.6
202406,8,상선,장지,2820,평일,16:30,54.5
202406,8,하선,장지,2820,평일,16:30,49.7
202406,8,상선,복정,2821,평일,16:30,43.4
202406,8,하선,복정,2821,평일,16:30,34.4
202406,8,상선,산성,2822,평일,16:30,22.6
202406,8,하선,산성,2822,평일,16:30,27.5
202406,8,상선,남한산성입구,2823,평일,16:30,21.9
202406,8,하선,남한산성입구,2823,평일,16:30,20.0
202406,8,상선,단대오거리,2824,평일,16:30,21.5
202406,8,하선,단대오거리,2824,평일,16:30,13.8
202406,8,상선,신흥,2825,평일,16:30,19.8
202406,8,하선,신흥,2825,평일,16:30,10.5
202406,8,상선,수진,2826,평일,16:30,18.7
202406,8,하선,수진,2826,평일,16:30,10.2
202406,8,상선,모란,2827,평일,16:30,17.5
202406,8,하선,모란,2827,평일,16:30,0.0
202406,8,상선,암사,2811,토요일,16:30,0.0
202406,8,하선,암사,2811,토요일,16:30,11.8
202406,8,상선,천호,2812,토요일,16:30,17.1
202406,8,하선,천호,2812,토요일,16:30,46.2
202406,8,상선,강동구청,2813,토요일,16:30,50.6
202406,8,하선,강동구청,2813,토요일,16:30,47.5
202406,8,상선,몽촌토성,2814,토요일,16:30,51.0
202406,8,하선,몽촌토성,2814,토요일,16:30,50.5
202406,8,상선,잠실,2815,토요일,16:30,56.2
202406,8,하선,잠실,2815,토요일,16:30,69.0
202406,8,상선,석촌,2816,토요일,16:30,72.8
202406,8,하선,석촌,2816,토요일,16:30,66.6
202406,8,상선,송파,2817,토요일,16:30,71.3
202406,8,하선,송파,2817,토요일,16:30,63.0
202406,8,상선,가락시장,2818,토요일,16:30,68.1
202406,8,하선,가락시장,2818,토요일,16:30,57.3
202406,8,상선,문정,2819,토요일,16:30,57.2
202406,8,하선,문정,2819,토요일,16:30,49.5
202406,8,상선,장지,2820,토요일,16:30,50.5
202406,8,하선,장지,2820,토요일,16:30,43.0
202406,8,상선,복정,2821,토요일,16:30,41.6
202406,8,하선,복정,2821,토요일,16:30,26.7
202406,8,상선,산성,2822,토요일,16:30,19.1
202406,8,하선,산성,2822,토요일,16:30,21.2
202406,8,상선,남한산성입구,2823,토요일,16:30,16.5
202406,8,하선,남한산성입구,2823,토요일,16:30,16.9
202406,8,상선,단대오거리,2824,토요일,16:30,14.1
202406,8,하선,단대오거리,2824,토요일,16:30,11.0
202406,8,상선,신흥,2825,토요일,16:30,11.5
202406,8,하선,신흥,2825,토요일,16:30,8.7
202406,8,상선,수진,2826,토요일,16:30,9.3
202406,8,하선,수진,2826,토요일,16:30,9.5
202406,8,상선,모란,2827,토요일,16:30,8.9
202406,8,하선,모란,2827,토요일,16:30,0.0
202406,8,상선,암사,2811,일요일,16:30,0.0
202406,8,하선,암사,2811,일요일,16:30,10.0
202406,8,상선,천호,2812,일요일,16:30,11.5
202406,8,하선,천호,2812,일요일,16:30,33.2
202406,8,상선,강동구청,2813,일요일,16:30,33.7
202406,8,하선,강동구청,2813,일요일,16:30,35.0
202406,8,상선,몽촌토성,2814,일요일,16:30,36.3
202406,8,하선,몽촌토성,2814,일요일,16:30,33.3
202406,8,상선,잠실,2815,일요일,16:30,38.6
202406,8,하선,잠실,2815,일요일,16:30,48.9
202406,8,상선,석촌,2816,일요일,16:30,46.2
202406,8,하선,석촌,2816,일요일,16:30,51.5
202406,8,상선,송파,2817,일요일,16:30,48.1
202406,8,하선,송파,2817,일요일,16:30,48.8
202406,8,상선,가락시장,2818,일요일,16:30,47.1
202406,8,하선,가락시장,2818,일요일,16:30,45.3
202406,8,상선,문정,2819,일요일,16:30,43.9
202406,8,하선,문정,2819,일요일,16:30,40.3
202406,8,상선,장지,2820,일요일,16:30,39.2
202406,8,하선,장지,2820,일요일,16:30,36.0
202406,8,상선,복정,2821,일요일,16:30,31.5
202406,8,하선,복정,2821,일요일,16:30,23.4
202406,8,상선,산성,2822,일요일,16:30,16.7
202406,8,하선,산성,2822,일요일,16:30,16.2
202406,8,상선,남한산성입구,2823,일요일,16:30,13.7
202406,8,하선,남한산성입구,2823,일요일,16:30,13.3
202406,8,상선,단대오거리,2824,일요일,16:30,11.9
202406,8,하선,단대오거리,2824,일요일,16:30,9.7
202406,8,상선,신흥,2825,일요일,16:30,10.3
202406,8,하선,신흥,2825,일요일,16:30,8.1
202406,8,상선,수진,2826,일요일,16:30,8.0
202406,8,하선,수진,2826,일요일,16:30,7.7
202406,8,상선,모란,2827,일요일,16:30,6.2
2020,8,상선,암사,2811,평일,17:00,0.0
2020,8,하선,암사,2811,평일,17:00,9.6
2020,8,상선,천호,2812,평일,17:00,18.8
2020,8,하선,천호,2812,평일,17:00,31.7
2020,8,상선,강동구청,2813,평일,17:00,56.6
2020,8,하선,강동구청,2813,평일,17:00,34.5
2020,8,상선,몽촌토성,2814,평일,17:00,60.5
2020,8,하선,몽촌토성,2814,평일,17:00,40.5
2020,8,상선,잠실,2815,평일,17:00,62.4
2020,8,하선,잠실,2815,평일,17:00,58.7
2020,8,상선,석촌,2816,평일,17:00,68.6
2020,8,하선,석촌,2816,평일,17:00,61.8
2020,8,상선,송파,2817,평일,17:00,74.3
2020,8,하선,송파,2817,평일,17:00,58.3
2020,8,상선,가락시장,2818,평일,17:00,72.4
2020,8,하선,가락시장,2818,평일,17:00,56.0
2020,8,상선,문정,2819,평일,17:00,65.5
2020,8,하선,문정,2819,평일,17:00,55.7
2020,8,상선,장지,2820,평일,17:00,47.2
2020,8,하선,장지,2820,평일,17:00,49.4
2020,8,상선,복정,2821,평일,17:00,36.3
2020,8,하선,복정,2821,평일,17:00,29.6
2020,8,상선,산성,2822,평일,17:00,19.7
2020,8,하선,산성,2822,평일,17:00,24.6
2020,8,상선,남한산성입구,2823,평일,17:00,19.7
2020,8,하선,남한산성입구,2823,평일,17:00,18.0
2020,8,상선,단대오거리,2824,평일,17:00,15.7
2020,8,하선,단대오거리,2824,평일,17:00,12.1
2020,8,상선,신흥,2825,평일,17:00,11.6
2020,8,하선,신흥,2825,평일,17:00,8.9
2020,8,상선,수진,2826,평일,17:00,10.5
2020,8,하선,수진,2826,평일,17:00,8.2
2020,8,상선,모란,2827,평일,17:00,9.0
2020,8,하선,모란,2827,평일,17:00,0.0
2020,8,상선,암사,2811,토요일,17:00,0.0
2020,8,하선,암사,2811,토요일,17:00,10.5
2020,8,상선,천호,2812,토요일,17:00,12.9
2020,8,하선,천호,2812,토요일,17:00,33.6
2020,8,상선,강동구청,2813,토요일,17:00,35.9
2020,8,하선,강동구청,2813,토요일,17:00,33.0
2020,8,상선,몽촌토성,2814,토요일,17:00,39.8
2020,8,하선,몽촌토성,2814,토요일,17:00,33.5
2020,8,상선,잠실,2815,토요일,17:00,40.7
2020,8,하선,잠실,2815,토요일,17:00,41.8
2020,8,상선,석촌,2816,토요일,17:00,45.0
2020,8,하선,석촌,2816,토요일,17:00,44.7
2020,8,상선,송파,2817,토요일,17:00,54.7
2020,8,하선,송파,2817,토요일,17:00,47.3
2020,8,상선,가락시장,2818,토요일,17:00,49.5
2020,8,하선,가락시장,2818,토요일,17:00,43.6
2020,8,상선,문정,2819,토요일,17:00,46.3
2020,8,하선,문정,2819,토요일,17:00,37.5
2020,8,상선,장지,2820,토요일,17:00,41.1
2020,8,하선,장지,2820,토요일,17:00,31.0
2020,8,상선,복정,2821,토요일,17:00,31.9
2020,8,하선,복정,2821,토요일,17:00,19.3
2020,8,상선,산성,2822,토요일,17:00,17.4
2020,8,하선,산성,2822,토요일,17:00,19.9
2020,8,상선,남한산성입구,2823,토요일,17:00,14.9
2020,8,하선,남한산성입구,2823,토요일,17:00,15.0
2020,8,상선,단대오거리,2824,토요일,17:00,11.9
2020,8,하선,단대오거리,2824,토요일,17:00,8.5
2020,8,상선,신흥,2825,토요일,17:00,9.3
2020,8,하선,신흥,2825,토요일,17:00,6.5
2020,8,상선,수진,2826,토요일,17:00,8.3
2020,8,하선,수진,2826,토요일,17:00,5.7
2020,8,상선,모란,2827,토요일,17:00,7.1
2020,8,하선,모란,2827,토요일,17:00,0.0
2020,8,상선,암사,2811,일요일,17:00,0.0
2020,8,하선,암사,2811,일요일,17:00,6.8
2020,8,상선,천호,2812,일요일,17:00,8.5
2020,8,하선,천호,2812,일요일,17:00,21.5
2020,8,상선,강동구청,2813,일요일,17:00,26.0
2020,8,하선,강동구청,2813,일요일,17:00,22.3
2020,8,상선,몽촌토성,2814,일요일,17:00,24.9
2020,8,하선,몽촌토성,2814,일요일,17:00,23.3
2020,8,상선,잠실,2815,일요일,17:00,25.6
2020,8,하선,잠실,2815,일요일,17:00,34.0
2020,8,상선,석촌,2816,일요일,17:00,26.3
2020,8,하선,석촌,2816,일요일,17:00,36.5
2020,8,상선,송파,2817,일요일,17:00,27.6
2020,8,하선,송파,2817,일요일,17:00,34.0
2020,8,상선,가락시장,2818,일요일,17:00,31.4
2021,8,상선,암사,2811,평일,17:00,0.0
2021,8,하선,암사,2811,평일,17:00,11.6
2021,8,상선,천호,2812,평일,17:00,17.8
2021,8,하선,천호,2812,평일,17:00,37.7
2021,8,상선,강동구청,2813,평일,17:00,60.1
2021,8,하선,강동구청,2813,평일,17:00,41.2
2021,8,상선,몽촌토성,2814,평일,17:00,63.8
2021,8,하선,몽촌토성,2814,평일,17:00,46.0
2021,8,상선,잠실,2815,평일,17:00,69.5
2021,8,하선,잠실,2815,평일,17:00,59.6
2021,8,상선,석촌,2816,평일,17:00,75.0
2021,8,하선,석촌,2816,평일,17:00,65.7
2021,8,상선,송파,2817,평일,17:00,81.4
2021,8,하선,송파,2817,평일,17:00,62.3
2021,8,상선,가락시장,2818,평일,17:00,79.4
2021,8,하선,가락시장,2818,평일,17:00,61.2
2021,8,상선,문정,2819,평일,17:00,72.3
2021,8,하선,문정,2819,평일,17:00,60.8
2021,8,상선,장지,2820,평일,17:00,51.6
2021,8,하선,장지,2820,평일,17:00,52.8
2021,8,상선,복정,2821,평일,17:00,39.8
2021,8,하선,복정,2821,평일,17:00,27.0
2021,8,상선,산성,2822,평일,17:00,21.0
2021,8,하선,산성,2822,평일,17:00,22.1
2021,8,상선,남한산성입구,2823,평일,17:00,19.3
2021,8,하선,남한산성입구,2823,평일,17:00,17.5
2021,8,상선,단대오거리,2824,평일,17:00,16.0
2021,8,하선,단대오거리,2824,평일,17:00,12.3
2021,8,상선,신흥,2825,평일,17:00,12.8
2021,8,하선,신흥,2825,평일,17:00,10.0
2021,8,상선,수진,2826,평일,17:00,11.4
2021,8,하선,수진,2826,평일,17:00,9.7
2021,8,상선,모란,2827,평일,17:00,9.8
2021,8,하선,모란,2827,평일,17:00,0.0
2021,8,상선,암사,2811,토요일,17:00,0.0
2021,8,하선,암사,2811,토요일,17:00,11.7
2021,8,상선,천호,2812,토요일,17:00,13.2
2021,8,하선,천호,2812,토요일,17:00,35.9
2021,8,상선,강동구청,2813,토요일,17:00,37.3
2021,8,하선,강동구청,2813,토요일,17:00,35.8
2021,8,상선,몽촌토성,2814,토요일,17:00,41.9
2021,8,하선,몽촌토성,2814,토요일,17:00,37.3
2021,8,상선,잠실,2815,토요일,17:00,43.5
2021,8,하선,잠실,2815,토요일,17:00,52.2
2021,8,상선,석촌,2816,토요일,17:00,49.3
2021,8,하선,석촌,2816,토요일,17:00,53.8
2021,8,상선,송파,2817,토요일,17:00,59.1
2021,8,하선,송파,2817,토요일,17:00,59.8
2021,8,상선,가락시장,2818,토요일,17:00,53.9
2021,8,하선,가락시장,2818,토요일,17:00,52.8
2021,8,상선,문정,2819,토요일,17:00,48.8
2021,8,하선,문정,2819,토요일,17:00,45.4
2021,8,상선,장지,2820,토요일,17:00,43.3
2021,8,하선,장지,2820,토요일,17:00,38.2
2021,8,상선,복정,2821,토요일,17:00,33.4
2021,8,하선,복정,2821,토요일,17:00,21.2
2021,8,상선,산성,2822,토요일,17:00,17.8
2021,8,하선,산성,2822,토요일,17:00,14.6
2021,8,상선,남한산성입구,2823,토요일,17:00,15.3
2021,8,하선,남한산성입구,2823,토요일,17:00,11.7
2021,8,상선,단대오거리,2824,토요일,17:00,12.1
2021,8,하선,단대오거리,2824,토요일,17:00,7.6
2021,8,상선,신흥,2825,토요일,17:00,9.2
2021,8,하선,신흥,2825,토요일,17:00,6.3
2021,8,상선,수진,2826,토요일,17:00,8.2
2021,8,하선,수진,2826,토요일,17:00,6.5
2021,8,상선,모란,2827,토요일,17:00,6.9
2021,8,하선,모란,2827,토요일,17:00,0.0
2022,8,상선,암사,2811,평일,17:00,0.0
2022,8,하선,암사,2811,평일,17:00,12.7
2022,8,상선,천호,2812,평일,17:00,24.4
2022,8,하선,천호,2812,평일,17:00,42.7
2022,8,상선,강동구청,2813,평일,17:00,73.3
2022,8,하선,강동구청,2813,평일,17:00,45.7
2022,8,상선,몽촌토성,2814,평일,17:00,82.5
2022,8,하선,몽촌토성,2814,평일,17:00,50.6
2022,8,상선,잠실,2815,평일,17:00,83.7
2022,8,하선,잠실,2815,평일,17:00,74.6
2022,8,상선,석촌,2816,평일,17:00,101.3
2022,8,하선,석촌,2816,평일,17:00,80.6
2022,8,상선,송파,2817,평일,17:00,112.0
2022,8,하선,송파,2817,평일,17:00,76.0
2022,8,상선,가락시장,2818,평일,17:00,106.0
2022,8,하선,가락시장,2818,평일,17:00,70.8
2022,8,상선,문정,2819,평일,17:00,99.4
2022,8,하선,문정,2819,평일,17:00,72.3
2022,8,상선,장지,2820,평일,17:00,68.0
2022,8,하선,장지,2820,평일,17:00,59.6
2022,8,상선,복정,2821,평일,17:00,56.7
2022,8,하선,복정,2821,평일,17:00,37.1
2022,8,상선,산성,2822,평일,17:00,31.4
2022,8,하선,산성,2822,평일,17:00,28.4
2022,8,상선,남한산성입구,2823,평일,17:00,28.5
2022,8,하선,남한산성입구,2823,평일,17:00,23.1
2022,8,상선,단대오거리,2824,평일,17:00,19.9
2022,8,하선,단대오거리,2824,평일,17:00,16.8
2022,8,상선,신흥,2825,평일,17:00,14.4
2022,8,하선,신흥,2825,평일,17:00,13.6
2022,8,상선,수진,2826,평일,17:00,12.6
2022,8,하선,수진,2826,평일,17:00,12.8
2022,8,상선,모란,2827,평일,17:00,11.0
2022,8,하선,모란,2827,평일,17:00,0.0
2022,8,상선,암사,2811,토요일,17:00,0.0
2022,8,하선,암사,2811,토요일,17:00,13.9
2022,8,상선,천호,2812,토요일,17:00,17.9
2022,8,하선,천호,2812,토요일,17:00,43.5
2022,8,상선,강동구청,2813,토요일,17:00,45.3
2022,8,하선,강동구청,2813,토요일,17:00,45.3
2022,8,상선,몽촌토성,2814,토요일,17:00,50.5
2022,8,하선,몽촌토성,2814,토요일,17:00,54.8
2022,8,상선,잠실,2815,토요일,17:00,56.8
2022,8,하선,잠실,2815,토요일,17:00,69.2
2022,8,상선,석촌,2816,토요일,17:00,70.5
2022,8,하선,석촌,2816,토요일,17:00,71.0
2022,8,상선,송파,2817,토요일,17:00,75.5
2022,8,하선,송파,2817,토요일,17:00,67.4
2022,8,상선,가락시장,2818,토요일,17:00,72.9
2022,8,하선,가락시장,2818,토요일,17:00,59.3
2022,8,상선,문정,2819,토요일,17:00,67.1
2022,8,하선,문정,2819,토요일,17:00,50.8
2022,8,상선,장지,2820,토요일,17:00,57.5
2022,8,하선,장지,2820,토요일,17:00,45.4
2022,8,상선,복정,2821,토요일,17:00,45.3
2022,8,하선,복정,2821,토요일,17:00,25.4
2022,8,상선,산성,2822,토요일,17:00,23.3
2022,8,하선,산성,2822,토요일,17:00,20.6
2022,8,상선,남한산성입구,2823,토요일,17:00,19.6
2022,8,하선,남한산성입구,2823,토요일,17:00,15.3
2022,8,상선,단대오거리,2824,토요일,17:00,15.6
2022,8,하선,단대오거리,2824,토요일,17:00,11.4
2022,8,상선,신흥,2825,토요일,17:00,12.9
2022,8,하선,신흥,2825,토요일,17:00,8.8
2022,8,상선,암사,2811,공휴일,17:00,0.0
2022,8,하선,암사,2811,공휴일,17:00,9.2
2022,8,상선,천호,2812,공휴일,17:00,13.4
2022,8,하선,천호,2812,공휴일,17:00,34.7
2022,8,상선,강동구청,2813,공휴일,17:00,33.0
2022,8,하선,강동구청,2813,공휴일,17:00,36.1
2022,8,상선,몽촌토성,2814,공휴일,17:00,38.7
2022,8,하선,몽촌토성,2814,공휴일,17:00,35.6
2022,8,상선,잠실,2815,공휴일,17:00,42.7
2022,8,하선,잠실,2815,공휴일,17:00,52.4
2022,8,상선,석촌,2816,공휴일,17:00,45.8
2022,8,하선,석촌,2816,공휴일,17:00,52.6
2022,8,상선,송파,2817,공휴일,17:00,50.5
2022,8,하선,송파,2817,공휴일,17:00,50.8
2022,8,상선,가락시장,2818,공휴일,17:00,47.7
2022,8,하선,가락시장,2818,공휴일,17:00,47.4
2022,8,상선,문정,2819,공휴일,17:00,42.6
2022,8,하선,문정,2819,공휴일,17:00,43.3
2022,8,상선,장지,2820,공휴일,17:00,35.7
2022,8,하선,장지,2820,공휴일,17:00,35.5
2022,8,상선,복정,2821,공휴일,17:00,27.6
2022,8,하선,복정,2821,공휴일,17:00,21.9
2022,8,상선,산성,2822,공휴일,17:00,13.7
2022,8,하선,산성,2822,공휴일,17:00,17.4
2022,8,상선,남한산성입구,2823,공휴일,17:00,11.7
2022,8,하선,남한산성입구,2823,공휴일,17:00,12.9
2022,8,상선,단대오거리,2824,공휴일,17:00,10.4
2022,8,하선,단대오거리,2824,공휴일,17:00,7.3
2022,8,상선,신흥,2825,공휴일,17:00,8.5
2022,8,하선,신흥,2825,공휴일,17:00,5.6
2022,8,상선,수진,2826,공휴일,17:00,6.7
2022,8,하선,수진,2826,공휴일,17:00,4.8
2022,8,상선,모란,2827,공휴일,17:00,6.0
2022,8,하선,모란,2827,공휴일,17:00,0.0
2023,8,상선,암사,2811,평일,17:00,0.0
2023,8,하선,암사,2811,평일,17:00,11.8
2023,8,상선,천호,2812,평일,17:00,24.7
2023,8,하선,천호,2812,평일,17:00,46.3
2023,8,상선,강동구청,2813,평일,17:00,76.4
2023,8,하선,강동구청,2813,평일,17:00,48.8
2023,8,상선,몽촌토성,2814,평일,17:00,88.7
2023,8,하선,몽촌토성,2814,평일,17:00,54.6
2023,8,상선,잠실,2815,평일,17:00,89.7
2023,8,하선,잠실,2815,평일,17:00,80.7
2023,8,상선,석촌,2816,평일,17:00,109.6
2023,8,하선,석촌,2816,평일,17:00,87.1
2023,8,상선,송파,2817,평일,17:00,118.0
2023,8,하선,송파,2817,평일,17:00,82.3
2023,8,상선,가락시장,2818,평일,17:00,111.4
2023,8,하선,가락시장,2818,평일,17:00,73.3
2023,8,상선,문정,2819,평일,17:00,102.8
2023,8,하선,문정,2819,평일,17:00,75.3
2023,8,상선,장지,2820,평일,17:00,69.6
2023,8,하선,장지,2820,평일,17:00,64.3
2023,8,상선,복정,2821,평일,17:00,57.0
2023,8,하선,복정,2821,평일,17:00,42.2
2023,8,상선,산성,2822,평일,17:00,29.0
2023,8,하선,산성,2822,평일,17:00,31.2
2023,8,상선,남한산성입구,2823,평일,17:00,26.8
2023,8,하선,남한산성입구,2823,평일,17:00,24.6
2023,8,상선,단대오거리,2824,평일,17:00,19.2
2023,8,하선,단대오거리,2824,평일,17:00,16.6
2023,8,상선,신흥,2825,평일,17:00,14.6
2023,8,하선,신흥,2825,평일,17:00,12.8
2023,8,상선,수진,2826,평일,17:00,13.5
2023,8,하선,수진,2826,평일,17:00,11.6
2023,8,상선,모란,2827,평일,17:00,12.3
2023,8,하선,모란,2827,평일,17:00,0.0
2023,8,상선,암사,2811,토요일,17:00,0.0
2023,8,하선,암사,2811,토요일,17:00,12.4
2023,8,상선,천호,2812,토요일,17:00,17.0
2023,8,하선,천호,2812,토요일,17:00,46.5
2023,8,상선,강동구청,2813,토요일,17:00,51.8
2023,8,하선,강동구청,2813,토요일,17:00,55.4
2023,8,상선,몽촌토성,2814,토요일,17:00,55.3
2023,8,하선,몽촌토성,2814,토요일,17:00,58.5
2023,8,상선,잠실,2815,토요일,17:00,60.2
2023,8,하선,잠실,2815,토요일,17:00,78.8
2023,8,상선,석촌,2816,토요일,17:00,75.3
2023,8,하선,석촌,2816,토요일,17:00,78.7
2023,8,상선,송파,2817,토요일,17:00,79.8
2023,8,하선,송파,2817,토요일,17:00,71.7
2023,8,상선,가락시장,2818,토요일,17:00,75.9
2023,8,하선,가락시장,2818,토요일,17:00,63.6
2023,8,상선,문정,2819,토요일,17:00,71.7
2023,8,하선,문정,2819,토요일,17:00,56.2
2023,8,상선,장지,2820,토요일,17:00,61.7
2023,8,하선,장지,2820,토요일,17:00,50.3
2023,8,상선,복정,2821,토요일,17:00,46.6
2023,8,하선,복정,2821,토요일,17:00,31.0
2023,8,상선,산성,2822,토요일,17:00,23.8
2023,8,하선,산성,2822,토요일,17:00,22.8
2023,8,상선,남한산성입구,2823,토요일,17:00,20.3
2023,8,하선,남한산성입구,2823,토요일,17:00,17.6
2023,8,상선,단대오거리,2824,토요일,17:00,17.1
2023,8,하선,단대오거리,2824,토요일,17:00,11.9
2023,8,상선,신흥,2825,토요일,17:00,14.1
2023,8,하선,신흥,2825,토요일,17:00,8.9
2023,8,상선,수진,2826,토요일,17:00,11.5
2023,8,하선,수진,2826,토요일,17:00,8.1
2023,8,상선,모란,2827,토요일,17:00,9.5
2023,8,하선,모란,2827,토요일,17:00,0.0
2023,8,상선,암사,2811,일요일,17:00,0.0
2023,8,하선,암사,2811,일요일,17:00,8.7
2023,8,상선,천호,2812,일요일,17:00,13.5
2023,8,하선,천호,2812,일요일,17:00,33.4
2023,8,상선,강동구청,2813,일요일,17:00,32.3
2023,8,하선,강동구청,2813,일요일,17:00,35.4
2023,8,상선,몽촌토성,2814,일요일,17:00,35.0
2023,8,하선,몽촌토성,2814,일요일,17:00,37.7
2023,8,상선,잠실,2815,일요일,17:00,38.8
2023,8,하선,잠실,2815,일요일,17:00,56.9
2023,8,상선,석촌,2816,일요일,17:00,44.9
2023,8,하선,석촌,2816,일요일,17:00,59.7
2023,8,상선,송파,2817,일요일,17:00,49.6
2023,8,하선,송파,2817,일요일,17:00,56.2
2023,8,상선,가락시장,2818,일요일,17:00,47.3
2023,8,하선,가락시장,2818,일요일,17:00,48.7
2023,8,상선,문정,2819,일요일,17:00,46.1
2023,8,하선,문정,2819,일요일,17:00,44.9
2023,8,상선,장지,2820,일요일,17:00,37.8
2023,8,하선,장지,2820,일요일,17:00,38.7
2023,8,상선,복정,2821,일요일,17:00,28.6
2023,8,하선,복정,2821,일요일,17:00,23.6
2023,8,상선,산성,2822,일요일,17:00,14.7
2023,8,하선,산성,2822,일요일,17:00,17.6
2023,8,상선,남한산성입구,2823,일요일,17:00,13.0
2023,8,하선,남한산성입구,2823,일요일,17:00,14.1
2023,8,상선,단대오거리,2824,일요일,17:00,11.8
2023,8,하선,단대오거리,2824,일요일,17:00,9.1
2023,8,상선,신흥,2825,일요일,17:00,10.6
2023,8,하선,신흥,2825,일요일,17:00,7.0
2023,8,상선,수진,2826,일요일,17:00,8.6
2023,8,하선,수진,2826,일요일,17:00,7.0
2023,8,상선,모란,2827,일요일,17:00,8.2
202403,8,상선,암사,2811,평일,17:00,0.0
202403,8,하선,암사,2811,평일,17:00,12.3
202403,8,상선,천호,2812,평일,17:00,24.5
202403,8,하선,천호,2812,평일,17:00,46.2
202403,8,상선,강동구청,2813,평일,17:00,75.4
202403,8,하선,강동구청,2813,평일,17:00,47.9
202403,8,상선,몽촌토성,2814,평일,17:00,86.6
202403,8,하선,몽촌토성,2814,평일,17:00,53.5
202403,8,상선,잠실,2815,평일,17:00,87.3
202403,8,하선,잠실,2815,평일,17:00,79.8
202403,8,상선,석촌,2816,평일,17:00,107.5
202403,8,하선,석촌,2816,평일,17:00,85.6
202403,8,상선,송파,2817,평일,17:00,119.0
202403,8,하선,송파,2817,평일,17:00,80.6
202403,8,상선,가락시장,2818,평일,17:00,112.9
202403,8,하선,가락시장,2818,평일,17:00,74.3
202403,8,상선,문정,2819,평일,17:00,105.4
202403,8,하선,문정,2819,평일,17:00,75.4
202403,8,상선,장지,2820,평일,17:00,72.7
202403,8,하선,장지,2820,평일,17:00,64.1
202403,8,상선,복정,2821,평일,17:00,60.0
202403,8,하선,복정,2821,평일,17:00,42.6
202403,8,상선,산성,2822,평일,17:00,30.5
202403,8,하선,산성,2822,평일,17:00,31.6
202403,8,상선,남한산성입구,2823,평일,17:00,28.6
202403,8,하선,남한산성입구,2823,평일,17:00,24.5
202403,8,상선,단대오거리,2824,평일,17:00,19.9
202403,8,하선,단대오거리,2824,평일,17:00,17.2
202403,8,상선,신흥,2825,평일,17:00,14.8
202403,8,하선,신흥,2825,평일,17:00,13.1
202403,8,상선,수진,2826,평일,17:00,13.3
202403,8,하선,수진,2826,평일,17:00,12.6
202403,8,상선,모란,2827,평일,17:00,12.6
202403,8,하선,모란,2827,평일,17:00,0.0
202403,8,상선,암사,2811,토요일,17:00,0.0
202403,8,하선,암사,2811,토요일,17:00,15.1
202403,8,상선,천호,2812,토요일,17:00,17.0
202403,8,하선,천호,2812,토요일,17:00,48.5
202403,8,상선,강동구청,2813,토요일,17:00,53.4
202403,8,하선,강동구청,2813,토요일,17:00,49.8
202403,8,상선,몽촌토성,2814,토요일,17:00,58.9
202403,8,하선,몽촌토성,2814,토요일,17:00,53.4
202403,8,상선,잠실,2815,토요일,17:00,60.5
202403,8,하선,잠실,2815,토요일,17:00,81.1
202403,8,상선,석촌,2816,토요일,17:00,74.3
202403,8,하선,석촌,2816,토요일,17:00,80.8
202403,8,상선,송파,2817,토요일,17:00,79.9
202403,8,하선,송파,2817,토요일,17:00,76.2
202403,8,상선,가락시장,2818,토요일,17:00,77.5
202403,8,하선,가락시장,2818,토요일,17:00,71.5
202403,8,상선,문정,2819,토요일,17:00,70.8
202403,8,하선,문정,2819,토요일,17:00,62.9
202403,8,상선,장지,2820,토요일,17:00,59.6
202403,8,하선,장지,2820,토요일,17:00,55.2
202403,8,상선,복정,2821,토요일,17:00,47.7
202403,8,하선,복정,2821,토요일,17:00,35.4
202403,8,상선,산성,2822,토요일,17:00,24.6
202403,8,하선,산성,2822,토요일,17:00,27.6
202403,8,상선,남한산성입구,2823,토요일,17:00,18.7
202403,8,하선,남한산성입구,2823,토요일,17:00,22.2
202403,8,상선,단대오거리,2824,토요일,17:00,15.8
202403,8,하선,단대오거리,2824,토요일,17:00,13.4
202403,8,상선,신흥,2825,토요일,17:00,12.6
202403,8,하선,신흥,2825,토요일,17:00,10.6
202403,8,상선,수진,2826,토요일,17:00,9.8
202403,8,하선,수진,2826,토요일,17:00,10.6
202403,8,상선,모란,2827,토요일,17:00,9.0
202403,8,하선,모란,2827,토요일,17:00,0.0
202403,8,상선,암사,2811,일요일,17:00,0.0
202403,8,하선,암사,2811,일요일,17:00,10.1
202403,8,상선,천호,2812,일요일,17:00,13.9
202403,8,하선,천호,2812,일요일,17:00,35.6
202403,8,상선,강동구청,2813,일요일,17:00,34.5
202403,8,하선,강동구청,2813,일요일,17:00,39.2
202403,8,상선,몽촌토성,2814,일요일,17:00,37.3
202403,8,하선,몽촌토성,2814,일요일,17:00,41.8
202403,8,상선,잠실,2815,일요일,17:00,46.2
202403,8,하선,잠실,2815,일요일,17:00,59.0
202403,8,상선,석촌,2816,일요일,17:00,48.8
202403,8,하선,석촌,2816,일요일,17:00,61.3
202403,8,상선,송파,2817,일요일,17:00,53.5
202403,8,하선,송파,2817,일요일,17:00,56.1
202403,8,상선,가락시장,2818,일요일,17:00,53.8
202403,8,하선,가락시장,2818,일요일,17:00,51.7
202403,8,상선,문정,2819,일요일,17:00,50.6
202403,8,하선,문정,2819,일요일,17:00,47.5
202403,8,상선,장지,2820,일요일,17:00,42.4
202403,8,하선,장지,2820,일요일,17:00,41.5
202403,8,상선,복정,2821,일요일,17:00,34.7
202403,8,하선,복정,2821,일요일,17:00,27.5
202403,8,상선,산성,2822,일요일,17:00,16.9
202403,8,하선,산성,2822,일요일,17:00,20.4
202403,8,상선,남한산성입구,2823,일요일,17:00,14.9
202403,8,하선,남한산성입구,2823,일요일,17:00,15.7
202403,8,상선,단대오거리,2824,일요일,17:00,13.7
202403,8,하선,단대오거리,2824,일요일,17:00,11.2
202403,8,상선,신흥,2825,일요일,17:00,13.2
202403,8,하선,신흥,2825,일요일,17:00,8.4
202403,8,상선,수진,2826,일요일,17:00,12.3
202403,8,하선,수진,2826,일요일,17:00,7.1
202403,8,상선,모란,2827,일요일,17:00,12.2
202406,8,상선,암사,2811,평일,17:00,0.0
202406,8,하선,암사,2811,평일,17:00,12.4
202406,8,상선,천호,2812,평일,17:00,23.9
202406,8,하선,천호,2812,평일,17:00,45.5
202406,8,상선,강동구청,2813,평일,17:00,70.2
202406,8,하선,강동구청,2813,평일,17:00,48.3
202406,8,상선,몽촌토성,2814,평일,17:00,80.4
202406,8,하선,몽촌토성,2814,평일,17:00,53.8
202406,8,상선,잠실,2815,평일,17:00,81.2
202406,8,하선,잠실,2815,평일,17:00,77.9
202406,8,상선,석촌,2816,평일,17:00,99.4
202406,8,하선,석촌,2816,평일,17:00,85.6
202406,8,상선,송파,2817,평일,17:00,107.6
202406,8,하선,송파,2817,평일,17:00,81.2
202406,8,상선,가락시장,2818,평일,17:00,103.4
202406,8,하선,가락시장,2818,평일,17:00,72.1
202406,8,상선,문정,2819,평일,17:00,94.4
202406,8,하선,문정,2819,평일,17:00,74.5
202406,8,상선,장지,2820,평일,17:00,63.5
202406,8,하선,장지,2820,평일,17:00,61.6
202406,8,상선,복정,2821,평일,17:00,51.7
202406,8,하선,복정,2821,평일,17:00,40.0
202406,8,상선,산성,2822,평일,17:00,24.9
202406,8,하선,산성,2822,평일,17:00,27.8
202406,8,상선,남한산성입구,2823,평일,17:00,23.0
202406,8,하선,남한산성입구,2823,평일,17:00,22.2
202406,8,상선,단대오거리,2824,평일,17:00,18.0
202406,8,하선,단대오거리,2824,평일,17:00,15.1
202406,8,상선,신흥,2825,평일,17:00,13.6
202406,8,하선,신흥,2825,평일,17:00,11.4
202406,8,상선,수진,2826,평일,17:00,12.4
202406,8,하선,수진,2826,평일,17:00,11.2
202406,8,상선,모란,2827,평일,17:00,11.3
202406,8,하선,모란,2827,평일,17:00,0.0
202406,8,상선,암사,2811,토요일,17:00,0.0
202406,8,하선,암사,2811,토요일,17:00,12.5
202406,8,상선,천호,2812,토요일,17:00,15.6
202406,8,하선,천호,2812,토요일,17:00,41.2
202406,8,상선,강동구청,2813,토요일,17:00,43.3
202406,8,하선,강동구청,2813,토요일,17:00,44.1
202406,8,상선,몽촌토성,2814,토요일,17:00,46.2
202406,8,하선,몽촌토성,2814,토요일,17:00,45.7
202406,8,상선,잠실,2815,토요일,17:00,50.8
202406,8,하선,잠실,2815,토요일,17:00,65.4
202406,8,상선,석촌,2816,토요일,17:00,63.2
202406,8,하선,석촌,2816,토요일,17:00,67.7
202406,8,상선,송파,2817,토요일,17:00,71.4
202406,8,하선,송파,2817,토요일,17:00,61.4
202406,8,상선,가락시장,2818,토요일,17:00,69.2
202406,8,하선,가락시장,2818,토요일,17:00,56.9
202406,8,상선,문정,2819,토요일,17:00,61.2
202406,8,하선,문정,2819,토요일,17:00,49.8
202406,8,상선,장지,2820,토요일,17:00,53.8
202406,8,하선,장지,2820,토요일,17:00,44.3
202406,8,상선,복정,2821,토요일,17:00,41.6
202406,8,하선,복정,2821,토요일,17:00,27.7
202406,8,상선,산성,2822,토요일,17:00,19.6
202406,8,하선,산성,2822,토요일,17:00,20.4
202406,8,상선,남한산성입구,2823,토요일,17:00,15.3
202406,8,하선,남한산성입구,2823,토요일,17:00,16.0
202406,8,상선,단대오거리,2824,토요일,17:00,12.7
202406,8,하선,단대오거리,2824,토요일,17:00,10.4
202406,8,상선,신흥,2825,토요일,17:00,9.6
202406,8,하선,신흥,2825,토요일,17:00,8.1
202406,8,상선,수진,2826,토요일,17:00,8.6
202406,8,하선,수진,2826,토요일,17:00,7.5
202406,8,상선,모란,2827,토요일,17:00,8.1
202406,8,하선,모란,2827,토요일,17:00,0.0
202406,8,상선,암사,2811,일요일,17:00,0.0
202406,8,하선,암사,2811,일요일,17:00,9.5
202406,8,상선,천호,2812,일요일,17:00,13.0
202406,8,하선,천호,2812,일요일,17:00,27.6
202406,8,상선,강동구청,2813,일요일,17:00,32.6
202406,8,하선,강동구청,2813,일요일,17:00,28.4
202406,8,상선,몽촌토성,2814,일요일,17:00,36.3
202406,8,하선,몽촌토성,2814,일요일,17:00,29.6
202406,8,상선,잠실,2815,일요일,17:00,38.9
202406,8,하선,잠실,2815,일요일,17:00,48.1
202406,8,상선,석촌,2816,일요일,17:00,43.0
202406,8,하선,석촌,2816,일요일,17:00,49.9
202406,8,상선,송파,2817,일요일,17:00,49.2
202406,8,하선,송파,2817,일요일,17:00,47.0
202406,8,상선,가락시장,2818,일요일,17:00,47.2
202406,8,하선,가락시장,2818,일요일,17:00,39.9
202406,8,상선,문정,2819,일요일,17:00,44.3
202406,8,하선,문정,2819,일요일,17:00,36.5
202406,8,상선,장지,2820,일요일,17:00,39.1
202406,8,하선,장지,2820,일요일,17:00,30.7
202406,8,상선,복정,2821,일요일,17:00,29.4
202406,8,하선,복정,2821,일요일,17:00,21.7
202406,8,상선,산성,2822,일요일,17:00,14.0
202406,8,하선,산성,2822,일요일,17:00,16.5
202406,8,상선,남한산성입구,2823,일요일,17:00,11.8
202406,8,하선,남한산성입구,2823,일요일,17:00,12.0
202406,8,상선,단대오거리,2824,일요일,17:00,10.3
202406,8,하선,단대오거리,2824,일요일,17:00,7.7
202406,8,상선,신흥,2825,일요일,17:00,8.9
202406,8,하선,신흥,2825,일요일,17:00,5.6
202406,8,상선,수진,2826,일요일,17:00,7.5
202406,8,하선,수진,2826,일요일,17:00,5.5
202406,8,상선,모란,2827,일요일,17:00,6.8
2020,8,상선,암사,2811,평일,17:30,0.0
2020,8,하선,암사,2811,평일,17:30,8.9
2020,8,상선,천호,2812,평일,17:30,23.1
2020,8,하선,천호,2812,평일,17:30,33.2
2020,8,상선,강동구청,2813,평일,17:30,63.1
2020,8,하선,강동구청,2813,평일,17:30,35.4
2020,8,상선,몽촌토성,2814,평일,17:30,68.4
2020,8,하선,몽촌토성,2814,평일,17:30,39.0
2020,8,상선,잠실,2815,평일,17:30,73.6
2020,8,하선,잠실,2815,평일,17:30,66.6
2020,8,상선,석촌,2816,평일,17:30,73.1
2020,8,하선,석촌,2816,평일,17:30,74.3
2020,8,상선,송파,2817,평일,17:30,78.8
2020,8,하선,송파,2817,평일,17:30,67.1
2020,8,상선,가락시장,2818,평일,17:30,75.3
2020,8,하선,가락시장,2818,평일,17:30,63.6
2020,8,상선,문정,2819,평일,17:30,69.0
2020,8,하선,문정,2819,평일,17:30,62.9
2020,8,상선,장지,2820,평일,17:30,44.5
2020,8,하선,장지,2820,평일,17:30,54.3
2020,8,상선,복정,2821,평일,17:30,37.6
2020,8,하선,복정,2821,평일,17:30,33.6
2020,8,상선,산성,2822,평일,17:30,17.6
2020,8,하선,산성,2822,평일,17:30,26.1
2020,8,상선,남한산성입구,2823,평일,17:30,14.5
2020,8,하선,남한산성입구,2823,평일,17:30,18.5
2020,8,상선,단대오거리,2824,평일,17:30,11.1
2020,8,하선,단대오거리,2824,평일,17:30,11.9
2020,8,상선,신흥,2825,평일,17:30,8.6
2020,8,하선,신흥,2825,평일,17:30,8.8
2020,8,상선,수진,2826,평일,17:30,8.4
2020,8,하선,수진,2826,평일,17:30,7.4
2020,8,상선,모란,2827,평일,17:30,8.3
2020,8,하선,모란,2827,평일,17:30,0.0
2020,8,상선,암사,2811,토요일,17:30,0.0
2020,8,하선,암사,2811,토요일,17:30,9.3
2020,8,상선,천호,2812,토요일,17:30,15.1
2020,8,하선,천호,2812,토요일,17:30,28.3
2020,8,상선,강동구청,2813,토요일,17:30,35.2
2020,8,하선,강동구청,2813,토요일,17:30,33.3
2020,8,상선,몽촌토성,2814,토요일,17:30,37.9
2020,8,하선,몽촌토성,2814,토요일,17:30,34.4
2020,8,상선,잠실,2815,토요일,17:30,38.6
2020,8,하선,잠실,2815,토요일,17:30,46.9
2020,8,상선,석촌,2816,토요일,17:30,43.3
2020,8,하선,석촌,2816,토요일,17:30,53.1
2020,8,상선,송파,2817,토요일,17:30,47.1
2020,8,하선,송파,2817,토요일,17:30,45.6
2020,8,상선,가락시장,2818,토요일,17:30,47.9
2020,8,하선,가락시장,2818,토요일,17:30,41.2
2020,8,상선,문정,2819,토요일,17:30,42.3
2020,8,하선,문정,2819,토요일,17:30,36.6
2020,8,상선,장지,2820,토요일,17:30,40.3
2020,8,하선,장지,2820,토요일,17:30,27.8
2020,8,상선,복정,2821,토요일,17:30,32.9
2020,8,하선,복정,2821,토요일,17:30,15.6
2020,8,상선,산성,2822,토요일,17:30,14.5
2020,8,하선,산성,2822,토요일,17:30,12.7
2020,8,상선,남한산성입구,2823,토요일,17:30,11.5
2020,8,하선,남한산성입구,2823,토요일,17:30,12.1
2020,8,상선,단대오거리,2824,토요일,17:30,9.7
2020,8,하선,단대오거리,2824,토요일,17:30,9.6
2020,8,상선,신흥,2825,토요일,17:30,8.7
2020,8,하선,신흥,2825,토요일,17:30,7.0
2020,8,상선,수진,2826,토요일,17:30,7.9
2020,8,하선,수진,2826,토요일,17:30,6.1
2020,8,상선,모란,2827,토요일,17:30,7.5
2020,8,하선,모란,2827,토요일,17:30,0.0
2020,8,상선,암사,2811,일요일,17:30,0.0
2020,8,하선,암사,2811,일요일,17:30,5.8
2020,8,상선,천호,2812,일요일,17:30,10.6
2020,8,하선,천호,2812,일요일,17:30,20.2
2020,8,상선,강동구청,2813,일요일,17:30,21.9
2020,8,하선,강동구청,2813,일요일,17:30,21.9
2020,8,상선,몽촌토성,2814,일요일,17:30,27.4
2020,8,하선,몽촌토성,2814,일요일,17:30,23.5
2020,8,상선,잠실,2815,일요일,17:30,25.7
2020,8,하선,잠실,2815,일요일,17:30,34.8
2020,8,상선,석촌,2816,일요일,17:30,27.8
2020,8,하선,석촌,2816,일요일,17:30,31.0
2020,8,상선,송파,2817,일요일,17:30,29.7
2020,8,하선,송파,2817,일요일,17:30,31.5
2020,8,상선,가락시장,2818,일요일,17:30,23.3
2021,8,상선,암사,2811,평일,17:30,0.0
2021,8,하선,암사,2811,평일,17:30,10.3
2021,8,상선,천호,2812,평일,17:30,24.4
2021,8,하선,천호,2812,평일,17:30,37.0
2021,8,상선,강동구청,2813,평일,17:30,75.0
2021,8,하선,강동구청,2813,평일,17:30,40.2
2021,8,상선,몽촌토성,2814,평일,17:30,81.5
2021,8,하선,몽촌토성,2814,평일,17:30,42.2
2021,8,상선,잠실,2815,평일,17:30,79.7
2021,8,하선,잠실,2815,평일,17:30,65.4
2021,8,상선,석촌,2816,평일,17:30,80.8
2021,8,하선,석촌,2816,평일,17:30,73.3
2021,8,상선,송파,2817,평일,17:30,87.4
2021,8,하선,송파,2817,평일,17:30,68.8
2021,8,상선,가락시장,2818,평일,17:30,84.7
2021,8,하선,가락시장,2818,평일,17:30,65.1
2021,8,상선,문정,2819,평일,17:30,78.9
2021,8,하선,문정,2819,평일,17:30,64.6
2021,8,상선,장지,2820,평일,17:30,50.1
2021,8,하선,장지,2820,평일,17:30,55.9
2021,8,상선,복정,2821,평일,17:30,39.5
2021,8,하선,복정,2821,평일,17:30,33.6
2021,8,상선,산성,2822,평일,17:30,17.1
2021,8,하선,산성,2822,평일,17:30,27.3
2021,8,상선,남한산성입구,2823,평일,17:30,15.7
2021,8,하선,남한산성입구,2823,평일,17:30,19.5
2021,8,상선,단대오거리,2824,평일,17:30,12.6
2021,8,하선,단대오거리,2824,평일,17:30,12.5
2021,8,상선,신흥,2825,평일,17:30,9.6
2021,8,하선,신흥,2825,평일,17:30,9.6
2021,8,상선,수진,2826,평일,17:30,9.3
2021,8,하선,수진,2826,평일,17:30,7.9
2021,8,상선,모란,2827,평일,17:30,9.5
2021,8,하선,모란,2827,평일,17:30,0.0
2021,8,상선,암사,2811,토요일,17:30,0.0
2021,8,하선,암사,2811,토요일,17:30,10.0
2021,8,상선,천호,2812,토요일,17:30,13.6
2021,8,하선,천호,2812,토요일,17:30,33.8
2021,8,상선,강동구청,2813,토요일,17:30,37.0
2021,8,하선,강동구청,2813,토요일,17:30,37.3
2021,8,상선,몽촌토성,2814,토요일,17:30,37.7
2021,8,하선,몽촌토성,2814,토요일,17:30,39.0
2021,8,상선,잠실,2815,토요일,17:30,41.6
2021,8,하선,잠실,2815,토요일,17:30,51.8
2021,8,상선,석촌,2816,토요일,17:30,48.0
2021,8,하선,석촌,2816,토요일,17:30,58.0
2021,8,상선,송파,2817,토요일,17:30,52.4
2021,8,하선,송파,2817,토요일,17:30,47.9
2021,8,상선,가락시장,2818,토요일,17:30,53.3
2021,8,하선,가락시장,2818,토요일,17:30,41.9
2021,8,상선,문정,2819,토요일,17:30,50.1
2021,8,하선,문정,2819,토요일,17:30,36.8
2021,8,상선,장지,2820,토요일,17:30,40.8
2021,8,하선,장지,2820,토요일,17:30,36.5
2021,8,상선,복정,2821,토요일,17:30,33.4
2021,8,하선,복정,2821,토요일,17:30,24.4
2021,8,상선,산성,2822,토요일,17:30,16.0
2021,8,하선,산성,2822,토요일,17:30,21.8
2021,8,상선,남한산성입구,2823,토요일,17:30,13.4
2021,8,하선,남한산성입구,2823,토요일,17:30,14.1
2021,8,상선,단대오거리,2824,토요일,17:30,11.6
2021,8,하선,단대오거리,2824,토요일,17:30,9.0
2021,8,상선,신흥,2825,토요일,17:30,10.2
2021,8,하선,신흥,2825,토요일,17:30,7.2
2021,8,상선,수진,2826,토요일,17:30,8.3
2021,8,하선,수진,2826,토요일,17:30,6.1
2021,8,상선,모란,2827,토요일,17:30,7.5
2021,8,하선,모란,2827,토요일,17:30,0.0
2022,8,상선,암사,2811,평일,17:30,0.0
2022,8,하선,암사,2811,평일,17:30,11.4
2022,8,상선,천호,2812,평일,17:30,25.1
2022,8,하선,천호,2812,평일,17:30,44.0
2022,8,상선,강동구청,2813,평일,17:30,81.1
2022,8,하선,강동구청,2813,평일,17:30,48.0
2022,8,상선,몽촌토성,2814,평일,17:30,85.4
2022,8,하선,몽촌토성,2814,평일,17:30,52.2
2022,8,상선,잠실,2815,평일,17:30,87.8
2022,8,하선,잠실,2815,평일,17:30,87.9
2022,8,상선,석촌,2816,평일,17:30,89.7
2022,8,하선,석촌,2816,평일,17:30,103.6
2022,8,상선,송파,2817,평일,17:30,97.2
2022,8,하선,송파,2817,평일,17:30,96.4
2022,8,상선,가락시장,2818,평일,17:30,93.6
2022,8,하선,가락시장,2818,평일,17:30,88.4
2022,8,상선,문정,2819,평일,17:30,87.0
2022,8,하선,문정,2819,평일,17:30,88.1
2022,8,상선,장지,2820,평일,17:30,58.2
2022,8,하선,장지,2820,평일,17:30,74.9
2022,8,상선,복정,2821,평일,17:30,46.0
2022,8,하선,복정,2821,평일,17:30,50.6
2022,8,상선,산성,2822,평일,17:30,19.0
2022,8,하선,산성,2822,평일,17:30,35.8
2022,8,상선,남한산성입구,2823,평일,17:30,18.1
2022,8,하선,남한산성입구,2823,평일,17:30,25.5
2022,8,상선,단대오거리,2824,평일,17:30,13.2
2022,8,하선,단대오거리,2824,평일,17:30,16.5
2022,8,상선,신흥,2825,평일,17:30,10.1
2022,8,하선,신흥,2825,평일,17:30,12.5
2022,8,상선,수진,2826,평일,17:30,9.6
2022,8,하선,수진,2826,평일,17:30,10.6
2022,8,상선,모란,2827,평일,17:30,9.6
2022,8,하선,모란,2827,평일,17:30,0.0
2022,8,상선,암사,2811,토요일,17:30,0.0
2022,8,하선,암사,2811,토요일,17:30,11.5
2022,8,상선,천호,2812,토요일,17:30,16.7
2022,8,하선,천호,2812,토요일,17:30,42.0
2022,8,상선,강동구청,2813,토요일,17:30,47.7
2022,8,하선,강동구청,2813,토요일,17:30,43.6
2022,8,상선,몽촌토성,2814,토요일,17:30,52.0
2022,8,하선,몽촌토성,2814,토요일,17:30,49.0
2022,8,상선,잠실,2815,토요일,17:30,51.2
2022,8,하선,잠실,2815,토요일,17:30,68.6
2022,8,상선,석촌,2816,토요일,17:30,63.2
2022,8,하선,석촌,2816,토요일,17:30,70.9
2022,8,상선,송파,2817,토요일,17:30,68.0
2022,8,하선,송파,2817,토요일,17:30,66.6
2022,8,상선,가락시장,2818,토요일,17:30,66.0
2022,8,하선,가락시장,2818,토요일,17:30,58.5
2022,8,상선,문정,2819,토요일,17:30,60.8
2022,8,하선,문정,2819,토요일,17:30,53.7
2022,8,상선,장지,2820,토요일,17:30,53.1
2022,8,하선,장지,2820,토요일,17:30,45.2
2022,8,상선,복정,2821,토요일,17:30,44.6
2022,8,하선,복정,2821,토요일,17:30,32.3
2022,8,상선,산성,2822,토요일,17:30,20.6
2022,8,하선,산성,2822,토요일,17:30,24.0
2022,8,상선,남한산성입구,2823,토요일,17:30,17.7
2022,8,하선,남한산성입구,2823,토요일,17:30,18.3
2022,8,상선,단대오거리,2824,토요일,17:30,14.9
2022,8,하선,단대오거리,2824,토요일,17:30,11.8
2022,8,상선,신흥,2825,토요일,17:30,11.9
2022,8,하선,신흥,2825,토요일,17:30,9.6
2022,8,상선,암사,2811,공휴일,17:30,0.0
2022,8,하선,암사,2811,공휴일,17:30,7.3
2022,8,상선,천호,2812,공휴일,17:30,11.9
2022,8,하선,천호,2812,공휴일,17:30,24.3
2022,8,상선,강동구청,2813,공휴일,17:30,34.1
2022,8,하선,강동구청,2813,공휴일,17:30,25.7
2022,8,상선,몽촌토성,2814,공휴일,17:30,36.4
2022,8,하선,몽촌토성,2814,공휴일,17:30,28.6
2022,8,상선,잠실,2815,공휴일,17:30,34.0
2022,8,하선,잠실,2815,공휴일,17:30,43.7
2022,8,상선,석촌,2816,공휴일,17:30,37.4
2022,8,하선,석촌,2816,공휴일,17:30,53.0
2022,8,상선,송파,2817,공휴일,17:30,41.1
2022,8,하선,송파,2817,공휴일,17:30,49.3
2022,8,상선,가락시장,2818,공휴일,17:30,41.1
2022,8,하선,가락시장,2818,공휴일,17:30,43.7
2022,8,상선,문정,2819,공휴일,17:30,36.9
2022,8,하선,문정,2819,공휴일,17:30,39.7
2022,8,상선,장지,2820,공휴일,17:30,31.9
2022,8,하선,장지,2820,공휴일,17:30,33.2
2022,8,상선,복정,2821,공휴일,17:30,26.5
2022,8,하선,복정,2821,공휴일,17:30,21.9
2022,8,상선,산성,2822,공휴일,17:30,12.3
2022,8,하선,산성,2822,공휴일,17:30,15.0
2022,8,상선,남한산성입구,2823,공휴일,17:30,10.4
2022,8,하선,남한산성입구,2823,공휴일,17:30,10.8
2022,8,상선,단대오거리,2824,공휴일,17:30,9.5
2022,8,하선,단대오거리,2824,공휴일,17:30,8.3
2022,8,상선,신흥,2825,공휴일,17:30,8.5
2022,8,하선,신흥,2825,공휴일,17:30,6.6
2022,8,상선,수진,2826,공휴일,17:30,7.5
2022,8,하선,수진,2826,공휴일,17:30,5.6
2022,8,상선,모란,2827,공휴일,17:30,7.3
2022,8,하선,모란,2827,공휴일,17:30,0.0
2023,8,상선,암사,2811,평일,17:30,0.0
2023,8,하선,암사,2811,평일,17:30,11.2
2023,8,상선,천호,2812,평일,17:30,26.2
2023,8,하선,천호,2812,평일,17:30,43.7
2023,8,상선,강동구청,2813,평일,17:30,85.3
2023,8,하선,강동구청,2813,평일,17:30,50.3
2023,8,상선,몽촌토성,2814,평일,17:30,86.6
2023,8,하선,몽촌토성,2814,평일,17:30,54.1
2023,8,상선,잠실,2815,평일,17:30,89.2
2023,8,하선,잠실,2815,평일,17:30,93.6
2023,8,상선,석촌,2816,평일,17:30,93.6
2023,8,하선,석촌,2816,평일,17:30,105.2
2023,8,상선,송파,2817,평일,17:30,100.5
2023,8,하선,송파,2817,평일,17:30,98.1
2023,8,상선,가락시장,2818,평일,17:30,99.2
2023,8,하선,가락시장,2818,평일,17:30,93.6
2023,8,상선,문정,2819,평일,17:30,91.2
2023,8,하선,문정,2819,평일,17:30,93.8
2023,8,상선,장지,2820,평일,17:30,59.6
2023,8,하선,장지,2820,평일,17:30,82.6
2023,8,상선,복정,2821,평일,17:30,45.7
2023,8,하선,복정,2821,평일,17:30,57.8
2023,8,상선,산성,2822,평일,17:30,19.0
2023,8,하선,산성,2822,평일,17:30,40.9
2023,8,상선,남한산성입구,2823,평일,17:30,17.9
2023,8,하선,남한산성입구,2823,평일,17:30,30.4
2023,8,상선,단대오거리,2824,평일,17:30,12.9
2023,8,하선,단대오거리,2824,평일,17:30,17.5
2023,8,상선,신흥,2825,평일,17:30,10.5
2023,8,하선,신흥,2825,평일,17:30,12.2
2023,8,상선,수진,2826,평일,17:30,9.9
2023,8,하선,수진,2826,평일,17:30,10.0
2023,8,상선,모란,2827,평일,17:30,9.9
2023,8,하선,모란,2827,평일,17:30,0.0
2023,8,상선,암사,2811,토요일,17:30,0.0
2023,8,하선,암사,2811,토요일,17:30,11.6
2023,8,상선,천호,2812,토요일,17:30,18.8
2023,8,하선,천호,2812,토요일,17:30,47.6
2023,8,상선,강동구청,2813,토요일,17:30,53.1
2023,8,하선,강동구청,2813,토요일,17:30,46.7
2023,8,상선,몽촌토성,2814,토요일,17:30,55.5
2023,8,하선,몽촌토성,2814,토요일,17:30,50.9
2023,8,상선,잠실,2815,토요일,17:30,55.0
2023,8,하선,잠실,2815,토요일,17:30,76.0
2023,8,상선,석촌,2816,토요일,17:30,67.7
2023,8,하선,석촌,2816,토요일,17:30,82.8
2023,8,상선,송파,2817,토요일,17:30,72.9
2023,8,하선,송파,2817,토요일,17:30,79.5
2023,8,상선,가락시장,2818,토요일,17:30,70.7
2023,8,하선,가락시장,2818,토요일,17:30,68.5
2023,8,상선,문정,2819,토요일,17:30,68.6
2023,8,하선,문정,2819,토요일,17:30,59.4
2023,8,상선,장지,2820,토요일,17:30,57.7
2023,8,하선,장지,2820,토요일,17:30,52.9
2023,8,상선,복정,2821,토요일,17:30,48.0
2023,8,하선,복정,2821,토요일,17:30,35.1
2023,8,상선,산성,2822,토요일,17:30,21.3
2023,8,하선,산성,2822,토요일,17:30,26.9
2023,8,상선,남한산성입구,2823,토요일,17:30,17.9
2023,8,하선,남한산성입구,2823,토요일,17:30,20.8
2023,8,상선,단대오거리,2824,토요일,17:30,16.7
2023,8,하선,단대오거리,2824,토요일,17:30,14.0
2023,8,상선,신흥,2825,토요일,17:30,13.8
2023,8,하선,신흥,2825,토요일,17:30,11.1
2023,8,상선,수진,2826,토요일,17:30,11.8
2023,8,하선,수진,2826,토요일,17:30,10.3
2023,8,상선,모란,2827,토요일,17:30,10.3
2023,8,하선,모란,2827,토요일,17:30,0.0
2023,8,상선,암사,2811,일요일,17:30,0.0
2023,8,하선,암사,2811,일요일,17:30,7.1
2023,8,상선,천호,2812,일요일,17:30,13.9
2023,8,하선,천호,2812,일요일,17:30,30.7
2023,8,상선,강동구청,2813,일요일,17:30,36.3
2023,8,하선,강동구청,2813,일요일,17:30,31.9
2023,8,상선,몽촌토성,2814,일요일,17:30,40.8
2023,8,하선,몽촌토성,2814,일요일,17:30,36.9
2023,8,상선,잠실,2815,일요일,17:30,40.8
2023,8,하선,잠실,2815,일요일,17:30,56.7
2023,8,상선,석촌,2816,일요일,17:30,42.2
2023,8,하선,석촌,2816,일요일,17:30,59.9
2023,8,상선,송파,2817,일요일,17:30,43.8
2023,8,하선,송파,2817,일요일,17:30,55.1
2023,8,상선,가락시장,2818,일요일,17:30,43.1
2023,8,하선,가락시장,2818,일요일,17:30,48.0
2023,8,상선,문정,2819,일요일,17:30,41.9
2023,8,하선,문정,2819,일요일,17:30,42.8
2023,8,상선,장지,2820,일요일,17:30,36.4
2023,8,하선,장지,2820,일요일,17:30,36.5
2023,8,상선,복정,2821,일요일,17:30,29.5
2023,8,하선,복정,2821,일요일,17:30,25.0
2023,8,상선,산성,2822,일요일,17:30,13.7
2023,8,하선,산성,2822,일요일,17:30,18.7
2023,8,상선,남한산성입구,2823,일요일,17:30,11.6
2023,8,하선,남한산성입구,2823,일요일,17:30,14.1
2023,8,상선,단대오거리,2824,일요일,17:30,10.6
2023,8,하선,단대오거리,2824,일요일,17:30,8.2
2023,8,상선,신흥,2825,일요일,17:30,9.4
2023,8,하선,신흥,2825,일요일,17:30,5.8
2023,8,상선,수진,2826,일요일,17:30,8.3
2023,8,하선,수진,2826,일요일,17:30,5.3
2023,8,상선,모란,2827,일요일,17:30,7.9
202403,8,상선,암사,2811,평일,17:30,0.0
202403,8,하선,암사,2811,평일,17:30,10.7
202403,8,상선,천호,2812,평일,17:30,28.2
202403,8,하선,천호,2812,평일,17:30,42.7
202403,8,상선,강동구청,2813,평일,17:30,87.3
202403,8,하선,강동구청,2813,평일,17:30,48.4
202403,8,상선,몽촌토성,2814,평일,17:30,91.4
202403,8,하선,몽촌토성,2814,평일,17:30,52.4
202403,8,상선,잠실,2815,평일,17:30,94.0
202403,8,하선,잠실,2815,평일,17:30,94.2
202403,8,상선,석촌,2816,평일,17:30,94.7
202403,8,하선,석촌,2816,평일,17:30,108.3
202403,8,상선,송파,2817,평일,17:30,102.4
202403,8,하선,송파,2817,평일,17:30,99.9
202403,8,상선,가락시장,2818,평일,17:30,100.6
202403,8,하선,가락시장,2818,평일,17:30,94.3
202403,8,상선,문정,2819,평일,17:30,93.3
202403,8,하선,문정,2819,평일,17:30,94.6
202403,8,상선,장지,2820,평일,17:30,61.2
202403,8,하선,장지,2820,평일,17:30,83.0
202403,8,상선,복정,2821,평일,17:30,47.9
202403,8,하선,복정,2821,평일,17:30,59.9
202403,8,상선,산성,2822,평일,17:30,20.7
202403,8,하선,산성,2822,평일,17:30,40.7
202403,8,상선,남한산성입구,2823,평일,17:30,19.7
202403,8,하선,남한산성입구,2823,평일,17:30,30.4
202403,8,상선,단대오거리,2824,평일,17:30,14.1
202403,8,하선,단대오거리,2824,평일,17:30,17.6
202403,8,상선,신흥,2825,평일,17:30,10.9
202403,8,하선,신흥,2825,평일,17:30,13.1
202403,8,상선,수진,2826,평일,17:30,10.2
202403,8,하선,수진,2826,평일,17:30,10.8
202403,8,상선,모란,2827,평일,17:30,10.5
202403,8,하선,모란,2827,평일,17:30,0.0
202403,8,상선,암사,2811,토요일,17:30,0.0
202403,8,하선,암사,2811,토요일,17:30,12.1
202403,8,상선,천호,2812,토요일,17:30,20.4
202403,8,하선,천호,2812,토요일,17:30,43.4
202403,8,상선,강동구청,2813,토요일,17:30,52.1
202403,8,하선,강동구청,2813,토요일,17:30,45.6
202403,8,상선,몽촌토성,2814,토요일,17:30,56.4
202403,8,하선,몽촌토성,2814,토요일,17:30,52.0
202403,8,상선,잠실,2815,토요일,17:30,59.3
202403,8,하선,잠실,2815,토요일,17:30,75.4
202403,8,상선,석촌,2816,토요일,17:30,65.0
202403,8,하선,석촌,2816,토요일,17:30,82.6
202403,8,상선,송파,2817,토요일,17:30,67.1
202403,8,하선,송파,2817,토요일,17:30,78.2
202403,8,상선,가락시장,2818,토요일,17:30,66.5
202403,8,하선,가락시장,2818,토요일,17:30,71.1
202403,8,상선,문정,2819,토요일,17:30,63.1
202403,8,하선,문정,2819,토요일,17:30,63.5
202403,8,상선,장지,2820,토요일,17:30,53.0
202403,8,하선,장지,2820,토요일,17:30,54.5
202403,8,상선,복정,2821,토요일,17:30,44.1
202403,8,하선,복정,2821,토요일,17:30,37.5
202403,8,상선,산성,2822,토요일,17:30,18.9
202403,8,하선,산성,2822,토요일,17:30,27.1
202403,8,상선,남한산성입구,2823,토요일,17:30,16.0
202403,8,하선,남한산성입구,2823,토요일,17:30,22.0
202403,8,상선,단대오거리,2824,토요일,17:30,14.4
202403,8,하선,단대오거리,2824,토요일,17:30,13.9
202403,8,상선,신흥,2825,토요일,17:30,12.0
202403,8,하선,신흥,2825,토요일,17:30,10.6
202403,8,상선,수진,2826,토요일,17:30,11.9
202403,8,하선,수진,2826,토요일,17:30,9.3
202403,8,상선,모란,2827,토요일,17:30,10.1
202403,8,하선,모란,2827,토요일,17:30,0.0
202403,8,상선,암사,2811,일요일,17:30,0.0
202403,8,하선,암사,2811,일요일,17:30,8.7
202403,8,상선,천호,2812,일요일,17:30,14.9
202403,8,하선,천호,2812,일요일,17:30,28.5
202403,8,상선,강동구청,2813,일요일,17:30,41.8
202403,8,하선,강동구청,2813,일요일,17:30,28.6
202403,8,상선,몽촌토성,2814,일요일,17:30,46.0
202403,8,하선,몽촌토성,2814,일요일,17:30,31.8
202403,8,상선,잠실,2815,일요일,17:30,39.4
202403,8,하선,잠실,2815,일요일,17:30,53.6
202403,8,상선,석촌,2816,일요일,17:30,38.4
202403,8,하선,석촌,2816,일요일,17:30,58.7
202403,8,상선,송파,2817,일요일,17:30,41.3
202403,8,하선,송파,2817,일요일,17:30,58.5
202403,8,상선,가락시장,2818,일요일,17:30,40.4
202403,8,하선,가락시장,2818,일요일,17:30,51.4
202403,8,상선,문정,2819,일요일,17:30,40.2
202403,8,하선,문정,2819,일요일,17:30,46.3
202403,8,상선,장지,2820,일요일,17:30,36.9
202403,8,하선,장지,2820,일요일,17:30,38.5
202403,8,상선,복정,2821,일요일,17:30,31.2
202403,8,하선,복정,2821,일요일,17:30,27.1
202403,8,상선,산성,2822,일요일,17:30,14.2
202403,8,하선,산성,2822,일요일,17:30,18.6
202403,8,상선,남한산성입구,2823,일요일,17:30,12.1
202403,8,하선,남한산성입구,2823,일요일,17:30,15.2
202403,8,상선,단대오거리,2824,일요일,17:30,10.8
202403,8,하선,단대오거리,2824,일요일,17:30,9.5
202403,8,상선,신흥,2825,일요일,17:30,10.6
202403,8,하선,신흥,2825,일요일,17:30,7.5
202403,8,상선,수진,2826,일요일,17:30,10.3
202403,8,하선,수진,2826,일요일,17:30,6.9
202403,8,상선,모란,2827,일요일,17:30,10.7
202406,8,상선,암사,2811,평일,17:30,0.0
202406,8,하선,암사,2811,평일,17:30,11.6
202406,8,상선,천호,2812,평일,17:30,27.0
202406,8,하선,천호,2812,평일,17:30,45.8
202406,8,상선,강동구청,2813,평일,17:30,84.1
202406,8,하선,강동구청,2813,평일,17:30,50.4
202406,8,상선,몽촌토성,2814,평일,17:30,88.9
202406,8,하선,몽촌토성,2814,평일,17:30,53.9
202406,8,상선,잠실,2815,평일,17:30,92.2
202406,8,하선,잠실,2815,평일,17:30,93.5
202406,8,상선,석촌,2816,평일,17:30,91.6
202406,8,하선,석촌,2816,평일,17:30,104.9
202406,8,상선,송파,2817,평일,17:30,98.9
202406,8,하선,송파,2817,평일,17:30,97.8
202406,8,상선,가락시장,2818,평일,17:30,96.2
202406,8,하선,가락시장,2818,평일,17:30,95.7
202406,8,상선,문정,2819,평일,17:30,87.5
202406,8,하선,문정,2819,평일,17:30,95.0
202406,8,상선,장지,2820,평일,17:30,54.7
202406,8,하선,장지,2820,평일,17:30,83.1
202406,8,상선,복정,2821,평일,17:30,42.0
202406,8,하선,복정,2821,평일,17:30,59.3
202406,8,상선,산성,2822,평일,17:30,17.7
202406,8,하선,산성,2822,평일,17:30,40.9
202406,8,상선,남한산성입구,2823,평일,17:30,16.8
202406,8,하선,남한산성입구,2823,평일,17:30,29.4
202406,8,상선,단대오거리,2824,평일,17:30,12.6
202406,8,하선,단대오거리,2824,평일,17:30,16.9
202406,8,상선,신흥,2825,평일,17:30,10.9
202406,8,하선,신흥,2825,평일,17:30,12.2
202406,8,상선,수진,2826,평일,17:30,10.4
202406,8,하선,수진,2826,평일,17:30,9.8
202406,8,상선,모란,2827,평일,17:30,10.5
202406,8,하선,모란,2827,평일,17:30,0.0
202406,8,상선,암사,2811,토요일,17:30,0.0
202406,8,하선,암사,2811,토요일,17:30,10.5
202406,8,상선,천호,2812,토요일,17:30,16.0
202406,8,하선,천호,2812,토요일,17:30,36.0
202406,8,상선,강동구청,2813,토요일,17:30,46.5
202406,8,하선,강동구청,2813,토요일,17:30,37.7
202406,8,상선,몽촌토성,2814,토요일,17:30,49.8
202406,8,하선,몽촌토성,2814,토요일,17:30,41.5
202406,8,상선,잠실,2815,토요일,17:30,51.6
202406,8,하선,잠실,2815,토요일,17:30,62.8
202406,8,상선,석촌,2816,토요일,17:30,59.2
202406,8,하선,석촌,2816,토요일,17:30,64.4
202406,8,상선,송파,2817,토요일,17:30,59.7
202406,8,하선,송파,2817,토요일,17:30,65.1
202406,8,상선,가락시장,2818,토요일,17:30,59.2
202406,8,하선,가락시장,2818,토요일,17:30,58.1
202406,8,상선,문정,2819,토요일,17:30,58.2
202406,8,하선,문정,2819,토요일,17:30,48.6
202406,8,상선,장지,2820,토요일,17:30,46.0
202406,8,하선,장지,2820,토요일,17:30,42.0
202406,8,상선,복정,2821,토요일,17:30,36.5
202406,8,하선,복정,2821,토요일,17:30,27.6
202406,8,상선,산성,2822,토요일,17:30,16.2
202406,8,하선,산성,2822,토요일,17:30,20.5
202406,8,상선,남한산성입구,2823,토요일,17:30,13.9
202406,8,하선,남한산성입구,2823,토요일,17:30,18.0
202406,8,상선,단대오거리,2824,토요일,17:30,11.7
202406,8,하선,단대오거리,2824,토요일,17:30,11.5
202406,8,상선,신흥,2825,토요일,17:30,10.5
202406,8,하선,신흥,2825,토요일,17:30,8.7
202406,8,상선,수진,2826,토요일,17:30,9.6
202406,8,하선,수진,2826,토요일,17:30,7.3
202406,8,상선,모란,2827,토요일,17:30,8.7
202406,8,하선,모란,2827,토요일,17:30,0.0
202406,8,상선,암사,2811,일요일,17:30,0.0
202406,8,하선,암사,2811,일요일,17:30,7.4
202406,8,상선,천호,2812,일요일,17:30,11.9
202406,8,하선,천호,2812,일요일,17:30,26.9
202406,8,상선,강동구청,2813,일요일,17:30,31.6
202406,8,하선,강동구청,2813,일요일,17:30,28.5
202406,8,상선,몽촌토성,2814,일요일,17:30,37.2
202406,8,하선,몽촌토성,2814,일요일,17:30,32.2
202406,8,상선,잠실,2815,일요일,17:30,38.1
202406,8,하선,잠실,2815,일요일,17:30,47.6
202406,8,상선,석촌,2816,일요일,17:30,41.7
202406,8,하선,석촌,2816,일요일,17:30,50.6
202406,8,상선,송파,2817,일요일,17:30,43.6
202406,8,하선,송파,2817,일요일,17:30,47.6
202406,8,상선,가락시장,2818,일요일,17:30,42.9
202406,8,하선,가락시장,2818,일요일,17:30,42.3
202406,8,상선,문정,2819,일요일,17:30,37.8
202406,8,하선,문정,2819,일요일,17:30,38.5
202406,8,상선,장지,2820,일요일,17:30,31.7
202406,8,하선,장지,2820,일요일,17:30,33.7
202406,8,상선,복정,2821,일요일,17:30,24.1
202406,8,하선,복정,2821,일요일,17:30,23.0
202406,8,상선,산성,2822,일요일,17:30,13.1
202406,8,하선,산성,2822,일요일,17:30,16.1
202406,8,상선,남한산성입구,2823,일요일,17:30,11.4
202406,8,하선,남한산성입구,2823,일요일,17:30,14.1
202406,8,상선,단대오거리,2824,일요일,17:30,9.9
202406,8,하선,단대오거리,2824,일요일,17:30,9.5
202406,8,상선,신흥,2825,일요일,17:30,9.1
202406,8,하선,신흥,2825,일요일,17:30,7.2
202406,8,상선,수진,2826,일요일,17:30,7.8
202406,8,하선,수진,2826,일요일,17:30,6.3
202406,8,상선,모란,2827,일요일,17:30,7.4
2020,8,상선,암사,2811,평일,18:00,0.0
2020,8,하선,암사,2811,평일,18:00,10.1
2020,8,상선,천호,2812,평일,18:00,25.3
2020,8,하선,천호,2812,평일,18:00,34.1
2020,8,상선,강동구청,2813,평일,18:00,91.0
2020,8,하선,강동구청,2813,평일,18:00,39.9
2020,8,상선,몽촌토성,2814,평일,18:00,94.3
2020,8,하선,몽촌토성,2814,평일,18:00,43.0
2020,8,상선,잠실,2815,평일,18:00,90.2
2020,8,하선,잠실,2815,평일,18:00,76.9
2020,8,상선,석촌,2816,평일,18:00,95.2
2020,8,하선,석촌,2816,평일,18:00,80.3
2020,8,상선,송파,2817,평일,18:00,103.1
2020,8,하선,송파,2817,평일,18:00,76.5
2020,8,상선,가락시장,2818,평일,18:00,112.5
2020,8,하선,가락시장,2818,평일,18:00,76.7
2020,8,상선,문정,2819,평일,18:00,102.9
2020,8,하선,문정,2819,평일,18:00,85.4
2020,8,상선,장지,2820,평일,18:00,55.8
2020,8,하선,장지,2820,평일,18:00,77.8
2020,8,상선,복정,2821,평일,18:00,41.6
2020,8,하선,복정,2821,평일,18:00,43.7
2020,8,상선,산성,2822,평일,18:00,20.8
2020,8,하선,산성,2822,평일,18:00,33.2
2020,8,상선,남한산성입구,2823,평일,18:00,19.3
2020,8,하선,남한산성입구,2823,평일,18:00,23.0
2020,8,상선,단대오거리,2824,평일,18:00,16.1
2020,8,하선,단대오거리,2824,평일,18:00,14.0
2020,8,상선,신흥,2825,평일,18:00,11.9
2020,8,하선,신흥,2825,평일,18:00,10.5
2020,8,상선,수진,2826,평일,18:00,11.3
2020,8,하선,수진,2826,평일,18:00,9.1
2020,8,상선,모란,2827,평일,18:00,11.2
2020,8,하선,모란,2827,평일,18:00,0.0
2020,8,상선,암사,2811,토요일,18:00,0.0
2020,8,하선,암사,2811,토요일,18:00,7.0
2020,8,상선,천호,2812,토요일,18:00,13.4
2020,8,하선,천호,2812,토요일,18:00,27.4
2020,8,상선,강동구청,2813,토요일,18:00,36.2
2020,8,하선,강동구청,2813,토요일,18:00,28.5
2020,8,상선,몽촌토성,2814,토요일,18:00,38.2
2020,8,하선,몽촌토성,2814,토요일,18:00,29.5
2020,8,상선,잠실,2815,토요일,18:00,38.8
2020,8,하선,잠실,2815,토요일,18:00,42.0
2020,8,상선,석촌,2816,토요일,18:00,47.8
2020,8,하선,석촌,2816,토요일,18:00,42.6
2020,8,상선,송파,2817,토요일,18:00,49.7
2020,8,하선,송파,2817,토요일,18:00,40.7
2020,8,상선,가락시장,2818,토요일,18:00,48.4
2020,8,하선,가락시장,2818,토요일,18:00,36.7
2020,8,상선,문정,2819,토요일,18:00,45.0
2020,8,하선,문정,2819,토요일,18:00,39.8
2020,8,상선,장지,2820,토요일,18:00,33.8
2020,8,하선,장지,2820,토요일,18:00,34.2
2020,8,상선,복정,2821,토요일,18:00,22.1
2020,8,하선,복정,2821,토요일,18:00,22.7
2020,8,상선,산성,2822,토요일,18:00,12.2
2020,8,하선,산성,2822,토요일,18:00,19.5
2020,8,상선,남한산성입구,2823,토요일,18:00,11.7
2020,8,하선,남한산성입구,2823,토요일,18:00,9.5
2020,8,상선,단대오거리,2824,토요일,18:00,9.9
2020,8,하선,단대오거리,2824,토요일,18:00,5.7
2020,8,상선,신흥,2825,토요일,18:00,8.1
2020,8,하선,신흥,2825,토요일,18:00,4.3
2020,8,상선,수진,2826,토요일,18:00,7.6
2020,8,하선,수진,2826,토요일,18:00,4.3
2020,8,상선,모란,2827,토요일,18:00,6.4
2020,8,하선,모란,2827,토요일,18:00,0.0
2020,8,상선,암사,2811,일요일,18:00,0.0
2020,8,하선,암사,2811,일요일,18:00,6.0
2020,8,상선,천호,2812,일요일,18:00,8.2
2020,8,하선,천호,2812,일요일,18:00,19.8
2020,8,상선,강동구청,2813,일요일,18:00,23.4
2020,8,하선,강동구청,2813,일요일,18:00,20.4
2020,8,상선,몽촌토성,2814,일요일,18:00,25.2
2020,8,하선,몽촌토성,2814,일요일,18:00,21.5
2020,8,상선,잠실,2815,일요일,18:00,28.5
2020,8,하선,잠실,2815,일요일,18:00,28.8
2020,8,상선,석촌,2816,일요일,18:00,28.8
2020,8,하선,석촌,2816,일요일,18:00,34.4
2020,8,상선,송파,2817,일요일,18:00,29.1
2020,8,하선,송파,2817,일요일,18:00,32.6
2020,8,상선,가락시장,2818,일요일,18:00,29.4
2021,8,상선,암사,2811,평일,18:00,0.0
2021,8,하선,암사,2811,평일,18:00,11.1
2021,8,상선,천호,2812,평일,18:00,26.8
2021,8,하선,천호,2812,평일,18:00,35.7
2021,8,상선,강동구청,2813,평일,18:00,88.9
2021,8,하선,강동구청,2813,평일,18:00,43.5
2021,8,상선,몽촌토성,2814,평일,18:00,92.2
2021,8,하선,몽촌토성,2814,평일,18:00,48.8
2021,8,상선,잠실,2815,평일,18:00,96.1
2021,8,하선,잠실,2815,평일,18:00,81.1
2021,8,상선,석촌,2816,평일,18:00,101.9
2021,8,하선,석촌,2816,평일,18:00,83.1
2021,8,상선,송파,2817,평일,18:00,110.6
2021,8,하선,송파,2817,평일,18:00,77.7
2021,8,상선,가락시장,2818,평일,18:00,123.0
2021,8,하선,가락시장,2818,평일,18:00,78.1
2021,8,상선,문정,2819,평일,18:00,112.0
2021,8,하선,문정,2819,평일,18:00,86.9
2021,8,상선,장지,2820,평일,18:00,59.5
2021,8,하선,장지,2820,평일,18:00,78.0
2021,8,상선,복정,2821,평일,18:00,45.1
2021,8,하선,복정,2821,평일,18:00,43.8
2021,8,상선,산성,2822,평일,18:00,21.2
2021,8,하선,산성,2822,평일,18:00,34.0
2021,8,상선,남한산성입구,2823,평일,18:00,19.8
2021,8,하선,남한산성입구,2823,평일,18:00,23.2
2021,8,상선,단대오거리,2824,평일,18:00,16.8
2021,8,하선,단대오거리,2824,평일,18:00,15.3
2021,8,상선,신흥,2825,평일,18:00,12.8
2021,8,하선,신흥,2825,평일,18:00,11.8
2021,8,상선,수진,2826,평일,18:00,12.3
2021,8,하선,수진,2826,평일,18:00,9.7
2021,8,상선,모란,2827,평일,18:00,12.4
2021,8,하선,모란,2827,평일,18:00,0.0
2021,8,상선,암사,2811,토요일,18:00,0.0
2021,8,하선,암사,2811,토요일,18:00,7.4
2021,8,상선,천호,2812,토요일,18:00,15.1
2021,8,하선,천호,2812,토요일,18:00,31.7
2021,8,상선,강동구청,2813,토요일,18:00,38.1
2021,8,하선,강동구청,2813,토요일,18:00,32.8
2021,8,상선,몽촌토성,2814,토요일,18:00,40.9
2021,8,하선,몽촌토성,2814,토요일,18:00,34.4
2021,8,상선,잠실,2815,토요일,18:00,39.9
2021,8,하선,잠실,2815,토요일,18:00,57.8
2021,8,상선,석촌,2816,토요일,18:00,42.7
2021,8,하선,석촌,2816,토요일,18:00,57.6
2021,8,상선,송파,2817,토요일,18:00,44.8
2021,8,하선,송파,2817,토요일,18:00,55.0
2021,8,상선,가락시장,2818,토요일,18:00,44.2
2021,8,하선,가락시장,2818,토요일,18:00,50.5
2021,8,상선,문정,2819,토요일,18:00,39.9
2021,8,하선,문정,2819,토요일,18:00,46.3
2021,8,상선,장지,2820,토요일,18:00,33.5
2021,8,하선,장지,2820,토요일,18:00,33.0
2021,8,상선,복정,2821,토요일,18:00,27.9
2021,8,하선,복정,2821,토요일,18:00,19.8
2021,8,상선,산성,2822,토요일,18:00,12.8
2021,8,하선,산성,2822,토요일,18:00,17.1
2021,8,상선,남한산성입구,2823,토요일,18:00,10.6
2021,8,하선,남한산성입구,2823,토요일,18:00,12.6
2021,8,상선,단대오거리,2824,토요일,18:00,9.9
2021,8,하선,단대오거리,2824,토요일,18:00,8.7
2021,8,상선,신흥,2825,토요일,18:00,8.0
2021,8,하선,신흥,2825,토요일,18:00,6.9
2021,8,상선,수진,2826,토요일,18:00,7.3
2021,8,하선,수진,2826,토요일,18:00,5.7
2021,8,상선,모란,2827,토요일,18:00,6.5
2021,8,하선,모란,2827,토요일,18:00,0.0
2022,8,상선,암사,2811,평일,18:00,0.0
2022,8,하선,암사,2811,평일,18:00,10.9
2022,8,상선,천호,2812,평일,18:00,25.6
2022,8,하선,천호,2812,평일,18:00,39.4
2022,8,상선,강동구청,2813,평일,18:00,87.4
2022,8,하선,강동구청,2813,평일,18:00,45.0
2022,8,상선,몽촌토성,2814,평일,18:00,100.3
2022,8,하선,몽촌토성,2814,평일,18:00,51.0
2022,8,상선,잠실,2815,평일,18:00,100.6
2022,8,하선,잠실,2815,평일,18:00,90.7
2022,8,상선,석촌,2816,평일,18:00,115.2
2022,8,하선,석촌,2816,평일,18:00,99.6
2022,8,상선,송파,2817,평일,18:00,127.4
2022,8,하선,송파,2817,평일,18:00,94.6
2022,8,상선,가락시장,2818,평일,18:00,134.4
2022,8,하선,가락시장,2818,평일,18:00,94.9
2022,8,상선,문정,2819,평일,18:00,120.0
2022,8,하선,문정,2819,평일,18:00,104.5
2022,8,상선,장지,2820,평일,18:00,68.1
2022,8,하선,장지,2820,평일,18:00,93.2
2022,8,상선,복정,2821,평일,18:00,57.6
2022,8,하선,복정,2821,평일,18:00,58.5
2022,8,상선,산성,2822,평일,18:00,25.5
2022,8,하선,산성,2822,평일,18:00,44.7
2022,8,상선,남한산성입구,2823,평일,18:00,24.3
2022,8,하선,남한산성입구,2823,평일,18:00,30.1
2022,8,상선,단대오거리,2824,평일,18:00,19.7
2022,8,하선,단대오거리,2824,평일,18:00,19.2
2022,8,상선,신흥,2825,평일,18:00,16.2
2022,8,하선,신흥,2825,평일,18:00,14.3
2022,8,상선,수진,2826,평일,18:00,15.6
2022,8,하선,수진,2826,평일,18:00,11.7
2022,8,상선,모란,2827,평일,18:00,15.6
2022,8,하선,모란,2827,평일,18:00,0.0
2022,8,상선,암사,2811,토요일,18:00,0.0
2022,8,하선,암사,2811,토요일,18:00,9.6
2022,8,상선,천호,2812,토요일,18:00,15.2
2022,8,하선,천호,2812,토요일,18:00,39.6
2022,8,상선,강동구청,2813,토요일,18:00,45.7
2022,8,하선,강동구청,2813,토요일,18:00,42.8
2022,8,상선,몽촌토성,2814,토요일,18:00,48.8
2022,8,하선,몽촌토성,2814,토요일,18:00,42.0
2022,8,상선,잠실,2815,토요일,18:00,46.4
2022,8,하선,잠실,2815,토요일,18:00,66.8
2022,8,상선,석촌,2816,토요일,18:00,54.3
2022,8,하선,석촌,2816,토요일,18:00,67.8
2022,8,상선,송파,2817,토요일,18:00,54.7
2022,8,하선,송파,2817,토요일,18:00,60.5
2022,8,상선,가락시장,2818,토요일,18:00,52.6
2022,8,하선,가락시장,2818,토요일,18:00,53.3
2022,8,상선,문정,2819,토요일,18:00,48.9
2022,8,하선,문정,2819,토요일,18:00,47.2
2022,8,상선,장지,2820,토요일,18:00,43.2
2022,8,하선,장지,2820,토요일,18:00,40.4
2022,8,상선,복정,2821,토요일,18:00,34.0
2022,8,하선,복정,2821,토요일,18:00,25.8
2022,8,상선,산성,2822,토요일,18:00,14.7
2022,8,하선,산성,2822,토요일,18:00,23.1
2022,8,상선,남한산성입구,2823,토요일,18:00,13.4
2022,8,하선,남한산성입구,2823,토요일,18:00,15.8
2022,8,상선,단대오거리,2824,토요일,18:00,12.6
2022,8,하선,단대오거리,2824,토요일,18:00,10.7
2022,8,상선,신흥,2825,토요일,18:00,10.5
2022,8,하선,신흥,2825,토요일,18:00,8.5
2022,8,상선,암사,2811,공휴일,18:00,0.0
2022,8,하선,암사,2811,공휴일,18:00,6.5
2022,8,상선,천호,2812,공휴일,18:00,12.8
2022,8,하선,천호,2812,공휴일,18:00,30.1
2022,8,상선,강동구청,2813,공휴일,18:00,37.2
2022,8,하선,강동구청,2813,공휴일,18:00,31.4
2022,8,상선,몽촌토성,2814,공휴일,18:00,41.8
2022,8,하선,몽촌토성,2814,공휴일,18:00,29.4
2022,8,상선,잠실,2815,공휴일,18:00,39.9
2022,8,하선,잠실,2815,공휴일,18:00,50.9
2022,8,상선,석촌,2816,공휴일,18:00,41.1
2022,8,하선,석촌,2816,공휴일,18:00,54.2
2022,8,상선,송파,2817,공휴일,18:00,43.3
2022,8,하선,송파,2817,공휴일,18:00,49.0
2022,8,상선,가락시장,2818,공휴일,18:00,42.9
2022,8,하선,가락시장,2818,공휴일,18:00,44.3
2022,8,상선,문정,2819,공휴일,18:00,39.6
2022,8,하선,문정,2819,공휴일,18:00,41.3
2022,8,상선,장지,2820,공휴일,18:00,28.7
2022,8,하선,장지,2820,공휴일,18:00,35.7
2022,8,상선,복정,2821,공휴일,18:00,21.9
2022,8,하선,복정,2821,공휴일,18:00,22.0
2022,8,상선,산성,2822,공휴일,18:00,11.3
2022,8,하선,산성,2822,공휴일,18:00,18.8
2022,8,상선,남한산성입구,2823,공휴일,18:00,10.9
2022,8,하선,남한산성입구,2823,공휴일,18:00,12.4
2022,8,상선,단대오거리,2824,공휴일,18:00,10.2
2022,8,하선,단대오거리,2824,공휴일,18:00,7.3
2022,8,상선,신흥,2825,공휴일,18:00,8.6
2022,8,하선,신흥,2825,공휴일,18:00,5.2
2022,8,상선,수진,2826,공휴일,18:00,8.1
2022,8,하선,수진,2826,공휴일,18:00,4.4
2022,8,상선,모란,2827,공휴일,18:00,8.1
2022,8,하선,모란,2827,공휴일,18:00,0.0
2023,8,상선,암사,2811,평일,18:00,0.0
2023,8,하선,암사,2811,평일,18:00,10.1
2023,8,상선,천호,2812,평일,18:00,27.7
2023,8,하선,천호,2812,평일,18:00,41.1
2023,8,상선,강동구청,2813,평일,18:00,91.4
2023,8,하선,강동구청,2813,평일,18:00,45.9
2023,8,상선,몽촌토성,2814,평일,18:00,101.2
2023,8,하선,몽촌토성,2814,평일,18:00,53.2
2023,8,상선,잠실,2815,평일,18:00,101.6
2023,8,하선,잠실,2815,평일,18:00,94.8
2023,8,상선,석촌,2816,평일,18:00,118.6
2023,8,하선,석촌,2816,평일,18:00,105.1
2023,8,상선,송파,2817,평일,18:00,130.2
2023,8,하선,송파,2817,평일,18:00,98.9
2023,8,상선,가락시장,2818,평일,18:00,135.6
2023,8,하선,가락시장,2818,평일,18:00,99.0
2023,8,상선,문정,2819,평일,18:00,121.5
2023,8,하선,문정,2819,평일,18:00,109.5
2023,8,상선,장지,2820,평일,18:00,68.0
2023,8,하선,장지,2820,평일,18:00,95.7
2023,8,상선,복정,2821,평일,18:00,57.5
2023,8,하선,복정,2821,평일,18:00,65.3
2023,8,상선,산성,2822,평일,18:00,26.2
2023,8,하선,산성,2822,평일,18:00,49.4
2023,8,상선,남한산성입구,2823,평일,18:00,25.1
2023,8,하선,남한산성입구,2823,평일,18:00,34.3
2023,8,상선,단대오거리,2824,평일,18:00,19.7
2023,8,하선,단대오거리,2824,평일,18:00,20.0
2023,8,상선,신흥,2825,평일,18:00,16.9
2023,8,하선,신흥,2825,평일,18:00,14.1
2023,8,상선,수진,2826,평일,18:00,16.6
2023,8,하선,수진,2826,평일,18:00,11.7
2023,8,상선,모란,2827,평일,18:00,16.6
2023,8,하선,모란,2827,평일,18:00,0.0
2023,8,상선,암사,2811,토요일,18:00,0.0
2023,8,하선,암사,2811,토요일,18:00,10.4
2023,8,상선,천호,2812,토요일,18:00,16.2
2023,8,하선,천호,2812,토요일,18:00,38.9
2023,8,상선,강동구청,2813,토요일,18:00,53.4
2023,8,하선,강동구청,2813,토요일,18:00,41.0
2023,8,상선,몽촌토성,2814,토요일,18:00,60.6
2023,8,하선,몽촌토성,2814,토요일,18:00,41.2
2023,8,상선,잠실,2815,토요일,18:00,62.6
2023,8,하선,잠실,2815,토요일,18:00,70.9
2023,8,상선,석촌,2816,토요일,18:00,69.4
2023,8,하선,석촌,2816,토요일,18:00,72.9
2023,8,상선,송파,2817,토요일,18:00,69.2
2023,8,하선,송파,2817,토요일,18:00,69.0
2023,8,상선,가락시장,2818,토요일,18:00,66.1
2023,8,하선,가락시장,2818,토요일,18:00,61.4
2023,8,상선,문정,2819,토요일,18:00,54.8
2023,8,하선,문정,2819,토요일,18:00,58.0
2023,8,상선,장지,2820,토요일,18:00,46.5
2023,8,하선,장지,2820,토요일,18:00,49.5
2023,8,상선,복정,2821,토요일,18:00,36.4
2023,8,하선,복정,2821,토요일,18:00,32.5
2023,8,상선,산성,2822,토요일,18:00,15.1
2023,8,하선,산성,2822,토요일,18:00,24.6
2023,8,상선,남한산성입구,2823,토요일,18:00,13.4
2023,8,하선,남한산성입구,2823,토요일,18:00,17.9
2023,8,상선,단대오거리,2824,토요일,18:00,11.8
2023,8,하선,단대오거리,2824,토요일,18:00,12.1
2023,8,상선,신흥,2825,토요일,18:00,11.2
2023,8,하선,신흥,2825,토요일,18:00,8.7
2023,8,상선,수진,2826,토요일,18:00,11.1
2023,8,하선,수진,2826,토요일,18:00,7.2
2023,8,상선,모란,2827,토요일,18:00,10.8
2023,8,하선,모란,2827,토요일,18:00,0.0
2023,8,상선,암사,2811,일요일,18:00,0.0
2023,8,하선,암사,2811,일요일,18:00,7.0
2023,8,상선,천호,2812,일요일,18:00,14.1
2023,8,하선,천호,2812,일요일,18:00,31.1
2023,8,상선,강동구청,2813,일요일,18:00,38.2
2023,8,하선,강동구청,2813,일요일,18:00,32.4
2023,8,상선,몽촌토성,2814,일요일,18:00,41.2
2023,8,하선,몽촌토성,2814,일요일,18:00,30.9
2023,8,상선,잠실,2815,일요일,18:00,42.9
2023,8,하선,잠실,2815,일요일,18:00,53.8
2023,8,상선,석촌,2816,일요일,18:00,44.2
2023,8,하선,석촌,2816,일요일,18:00,55.5
2023,8,상선,송파,2817,일요일,18:00,44.3
2023,8,하선,송파,2817,일요일,18:00,53.0
2023,8,상선,가락시장,2818,일요일,18:00,43.6
2023,8,하선,가락시장,2818,일요일,18:00,45.7
2023,8,상선,문정,2819,일요일,18:00,35.6
2023,8,하선,문정,2819,일요일,18:00,42.0
2023,8,상선,장지,2820,일요일,18:00,29.8
2023,8,하선,장지,2820,일요일,18:00,35.5
2023,8,상선,복정,2821,일요일,18:00,21.8
2023,8,하선,복정,2821,일요일,18:00,24.8
2023,8,상선,산성,2822,일요일,18:00,10.7
2023,8,하선,산성,2822,일요일,18:00,19.3
2023,8,상선,남한산성입구,2823,일요일,18:00,9.9
2023,8,하선,남한산성입구,2823,일요일,18:00,13.3
2023,8,상선,단대오거리,2824,일요일,18:00,9.4
2023,8,하선,단대오거리,2824,일요일,18:00,6.6
2023,8,상선,신흥,2825,일요일,18:00,9.1
2023,8,하선,신흥,2825,일요일,18:00,4.8
2023,8,상선,수진,2826,일요일,18:00,9.0
2023,8,하선,수진,2826,일요일,18:00,4.2
2023,8,상선,모란,2827,일요일,18:00,8.9
202403,8,상선,암사,2811,평일,18:00,0.0
202403,8,하선,암사,2811,평일,18:00,9.3
202403,8,상선,천호,2812,평일,18:00,26.4
202403,8,하선,천호,2812,평일,18:00,37.9
202403,8,상선,강동구청,2813,평일,18:00,85.4
202403,8,하선,강동구청,2813,평일,18:00,43.1
202403,8,상선,몽촌토성,2814,평일,18:00,100.9
202403,8,하선,몽촌토성,2814,평일,18:00,51.9
202403,8,상선,잠실,2815,평일,18:00,101.1
202403,8,하선,잠실,2815,평일,18:00,96.9
202403,8,상선,석촌,2816,평일,18:00,119.3
202403,8,하선,석촌,2816,평일,18:00,105.4
202403,8,상선,송파,2817,평일,18:00,132.3
202403,8,하선,송파,2817,평일,18:00,99.1
202403,8,상선,가락시장,2818,평일,18:00,137.8
202403,8,하선,가락시장,2818,평일,18:00,100.6
202403,8,상선,문정,2819,평일,18:00,124.0
202403,8,하선,문정,2819,평일,18:00,109.9
202403,8,상선,장지,2820,평일,18:00,69.3
202403,8,하선,장지,2820,평일,18:00,97.3
202403,8,상선,복정,2821,평일,18:00,58.9
202403,8,하선,복정,2821,평일,18:00,67.4
202403,8,상선,산성,2822,평일,18:00,25.9
202403,8,하선,산성,2822,평일,18:00,49.5
202403,8,상선,남한산성입구,2823,평일,18:00,24.9
202403,8,하선,남한산성입구,2823,평일,18:00,33.9
202403,8,상선,단대오거리,2824,평일,18:00,19.5
202403,8,하선,단대오거리,2824,평일,18:00,21.1
202403,8,상선,신흥,2825,평일,18:00,17.1
202403,8,하선,신흥,2825,평일,18:00,15.1
202403,8,상선,수진,2826,평일,18:00,16.6
202403,8,하선,수진,2826,평일,18:00,12.2
202403,8,상선,모란,2827,평일,18:00,16.9
202403,8,하선,모란,2827,평일,18:00,0.0
202403,8,상선,암사,2811,토요일,18:00,0.0
202403,8,하선,암사,2811,토요일,18:00,11.4
202403,8,상선,천호,2812,토요일,18:00,17.4
202403,8,하선,천호,2812,토요일,18:00,40.5
202403,8,상선,강동구청,2813,토요일,18:00,51.9
202403,8,하선,강동구청,2813,토요일,18:00,40.8
202403,8,상선,몽촌토성,2814,토요일,18:00,56.9
202403,8,하선,몽촌토성,2814,토요일,18:00,41.6
202403,8,상선,잠실,2815,토요일,18:00,57.5
202403,8,하선,잠실,2815,토요일,18:00,65.7
202403,8,상선,석촌,2816,토요일,18:00,59.6
202403,8,하선,석촌,2816,토요일,18:00,75.3
202403,8,상선,송파,2817,토요일,18:00,62.5
202403,8,하선,송파,2817,토요일,18:00,72.0
202403,8,상선,가락시장,2818,토요일,18:00,60.7
202403,8,하선,가락시장,2818,토요일,18:00,66.7
202403,8,상선,문정,2819,토요일,18:00,50.8
202403,8,하선,문정,2819,토요일,18:00,60.6
202403,8,상선,장지,2820,토요일,18:00,41.4
202403,8,하선,장지,2820,토요일,18:00,51.6
202403,8,상선,복정,2821,토요일,18:00,33.4
202403,8,하선,복정,2821,토요일,18:00,35.0
202403,8,상선,산성,2822,토요일,18:00,16.4
202403,8,하선,산성,2822,토요일,18:00,25.0
202403,8,상선,남한산성입구,2823,토요일,18:00,14.4
202403,8,하선,남한산성입구,2823,토요일,18:00,18.7
202403,8,상선,단대오거리,2824,토요일,18:00,12.4
202403,8,하선,단대오거리,2824,토요일,18:00,11.6
202403,8,상선,신흥,2825,토요일,18:00,10.9
202403,8,하선,신흥,2825,토요일,18:00,8.3
202403,8,상선,수진,2826,토요일,18:00,10.5
202403,8,하선,수진,2826,토요일,18:00,7.0
202403,8,상선,모란,2827,토요일,18:00,10.5
202403,8,하선,모란,2827,토요일,18:00,0.0
202403,8,상선,암사,2811,일요일,18:00,0.0
202403,8,하선,암사,2811,일요일,18:00,8.3
202403,8,상선,천호,2812,일요일,18:00,13.3
202403,8,하선,천호,2812,일요일,18:00,32.1
202403,8,상선,강동구청,2813,일요일,18:00,40.7
202403,8,하선,강동구청,2813,일요일,18:00,33.2
202403,8,상선,몽촌토성,2814,일요일,18:00,41.8
202403,8,하선,몽촌토성,2814,일요일,18:00,33.1
202403,8,상선,잠실,2815,일요일,18:00,42.6
202403,8,하선,잠실,2815,일요일,18:00,55.6
202403,8,상선,석촌,2816,일요일,18:00,42.1
202403,8,하선,석촌,2816,일요일,18:00,56.0
202403,8,상선,송파,2817,일요일,18:00,43.2
202403,8,하선,송파,2817,일요일,18:00,53.9
202403,8,상선,가락시장,2818,일요일,18:00,42.7
202403,8,하선,가락시장,2818,일요일,18:00,47.4
202403,8,상선,문정,2819,일요일,18:00,37.3
202403,8,하선,문정,2819,일요일,18:00,44.8
202403,8,상선,장지,2820,일요일,18:00,31.7
202403,8,하선,장지,2820,일요일,18:00,37.6
202403,8,상선,복정,2821,일요일,18:00,24.7
202403,8,하선,복정,2821,일요일,18:00,25.7
202403,8,상선,산성,2822,일요일,18:00,14.3
202403,8,하선,산성,2822,일요일,18:00,19.4
202403,8,상선,남한산성입구,2823,일요일,18:00,12.6
202403,8,하선,남한산성입구,2823,일요일,18:00,14.3
202403,8,상선,단대오거리,2824,일요일,18:00,12.4
202403,8,하선,단대오거리,2824,일요일,18:00,10.6
202403,8,상선,신흥,2825,일요일,18:00,12.1
202403,8,하선,신흥,2825,일요일,18:00,7.3
202403,8,상선,수진,2826,일요일,18:00,12.0
202403,8,하선,수진,2826,일요일,18:00,6.3
202403,8,상선,모란,2827,일요일,18:00,12.2
202406,8,상선,암사,2811,평일,18:00,0.0
202406,8,하선,암사,2811,평일,18:00,10.1
202406,8,상선,천호,2812,평일,18:00,27.0
202406,8,하선,천호,2812,평일,18:00,39.0
202406,8,상선,강동구청,2813,평일,18:00,90.0
202406,8,하선,강동구청,2813,평일,18:00,44.4
202406,8,상선,몽촌토성,2814,평일,18:00,101.3
202406,8,하선,몽촌토성,2814,평일,18:00,51.2
202406,8,상선,잠실,2815,평일,18:00,101.5
202406,8,하선,잠실,2815,평일,18:00,95.4
202406,8,상선,석촌,2816,평일,18:00,115.3
202406,8,하선,석촌,2816,평일,18:00,105.5
202406,8,상선,송파,2817,평일,18:00,127.9
202406,8,하선,송파,2817,평일,18:00,99.5
202406,8,상선,가락시장,2818,평일,18:00,133.6
202406,8,하선,가락시장,2818,평일,18:00,100.7
202406,8,상선,문정,2819,평일,18:00,119.2
202406,8,하선,문정,2819,평일,18:00,111.2
202406,8,상선,장지,2820,평일,18:00,66.2
202406,8,하선,장지,2820,평일,18:00,97.3
202406,8,상선,복정,2821,평일,18:00,55.7
202406,8,하선,복정,2821,평일,18:00,68.1
202406,8,상선,산성,2822,평일,18:00,23.6
202406,8,하선,산성,2822,평일,18:00,49.7
202406,8,상선,남한산성입구,2823,평일,18:00,22.5
202406,8,하선,남한산성입구,2823,평일,18:00,35.2
202406,8,상선,단대오거리,2824,평일,18:00,18.6
202406,8,하선,단대오거리,2824,평일,18:00,20.3
202406,8,상선,신흥,2825,평일,18:00,16.4
202406,8,하선,신흥,2825,평일,18:00,14.4
202406,8,상선,수진,2826,평일,18:00,15.9
202406,8,하선,수진,2826,평일,18:00,11.7
202406,8,상선,모란,2827,평일,18:00,15.7
202406,8,하선,모란,2827,평일,18:00,0.0
202406,8,상선,암사,2811,토요일,18:00,0.0
202406,8,하선,암사,2811,토요일,18:00,9.3
202406,8,상선,천호,2812,토요일,18:00,14.1
202406,8,하선,천호,2812,토요일,18:00,34.4
202406,8,상선,강동구청,2813,토요일,18:00,43.8
202406,8,하선,강동구청,2813,토요일,18:00,37.0
202406,8,상선,몽촌토성,2814,토요일,18:00,46.4
202406,8,하선,몽촌토성,2814,토요일,18:00,37.5
202406,8,상선,잠실,2815,토요일,18:00,49.2
202406,8,하선,잠실,2815,토요일,18:00,62.9
202406,8,상선,석촌,2816,토요일,18:00,58.9
202406,8,하선,석촌,2816,토요일,18:00,61.4
202406,8,상선,송파,2817,토요일,18:00,58.2
202406,8,하선,송파,2817,토요일,18:00,58.9
202406,8,상선,가락시장,2818,토요일,18:00,56.8
202406,8,하선,가락시장,2818,토요일,18:00,51.9
202406,8,상선,문정,2819,토요일,18:00,47.3
202406,8,하선,문정,2819,토요일,18:00,48.8
202406,8,상선,장지,2820,토요일,18:00,40.1
202406,8,하선,장지,2820,토요일,18:00,42.0
202406,8,상선,복정,2821,토요일,18:00,28.6
202406,8,하선,복정,2821,토요일,18:00,29.6
202406,8,상선,산성,2822,토요일,18:00,13.6
202406,8,하선,산성,2822,토요일,18:00,20.9
202406,8,상선,남한산성입구,2823,토요일,18:00,12.3
202406,8,하선,남한산성입구,2823,토요일,18:00,14.6
202406,8,상선,단대오거리,2824,토요일,18:00,11.8
202406,8,하선,단대오거리,2824,토요일,18:00,9.5
202406,8,상선,신흥,2825,토요일,18:00,11.0
202406,8,하선,신흥,2825,토요일,18:00,7.3
202406,8,상선,수진,2826,토요일,18:00,10.3
202406,8,하선,수진,2826,토요일,18:00,6.2
202406,8,상선,모란,2827,토요일,18:00,9.9
202406,8,하선,모란,2827,토요일,18:00,0.0
202406,8,상선,암사,2811,일요일,18:00,0.0
202406,8,하선,암사,2811,일요일,18:00,8.3
202406,8,상선,천호,2812,일요일,18:00,13.7
202406,8,하선,천호,2812,일요일,18:00,27.3
202406,8,상선,강동구청,2813,일요일,18:00,36.5
202406,8,하선,강동구청,2813,일요일,18:00,27.7
202406,8,상선,몽촌토성,2814,일요일,18:00,36.4
202406,8,하선,몽촌토성,2814,일요일,18:00,28.0
202406,8,상선,잠실,2815,일요일,18:00,38.0
202406,8,하선,잠실,2815,일요일,18:00,48.0
202406,8,상선,석촌,2816,일요일,18:00,35.9
202406,8,하선,석촌,2816,일요일,18:00,51.1
202406,8,상선,송파,2817,일요일,18:00,39.5
202406,8,하선,송파,2817,일요일,18:00,48.3
202406,8,상선,가락시장,2818,일요일,18:00,39.4
202406,8,하선,가락시장,2818,일요일,18:00,44.0
202406,8,상선,문정,2819,일요일,18:00,35.5
202406,8,하선,문정,2819,일요일,18:00,38.4
202406,8,상선,장지,2820,일요일,18:00,30.4
202406,8,하선,장지,2820,일요일,18:00,32.8
202406,8,상선,복정,2821,일요일,18:00,23.6
202406,8,하선,복정,2821,일요일,18:00,23.1
202406,8,상선,산성,2822,일요일,18:00,11.5
202406,8,하선,산성,2822,일요일,18:00,17.4
202406,8,상선,남한산성입구,2823,일요일,18:00,10.1
202406,8,하선,남한산성입구,2823,일요일,18:00,11.7
202406,8,상선,단대오거리,2824,일요일,18:00,9.8
202406,8,하선,단대오거리,2824,일요일,18:00,6.8
202406,8,상선,신흥,2825,일요일,18:00,10.0
202406,8,하선,신흥,2825,일요일,18:00,4.7
202406,8,상선,수진,2826,일요일,18:00,9.1
202406,8,하선,수진,2826,일요일,18:00,4.0
202406,8,상선,모란,2827,일요일,18:00,9.9
2020,8,상선,암사,2811,평일,18:30,0.0
2020,8,하선,암사,2811,평일,18:30,6.8
2020,8,상선,천호,2812,평일,18:30,36.1
2020,8,하선,천호,2812,평일,18:30,29.8
2020,8,상선,강동구청,2813,평일,18:30,101.2
2020,8,하선,강동구청,2813,평일,18:30,33.1
2020,8,상선,몽촌토성,2814,평일,18:30,112.2
2020,8,하선,몽촌토성,2814,평일,18:30,35.8
2020,8,상선,잠실,2815,평일,18:30,119.4
2020,8,하선,잠실,2815,평일,18:30,78.6
2020,8,상선,석촌,2816,평일,18:30,99.9
2020,8,하선,석촌,2816,평일,18:30,92.6
2020,8,상선,송파,2817,평일,18:30,105.0
2020,8,하선,송파,2817,평일,18:30,84.3
2020,8,상선,가락시장,2818,평일,18:30,97.0
2020,8,하선,가락시장,2818,평일,18:30,84.9
2020,8,상선,문정,2819,평일,18:30,86.8
2020,8,하선,문정,2819,평일,18:30,81.6
2020,8,상선,장지,2820,평일,18:30,55.9
2020,8,하선,장지,2820,평일,18:30,71.6
2020,8,상선,복정,2821,평일,18:30,49.3
2020,8,하선,복정,2821,평일,18:30,47.7
2020,8,상선,산성,2822,평일,18:30,17.9
2020,8,하선,산성,2822,평일,18:30,36.9
2020,8,상선,남한산성입구,2823,평일,18:30,17.6
2020,8,하선,남한산성입구,2823,평일,18:30,22.7
2020,8,상선,단대오거리,2824,평일,18:30,13.4
2020,8,하선,단대오거리,2824,평일,18:30,12.7
2020,8,상선,신흥,2825,평일,18:30,10.2
2020,8,하선,신흥,2825,평일,18:30,8.3
2020,8,상선,수진,2826,평일,18:30,10.3
2020,8,하선,수진,2826,평일,18:30,4.8
2020,8,상선,모란,2827,평일,18:30,10.8
2020,8,하선,모란,2827,평일,18:30,0.0
2020,8,상선,암사,2811,토요일,18:30,0.0
2020,8,하선,암사,2811,토요일,18:30,6.2
2020,8,상선,천호,2812,토요일,18:30,13.9
2020,8,하선,천호,2812,토요일,18:30,21.8
2020,8,상선,강동구청,2813,토요일,18:30,35.8
2020,8,하선,강동구청,2813,토요일,18:30,22.4
2020,8,상선,몽촌토성,2814,토요일,18:30,39.2
2020,8,하선,몽촌토성,2814,토요일,18:30,23.0
2020,8,상선,잠실,2815,토요일,18:30,39.4
2020,8,하선,잠실,2815,토요일,18:30,39.8
2020,8,상선,석촌,2816,토요일,18:30,32.0
2020,8,하선,석촌,2816,토요일,18:30,43.5
2020,8,상선,송파,2817,토요일,18:30,32.2
2020,8,하선,송파,2817,토요일,18:30,41.4
2020,8,상선,가락시장,2818,토요일,18:30,31.4
2020,8,하선,가락시장,2818,토요일,18:30,41.2
2020,8,상선,문정,2819,토요일,18:30,28.2
2020,8,하선,문정,2819,토요일,18:30,31.5
2020,8,상선,장지,2820,토요일,18:30,24.1
2020,8,하선,장지,2820,토요일,18:30,27.2
2020,8,상선,복정,2821,토요일,18:30,23.1
2020,8,하선,복정,2821,토요일,18:30,17.7
2020,8,상선,산성,2822,토요일,18:30,10.3
2020,8,하선,산성,2822,토요일,18:30,11.6
2020,8,상선,남한산성입구,2823,토요일,18:30,9.2
2020,8,하선,남한산성입구,2823,토요일,18:30,11.2
2020,8,상선,단대오거리,2824,토요일,18:30,7.7
2020,8,하선,단대오거리,2824,토요일,18:30,6.8
2020,8,상선,신흥,2825,토요일,18:30,5.8
2020,8,하선,신흥,2825,토요일,18:30,4.7
2020,8,상선,수진,2826,토요일,18:30,6.1
2020,8,하선,수진,2826,토요일,18:30,4.0
2020,8,상선,모란,2827,토요일,18:30,5.8
2020,8,하선,모란,2827,토요일,18:30,0.0
2020,8,상선,암사,2811,일요일,18:30,0.0
2020,8,하선,암사,2811,일요일,18:30,4.3
2020,8,상선,천호,2812,일요일,18:30,8.9
2020,8,하선,천호,2812,일요일,18:30,16.4
2020,8,상선,강동구청,2813,일요일,18:30,23.3
2020,8,하선,강동구청,2813,일요일,18:30,17.2
2020,8,상선,몽촌토성,2814,일요일,18:30,25.2
2020,8,하선,몽촌토성,2814,일요일,18:30,18.5
2020,8,상선,잠실,2815,일요일,18:30,25.5
2020,8,하선,잠실,2815,일요일,18:30,34.8
2020,8,상선,석촌,2816,일요일,18:30,20.4
2020,8,하선,석촌,2816,일요일,18:30,37.0
2020,8,상선,송파,2817,일요일,18:30,20.8
2020,8,하선,송파,2817,일요일,18:30,34.1
2020,8,상선,가락시장,2818,일요일,18:30,20.9
2021,8,상선,암사,2811,평일,18:30,0.0
2021,8,하선,암사,2811,평일,18:30,7.4
2021,8,상선,천호,2812,평일,18:30,34.7
2021,8,하선,천호,2812,평일,18:30,31.3
2021,8,상선,강동구청,2813,평일,18:30,103.7
2021,8,하선,강동구청,2813,평일,18:30,34.0
2021,8,상선,몽촌토성,2814,평일,18:30,112.8
2021,8,하선,몽촌토성,2814,평일,18:30,36.3
2021,8,상선,잠실,2815,평일,18:30,118.8
2021,8,하선,잠실,2815,평일,18:30,75.8
2021,8,상선,석촌,2816,평일,18:30,102.0
2021,8,하선,석촌,2816,평일,18:30,91.7
2021,8,상선,송파,2817,평일,18:30,108.1
2021,8,하선,송파,2817,평일,18:30,84.3
2021,8,상선,가락시장,2818,평일,18:30,91.6
2021,8,하선,가락시장,2818,평일,18:30,83.5
2021,8,상선,문정,2819,평일,18:30,81.9
2021,8,하선,문정,2819,평일,18:30,78.8
2021,8,상선,장지,2820,평일,18:30,53.8
2021,8,하선,장지,2820,평일,18:30,66.7
2021,8,상선,복정,2821,평일,18:30,47.5
2021,8,하선,복정,2821,평일,18:30,42.9
2021,8,상선,산성,2822,평일,18:30,17.4
2021,8,하선,산성,2822,평일,18:30,37.0
2021,8,상선,남한산성입구,2823,평일,18:30,17.0
2021,8,하선,남한산성입구,2823,평일,18:30,22.7
2021,8,상선,단대오거리,2824,평일,18:30,12.8
2021,8,하선,단대오거리,2824,평일,18:30,12.1
2021,8,상선,신흥,2825,평일,18:30,9.1
2021,8,하선,신흥,2825,평일,18:30,8.7
2021,8,상선,수진,2826,평일,18:30,9.3
2021,8,하선,수진,2826,평일,18:30,5.3
2021,8,상선,모란,2827,평일,18:30,10.3
2021,8,하선,모란,2827,평일,18:30,0.0
2021,8,상선,암사,2811,토요일,18:30,0.0
2021,8,하선,암사,2811,토요일,18:30,6.6
2021,8,상선,천호,2812,토요일,18:30,11.6
2021,8,하선,천호,2812,토요일,18:30,23.4
2021,8,상선,강동구청,2813,토요일,18:30,34.6
2021,8,하선,강동구청,2813,토요일,18:30,23.1
2021,8,상선,몽촌토성,2814,토요일,18:30,39.2
2021,8,하선,몽촌토성,2814,토요일,18:30,27.1
2021,8,상선,잠실,2815,토요일,18:30,41.5
2021,8,하선,잠실,2815,토요일,18:30,42.1
2021,8,상선,석촌,2816,토요일,18:30,39.9
2021,8,하선,석촌,2816,토요일,18:30,44.0
2021,8,상선,송파,2817,토요일,18:30,36.0
2021,8,하선,송파,2817,토요일,18:30,41.7
2021,8,상선,가락시장,2818,토요일,18:30,35.9
2021,8,하선,가락시장,2818,토요일,18:30,35.1
2021,8,상선,문정,2819,토요일,18:30,32.1
2021,8,하선,문정,2819,토요일,18:30,35.3
2021,8,상선,장지,2820,토요일,18:30,28.0
2021,8,하선,장지,2820,토요일,18:30,30.2
2021,8,상선,복정,2821,토요일,18:30,18.6
2021,8,하선,복정,2821,토요일,18:30,15.9
2021,8,상선,산성,2822,토요일,18:30,9.3
2021,8,하선,산성,2822,토요일,18:30,17.1
2021,8,상선,남한산성입구,2823,토요일,18:30,8.3
2021,8,하선,남한산성입구,2823,토요일,18:30,13.8
2021,8,상선,단대오거리,2824,토요일,18:30,6.9
2021,8,하선,단대오거리,2824,토요일,18:30,8.0
2021,8,상선,신흥,2825,토요일,18:30,7.1
2021,8,하선,신흥,2825,토요일,18:30,5.7
2021,8,상선,수진,2826,토요일,18:30,7.5
2021,8,하선,수진,2826,토요일,18:30,4.4
2021,8,상선,모란,2827,토요일,18:30,7.6
2021,8,하선,모란,2827,토요일,18:30,0.0
2022,8,상선,암사,2811,평일,18:30,0.0
2022,8,하선,암사,2811,평일,18:30,7.6
2022,8,상선,천호,2812,평일,18:30,39.3
2022,8,하선,천호,2812,평일,18:30,34.6
2022,8,상선,강동구청,2813,평일,18:30,119.6
2022,8,하선,강동구청,2813,평일,18:30,35.7
2022,8,상선,몽촌토성,2814,평일,18:30,114.4
2022,8,하선,몽촌토성,2814,평일,18:30,40.3
2022,8,상선,잠실,2815,평일,18:30,117.8
2022,8,하선,잠실,2815,평일,18:30,88.3
2022,8,상선,석촌,2816,평일,18:30,108.0
2022,8,하선,석촌,2816,평일,18:30,95.2
2022,8,상선,송파,2817,평일,18:30,103.9
2022,8,하선,송파,2817,평일,18:30,86.7
2022,8,상선,가락시장,2818,평일,18:30,104.4
2022,8,하선,가락시장,2818,평일,18:30,85.8
2022,8,상선,문정,2819,평일,18:30,93.4
2022,8,하선,문정,2819,평일,18:30,84.5
2022,8,상선,장지,2820,평일,18:30,56.7
2022,8,하선,장지,2820,평일,18:30,70.1
2022,8,상선,복정,2821,평일,18:30,51.7
2022,8,하선,복정,2821,평일,18:30,52.3
2022,8,상선,산성,2822,평일,18:30,19.7
2022,8,하선,산성,2822,평일,18:30,40.1
2022,8,상선,남한산성입구,2823,평일,18:30,20.0
2022,8,하선,남한산성입구,2823,평일,18:30,26.5
2022,8,상선,단대오거리,2824,평일,18:30,18.3
2022,8,하선,단대오거리,2824,평일,18:30,14.5
2022,8,상선,신흥,2825,평일,18:30,13.0
2022,8,하선,신흥,2825,평일,18:30,9.5
2022,8,상선,수진,2826,평일,18:30,13.8
2022,8,하선,수진,2826,평일,18:30,5.2
2022,8,상선,모란,2827,평일,18:30,15.3
2022,8,하선,모란,2827,평일,18:30,0.0
2022,8,상선,암사,2811,토요일,18:30,0.0
2022,8,하선,암사,2811,토요일,18:30,8.2
2022,8,상선,천호,2812,토요일,18:30,16.1
2022,8,하선,천호,2812,토요일,18:30,30.6
2022,8,상선,강동구청,2813,토요일,18:30,39.1
2022,8,하선,강동구청,2813,토요일,18:30,31.0
2022,8,상선,몽촌토성,2814,토요일,18:30,43.9
2022,8,하선,몽촌토성,2814,토요일,18:30,31.6
2022,8,상선,잠실,2815,토요일,18:30,50.5
2022,8,하선,잠실,2815,토요일,18:30,56.4
2022,8,상선,석촌,2816,토요일,18:30,47.8
2022,8,하선,석촌,2816,토요일,18:30,59.2
2022,8,상선,송파,2817,토요일,18:30,46.8
2022,8,하선,송파,2817,토요일,18:30,59.6
2022,8,상선,가락시장,2818,토요일,18:30,46.4
2022,8,하선,가락시장,2818,토요일,18:30,54.6
2022,8,상선,문정,2819,토요일,18:30,40.6
2022,8,하선,문정,2819,토요일,18:30,50.0
2022,8,상선,장지,2820,토요일,18:30,31.2
2022,8,하선,장지,2820,토요일,18:30,41.6
2022,8,상선,복정,2821,토요일,18:30,23.2
2022,8,하선,복정,2821,토요일,18:30,28.5
2022,8,상선,산성,2822,토요일,18:30,10.4
2022,8,하선,산성,2822,토요일,18:30,20.3
2022,8,상선,남한산성입구,2823,토요일,18:30,8.5
2022,8,하선,남한산성입구,2823,토요일,18:30,14.9
2022,8,상선,단대오거리,2824,토요일,18:30,8.7
2022,8,하선,단대오거리,2824,토요일,18:30,9.1
2022,8,상선,신흥,2825,토요일,18:30,8.6
2022,8,하선,신흥,2825,토요일,18:30,6.8
2022,8,상선,암사,2811,공휴일,18:30,0.0
2022,8,하선,암사,2811,공휴일,18:30,6.1
2022,8,상선,천호,2812,공휴일,18:30,10.5
2022,8,하선,천호,2812,공휴일,18:30,21.9
2022,8,상선,강동구청,2813,공휴일,18:30,27.2
2022,8,하선,강동구청,2813,공휴일,18:30,24.3
2022,8,상선,몽촌토성,2814,공휴일,18:30,29.4
2022,8,하선,몽촌토성,2814,공휴일,18:30,25.0
2022,8,상선,잠실,2815,공휴일,18:30,31.0
2022,8,하선,잠실,2815,공휴일,18:30,44.1
2022,8,상선,석촌,2816,공휴일,18:30,29.0
2022,8,하선,석촌,2816,공휴일,18:30,45.7
2022,8,상선,송파,2817,공휴일,18:30,30.6
2022,8,하선,송파,2817,공휴일,18:30,46.6
2022,8,상선,가락시장,2818,공휴일,18:30,31.0
2022,8,하선,가락시장,2818,공휴일,18:30,42.2
2022,8,상선,문정,2819,공휴일,18:30,27.4
2022,8,하선,문정,2819,공휴일,18:30,40.9
2022,8,상선,장지,2820,공휴일,18:30,26.4
2022,8,하선,장지,2820,공휴일,18:30,34.3
2022,8,상선,복정,2821,공휴일,18:30,21.4
2022,8,하선,복정,2821,공휴일,18:30,25.1
2022,8,상선,산성,2822,공휴일,18:30,10.3
2022,8,하선,산성,2822,공휴일,18:30,18.0
2022,8,상선,남한산성입구,2823,공휴일,18:30,9.0
2022,8,하선,남한산성입구,2823,공휴일,18:30,12.1
2022,8,상선,단대오거리,2824,공휴일,18:30,8.9
2022,8,하선,단대오거리,2824,공휴일,18:30,7.4
2022,8,상선,신흥,2825,공휴일,18:30,8.2
2022,8,하선,신흥,2825,공휴일,18:30,5.3
2022,8,상선,수진,2826,공휴일,18:30,8.0
2022,8,하선,수진,2826,공휴일,18:30,3.9
2022,8,상선,모란,2827,공휴일,18:30,8.4
2022,8,하선,모란,2827,공휴일,18:30,0.0
2023,8,상선,암사,2811,평일,18:30,0.0
2023,8,하선,암사,2811,평일,18:30,7.4
2023,8,상선,천호,2812,평일,18:30,37.4
2023,8,하선,천호,2812,평일,18:30,35.3
2023,8,상선,강동구청,2813,평일,18:30,114.9
2023,8,하선,강동구청,2813,평일,18:30,35.9
2023,8,상선,몽촌토성,2814,평일,18:30,120.7
2023,8,하선,몽촌토성,2814,평일,18:30,39.5
2023,8,상선,잠실,2815,평일,18:30,124.6
2023,8,하선,잠실,2815,평일,18:30,90.3
2023,8,상선,석촌,2816,평일,18:30,110.6
2023,8,하선,석촌,2816,평일,18:30,99.7
2023,8,상선,송파,2817,평일,18:30,103.3
2023,8,하선,송파,2817,평일,18:30,92.4
2023,8,상선,가락시장,2818,평일,18:30,103.8
2023,8,하선,가락시장,2818,평일,18:30,90.0
2023,8,상선,문정,2819,평일,18:30,93.7
2023,8,하선,문정,2819,평일,18:30,86.6
2023,8,상선,장지,2820,평일,18:30,58.7
2023,8,하선,장지,2820,평일,18:30,73.9
2023,8,상선,복정,2821,평일,18:30,53.2
2023,8,하선,복정,2821,평일,18:30,59.3
2023,8,상선,산성,2822,평일,18:30,18.5
2023,8,하선,산성,2822,평일,18:30,43.9
2023,8,상선,남한산성입구,2823,평일,18:30,18.7
2023,8,하선,남한산성입구,2823,평일,18:30,31.3
2023,8,상선,단대오거리,2824,평일,18:30,17.9
2023,8,하선,단대오거리,2824,평일,18:30,14.8
2023,8,상선,신흥,2825,평일,18:30,13.2
2023,8,하선,신흥,2825,평일,18:30,8.9
2023,8,상선,수진,2826,평일,18:30,14.1
2023,8,하선,수진,2826,평일,18:30,4.9
2023,8,상선,모란,2827,평일,18:30,15.5
2023,8,하선,모란,2827,평일,18:30,0.0
2023,8,상선,암사,2811,토요일,18:30,0.0
2023,8,하선,암사,2811,토요일,18:30,7.5
2023,8,상선,천호,2812,토요일,18:30,16.7
2023,8,하선,천호,2812,토요일,18:30,31.6
2023,8,상선,강동구청,2813,토요일,18:30,42.4
2023,8,하선,강동구청,2813,토요일,18:30,36.8
2023,8,상선,몽촌토성,2814,토요일,18:30,46.9
2023,8,하선,몽촌토성,2814,토요일,18:30,37.5
2023,8,상선,잠실,2815,토요일,18:30,50.1
2023,8,하선,잠실,2815,토요일,18:30,65.0
2023,8,상선,석촌,2816,토요일,18:30,56.1
2023,8,하선,석촌,2816,토요일,18:30,69.7
2023,8,상선,송파,2817,토요일,18:30,57.3
2023,8,하선,송파,2817,토요일,18:30,67.2
2023,8,상선,가락시장,2818,토요일,18:30,56.8
2023,8,하선,가락시장,2818,토요일,18:30,58.4
2023,8,상선,문정,2819,토요일,18:30,47.8
2023,8,하선,문정,2819,토요일,18:30,51.9
2023,8,상선,장지,2820,토요일,18:30,39.1
2023,8,하선,장지,2820,토요일,18:30,43.4
2023,8,상선,복정,2821,토요일,18:30,30.0
2023,8,하선,복정,2821,토요일,18:30,32.5
2023,8,상선,산성,2822,토요일,18:30,14.2
2023,8,하선,산성,2822,토요일,18:30,25.0
2023,8,상선,남한산성입구,2823,토요일,18:30,12.3
2023,8,하선,남한산성입구,2823,토요일,18:30,17.7
2023,8,상선,단대오거리,2824,토요일,18:30,12.1
2023,8,하선,단대오거리,2824,토요일,18:30,10.5
2023,8,상선,신흥,2825,토요일,18:30,10.9
2023,8,하선,신흥,2825,토요일,18:30,7.1
2023,8,상선,수진,2826,토요일,18:30,9.8
2023,8,하선,수진,2826,토요일,18:30,6.1
2023,8,상선,모란,2827,토요일,18:30,10.1
2023,8,하선,모란,2827,토요일,18:30,0.0
2023,8,상선,암사,2811,일요일,18:30,0.0
2023,8,하선,암사,2811,일요일,18:30,5.5
2023,8,상선,천호,2812,일요일,18:30,14.4
2023,8,하선,천호,2812,일요일,18:30,24.1
2023,8,상선,강동구청,2813,일요일,18:30,33.2
2023,8,하선,강동구청,2813,일요일,18:30,26.2
2023,8,상선,몽촌토성,2814,일요일,18:30,36.1
2023,8,하선,몽촌토성,2814,일요일,18:30,26.8
2023,8,상선,잠실,2815,일요일,18:30,37.8
2023,8,하선,잠실,2815,일요일,18:30,53.8
2023,8,상선,석촌,2816,일요일,18:30,35.3
2023,8,하선,석촌,2816,일요일,18:30,55.4
2023,8,상선,송파,2817,일요일,18:30,36.6
2023,8,하선,송파,2817,일요일,18:30,53.8
2023,8,상선,가락시장,2818,일요일,18:30,37.2
2023,8,하선,가락시장,2818,일요일,18:30,46.8
2023,8,상선,문정,2819,일요일,18:30,33.3
2023,8,하선,문정,2819,일요일,18:30,42.8
2023,8,상선,장지,2820,일요일,18:30,27.6
2023,8,하선,장지,2820,일요일,18:30,35.5
2023,8,상선,복정,2821,일요일,18:30,22.0
2023,8,하선,복정,2821,일요일,18:30,24.7
2023,8,상선,산성,2822,일요일,18:30,10.3
2023,8,하선,산성,2822,일요일,18:30,17.7
2023,8,상선,남한산성입구,2823,일요일,18:30,9.1
2023,8,하선,남한산성입구,2823,일요일,18:30,12.1
2023,8,상선,단대오거리,2824,일요일,18:30,9.7
2023,8,하선,단대오거리,2824,일요일,18:30,7.4
2023,8,상선,신흥,2825,일요일,18:30,8.4
2023,8,하선,신흥,2825,일요일,18:30,5.1
2023,8,상선,수진,2826,일요일,18:30,8.0
2023,8,하선,수진,2826,일요일,18:30,4.4
2023,8,상선,모란,2827,일요일,18:30,8.5
202403,8,상선,암사,2811,평일,18:30,0.0
202403,8,하선,암사,2811,평일,18:30,7.6
202403,8,상선,천호,2812,평일,18:30,39.6
202403,8,하선,천호,2812,평일,18:30,36.8
202403,8,상선,강동구청,2813,평일,18:30,125.3
202403,8,하선,강동구청,2813,평일,18:30,37.3
202403,8,상선,몽촌토성,2814,평일,18:30,126.9
202403,8,하선,몽촌토성,2814,평일,18:30,39.6
202403,8,상선,잠실,2815,평일,18:30,131.0
202403,8,하선,잠실,2815,평일,18:30,92.7
202403,8,상선,석촌,2816,평일,18:30,114.4
202403,8,하선,석촌,2816,평일,18:30,101.9
202403,8,상선,송파,2817,평일,18:30,106.9
202403,8,하선,송파,2817,평일,18:30,94.8
202403,8,상선,가락시장,2818,평일,18:30,107.4
202403,8,하선,가락시장,2818,평일,18:30,94.7
202403,8,상선,문정,2819,평일,18:30,95.5
202403,8,하선,문정,2819,평일,18:30,90.8
202403,8,상선,장지,2820,평일,18:30,59.1
202403,8,하선,장지,2820,평일,18:30,77.5
202403,8,상선,복정,2821,평일,18:30,53.6
202403,8,하선,복정,2821,평일,18:30,62.5
202403,8,상선,산성,2822,평일,18:30,18.6
202403,8,하선,산성,2822,평일,18:30,43.5
202403,8,상선,남한산성입구,2823,평일,18:30,18.9
202403,8,하선,남한산성입구,2823,평일,18:30,30.5
202403,8,상선,단대오거리,2824,평일,18:30,17.4
202403,8,하선,단대오거리,2824,평일,18:30,15.6
202403,8,상선,신흥,2825,평일,18:30,13.5
202403,8,하선,신흥,2825,평일,18:30,9.1
202403,8,상선,수진,2826,평일,18:30,14.5
202403,8,하선,수진,2826,평일,18:30,5.3
202403,8,상선,모란,2827,평일,18:30,16.2
202403,8,하선,모란,2827,평일,18:30,0.0
202403,8,상선,암사,2811,토요일,18:30,0.0
202403,8,하선,암사,2811,토요일,18:30,8.1
202403,8,상선,천호,2812,토요일,18:30,16.5
202403,8,하선,천호,2812,토요일,18:30,34.1
202403,8,상선,강동구청,2813,토요일,18:30,50.7
202403,8,하선,강동구청,2813,토요일,18:30,38.9
202403,8,상선,몽촌토성,2814,토요일,18:30,55.0
202403,8,하선,몽촌토성,2814,토요일,18:30,41.0
202403,8,상선,잠실,2815,토요일,18:30,54.8
202403,8,하선,잠실,2815,토요일,18:30,69.6
202403,8,상선,석촌,2816,토요일,18:30,52.7
202403,8,하선,석촌,2816,토요일,18:30,70.1
202403,8,상선,송파,2817,토요일,18:30,52.6
202403,8,하선,송파,2817,토요일,18:30,67.8
202403,8,상선,가락시장,2818,토요일,18:30,52.1
202403,8,하선,가락시장,2818,토요일,18:30,61.0
202403,8,상선,문정,2819,토요일,18:30,46.3
202403,8,하선,문정,2819,토요일,18:30,52.7
202403,8,상선,장지,2820,토요일,18:30,36.8
202403,8,하선,장지,2820,토요일,18:30,44.3
202403,8,상선,복정,2821,토요일,18:30,28.7
202403,8,하선,복정,2821,토요일,18:30,34.1
202403,8,상선,산성,2822,토요일,18:30,12.5
202403,8,하선,산성,2822,토요일,18:30,23.7
202403,8,상선,남한산성입구,2823,토요일,18:30,11.5
202403,8,하선,남한산성입구,2823,토요일,18:30,17.1
202403,8,상선,단대오거리,2824,토요일,18:30,11.0
202403,8,하선,단대오거리,2824,토요일,18:30,11.5
202403,8,상선,신흥,2825,토요일,18:30,10.6
202403,8,하선,신흥,2825,토요일,18:30,8.1
202403,8,상선,수진,2826,토요일,18:30,10.3
202403,8,하선,수진,2826,토요일,18:30,7.1
202403,8,상선,모란,2827,토요일,18:30,10.7
202403,8,하선,모란,2827,토요일,18:30,0.0
202403,8,상선,암사,2811,일요일,18:30,0.0
202403,8,하선,암사,2811,일요일,18:30,7.3
202403,8,상선,천호,2812,일요일,18:30,12.4
202403,8,하선,천호,2812,일요일,18:30,26.0
202403,8,상선,강동구청,2813,일요일,18:30,33.4
202403,8,하선,강동구청,2813,일요일,18:30,28.6
202403,8,상선,몽촌토성,2814,일요일,18:30,37.0
202403,8,하선,몽촌토성,2814,일요일,18:30,31.0
202403,8,상선,잠실,2815,일요일,18:30,38.1
202403,8,하선,잠실,2815,일요일,18:30,50.6
202403,8,상선,석촌,2816,일요일,18:30,35.9
202403,8,하선,석촌,2816,일요일,18:30,57.2
202403,8,상선,송파,2817,일요일,18:30,38.4
202403,8,하선,송파,2817,일요일,18:30,53.3
202403,8,상선,가락시장,2818,일요일,18:30,38.6
202403,8,하선,가락시장,2818,일요일,18:30,46.9
202403,8,상선,문정,2819,일요일,18:30,34.6
202403,8,하선,문정,2819,일요일,18:30,42.4
202403,8,상선,장지,2820,일요일,18:30,29.3
202403,8,하선,장지,2820,일요일,18:30,36.0
202403,8,상선,복정,2821,일요일,18:30,25.4
202403,8,하선,복정,2821,일요일,18:30,26.3
202403,8,상선,산성,2822,일요일,18:30,13.2
202403,8,하선,산성,2822,일요일,18:30,20.5
202403,8,상선,남한산성입구,2823,일요일,18:30,11.2
202403,8,하선,남한산성입구,2823,일요일,18:30,14.9
202403,8,상선,단대오거리,2824,일요일,18:30,10.7
202403,8,하선,단대오거리,2824,일요일,18:30,8.8
202403,8,상선,신흥,2825,일요일,18:30,9.7
202403,8,하선,신흥,2825,일요일,18:30,6.1
202403,8,상선,수진,2826,일요일,18:30,9.6
202403,8,하선,수진,2826,일요일,18:30,4.9
202403,8,상선,모란,2827,일요일,18:30,10.5
202406,8,상선,암사,2811,평일,18:30,0.0
202406,8,하선,암사,2811,평일,18:30,7.1
202406,8,상선,천호,2812,평일,18:30,37.9
202406,8,하선,천호,2812,평일,18:30,34.6
202406,8,상선,강동구청,2813,평일,18:30,114.5
202406,8,하선,강동구청,2813,평일,18:30,35.2
202406,8,상선,몽촌토성,2814,평일,18:30,121.1
202406,8,하선,몽촌토성,2814,평일,18:30,39.0
202406,8,상선,잠실,2815,평일,18:30,125.8
202406,8,하선,잠실,2815,평일,18:30,89.7
202406,8,상선,석촌,2816,평일,18:30,109.9
202406,8,하선,석촌,2816,평일,18:30,99.3
202406,8,상선,송파,2817,평일,18:30,103.2
202406,8,하선,송파,2817,평일,18:30,91.7
202406,8,상선,가락시장,2818,평일,18:30,103.4
202406,8,하선,가락시장,2818,평일,18:30,92.4
202406,8,상선,문정,2819,평일,18:30,91.3
202406,8,하선,문정,2819,평일,18:30,87.6
202406,8,상선,장지,2820,평일,18:30,55.4
202406,8,하선,장지,2820,평일,18:30,75.0
202406,8,상선,복정,2821,평일,18:30,49.3
202406,8,하선,복정,2821,평일,18:30,61.3
202406,8,상선,산성,2822,평일,18:30,17.4
202406,8,하선,산성,2822,평일,18:30,41.7
202406,8,상선,남한산성입구,2823,평일,18:30,17.5
202406,8,하선,남한산성입구,2823,평일,18:30,29.6
202406,8,상선,단대오거리,2824,평일,18:30,16.8
202406,8,하선,단대오거리,2824,평일,18:30,14.9
202406,8,상선,신흥,2825,평일,18:30,14.0
202406,8,하선,신흥,2825,평일,18:30,9.4
202406,8,상선,수진,2826,평일,18:30,14.8
202406,8,하선,수진,2826,평일,18:30,5.2
202406,8,상선,모란,2827,평일,18:30,16.3
202406,8,하선,모란,2827,평일,18:30,0.0
202406,8,상선,암사,2811,토요일,18:30,0.0
202406,8,하선,암사,2811,토요일,18:30,6.5
202406,8,상선,천호,2812,토요일,18:30,14.9
202406,8,하선,천호,2812,토요일,18:30,29.7
202406,8,상선,강동구청,2813,토요일,18:30,39.3
202406,8,하선,강동구청,2813,토요일,18:30,32.5
202406,8,상선,몽촌토성,2814,토요일,18:30,42.9
202406,8,하선,몽촌토성,2814,토요일,18:30,32.5
202406,8,상선,잠실,2815,토요일,18:30,43.9
202406,8,하선,잠실,2815,토요일,18:30,56.3
202406,8,상선,석촌,2816,토요일,18:30,42.9
202406,8,하선,석촌,2816,토요일,18:30,63.1
202406,8,상선,송파,2817,토요일,18:30,44.9
202406,8,하선,송파,2817,토요일,18:30,61.2
202406,8,상선,가락시장,2818,토요일,18:30,44.0
202406,8,하선,가락시장,2818,토요일,18:30,54.0
202406,8,상선,문정,2819,토요일,18:30,38.1
202406,8,하선,문정,2819,토요일,18:30,47.8
202406,8,상선,장지,2820,토요일,18:30,31.5
202406,8,하선,장지,2820,토요일,18:30,39.6
202406,8,상선,복정,2821,토요일,18:30,25.5
202406,8,하선,복정,2821,토요일,18:30,28.4
202406,8,상선,산성,2822,토요일,18:30,11.3
202406,8,하선,산성,2822,토요일,18:30,22.6
202406,8,상선,남한산성입구,2823,토요일,18:30,9.6
202406,8,하선,남한산성입구,2823,토요일,18:30,16.5
202406,8,상선,단대오거리,2824,토요일,18:30,9.6
202406,8,하선,단대오거리,2824,토요일,18:30,10.0
202406,8,상선,신흥,2825,토요일,18:30,9.8
202406,8,하선,신흥,2825,토요일,18:30,6.9
202406,8,상선,수진,2826,토요일,18:30,9.6
202406,8,하선,수진,2826,토요일,18:30,5.4
202406,8,상선,모란,2827,토요일,18:30,10.6
202406,8,하선,모란,2827,토요일,18:30,0.0
202406,8,상선,암사,2811,일요일,18:30,0.0
202406,8,하선,암사,2811,일요일,18:30,5.4
202406,8,상선,천호,2812,일요일,18:30,12.3
202406,8,하선,천호,2812,일요일,18:30,24.1
202406,8,상선,강동구청,2813,일요일,18:30,34.0
202406,8,하선,강동구청,2813,일요일,18:30,26.9
202406,8,상선,몽촌토성,2814,일요일,18:30,37.4
202406,8,하선,몽촌토성,2814,일요일,18:30,27.2
202406,8,상선,잠실,2815,일요일,18:30,38.4
202406,8,하선,잠실,2815,일요일,18:30,49.0
202406,8,상선,석촌,2816,일요일,18:30,35.1
202406,8,하선,석촌,2816,일요일,18:30,51.1
202406,8,상선,송파,2817,일요일,18:30,33.9
202406,8,하선,송파,2817,일요일,18:30,44.9
202406,8,상선,가락시장,2818,일요일,18:30,33.3
202406,8,하선,가락시장,2818,일요일,18:30,40.1
202406,8,상선,문정,2819,일요일,18:30,30.1
202406,8,하선,문정,2819,일요일,18:30,36.8
202406,8,상선,장지,2820,일요일,18:30,26.9
202406,8,하선,장지,2820,일요일,18:30,31.5
202406,8,상선,복정,2821,일요일,18:30,21.4
202406,8,하선,복정,2821,일요일,18:30,23.7
202406,8,상선,산성,2822,일요일,18:30,9.6
202406,8,하선,산성,2822,일요일,18:30,16.2
202406,8,상선,남한산성입구,2823,일요일,18:30,9.0
202406,8,하선,남한산성입구,2823,일요일,18:30,12.3
202406,8,상선,단대오거리,2824,일요일,18:30,9.5
202406,8,하선,단대오거리,2824,일요일,18:30,6.3
202406,8,상선,신흥,2825,일요일,18:30,9.1
202406,8,하선,신흥,2825,일요일,18:30,5.5
202406,8,상선,수진,2826,일요일,18:30,9.2
202406,8,하선,수진,2826,일요일,18:30,4.5
202406,8,상선,모란,2827,일요일,18:30,8.7
2020,8,상선,암사,2811,평일,19:00,0.0
2020,8,하선,암사,2811,평일,19:00,5.4
2020,8,상선,천호,2812,평일,19:00,27.7
2020,8,하선,천호,2812,평일,19:00,20.6
2020,8,상선,강동구청,2813,평일,19:00,68.7
2020,8,하선,강동구청,2813,평일,19:00,23.8
2020,8,상선,몽촌토성,2814,평일,19:00,77.8
2020,8,하선,몽촌토성,2814,평일,19:00,25.3
2020,8,상선,잠실,2815,평일,19:00,72.3
2020,8,하선,잠실,2815,평일,19:00,59.6
2020,8,상선,석촌,2816,평일,19:00,62.0
2020,8,하선,석촌,2816,평일,19:00,66.2
2020,8,상선,송파,2817,평일,19:00,65.0
2020,8,하선,송파,2817,평일,19:00,59.7
2020,8,상선,가락시장,2818,평일,19:00,62.2
2020,8,하선,가락시장,2818,평일,19:00,58.0
2020,8,상선,문정,2819,평일,19:00,55.3
2020,8,하선,문정,2819,평일,19:00,55.7
2020,8,상선,장지,2820,평일,19:00,38.1
2020,8,하선,장지,2820,평일,19:00,51.4
2020,8,상선,복정,2821,평일,19:00,31.8
2020,8,하선,복정,2821,평일,19:00,36.6
2020,8,상선,산성,2822,평일,19:00,11.6
2020,8,하선,산성,2822,평일,19:00,30.5
2020,8,상선,남한산성입구,2823,평일,19:00,11.6
2020,8,하선,남한산성입구,2823,평일,19:00,17.8
2020,8,상선,단대오거리,2824,평일,19:00,10.2
2020,8,하선,단대오거리,2824,평일,19:00,8.8
2020,8,상선,신흥,2825,평일,19:00,7.5
2020,8,하선,신흥,2825,평일,19:00,6.2
2020,8,상선,수진,2826,평일,19:00,7.3
2020,8,하선,수진,2826,평일,19:00,3.3
2020,8,상선,모란,2827,평일,19:00,7.9
2020,8,하선,모란,2827,평일,19:00,0.0
2020,8,상선,암사,2811,토요일,19:00,0.0
2020,8,하선,암사,2811,토요일,19:00,4.3
2020,8,상선,천호,2812,토요일,19:00,8.8
2020,8,하선,천호,2812,토요일,19:00,16.6
2020,8,상선,강동구청,2813,토요일,19:00,25.9
2020,8,하선,강동구청,2813,토요일,19:00,18.6
2020,8,상선,몽촌토성,2814,토요일,19:00,29.0
2020,8,하선,몽촌토성,2814,토요일,19:00,20.5
2020,8,상선,잠실,2815,토요일,19:00,29.5
2020,8,하선,잠실,2815,토요일,19:00,32.5
2020,8,상선,석촌,2816,토요일,19:00,28.9
2020,8,하선,석촌,2816,토요일,19:00,34.6
2020,8,상선,송파,2817,토요일,19:00,30.4
2020,8,하선,송파,2817,토요일,19:00,30.5
2020,8,상선,가락시장,2818,토요일,19:00,29.5
2020,8,하선,가락시장,2818,토요일,19:00,28.6
2020,8,상선,문정,2819,토요일,19:00,26.2
2020,8,하선,문정,2819,토요일,19:00,26.8
2020,8,상선,장지,2820,토요일,19:00,22.6
2020,8,하선,장지,2820,토요일,19:00,25.5
2020,8,상선,복정,2821,토요일,19:00,16.6
2020,8,하선,복정,2821,토요일,19:00,15.7
2020,8,상선,산성,2822,토요일,19:00,7.3
2020,8,하선,산성,2822,토요일,19:00,15.5
2020,8,상선,남한산성입구,2823,토요일,19:00,6.0
2020,8,하선,남한산성입구,2823,토요일,19:00,10.8
2020,8,상선,단대오거리,2824,토요일,19:00,6.1
2020,8,하선,단대오거리,2824,토요일,19:00,6.4
2020,8,상선,신흥,2825,토요일,19:00,6.6
2020,8,하선,신흥,2825,토요일,19:00,4.3
2020,8,상선,수진,2826,토요일,19:00,5.4
2020,8,하선,수진,2826,토요일,19:00,3.2
2020,8,상선,모란,2827,토요일,19:00,5.8
2020,8,하선,모란,2827,토요일,19:00,0.0
2020,8,상선,암사,2811,일요일,19:00,0.0
2020,8,하선,암사,2811,일요일,19:00,3.8
2020,8,상선,천호,2812,일요일,19:00,7.3
2020,8,하선,천호,2812,일요일,19:00,13.1
2020,8,상선,강동구청,2813,일요일,19:00,17.6
2020,8,하선,강동구청,2813,일요일,19:00,14.2
2020,8,상선,몽촌토성,2814,일요일,19:00,21.7
2020,8,하선,몽촌토성,2814,일요일,19:00,14.8
2020,8,상선,잠실,2815,일요일,19:00,22.6
2020,8,하선,잠실,2815,일요일,19:00,28.3
2020,8,상선,석촌,2816,일요일,19:00,21.2
2020,8,하선,석촌,2816,일요일,19:00,29.3
2020,8,상선,송파,2817,일요일,19:00,22.5
2020,8,하선,송파,2817,일요일,19:00,30.8
2020,8,상선,가락시장,2818,일요일,19:00,21.2
2021,8,상선,암사,2811,평일,19:00,0.0
2021,8,하선,암사,2811,평일,19:00,5.2
2021,8,상선,천호,2812,평일,19:00,26.7
2021,8,하선,천호,2812,평일,19:00,20.4
2021,8,상선,강동구청,2813,평일,19:00,70.3
2021,8,하선,강동구청,2813,평일,19:00,22.5
2021,8,상선,몽촌토성,2814,평일,19:00,78.2
2021,8,하선,몽촌토성,2814,평일,19:00,23.8
2021,8,상선,잠실,2815,평일,19:00,69.2
2021,8,하선,잠실,2815,평일,19:00,54.8
2021,8,상선,석촌,2816,평일,19:00,57.1
2021,8,하선,석촌,2816,평일,19:00,63.8
2021,8,상선,송파,2817,평일,19:00,59.9
2021,8,하선,송파,2817,평일,19:00,58.5
2021,8,상선,가락시장,2818,평일,19:00,59.3
2021,8,하선,가락시장,2818,평일,19:00,56.2
2021,8,상선,문정,2819,평일,19:00,53.3
2021,8,하선,문정,2819,평일,19:00,53.3
2021,8,상선,장지,2820,평일,19:00,36.8
2021,8,하선,장지,2820,평일,19:00,46.9
2021,8,상선,복정,2821,평일,19:00,30.8
2021,8,하선,복정,2821,평일,19:00,32.3
2021,8,상선,산성,2822,평일,19:00,10.8
2021,8,하선,산성,2822,평일,19:00,29.8
2021,8,상선,남한산성입구,2823,평일,19:00,10.6
2021,8,하선,남한산성입구,2823,평일,19:00,18.0
2021,8,상선,단대오거리,2824,평일,19:00,9.6
2021,8,하선,단대오거리,2824,평일,19:00,8.7
2021,8,상선,신흥,2825,평일,19:00,7.5
2021,8,하선,신흥,2825,평일,19:00,5.7
2021,8,상선,수진,2826,평일,19:00,7.7
2021,8,하선,수진,2826,평일,19:00,3.2
2021,8,상선,모란,2827,평일,19:00,8.5
2021,8,하선,모란,2827,평일,19:00,0.0
2021,8,상선,암사,2811,토요일,19:00,0.0
2021,8,하선,암사,2811,토요일,19:00,5.0
2021,8,상선,천호,2812,토요일,19:00,12.3
2021,8,하선,천호,2812,토요일,19:00,19.6
2021,8,상선,강동구청,2813,토요일,19:00,30.5
2021,8,하선,강동구청,2813,토요일,19:00,20.2
2021,8,상선,몽촌토성,2814,토요일,19:00,34.3
2021,8,하선,몽촌토성,2814,토요일,19:00,19.6
2021,8,상선,잠실,2815,토요일,19:00,35.4
2021,8,하선,잠실,2815,토요일,19:00,36.8
2021,8,상선,석촌,2816,토요일,19:00,30.2
2021,8,하선,석촌,2816,토요일,19:00,38.2
2021,8,상선,송파,2817,토요일,19:00,34.7
2021,8,하선,송파,2817,토요일,19:00,40.2
2021,8,상선,가락시장,2818,토요일,19:00,33.9
2021,8,하선,가락시장,2818,토요일,19:00,38.5
2021,8,상선,문정,2819,토요일,19:00,30.3
2021,8,하선,문정,2819,토요일,19:00,34.5
2021,8,상선,장지,2820,토요일,19:00,26.3
2021,8,하선,장지,2820,토요일,19:00,29.6
2021,8,상선,복정,2821,토요일,19:00,20.6
2021,8,하선,복정,2821,토요일,19:00,21.4
2021,8,상선,산성,2822,토요일,19:00,7.1
2021,8,하선,산성,2822,토요일,19:00,14.8
2021,8,상선,남한산성입구,2823,토요일,19:00,6.6
2021,8,하선,남한산성입구,2823,토요일,19:00,10.4
2021,8,상선,단대오거리,2824,토요일,19:00,6.5
2021,8,하선,단대오거리,2824,토요일,19:00,5.4
2021,8,상선,신흥,2825,토요일,19:00,5.4
2021,8,하선,신흥,2825,토요일,19:00,3.7
2021,8,상선,수진,2826,토요일,19:00,5.0
2021,8,하선,수진,2826,토요일,19:00,2.9
2021,8,상선,모란,2827,토요일,19:00,5.1
2021,8,하선,모란,2827,토요일,19:00,0.0
2022,8,상선,암사,2811,평일,19:00,0.0
2022,8,하선,암사,2811,평일,19:00,6.4
2022,8,상선,천호,2812,평일,19:00,27.0
2022,8,하선,천호,2812,평일,19:00,24.7
2022,8,상선,강동구청,2813,평일,19:00,66.9
2022,8,하선,강동구청,2813,평일,19:00,25.1
2022,8,상선,몽촌토성,2814,평일,19:00,76.2
2022,8,하선,몽촌토성,2814,평일,19:00,29.3
2022,8,상선,잠실,2815,평일,19:00,78.9
2022,8,하선,잠실,2815,평일,19:00,65.6
2022,8,상선,석촌,2816,평일,19:00,68.5
2022,8,하선,석촌,2816,평일,19:00,75.2
2022,8,상선,송파,2817,평일,19:00,68.5
2022,8,하선,송파,2817,평일,19:00,75.4
2022,8,상선,가락시장,2818,평일,19:00,68.3
2022,8,하선,가락시장,2818,평일,19:00,73.3
2022,8,상선,문정,2819,평일,19:00,62.5
2022,8,하선,문정,2819,평일,19:00,69.5
2022,8,상선,장지,2820,평일,19:00,45.0
2022,8,하선,장지,2820,평일,19:00,58.4
2022,8,상선,복정,2821,평일,19:00,38.9
2022,8,하선,복정,2821,평일,19:00,49.0
2022,8,상선,산성,2822,평일,19:00,13.7
2022,8,하선,산성,2822,평일,19:00,35.0
2022,8,상선,남한산성입구,2823,평일,19:00,13.6
2022,8,하선,남한산성입구,2823,평일,19:00,21.9
2022,8,상선,단대오거리,2824,평일,19:00,12.4
2022,8,하선,단대오거리,2824,평일,19:00,11.9
2022,8,상선,신흥,2825,평일,19:00,10.6
2022,8,하선,신흥,2825,평일,19:00,6.8
2022,8,상선,수진,2826,평일,19:00,10.9
2022,8,하선,수진,2826,평일,19:00,3.8
2022,8,상선,모란,2827,평일,19:00,11.7
2022,8,하선,모란,2827,평일,19:00,0.0
2022,8,상선,암사,2811,토요일,19:00,0.0
2022,8,하선,암사,2811,토요일,19:00,5.6
2022,8,상선,천호,2812,토요일,19:00,14.1
2022,8,하선,천호,2812,토요일,19:00,21.7
2022,8,상선,강동구청,2813,토요일,19:00,39.1
2022,8,하선,강동구청,2813,토요일,19:00,24.2
2022,8,상선,몽촌토성,2814,토요일,19:00,42.6
2022,8,하선,몽촌토성,2814,토요일,19:00,25.6
2022,8,상선,잠실,2815,토요일,19:00,45.1
2022,8,하선,잠실,2815,토요일,19:00,54.7
2022,8,상선,석촌,2816,토요일,19:00,41.7
2022,8,하선,석촌,2816,토요일,19:00,56.0
2022,8,상선,송파,2817,토요일,19:00,41.4
2022,8,하선,송파,2817,토요일,19:00,53.2
2022,8,상선,가락시장,2818,토요일,19:00,40.5
2022,8,하선,가락시장,2818,토요일,19:00,47.2
2022,8,상선,문정,2819,토요일,19:00,33.8
2022,8,하선,문정,2819,토요일,19:00,44.3
2022,8,상선,장지,2820,토요일,19:00,28.2
2022,8,하선,장지,2820,토요일,19:00,37.8
2022,8,상선,복정,2821,토요일,19:00,21.6
2022,8,하선,복정,2821,토요일,19:00,25.3
2022,8,상선,산성,2822,토요일,19:00,8.5
2022,8,하선,산성,2822,토요일,19:00,21.7
2022,8,상선,남한산성입구,2823,토요일,19:00,8.5
2022,8,하선,남한산성입구,2823,토요일,19:00,14.8
2022,8,상선,단대오거리,2824,토요일,19:00,8.4
2022,8,하선,단대오거리,2824,토요일,19:00,9.5
2022,8,상선,신흥,2825,토요일,19:00,7.7
2022,8,하선,신흥,2825,토요일,19:00,6.2
2022,8,상선,암사,2811,공휴일,19:00,0.0
2022,8,하선,암사,2811,공휴일,19:00,4.5
2022,8,상선,천호,2812,공휴일,19:00,11.8
2022,8,하선,천호,2812,공휴일,19:00,19.4
2022,8,상선,강동구청,2813,공휴일,19:00,28.9
2022,8,하선,강동구청,2813,공휴일,19:00,20.5
2022,8,상선,몽촌토성,2814,공휴일,19:00,32.1
2022,8,하선,몽촌토성,2814,공휴일,19:00,21.6
2022,8,상선,잠실,2815,공휴일,19:00,36.0
2022,8,하선,잠실,2815,공휴일,19:00,45.8
2022,8,상선,석촌,2816,공휴일,19:00,31.2
2022,8,하선,석촌,2816,공휴일,19:00,47.8
2022,8,상선,송파,2817,공휴일,19:00,31.3
2022,8,하선,송파,2817,공휴일,19:00,44.3
2022,8,상선,가락시장,2818,공휴일,19:00,30.6
2022,8,하선,가락시장,2818,공휴일,19:00,41.1
2022,8,상선,문정,2819,공휴일,19:00,25.6
2022,8,하선,문정,2819,공휴일,19:00,36.3
2022,8,상선,장지,2820,공휴일,19:00,22.5
2022,8,하선,장지,2820,공휴일,19:00,32.3
2022,8,상선,복정,2821,공휴일,19:00,17.7
2022,8,하선,복정,2821,공휴일,19:00,21.7
2022,8,상선,산성,2822,공휴일,19:00,7.1
2022,8,하선,산성,2822,공휴일,19:00,17.4
2022,8,상선,남한산성입구,2823,공휴일,19:00,7.0
2022,8,하선,남한산성입구,2823,공휴일,19:00,11.5
2022,8,상선,단대오거리,2824,공휴일,19:00,7.1
2022,8,하선,단대오거리,2824,공휴일,19:00,6.6
2022,8,상선,신흥,2825,공휴일,19:00,6.5
2022,8,하선,신흥,2825,공휴일,19:00,5.0
2022,8,상선,수진,2826,공휴일,19:00,6.4
2022,8,하선,수진,2826,공휴일,19:00,3.6
2022,8,상선,모란,2827,공휴일,19:00,6.8
2022,8,하선,모란,2827,공휴일,19:00,0.0
2023,8,상선,암사,2811,평일,19:00,0.0
2023,8,하선,암사,2811,평일,19:00,6.0
2023,8,상선,천호,2812,평일,19:00,26.7
2023,8,하선,천호,2812,평일,19:00,25.2
2023,8,상선,강동구청,2813,평일,19:00,70.5
2023,8,하선,강동구청,2813,평일,19:00,25.9
2023,8,상선,몽촌토성,2814,평일,19:00,73.9
2023,8,하선,몽촌토성,2814,평일,19:00,29.9
2023,8,상선,잠실,2815,평일,19:00,77.1
2023,8,하선,잠실,2815,평일,19:00,70.2
2023,8,상선,석촌,2816,평일,19:00,68.1
2023,8,하선,석촌,2816,평일,19:00,80.3
2023,8,상선,송파,2817,평일,19:00,71.7
2023,8,하선,송파,2817,평일,19:00,77.9
2023,8,상선,가락시장,2818,평일,19:00,71.2
2023,8,하선,가락시장,2818,평일,19:00,76.9
2023,8,상선,문정,2819,평일,19:00,63.7
2023,8,하선,문정,2819,평일,19:00,72.5
2023,8,상선,장지,2820,평일,19:00,43.9
2023,8,하선,장지,2820,평일,19:00,62.1
2023,8,상선,복정,2821,평일,19:00,37.5
2023,8,하선,복정,2821,평일,19:00,55.2
2023,8,상선,산성,2822,평일,19:00,12.7
2023,8,하선,산성,2822,평일,19:00,39.8
2023,8,상선,남한산성입구,2823,평일,19:00,12.9
2023,8,하선,남한산성입구,2823,평일,19:00,25.7
2023,8,상선,단대오거리,2824,평일,19:00,12.2
2023,8,하선,단대오거리,2824,평일,19:00,11.6
2023,8,상선,신흥,2825,평일,19:00,10.7
2023,8,하선,신흥,2825,평일,19:00,6.7
2023,8,상선,수진,2826,평일,19:00,11.0
2023,8,하선,수진,2826,평일,19:00,3.7
2023,8,상선,모란,2827,평일,19:00,12.0
2023,8,하선,모란,2827,평일,19:00,0.0
2023,8,상선,암사,2811,토요일,19:00,0.0
2023,8,하선,암사,2811,토요일,19:00,5.8
2023,8,상선,천호,2812,토요일,19:00,15.2
2023,8,하선,천호,2812,토요일,19:00,25.4
2023,8,상선,강동구청,2813,토요일,19:00,41.3
2023,8,하선,강동구청,2813,토요일,19:00,24.6
2023,8,상선,몽촌토성,2814,토요일,19:00,45.3
2023,8,하선,몽촌토성,2814,토요일,19:00,26.5
2023,8,상선,잠실,2815,토요일,19:00,46.0
2023,8,하선,잠실,2815,토요일,19:00,61.3
2023,8,상선,석촌,2816,토요일,19:00,43.8
2023,8,하선,석촌,2816,토요일,19:00,64.0
2023,8,상선,송파,2817,토요일,19:00,43.6
2023,8,하선,송파,2817,토요일,19:00,60.6
2023,8,상선,가락시장,2818,토요일,19:00,42.0
2023,8,하선,가락시장,2818,토요일,19:00,50.6
2023,8,상선,문정,2819,토요일,19:00,36.2
2023,8,하선,문정,2819,토요일,19:00,45.0
2023,8,상선,장지,2820,토요일,19:00,28.2
2023,8,하선,장지,2820,토요일,19:00,41.8
2023,8,상선,복정,2821,토요일,19:00,21.1
2023,8,하선,복정,2821,토요일,19:00,27.3
2023,8,상선,산성,2822,토요일,19:00,9.5
2023,8,하선,산성,2822,토요일,19:00,21.7
2023,8,상선,남한산성입구,2823,토요일,19:00,8.5
2023,8,하선,남한산성입구,2823,토요일,19:00,15.8
2023,8,상선,단대오거리,2824,토요일,19:00,9.5
2023,8,하선,단대오거리,2824,토요일,19:00,8.4
2023,8,상선,신흥,2825,토요일,19:00,9.6
2023,8,하선,신흥,2825,토요일,19:00,5.7
2023,8,상선,수진,2826,토요일,19:00,8.8
2023,8,하선,수진,2826,토요일,19:00,4.8
2023,8,상선,모란,2827,토요일,19:00,9.1
2023,8,하선,모란,2827,토요일,19:00,0.0
2023,8,상선,암사,2811,일요일,19:00,0.0
2023,8,하선,암사,2811,일요일,19:00,4.7
2023,8,상선,천호,2812,일요일,19:00,12.7
2023,8,하선,천호,2812,일요일,19:00,22.2
2023,8,상선,강동구청,2813,일요일,19:00,28.8
2023,8,하선,강동구청,2813,일요일,19:00,22.9
2023,8,상선,몽촌토성,2814,일요일,19:00,31.9
2023,8,하선,몽촌토성,2814,일요일,19:00,24.3
2023,8,상선,잠실,2815,일요일,19:00,30.8
2023,8,하선,잠실,2815,일요일,19:00,47.9
2023,8,상선,석촌,2816,일요일,19:00,26.6
2023,8,하선,석촌,2816,일요일,19:00,49.5
2023,8,상선,송파,2817,일요일,19:00,26.5
2023,8,하선,송파,2817,일요일,19:00,45.9
2023,8,상선,가락시장,2818,일요일,19:00,26.8
2023,8,하선,가락시장,2818,일요일,19:00,40.6
2023,8,상선,문정,2819,일요일,19:00,25.9
2023,8,하선,문정,2819,일요일,19:00,36.1
2023,8,상선,장지,2820,일요일,19:00,22.9
2023,8,하선,장지,2820,일요일,19:00,32.1
2023,8,상선,복정,2821,일요일,19:00,19.0
2023,8,하선,복정,2821,일요일,19:00,22.2
2023,8,상선,산성,2822,일요일,19:00,8.2
2023,8,하선,산성,2822,일요일,19:00,17.3
2023,8,상선,남한산성입구,2823,일요일,19:00,7.8
2023,8,하선,남한산성입구,2823,일요일,19:00,12.3
2023,8,상선,단대오거리,2824,일요일,19:00,9.0
2023,8,하선,단대오거리,2824,일요일,19:00,6.4
2023,8,상선,신흥,2825,일요일,19:00,7.8
2023,8,하선,신흥,2825,일요일,19:00,3.9
2023,8,상선,수진,2826,일요일,19:00,7.9
2023,8,하선,수진,2826,일요일,19:00,3.2
2023,8,상선,모란,2827,일요일,19:00,7.1
202403,8,상선,암사,2811,평일,19:00,0.0
202403,8,하선,암사,2811,평일,19:00,6.2
202403,8,상선,천호,2812,평일,19:00,28.0
202403,8,하선,천호,2812,평일,19:00,25.7
202403,8,상선,강동구청,2813,평일,19:00,72.9
202403,8,하선,강동구청,2813,평일,19:00,26.1
202403,8,상선,몽촌토성,2814,평일,19:00,75.8
202403,8,하선,몽촌토성,2814,평일,19:00,31.2
202403,8,상선,잠실,2815,평일,19:00,79.2
202403,8,하선,잠실,2815,평일,19:00,73.6
202403,8,상선,석촌,2816,평일,19:00,67.8
202403,8,하선,석촌,2816,평일,19:00,84.1
202403,8,상선,송파,2817,평일,19:00,70.2
202403,8,하선,송파,2817,평일,19:00,80.5
202403,8,상선,가락시장,2818,평일,19:00,69.1
202403,8,하선,가락시장,2818,평일,19:00,78.0
202403,8,상선,문정,2819,평일,19:00,63.2
202403,8,하선,문정,2819,평일,19:00,73.6
202403,8,상선,장지,2820,평일,19:00,43.3
202403,8,하선,장지,2820,평일,19:00,63.6
202403,8,상선,복정,2821,평일,19:00,37.6
202403,8,하선,복정,2821,평일,19:00,56.2
202403,8,상선,산성,2822,평일,19:00,13.4
202403,8,하선,산성,2822,평일,19:00,40.3
202403,8,상선,남한산성입구,2823,평일,19:00,13.6
202403,8,하선,남한산성입구,2823,평일,19:00,27.4
202403,8,상선,단대오거리,2824,평일,19:00,12.6
202403,8,하선,단대오거리,2824,평일,19:00,13.4
202403,8,상선,신흥,2825,평일,19:00,11.9
202403,8,하선,신흥,2825,평일,19:00,7.9
202403,8,상선,수진,2826,평일,19:00,12.3
202403,8,하선,수진,2826,평일,19:00,4.6
202403,8,상선,모란,2827,평일,19:00,13.5
202403,8,하선,모란,2827,평일,19:00,0.0
202403,8,상선,암사,2811,토요일,19:00,0.0
202403,8,하선,암사,2811,토요일,19:00,7.7
202403,8,상선,천호,2812,토요일,19:00,17.0
202403,8,하선,천호,2812,토요일,19:00,29.7
202403,8,상선,강동구청,2813,토요일,19:00,38.4
202403,8,하선,강동구청,2813,토요일,19:00,27.4
202403,8,상선,몽촌토성,2814,토요일,19:00,43.5
202403,8,하선,몽촌토성,2814,토요일,19:00,31.1
202403,8,상선,잠실,2815,토요일,19:00,44.8
202403,8,하선,잠실,2815,토요일,19:00,57.4
202403,8,상선,석촌,2816,토요일,19:00,42.0
202403,8,하선,석촌,2816,토요일,19:00,62.0
202403,8,상선,송파,2817,토요일,19:00,41.1
202403,8,하선,송파,2817,토요일,19:00,59.7
202403,8,상선,가락시장,2818,토요일,19:00,40.3
202403,8,하선,가락시장,2818,토요일,19:00,53.4
202403,8,상선,문정,2819,토요일,19:00,37.0
202403,8,하선,문정,2819,토요일,19:00,49.6
202403,8,상선,장지,2820,토요일,19:00,29.3
202403,8,하선,장지,2820,토요일,19:00,45.7
202403,8,상선,복정,2821,토요일,19:00,22.8
202403,8,하선,복정,2821,토요일,19:00,32.4
202403,8,상선,산성,2822,토요일,19:00,10.2
202403,8,하선,산성,2822,토요일,19:00,24.4
202403,8,상선,남한산성입구,2823,토요일,19:00,8.3
202403,8,하선,남한산성입구,2823,토요일,19:00,15.9
202403,8,상선,단대오거리,2824,토요일,19:00,9.2
202403,8,하선,단대오거리,2824,토요일,19:00,8.6
202403,8,상선,신흥,2825,토요일,19:00,9.4
202403,8,하선,신흥,2825,토요일,19:00,6.3
202403,8,상선,수진,2826,토요일,19:00,8.8
202403,8,하선,수진,2826,토요일,19:00,5.5
202403,8,상선,모란,2827,토요일,19:00,8.3
202403,8,하선,모란,2827,토요일,19:00,0.0
202403,8,상선,암사,2811,일요일,19:00,0.0
202403,8,하선,암사,2811,일요일,19:00,5.0
202403,8,상선,천호,2812,일요일,19:00,14.5
202403,8,하선,천호,2812,일요일,19:00,23.0
202403,8,상선,강동구청,2813,일요일,19:00,31.2
202403,8,하선,강동구청,2813,일요일,19:00,22.9
202403,8,상선,몽촌토성,2814,일요일,19:00,35.3
202403,8,하선,몽촌토성,2814,일요일,19:00,26.4
202403,8,상선,잠실,2815,일요일,19:00,35.6
202403,8,하선,잠실,2815,일요일,19:00,49.8
202403,8,상선,석촌,2816,일요일,19:00,29.6
202403,8,하선,석촌,2816,일요일,19:00,54.0
202403,8,상선,송파,2817,일요일,19:00,32.0
202403,8,하선,송파,2817,일요일,19:00,52.1
202403,8,상선,가락시장,2818,일요일,19:00,32.2
202403,8,하선,가락시장,2818,일요일,19:00,47.1
202403,8,상선,문정,2819,일요일,19:00,29.7
202403,8,하선,문정,2819,일요일,19:00,39.4
202403,8,상선,장지,2820,일요일,19:00,26.9
202403,8,하선,장지,2820,일요일,19:00,35.9
202403,8,상선,복정,2821,일요일,19:00,22.0
202403,8,하선,복정,2821,일요일,19:00,24.4
202403,8,상선,산성,2822,일요일,19:00,10.0
202403,8,하선,산성,2822,일요일,19:00,17.2
202403,8,상선,남한산성입구,2823,일요일,19:00,9.2
202403,8,하선,남한산성입구,2823,일요일,19:00,12.4
202403,8,상선,단대오거리,2824,일요일,19:00,9.5
202403,8,하선,단대오거리,2824,일요일,19:00,7.2
202403,8,상선,신흥,2825,일요일,19:00,9.2
202403,8,하선,신흥,2825,일요일,19:00,5.3
202403,8,상선,수진,2826,일요일,19:00,8.6
202403,8,하선,수진,2826,일요일,19:00,3.6
202403,8,상선,모란,2827,일요일,19:00,8.8
202406,8,상선,암사,2811,평일,19:00,0.0
202406,8,하선,암사,2811,평일,19:00,6.4
202406,8,상선,천호,2812,평일,19:00,27.1
202406,8,하선,천호,2812,평일,19:00,25.5
202406,8,상선,강동구청,2813,평일,19:00,71.4
202406,8,하선,강동구청,2813,평일,19:00,25.7
202406,8,상선,몽촌토성,2814,평일,19:00,73.9
202406,8,하선,몽촌토성,2814,평일,19:00,29.9
202406,8,상선,잠실,2815,평일,19:00,76.9
202406,8,하선,잠실,2815,평일,19:00,69.1
202406,8,상선,석촌,2816,평일,19:00,67.8
202406,8,하선,석촌,2816,평일,19:00,78.9
202406,8,상선,송파,2817,평일,19:00,70.0
202406,8,하선,송파,2817,평일,19:00,76.9
202406,8,상선,가락시장,2818,평일,19:00,69.4
202406,8,하선,가락시장,2818,평일,19:00,75.8
202406,8,상선,문정,2819,평일,19:00,63.4
202406,8,하선,문정,2819,평일,19:00,70.4
202406,8,상선,장지,2820,평일,19:00,45.7
202406,8,하선,장지,2820,평일,19:00,60.8
202406,8,상선,복정,2821,평일,19:00,35.9
202406,8,하선,복정,2821,평일,19:00,53.0
202406,8,상선,산성,2822,평일,19:00,12.8
202406,8,하선,산성,2822,평일,19:00,39.9
202406,8,상선,남한산성입구,2823,평일,19:00,12.9
202406,8,하선,남한산성입구,2823,평일,19:00,27.2
202406,8,상선,단대오거리,2824,평일,19:00,12.8
202406,8,하선,단대오거리,2824,평일,19:00,12.9
202406,8,상선,신흥,2825,평일,19:00,11.7
202406,8,하선,신흥,2825,평일,19:00,7.3
202406,8,상선,수진,2826,평일,19:00,12.1
202406,8,하선,수진,2826,평일,19:00,4.3
202406,8,상선,모란,2827,평일,19:00,12.8
202406,8,하선,모란,2827,평일,19:00,0.0
202406,8,상선,암사,2811,토요일,19:00,0.0
202406,8,하선,암사,2811,토요일,19:00,6.5
202406,8,상선,천호,2812,토요일,19:00,13.2
202406,8,하선,천호,2812,토요일,19:00,24.5
202406,8,상선,강동구청,2813,토요일,19:00,33.1
202406,8,하선,강동구청,2813,토요일,19:00,23.9
202406,8,상선,몽촌토성,2814,토요일,19:00,38.0
202406,8,하선,몽촌토성,2814,토요일,19:00,25.4
202406,8,상선,잠실,2815,토요일,19:00,40.7
202406,8,하선,잠실,2815,토요일,19:00,48.0
202406,8,상선,석촌,2816,토요일,19:00,41.6
202406,8,하선,석촌,2816,토요일,19:00,51.0
202406,8,상선,송파,2817,토요일,19:00,41.8
202406,8,하선,송파,2817,토요일,19:00,48.9
202406,8,상선,가락시장,2818,토요일,19:00,41.4
202406,8,하선,가락시장,2818,토요일,19:00,44.6
202406,8,상선,문정,2819,토요일,19:00,36.5
202406,8,하선,문정,2819,토요일,19:00,40.7
202406,8,상선,장지,2820,토요일,19:00,30.3
202406,8,하선,장지,2820,토요일,19:00,37.0
202406,8,상선,복정,2821,토요일,19:00,20.6
202406,8,하선,복정,2821,토요일,19:00,27.0
202406,8,상선,산성,2822,토요일,19:00,7.9
202406,8,하선,산성,2822,토요일,19:00,19.0
202406,8,상선,남한산성입구,2823,토요일,19:00,7.1
202406,8,하선,남한산성입구,2823,토요일,19:00,12.2
202406,8,상선,단대오거리,2824,토요일,19:00,7.2
202406,8,하선,단대오거리,2824,토요일,19:00,7.1
202406,8,상선,신흥,2825,토요일,19:00,6.7
202406,8,하선,신흥,2825,토요일,19:00,5.2
202406,8,상선,수진,2826,토요일,19:00,6.2
202406,8,하선,수진,2826,토요일,19:00,4.4
202406,8,상선,모란,2827,토요일,19:00,6.3
202406,8,하선,모란,2827,토요일,19:00,0.0
202406,8,상선,암사,2811,일요일,19:00,0.0
202406,8,하선,암사,2811,일요일,19:00,5.9
202406,8,상선,천호,2812,일요일,19:00,11.9
202406,8,하선,천호,2812,일요일,19:00,19.9
202406,8,상선,강동구청,2813,일요일,19:00,28.1
202406,8,하선,강동구청,2813,일요일,19:00,19.3
202406,8,상선,몽촌토성,2814,일요일,19:00,32.8
202406,8,하선,몽촌토성,2814,일요일,19:00,21.7
202406,8,상선,잠실,2815,일요일,19:00,34.3
202406,8,하선,잠실,2815,일요일,19:00,42.5
202406,8,상선,석촌,2816,일요일,19:00,28.6
202406,8,하선,석촌,2816,일요일,19:00,45.6
202406,8,상선,송파,2817,일요일,19:00,28.4
202406,8,하선,송파,2817,일요일,19:00,45.5
202406,8,상선,가락시장,2818,일요일,19:00,28.3
202406,8,하선,가락시장,2818,일요일,19:00,40.7
202406,8,상선,문정,2819,일요일,19:00,25.5
202406,8,하선,문정,2819,일요일,19:00,35.5
202406,8,상선,장지,2820,일요일,19:00,21.5
202406,8,하선,장지,2820,일요일,19:00,32.0
202406,8,상선,복정,2821,일요일,19:00,17.3
202406,8,하선,복정,2821,일요일,19:00,23.2
202406,8,상선,산성,2822,일요일,19:00,8.5
202406,8,하선,산성,2822,일요일,19:00,16.9
202406,8,상선,남한산성입구,2823,일요일,19:00,7.5
202406,8,하선,남한산성입구,2823,일요일,19:00,13.1
202406,8,상선,단대오거리,2824,일요일,19:00,8.1
202406,8,하선,단대오거리,2824,일요일,19:00,7.7
202406,8,상선,신흥,2825,일요일,19:00,8.0
202406,8,하선,신흥,2825,일요일,19:00,5.3
202406,8,상선,수진,2826,일요일,19:00,7.8
202406,8,하선,수진,2826,일요일,19:00,4.0
202406,8,상선,모란,2827,일요일,19:00,7.6
2020,8,상선,암사,2811,평일,19:30,0.0
2020,8,하선,암사,2811,평일,19:30,4.2
2020,8,상선,천호,2812,평일,19:30,20.9
2020,8,하선,천호,2812,평일,19:30,16.6
2020,8,상선,강동구청,2813,평일,19:30,49.7
2020,8,하선,강동구청,2813,평일,19:30,17.8
2020,8,상선,몽촌토성,2814,평일,19:30,55.5
2020,8,하선,몽촌토성,2814,평일,19:30,18.7
2020,8,상선,잠실,2815,평일,19:30,55.7
2020,8,하선,잠실,2815,평일,19:30,42.4
2020,8,상선,석촌,2816,평일,19:30,47.2
2020,8,하선,석촌,2816,평일,19:30,51.3
2020,8,상선,송파,2817,평일,19:30,46.6
2020,8,하선,송파,2817,평일,19:30,46.8
2020,8,상선,가락시장,2818,평일,19:30,46.4
2020,8,하선,가락시장,2818,평일,19:30,46.5
2020,8,상선,문정,2819,평일,19:30,39.9
2020,8,하선,문정,2819,평일,19:30,43.8
2020,8,상선,장지,2820,평일,19:30,29.1
2020,8,하선,장지,2820,평일,19:30,35.6
2020,8,상선,복정,2821,평일,19:30,24.9
2020,8,하선,복정,2821,평일,19:30,25.5
2020,8,상선,산성,2822,평일,19:30,9.2
2020,8,하선,산성,2822,평일,19:30,23.5
2020,8,상선,남한산성입구,2823,평일,19:30,9.1
2020,8,하선,남한산성입구,2823,평일,19:30,13.6
2020,8,상선,단대오거리,2824,평일,19:30,8.0
2020,8,하선,단대오거리,2824,평일,19:30,7.0
2020,8,상선,신흥,2825,평일,19:30,6.9
2020,8,하선,신흥,2825,평일,19:30,4.5
2020,8,상선,수진,2826,평일,19:30,6.9
2020,8,하선,수진,2826,평일,19:30,2.5
2020,8,상선,모란,2827,평일,19:30,7.7
2020,8,하선,모란,2827,평일,19:30,0.0
2020,8,상선,암사,2811,토요일,19:30,0.0
2020,8,하선,암사,2811,토요일,19:30,4.8
2020,8,상선,천호,2812,토요일,19:30,9.5
2020,8,하선,천호,2812,토요일,19:30,13.9
2020,8,상선,강동구청,2813,토요일,19:30,25.7
2020,8,하선,강동구청,2813,토요일,19:30,14.0
2020,8,상선,몽촌토성,2814,토요일,19:30,28.5
2020,8,하선,몽촌토성,2814,토요일,19:30,14.1
2020,8,상선,잠실,2815,토요일,19:30,27.6
2020,8,하선,잠실,2815,토요일,19:30,25.6
2020,8,상선,석촌,2816,토요일,19:30,26.5
2020,8,하선,석촌,2816,토요일,19:30,29.6
2020,8,상선,송파,2817,토요일,19:30,26.4
2020,8,하선,송파,2817,토요일,19:30,31.8
2020,8,상선,가락시장,2818,토요일,19:30,26.8
2020,8,하선,가락시장,2818,토요일,19:30,29.8
2020,8,상선,문정,2819,토요일,19:30,24.1
2020,8,하선,문정,2819,토요일,19:30,26.9
2020,8,상선,장지,2820,토요일,19:30,18.3
2020,8,하선,장지,2820,토요일,19:30,22.9
2020,8,상선,복정,2821,토요일,19:30,13.9
2020,8,하선,복정,2821,토요일,19:30,14.6
2020,8,상선,산성,2822,토요일,19:30,5.4
2020,8,하선,산성,2822,토요일,19:30,11.6
2020,8,상선,남한산성입구,2823,토요일,19:30,5.7
2020,8,하선,남한산성입구,2823,토요일,19:30,10.5
2020,8,상선,단대오거리,2824,토요일,19:30,5.3
2020,8,하선,단대오거리,2824,토요일,19:30,6.7
2020,8,상선,신흥,2825,토요일,19:30,4.4
2020,8,하선,신흥,2825,토요일,19:30,4.5
2020,8,상선,수진,2826,토요일,19:30,4.0
2020,8,하선,수진,2826,토요일,19:30,2.9
2020,8,상선,모란,2827,토요일,19:30,4.1
2020,8,하선,모란,2827,토요일,19:30,0.0
2020,8,상선,암사,2811,일요일,19:30,0.0
2020,8,하선,암사,2811,일요일,19:30,3.5
2020,8,상선,천호,2812,일요일,19:30,7.5
2020,8,하선,천호,2812,일요일,19:30,13.1
2020,8,상선,강동구청,2813,일요일,19:30,17.1
2020,8,하선,강동구청,2813,일요일,19:30,13.0
2020,8,상선,몽촌토성,2814,일요일,19:30,16.1
2020,8,하선,몽촌토성,2814,일요일,19:30,13.8
2020,8,상선,잠실,2815,일요일,19:30,16.6
2020,8,하선,잠실,2815,일요일,19:30,27.5
2020,8,상선,석촌,2816,일요일,19:30,17.2
2020,8,하선,석촌,2816,일요일,19:30,28.8
2020,8,상선,송파,2817,일요일,19:30,17.7
2020,8,하선,송파,2817,일요일,19:30,25.1
2020,8,상선,가락시장,2818,일요일,19:30,16.8
2021,8,상선,암사,2811,평일,19:30,0.0
2021,8,하선,암사,2811,평일,19:30,3.9
2021,8,상선,천호,2812,평일,19:30,19.5
2021,8,하선,천호,2812,평일,19:30,16.0
2021,8,상선,강동구청,2813,평일,19:30,46.5
2021,8,하선,강동구청,2813,평일,19:30,17.2
2021,8,상선,몽촌토성,2814,평일,19:30,50.5
2021,8,하선,몽촌토성,2814,평일,19:30,18.1
2021,8,상선,잠실,2815,평일,19:30,55.2
2021,8,하선,잠실,2815,평일,19:30,39.5
2021,8,상선,석촌,2816,평일,19:30,43.9
2021,8,하선,석촌,2816,평일,19:30,45.4
2021,8,상선,송파,2817,평일,19:30,44.2
2021,8,하선,송파,2817,평일,19:30,41.7
2021,8,상선,가락시장,2818,평일,19:30,44.2
2021,8,하선,가락시장,2818,평일,19:30,42.0
2021,8,상선,문정,2819,평일,19:30,38.3
2021,8,하선,문정,2819,평일,19:30,39.0
2021,8,상선,장지,2820,평일,19:30,28.1
2021,8,하선,장지,2820,평일,19:30,35.2
2021,8,상선,복정,2821,평일,19:30,23.8
2021,8,하선,복정,2821,평일,19:30,25.8
2021,8,상선,산성,2822,평일,19:30,8.4
2021,8,하선,산성,2822,평일,19:30,19.6
2021,8,상선,남한산성입구,2823,평일,19:30,8.1
2021,8,하선,남한산성입구,2823,평일,19:30,12.0
2021,8,상선,단대오거리,2824,평일,19:30,7.9
2021,8,하선,단대오거리,2824,평일,19:30,6.0
2021,8,상선,신흥,2825,평일,19:30,6.7
2021,8,하선,신흥,2825,평일,19:30,4.1
2021,8,상선,수진,2826,평일,19:30,6.7
2021,8,하선,수진,2826,평일,19:30,2.0
2021,8,상선,모란,2827,평일,19:30,7.1
2021,8,하선,모란,2827,평일,19:30,0.0
2021,8,상선,암사,2811,토요일,19:30,0.0
2021,8,하선,암사,2811,토요일,19:30,3.1
2021,8,상선,천호,2812,토요일,19:30,8.6
2021,8,하선,천호,2812,토요일,19:30,15.4
2021,8,상선,강동구청,2813,토요일,19:30,28.2
2021,8,하선,강동구청,2813,토요일,19:30,16.8
2021,8,상선,몽촌토성,2814,토요일,19:30,28.3
2021,8,하선,몽촌토성,2814,토요일,19:30,17.3
2021,8,상선,잠실,2815,토요일,19:30,28.1
2021,8,하선,잠실,2815,토요일,19:30,37.3
2021,8,상선,석촌,2816,토요일,19:30,23.3
2021,8,하선,석촌,2816,토요일,19:30,38.7
2021,8,상선,송파,2817,토요일,19:30,24.7
2021,8,하선,송파,2817,토요일,19:30,33.6
2021,8,상선,가락시장,2818,토요일,19:30,22.6
2021,8,하선,가락시장,2818,토요일,19:30,31.4
2021,8,상선,문정,2819,토요일,19:30,19.3
2021,8,하선,문정,2819,토요일,19:30,28.3
2021,8,상선,장지,2820,토요일,19:30,17.3
2021,8,하선,장지,2820,토요일,19:30,25.8
2021,8,상선,복정,2821,토요일,19:30,13.0
2021,8,하선,복정,2821,토요일,19:30,15.3
2021,8,상선,산성,2822,토요일,19:30,5.4
2021,8,하선,산성,2822,토요일,19:30,12.7
2021,8,상선,남한산성입구,2823,토요일,19:30,5.5
2021,8,하선,남한산성입구,2823,토요일,19:30,7.4
2021,8,상선,단대오거리,2824,토요일,19:30,6.1
2021,8,하선,단대오거리,2824,토요일,19:30,5.3
2021,8,상선,신흥,2825,토요일,19:30,5.9
2021,8,하선,신흥,2825,토요일,19:30,3.8
2021,8,상선,수진,2826,토요일,19:30,5.8
2021,8,하선,수진,2826,토요일,19:30,2.7
2021,8,상선,모란,2827,토요일,19:30,5.4
2021,8,하선,모란,2827,토요일,19:30,0.0
2022,8,상선,암사,2811,평일,19:30,0.0
2022,8,하선,암사,2811,평일,19:30,4.3
2022,8,상선,천호,2812,평일,19:30,23.2
2022,8,하선,천호,2812,평일,19:30,20.1
2022,8,상선,강동구청,2813,평일,19:30,62.2
2022,8,하선,강동구청,2813,평일,19:30,19.9
2022,8,상선,몽촌토성,2814,평일,19:30,59.8
2022,8,하선,몽촌토성,2814,평일,19:30,20.8
2022,8,상선,잠실,2815,평일,19:30,61.9
2022,8,하선,잠실,2815,평일,19:30,48.8
2022,8,상선,석촌,2816,평일,19:30,51.6
2022,8,하선,석촌,2816,평일,19:30,55.0
2022,8,상선,송파,2817,평일,19:30,51.8
2022,8,하선,송파,2817,평일,19:30,51.0
2022,8,상선,가락시장,2818,평일,19:30,47.1
2022,8,하선,가락시장,2818,평일,19:30,49.9
2022,8,상선,문정,2819,평일,19:30,42.6
2022,8,하선,문정,2819,평일,19:30,46.2
2022,8,상선,장지,2820,평일,19:30,32.5
2022,8,하선,장지,2820,평일,19:30,39.7
2022,8,상선,복정,2821,평일,19:30,27.3
2022,8,하선,복정,2821,평일,19:30,31.1
2022,8,상선,산성,2822,평일,19:30,10.4
2022,8,하선,산성,2822,평일,19:30,25.9
2022,8,상선,남한산성입구,2823,평일,19:30,9.9
2022,8,하선,남한산성입구,2823,평일,19:30,16.1
2022,8,상선,단대오거리,2824,평일,19:30,8.6
2022,8,하선,단대오거리,2824,평일,19:30,8.6
2022,8,상선,신흥,2825,평일,19:30,7.5
2022,8,하선,신흥,2825,평일,19:30,5.2
2022,8,상선,수진,2826,평일,19:30,8.0
2022,8,하선,수진,2826,평일,19:30,3.2
2022,8,상선,모란,2827,평일,19:30,8.7
2022,8,하선,모란,2827,평일,19:30,0.0
2022,8,상선,암사,2811,토요일,19:30,0.0
2022,8,하선,암사,2811,토요일,19:30,5.0
2022,8,상선,천호,2812,토요일,19:30,12.5
2022,8,하선,천호,2812,토요일,19:30,20.2
2022,8,상선,강동구청,2813,토요일,19:30,35.3
2022,8,하선,강동구청,2813,토요일,19:30,19.6
2022,8,상선,몽촌토성,2814,토요일,19:30,38.9
2022,8,하선,몽촌토성,2814,토요일,19:30,20.1
2022,8,상선,잠실,2815,토요일,19:30,37.0
2022,8,하선,잠실,2815,토요일,19:30,46.0
2022,8,상선,석촌,2816,토요일,19:30,30.6
2022,8,하선,석촌,2816,토요일,19:30,50.6
2022,8,상선,송파,2817,토요일,19:30,32.4
2022,8,하선,송파,2817,토요일,19:30,48.1
2022,8,상선,가락시장,2818,토요일,19:30,31.9
2022,8,하선,가락시장,2818,토요일,19:30,44.6
2022,8,상선,문정,2819,토요일,19:30,27.7
2022,8,하선,문정,2819,토요일,19:30,40.5
2022,8,상선,장지,2820,토요일,19:30,23.1
2022,8,하선,장지,2820,토요일,19:30,35.1
2022,8,상선,복정,2821,토요일,19:30,18.1
2022,8,하선,복정,2821,토요일,19:30,22.6
2022,8,상선,산성,2822,토요일,19:30,7.3
2022,8,하선,산성,2822,토요일,19:30,17.0
2022,8,상선,남한산성입구,2823,토요일,19:30,6.5
2022,8,하선,남한산성입구,2823,토요일,19:30,11.8
2022,8,상선,단대오거리,2824,토요일,19:30,5.8
2022,8,하선,단대오거리,2824,토요일,19:30,7.1
2022,8,상선,신흥,2825,토요일,19:30,5.9
2022,8,하선,신흥,2825,토요일,19:30,5.4
2022,8,상선,암사,2811,공휴일,19:30,0.0
2022,8,하선,암사,2811,공휴일,19:30,4.4
2022,8,상선,천호,2812,공휴일,19:30,9.8
2022,8,하선,천호,2812,공휴일,19:30,17.3
2022,8,상선,강동구청,2813,공휴일,19:30,26.9
2022,8,하선,강동구청,2813,공휴일,19:30,18.5
2022,8,상선,몽촌토성,2814,공휴일,19:30,29.9
2022,8,하선,몽촌토성,2814,공휴일,19:30,19.3
2022,8,상선,잠실,2815,공휴일,19:30,26.5
2022,8,하선,잠실,2815,공휴일,19:30,36.2
2022,8,상선,석촌,2816,공휴일,19:30,21.0
2022,8,하선,석촌,2816,공휴일,19:30,40.7
2022,8,상선,송파,2817,공휴일,19:30,22.2
2022,8,하선,송파,2817,공휴일,19:30,39.7
2022,8,상선,가락시장,2818,공휴일,19:30,22.0
2022,8,하선,가락시장,2818,공휴일,19:30,35.6
2022,8,상선,문정,2819,공휴일,19:30,20.1
2022,8,하선,문정,2819,공휴일,19:30,31.9
2022,8,상선,장지,2820,공휴일,19:30,18.7
2022,8,하선,장지,2820,공휴일,19:30,29.2
2022,8,상선,복정,2821,공휴일,19:30,14.8
2022,8,하선,복정,2821,공휴일,19:30,19.4
2022,8,상선,산성,2822,공휴일,19:30,7.1
2022,8,하선,산성,2822,공휴일,19:30,14.9
2022,8,상선,남한산성입구,2823,공휴일,19:30,6.3
2022,8,하선,남한산성입구,2823,공휴일,19:30,10.6
2022,8,상선,단대오거리,2824,공휴일,19:30,6.1
2022,8,하선,단대오거리,2824,공휴일,19:30,5.2
2022,8,상선,신흥,2825,공휴일,19:30,5.8
2022,8,하선,신흥,2825,공휴일,19:30,3.8
2022,8,상선,수진,2826,공휴일,19:30,5.0
2022,8,하선,수진,2826,공휴일,19:30,2.6
2022,8,상선,모란,2827,공휴일,19:30,5.1
2022,8,하선,모란,2827,공휴일,19:30,0.0
2023,8,상선,암사,2811,평일,19:30,0.0
2023,8,하선,암사,2811,평일,19:30,4.7
2023,8,상선,천호,2812,평일,19:30,22.6
2023,8,하선,천호,2812,평일,19:30,20.3
2023,8,상선,강동구청,2813,평일,19:30,63.2
2023,8,하선,강동구청,2813,평일,19:30,20.0
2023,8,상선,몽촌토성,2814,평일,19:30,58.4
2023,8,하선,몽촌토성,2814,평일,19:30,21.5
2023,8,상선,잠실,2815,평일,19:30,61.6
2023,8,하선,잠실,2815,평일,19:30,51.0
2023,8,상선,석촌,2816,평일,19:30,53.2
2023,8,하선,석촌,2816,평일,19:30,59.6
2023,8,상선,송파,2817,평일,19:30,51.9
2023,8,하선,송파,2817,평일,19:30,56.7
2023,8,상선,가락시장,2818,평일,19:30,48.1
2023,8,하선,가락시장,2818,평일,19:30,54.9
2023,8,상선,문정,2819,평일,19:30,43.8
2023,8,하선,문정,2819,평일,19:30,50.9
2023,8,상선,장지,2820,평일,19:30,32.9
2023,8,하선,장지,2820,평일,19:30,44.4
2023,8,상선,복정,2821,평일,19:30,27.7
2023,8,하선,복정,2821,평일,19:30,36.2
2023,8,상선,산성,2822,평일,19:30,10.2
2023,8,하선,산성,2822,평일,19:30,27.0
2023,8,상선,남한산성입구,2823,평일,19:30,9.6
2023,8,하선,남한산성입구,2823,평일,19:30,18.3
2023,8,상선,단대오거리,2824,평일,19:30,8.9
2023,8,하선,단대오거리,2824,평일,19:30,8.8
2023,8,상선,신흥,2825,평일,19:30,8.4
2023,8,하선,신흥,2825,평일,19:30,5.5
2023,8,상선,수진,2826,평일,19:30,8.7
2023,8,하선,수진,2826,평일,19:30,3.1
2023,8,상선,모란,2827,평일,19:30,9.6
2023,8,하선,모란,2827,평일,19:30,0.0
2023,8,상선,암사,2811,토요일,19:30,0.0
2023,8,하선,암사,2811,토요일,19:30,4.9
2023,8,상선,천호,2812,토요일,19:30,13.5
2023,8,하선,천호,2812,토요일,19:30,21.3
2023,8,상선,강동구청,2813,토요일,19:30,37.6
2023,8,하선,강동구청,2813,토요일,19:30,21.5
2023,8,상선,몽촌토성,2814,토요일,19:30,40.2
2023,8,하선,몽촌토성,2814,토요일,19:30,22.3
2023,8,상선,잠실,2815,토요일,19:30,41.5
2023,8,하선,잠실,2815,토요일,19:30,52.3
2023,8,상선,석촌,2816,토요일,19:30,37.3
2023,8,하선,석촌,2816,토요일,19:30,53.2
2023,8,상선,송파,2817,토요일,19:30,36.6
2023,8,하선,송파,2817,토요일,19:30,48.1
2023,8,상선,가락시장,2818,토요일,19:30,35.8
2023,8,하선,가락시장,2818,토요일,19:30,44.1
2023,8,상선,문정,2819,토요일,19:30,30.9
2023,8,하선,문정,2819,토요일,19:30,42.2
2023,8,상선,장지,2820,토요일,19:30,25.1
2023,8,하선,장지,2820,토요일,19:30,37.3
2023,8,상선,복정,2821,토요일,19:30,19.9
2023,8,하선,복정,2821,토요일,19:30,26.7
2023,8,상선,산성,2822,토요일,19:30,7.3
2023,8,하선,산성,2822,토요일,19:30,20.4
2023,8,상선,남한산성입구,2823,토요일,19:30,7.3
2023,8,하선,남한산성입구,2823,토요일,19:30,14.4
2023,8,상선,단대오거리,2824,토요일,19:30,7.7
2023,8,하선,단대오거리,2824,토요일,19:30,7.5
2023,8,상선,신흥,2825,토요일,19:30,7.4
2023,8,하선,신흥,2825,토요일,19:30,4.8
2023,8,상선,수진,2826,토요일,19:30,7.4
2023,8,하선,수진,2826,토요일,19:30,3.9
2023,8,상선,모란,2827,토요일,19:30,6.5
2023,8,하선,모란,2827,토요일,19:30,0.0
2023,8,상선,암사,2811,일요일,19:30,0.0
2023,8,하선,암사,2811,일요일,19:30,4.6
2023,8,상선,천호,2812,일요일,19:30,10.0
2023,8,하선,천호,2812,일요일,19:30,18.8
2023,8,상선,강동구청,2813,일요일,19:30,27.4
2023,8,하선,강동구청,2813,일요일,19:30,18.6
2023,8,상선,몽촌토성,2814,일요일,19:30,30.2
2023,8,하선,몽촌토성,2814,일요일,19:30,20.3
2023,8,상선,잠실,2815,일요일,19:30,31.9
2023,8,하선,잠실,2815,일요일,19:30,44.2
2023,8,상선,석촌,2816,일요일,19:30,25.1
2023,8,하선,석촌,2816,일요일,19:30,48.2
2023,8,상선,송파,2817,일요일,19:30,24.9
2023,8,하선,송파,2817,일요일,19:30,44.5
2023,8,상선,가락시장,2818,일요일,19:30,25.1
2023,8,하선,가락시장,2818,일요일,19:30,39.4
2023,8,상선,문정,2819,일요일,19:30,21.0
2023,8,하선,문정,2819,일요일,19:30,35.0
2023,8,상선,장지,2820,일요일,19:30,17.6
2023,8,하선,장지,2820,일요일,19:30,31.9
2023,8,상선,복정,2821,일요일,19:30,13.2
2023,8,하선,복정,2821,일요일,19:30,21.1
2023,8,상선,산성,2822,일요일,19:30,6.4
2023,8,하선,산성,2822,일요일,19:30,16.2
2023,8,상선,남한산성입구,2823,일요일,19:30,6.0
2023,8,하선,남한산성입구,2823,일요일,19:30,10.7
2023,8,상선,단대오거리,2824,일요일,19:30,6.2
2023,8,하선,단대오거리,2824,일요일,19:30,5.5
2023,8,상선,신흥,2825,일요일,19:30,5.9
2023,8,하선,신흥,2825,일요일,19:30,3.9
2023,8,상선,수진,2826,일요일,19:30,5.2
2023,8,하선,수진,2826,일요일,19:30,2.9
2023,8,상선,모란,2827,일요일,19:30,5.6
202403,8,상선,암사,2811,평일,19:30,0.0
202403,8,하선,암사,2811,평일,19:30,4.4
202403,8,상선,천호,2812,평일,19:30,23.1
202403,8,하선,천호,2812,평일,19:30,21.3
202403,8,상선,강동구청,2813,평일,19:30,65.6
202403,8,하선,강동구청,2813,평일,19:30,20.5
202403,8,상선,몽촌토성,2814,평일,19:30,62.0
202403,8,하선,몽촌토성,2814,평일,19:30,21.5
202403,8,상선,잠실,2815,평일,19:30,64.9
202403,8,하선,잠실,2815,평일,19:30,51.6
202403,8,상선,석촌,2816,평일,19:30,54.2
202403,8,하선,석촌,2816,평일,19:30,59.9
202403,8,상선,송파,2817,평일,19:30,53.9
202403,8,하선,송파,2817,평일,19:30,57.3
202403,8,상선,가락시장,2818,평일,19:30,51.2
202403,8,하선,가락시장,2818,평일,19:30,56.3
202403,8,상선,문정,2819,평일,19:30,46.3
202403,8,하선,문정,2819,평일,19:30,52.6
202403,8,상선,장지,2820,평일,19:30,34.4
202403,8,하선,장지,2820,평일,19:30,45.0
202403,8,상선,복정,2821,평일,19:30,28.7
202403,8,하선,복정,2821,평일,19:30,37.8
202403,8,상선,산성,2822,평일,19:30,10.8
202403,8,하선,산성,2822,평일,19:30,28.0
202403,8,상선,남한산성입구,2823,평일,19:30,10.6
202403,8,하선,남한산성입구,2823,평일,19:30,18.7
202403,8,상선,단대오거리,2824,평일,19:30,9.7
202403,8,하선,단대오거리,2824,평일,19:30,8.8
202403,8,상선,신흥,2825,평일,19:30,9.0
202403,8,하선,신흥,2825,평일,19:30,5.7
202403,8,상선,수진,2826,평일,19:30,9.2
202403,8,하선,수진,2826,평일,19:30,3.2
202403,8,상선,모란,2827,평일,19:30,10.0
202403,8,하선,모란,2827,평일,19:30,0.0
202403,8,상선,암사,2811,토요일,19:30,0.0
202403,8,하선,암사,2811,토요일,19:30,5.7
202403,8,상선,천호,2812,토요일,19:30,14.0
202403,8,하선,천호,2812,토요일,19:30,26.4
202403,8,상선,강동구청,2813,토요일,19:30,39.7
202403,8,하선,강동구청,2813,토요일,19:30,26.9
202403,8,상선,몽촌토성,2814,토요일,19:30,44.1
202403,8,하선,몽촌토성,2814,토요일,19:30,26.0
202403,8,상선,잠실,2815,토요일,19:30,46.2
202403,8,하선,잠실,2815,토요일,19:30,52.4
202403,8,상선,석촌,2816,토요일,19:30,38.1
202403,8,하선,석촌,2816,토요일,19:30,56.1
202403,8,상선,송파,2817,토요일,19:30,36.0
202403,8,하선,송파,2817,토요일,19:30,53.1
202403,8,상선,가락시장,2818,토요일,19:30,35.1
202403,8,하선,가락시장,2818,토요일,19:30,50.4
202403,8,상선,문정,2819,토요일,19:30,28.0
202403,8,하선,문정,2819,토요일,19:30,45.8
202403,8,상선,장지,2820,토요일,19:30,22.8
202403,8,하선,장지,2820,토요일,19:30,41.4
202403,8,상선,복정,2821,토요일,19:30,17.9
202403,8,하선,복정,2821,토요일,19:30,33.5
202403,8,상선,산성,2822,토요일,19:30,9.2
202403,8,하선,산성,2822,토요일,19:30,26.0
202403,8,상선,남한산성입구,2823,토요일,19:30,8.5
202403,8,하선,남한산성입구,2823,토요일,19:30,18.3
202403,8,상선,단대오거리,2824,토요일,19:30,8.2
202403,8,하선,단대오거리,2824,토요일,19:30,9.9
202403,8,상선,신흥,2825,토요일,19:30,8.8
202403,8,하선,신흥,2825,토요일,19:30,6.3
202403,8,상선,수진,2826,토요일,19:30,8.2
202403,8,하선,수진,2826,토요일,19:30,4.6
202403,8,상선,모란,2827,토요일,19:30,7.1
202403,8,하선,모란,2827,토요일,19:30,0.0
202403,8,상선,암사,2811,일요일,19:30,0.0
202403,8,하선,암사,2811,일요일,19:30,4.8
202403,8,상선,천호,2812,일요일,19:30,10.1
202403,8,하선,천호,2812,일요일,19:30,19.2
202403,8,상선,강동구청,2813,일요일,19:30,28.6
202403,8,하선,강동구청,2813,일요일,19:30,19.2
202403,8,상선,몽촌토성,2814,일요일,19:30,29.5
202403,8,하선,몽촌토성,2814,일요일,19:30,20.1
202403,8,상선,잠실,2815,일요일,19:30,31.2
202403,8,하선,잠실,2815,일요일,19:30,42.8
202403,8,상선,석촌,2816,일요일,19:30,26.2
202403,8,하선,석촌,2816,일요일,19:30,45.9
202403,8,상선,송파,2817,일요일,19:30,27.1
202403,8,하선,송파,2817,일요일,19:30,42.7
202403,8,상선,가락시장,2818,일요일,19:30,27.1
202403,8,하선,가락시장,2818,일요일,19:30,38.5
202403,8,상선,문정,2819,일요일,19:30,23.4
202403,8,하선,문정,2819,일요일,19:30,39.7
202403,8,상선,장지,2820,일요일,19:30,20.8
202403,8,하선,장지,2820,일요일,19:30,35.7
202403,8,상선,복정,2821,일요일,19:30,16.5
202403,8,하선,복정,2821,일요일,19:30,25.6
202403,8,상선,산성,2822,일요일,19:30,7.2
202403,8,하선,산성,2822,일요일,19:30,19.5
202403,8,상선,남한산성입구,2823,일요일,19:30,6.9
202403,8,하선,남한산성입구,2823,일요일,19:30,12.6
202403,8,상선,단대오거리,2824,일요일,19:30,7.2
202403,8,하선,단대오거리,2824,일요일,19:30,7.4
202403,8,상선,신흥,2825,일요일,19:30,7.4
202403,8,하선,신흥,2825,일요일,19:30,5.5
202403,8,상선,수진,2826,일요일,19:30,7.2
202403,8,하선,수진,2826,일요일,19:30,3.3
202403,8,상선,모란,2827,일요일,19:30,6.8
202406,8,상선,암사,2811,평일,19:30,0.0
202406,8,하선,암사,2811,평일,19:30,4.9
202406,8,상선,천호,2812,평일,19:30,22.7
202406,8,하선,천호,2812,평일,19:30,21.4
202406,8,상선,강동구청,2813,평일,19:30,64.5
202406,8,하선,강동구청,2813,평일,19:30,20.6
202406,8,상선,몽촌토성,2814,평일,19:30,58.2
202406,8,하선,몽촌토성,2814,평일,19:30,21.5
202406,8,상선,잠실,2815,평일,19:30,60.8
202406,8,하선,잠실,2815,평일,19:30,49.0
202406,8,상선,석촌,2816,평일,19:30,51.7
202406,8,하선,석촌,2816,평일,19:30,56.9
202406,8,상선,송파,2817,평일,19:30,52.4
202406,8,하선,송파,2817,평일,19:30,54.8
202406,8,상선,가락시장,2818,평일,19:30,48.7
202406,8,하선,가락시장,2818,평일,19:30,54.1
202406,8,상선,문정,2819,평일,19:30,43.7
202406,8,하선,문정,2819,평일,19:30,50.1
202406,8,상선,장지,2820,평일,19:30,33.2
202406,8,하선,장지,2820,평일,19:30,42.7
202406,8,상선,복정,2821,평일,19:30,27.3
202406,8,하선,복정,2821,평일,19:30,36.3
202406,8,상선,산성,2822,평일,19:30,10.4
202406,8,하선,산성,2822,평일,19:30,27.4
202406,8,상선,남한산성입구,2823,평일,19:30,10.1
202406,8,하선,남한산성입구,2823,평일,19:30,18.4
202406,8,상선,단대오거리,2824,평일,19:30,9.8
202406,8,하선,단대오거리,2824,평일,19:30,9.1
202406,8,상선,신흥,2825,평일,19:30,9.0
202406,8,하선,신흥,2825,평일,19:30,5.5
202406,8,상선,수진,2826,평일,19:30,9.0
202406,8,하선,수진,2826,평일,19:30,3.3
202406,8,상선,모란,2827,평일,19:30,9.4
202406,8,하선,모란,2827,평일,19:30,0.0
202406,8,상선,암사,2811,토요일,19:30,0.0
202406,8,하선,암사,2811,토요일,19:30,5.5
202406,8,상선,천호,2812,토요일,19:30,12.2
202406,8,하선,천호,2812,토요일,19:30,19.4
202406,8,상선,강동구청,2813,토요일,19:30,32.9
202406,8,하선,강동구청,2813,토요일,19:30,19.8
202406,8,상선,몽촌토성,2814,토요일,19:30,34.5
202406,8,하선,몽촌토성,2814,토요일,19:30,20.9
202406,8,상선,잠실,2815,토요일,19:30,36.3
202406,8,하선,잠실,2815,토요일,19:30,43.2
202406,8,상선,석촌,2816,토요일,19:30,31.5
202406,8,하선,석촌,2816,토요일,19:30,46.8
202406,8,상선,송파,2817,토요일,19:30,30.8
202406,8,하선,송파,2817,토요일,19:30,43.7
202406,8,상선,가락시장,2818,토요일,19:30,30.6
202406,8,하선,가락시장,2818,토요일,19:30,39.3
202406,8,상선,문정,2819,토요일,19:30,24.5
202406,8,하선,문정,2819,토요일,19:30,37.3
202406,8,상선,장지,2820,토요일,19:30,20.3
202406,8,하선,장지,2820,토요일,19:30,33.5
202406,8,상선,복정,2821,토요일,19:30,14.7
202406,8,하선,복정,2821,토요일,19:30,25.2
202406,8,상선,산성,2822,토요일,19:30,8.0
202406,8,하선,산성,2822,토요일,19:30,18.8
202406,8,상선,남한산성입구,2823,토요일,19:30,7.4
202406,8,하선,남한산성입구,2823,토요일,19:30,13.2
202406,8,상선,단대오거리,2824,토요일,19:30,7.2
202406,8,하선,단대오거리,2824,토요일,19:30,7.8
202406,8,상선,신흥,2825,토요일,19:30,7.0
202406,8,하선,신흥,2825,토요일,19:30,5.3
202406,8,상선,수진,2826,토요일,19:30,6.4
202406,8,하선,수진,2826,토요일,19:30,4.4
202406,8,상선,모란,2827,토요일,19:30,5.3
202406,8,하선,모란,2827,토요일,19:30,0.0
202406,8,상선,암사,2811,일요일,19:30,0.0
202406,8,하선,암사,2811,일요일,19:30,5.1
202406,8,상선,천호,2812,일요일,19:30,11.2
202406,8,하선,천호,2812,일요일,19:30,17.7
202406,8,상선,강동구청,2813,일요일,19:30,26.8
202406,8,하선,강동구청,2813,일요일,19:30,17.5
202406,8,상선,몽촌토성,2814,일요일,19:30,27.5
202406,8,하선,몽촌토성,2814,일요일,19:30,18.7
202406,8,상선,잠실,2815,일요일,19:30,27.8
202406,8,하선,잠실,2815,일요일,19:30,40.9
202406,8,상선,석촌,2816,일요일,19:30,25.7
202406,8,하선,석촌,2816,일요일,19:30,44.8
202406,8,상선,송파,2817,일요일,19:30,23.9
202406,8,하선,송파,2817,일요일,19:30,42.4
202406,8,상선,가락시장,2818,일요일,19:30,23.6
202406,8,하선,가락시장,2818,일요일,19:30,38.9
202406,8,상선,문정,2819,일요일,19:30,21.4
202406,8,하선,문정,2819,일요일,19:30,36.1
202406,8,상선,장지,2820,일요일,19:30,19.9
202406,8,하선,장지,2820,일요일,19:30,31.9
202406,8,상선,복정,2821,일요일,19:30,15.1
202406,8,하선,복정,2821,일요일,19:30,23.1
202406,8,상선,산성,2822,일요일,19:30,7.7
202406,8,하선,산성,2822,일요일,19:30,16.8
202406,8,상선,남한산성입구,2823,일요일,19:30,7.1
202406,8,하선,남한산성입구,2823,일요일,19:30,11.1
202406,8,상선,단대오거리,2824,일요일,19:30,7.1
202406,8,하선,단대오거리,2824,일요일,19:30,6.2
202406,8,상선,신흥,2825,일요일,19:30,6.4
202406,8,하선,신흥,2825,일요일,19:30,4.1
202406,8,상선,수진,2826,일요일,19:30,5.3
202406,8,하선,수진,2826,일요일,19:30,2.8
202406,8,상선,모란,2827,일요일,19:30,5.8
2020,8,상선,암사,2811,평일,20:00,0.0
2020,8,하선,암사,2811,평일,20:00,4.1
2020,8,상선,천호,2812,평일,20:00,16.9
2020,8,하선,천호,2812,평일,20:00,15.4
2020,8,상선,강동구청,2813,평일,20:00,45.1
2020,8,하선,강동구청,2813,평일,20:00,16.0
2020,8,상선,몽촌토성,2814,평일,20:00,45.1
2020,8,하선,몽촌토성,2814,평일,20:00,17.1
2020,8,상선,잠실,2815,평일,20:00,46.0
2020,8,하선,잠실,2815,평일,20:00,37.1
2020,8,상선,석촌,2816,평일,20:00,38.3
2020,8,하선,석촌,2816,평일,20:00,43.7
2020,8,상선,송파,2817,평일,20:00,42.0
2020,8,하선,송파,2817,평일,20:00,40.4
2020,8,상선,가락시장,2818,평일,20:00,42.0
2020,8,하선,가락시장,2818,평일,20:00,40.8
2020,8,상선,문정,2819,평일,20:00,37.9
2020,8,하선,문정,2819,평일,20:00,39.2
2020,8,상선,장지,2820,평일,20:00,26.7
2020,8,하선,장지,2820,평일,20:00,33.4
2020,8,상선,복정,2821,평일,20:00,21.9
2020,8,하선,복정,2821,평일,20:00,23.3
2020,8,상선,산성,2822,평일,20:00,8.3
2020,8,하선,산성,2822,평일,20:00,17.2
2020,8,상선,남한산성입구,2823,평일,20:00,8.0
2020,8,하선,남한산성입구,2823,평일,20:00,10.4
2020,8,상선,단대오거리,2824,평일,20:00,7.1
2020,8,하선,단대오거리,2824,평일,20:00,5.8
2020,8,상선,신흥,2825,평일,20:00,6.1
2020,8,하선,신흥,2825,평일,20:00,3.7
2020,8,상선,수진,2826,평일,20:00,6.1
2020,8,하선,수진,2826,평일,20:00,2.1
2020,8,상선,모란,2827,평일,20:00,6.4
2020,8,하선,모란,2827,평일,20:00,0.0
2020,8,상선,암사,2811,토요일,20:00,0.0
2020,8,하선,암사,2811,토요일,20:00,4.8
2020,8,상선,천호,2812,토요일,20:00,6.6
2020,8,하선,천호,2812,토요일,20:00,15.4
2020,8,상선,강동구청,2813,토요일,20:00,22.9
2020,8,하선,강동구청,2813,토요일,20:00,16.1
2020,8,상선,몽촌토성,2814,토요일,20:00,25.8
2020,8,하선,몽촌토성,2814,토요일,20:00,16.8
2020,8,상선,잠실,2815,토요일,20:00,26.7
2020,8,하선,잠실,2815,토요일,20:00,29.3
2020,8,상선,석촌,2816,토요일,20:00,21.8
2020,8,하선,석촌,2816,토요일,20:00,29.0
2020,8,상선,송파,2817,토요일,20:00,22.6
2020,8,하선,송파,2817,토요일,20:00,27.3
2020,8,상선,가락시장,2818,토요일,20:00,22.6
2020,8,하선,가락시장,2818,토요일,20:00,25.5
2020,8,상선,문정,2819,토요일,20:00,20.5
2020,8,하선,문정,2819,토요일,20:00,25.1
2020,8,상선,장지,2820,토요일,20:00,18.1
2020,8,하선,장지,2820,토요일,20:00,23.8
2020,8,상선,복정,2821,토요일,20:00,11.8
2020,8,하선,복정,2821,토요일,20:00,16.0
2020,8,상선,산성,2822,토요일,20:00,5.6
2020,8,하선,산성,2822,토요일,20:00,13.0
2020,8,상선,남한산성입구,2823,토요일,20:00,5.0
2020,8,하선,남한산성입구,2823,토요일,20:00,7.0
2020,8,상선,단대오거리,2824,토요일,20:00,5.2
2020,8,하선,단대오거리,2824,토요일,20:00,4.6
2020,8,상선,신흥,2825,토요일,20:00,4.2
2020,8,하선,신흥,2825,토요일,20:00,3.4
2020,8,상선,수진,2826,토요일,20:00,3.5
2020,8,하선,수진,2826,토요일,20:00,2.2
2020,8,상선,모란,2827,토요일,20:00,3.2
2020,8,하선,모란,2827,토요일,20:00,0.0
2020,8,상선,암사,2811,일요일,20:00,0.0
2020,8,하선,암사,2811,일요일,20:00,3.1
2020,8,상선,천호,2812,일요일,20:00,8.2
2020,8,하선,천호,2812,일요일,20:00,11.5
2020,8,상선,강동구청,2813,일요일,20:00,17.5
2020,8,하선,강동구청,2813,일요일,20:00,11.8
2020,8,상선,몽촌토성,2814,일요일,20:00,19.1
2020,8,하선,몽촌토성,2814,일요일,20:00,12.8
2020,8,상선,잠실,2815,일요일,20:00,20.5
2020,8,하선,잠실,2815,일요일,20:00,21.4
2020,8,상선,석촌,2816,일요일,20:00,18.3
2020,8,하선,석촌,2816,일요일,20:00,25.0
2020,8,상선,송파,2817,일요일,20:00,18.4
2020,8,하선,송파,2817,일요일,20:00,24.1
2020,8,상선,가락시장,2818,일요일,20:00,18.5
2021,8,상선,암사,2811,평일,20:00,0.0
2021,8,하선,암사,2811,평일,20:00,4.2
2021,8,상선,천호,2812,평일,20:00,16.3
2021,8,하선,천호,2812,평일,20:00,15.1
2021,8,상선,강동구청,2813,평일,20:00,43.3
2021,8,하선,강동구청,2813,평일,20:00,15.6
2021,8,상선,몽촌토성,2814,평일,20:00,45.9
2021,8,하선,몽촌토성,2814,평일,20:00,16.6
2021,8,상선,잠실,2815,평일,20:00,47.1
2021,8,하선,잠실,2815,평일,20:00,37.0
2021,8,상선,석촌,2816,평일,20:00,37.7
2021,8,하선,석촌,2816,평일,20:00,41.9
2021,8,상선,송파,2817,평일,20:00,40.0
2021,8,하선,송파,2817,평일,20:00,39.1
2021,8,상선,가락시장,2818,평일,20:00,39.1
2021,8,하선,가락시장,2818,평일,20:00,37.0
2021,8,상선,문정,2819,평일,20:00,35.6
2021,8,하선,문정,2819,평일,20:00,35.6
2021,8,상선,장지,2820,평일,20:00,25.0
2021,8,하선,장지,2820,평일,20:00,31.7
2021,8,상선,복정,2821,평일,20:00,19.5
2021,8,하선,복정,2821,평일,20:00,21.2
2021,8,상선,산성,2822,평일,20:00,7.8
2021,8,하선,산성,2822,평일,20:00,18.5
2021,8,상선,남한산성입구,2823,평일,20:00,7.5
2021,8,하선,남한산성입구,2823,평일,20:00,11.2
2021,8,상선,단대오거리,2824,평일,20:00,7.0
2021,8,하선,단대오거리,2824,평일,20:00,5.4
2021,8,상선,신흥,2825,평일,20:00,6.6
2021,8,하선,신흥,2825,평일,20:00,3.6
2021,8,상선,수진,2826,평일,20:00,6.3
2021,8,하선,수진,2826,평일,20:00,2.2
2021,8,상선,모란,2827,평일,20:00,6.6
2021,8,하선,모란,2827,평일,20:00,0.0
2021,8,상선,암사,2811,토요일,20:00,0.0
2021,8,하선,암사,2811,토요일,20:00,4.7
2021,8,상선,천호,2812,토요일,20:00,9.4
2021,8,하선,천호,2812,토요일,20:00,14.0
2021,8,상선,강동구청,2813,토요일,20:00,23.2
2021,8,하선,강동구청,2813,토요일,20:00,15.0
2021,8,상선,몽촌토성,2814,토요일,20:00,25.2
2021,8,하선,몽촌토성,2814,토요일,20:00,15.1
2021,8,상선,잠실,2815,토요일,20:00,25.3
2021,8,하선,잠실,2815,토요일,20:00,27.9
2021,8,상선,석촌,2816,토요일,20:00,22.7
2021,8,하선,석촌,2816,토요일,20:00,31.4
2021,8,상선,송파,2817,토요일,20:00,24.1
2021,8,하선,송파,2817,토요일,20:00,29.9
2021,8,상선,가락시장,2818,토요일,20:00,24.3
2021,8,하선,가락시장,2818,토요일,20:00,28.7
2021,8,상선,문정,2819,토요일,20:00,20.9
2021,8,하선,문정,2819,토요일,20:00,28.2
2021,8,상선,장지,2820,토요일,20:00,16.2
2021,8,하선,장지,2820,토요일,20:00,25.4
2021,8,상선,복정,2821,토요일,20:00,13.1
2021,8,하선,복정,2821,토요일,20:00,15.0
2021,8,상선,산성,2822,토요일,20:00,6.2
2021,8,하선,산성,2822,토요일,20:00,12.7
2021,8,상선,남한산성입구,2823,토요일,20:00,5.6
2021,8,하선,남한산성입구,2823,토요일,20:00,8.0
2021,8,상선,단대오거리,2824,토요일,20:00,4.6
2021,8,하선,단대오거리,2824,토요일,20:00,4.5
2021,8,상선,신흥,2825,토요일,20:00,4.6
2021,8,하선,신흥,2825,토요일,20:00,3.2
2021,8,상선,수진,2826,토요일,20:00,3.8
2021,8,하선,수진,2826,토요일,20:00,2.1
2021,8,상선,모란,2827,토요일,20:00,3.4
2021,8,하선,모란,2827,토요일,20:00,0.0
2022,8,상선,암사,2811,평일,20:00,0.0
2022,8,하선,암사,2811,평일,20:00,4.7
2022,8,상선,천호,2812,평일,20:00,16.4
2022,8,하선,천호,2812,평일,20:00,17.2
2022,8,상선,강동구청,2813,평일,20:00,45.4
2022,8,하선,강동구청,2813,평일,20:00,18.5
2022,8,상선,몽촌토성,2814,평일,20:00,53.9
2022,8,하선,몽촌토성,2814,평일,20:00,19.5
2022,8,상선,잠실,2815,평일,20:00,55.3
2022,8,하선,잠실,2815,평일,20:00,42.0
2022,8,상선,석촌,2816,평일,20:00,42.2
2022,8,하선,석촌,2816,평일,20:00,48.7
2022,8,상선,송파,2817,평일,20:00,41.4
2022,8,하선,송파,2817,평일,20:00,46.3
2022,8,상선,가락시장,2818,평일,20:00,40.8
2022,8,하선,가락시장,2818,평일,20:00,44.8
2022,8,상선,문정,2819,평일,20:00,36.5
2022,8,하선,문정,2819,평일,20:00,42.8
2022,8,상선,장지,2820,평일,20:00,26.0
2022,8,하선,장지,2820,평일,20:00,38.5
2022,8,상선,복정,2821,평일,20:00,20.9
2022,8,하선,복정,2821,평일,20:00,27.5
2022,8,상선,산성,2822,평일,20:00,9.7
2022,8,하선,산성,2822,평일,20:00,19.0
2022,8,상선,남한산성입구,2823,평일,20:00,10.3
2022,8,하선,남한산성입구,2823,평일,20:00,12.3
2022,8,상선,단대오거리,2824,평일,20:00,8.5
2022,8,하선,단대오거리,2824,평일,20:00,7.1
2022,8,상선,신흥,2825,평일,20:00,7.2
2022,8,하선,신흥,2825,평일,20:00,4.3
2022,8,상선,수진,2826,평일,20:00,7.0
2022,8,하선,수진,2826,평일,20:00,2.5
2022,8,상선,모란,2827,평일,20:00,7.5
2022,8,하선,모란,2827,평일,20:00,0.0
2022,8,상선,암사,2811,토요일,20:00,0.0
2022,8,하선,암사,2811,토요일,20:00,4.9
2022,8,상선,천호,2812,토요일,20:00,11.2
2022,8,하선,천호,2812,토요일,20:00,17.0
2022,8,상선,강동구청,2813,토요일,20:00,33.2
2022,8,하선,강동구청,2813,토요일,20:00,18.3
2022,8,상선,몽촌토성,2814,토요일,20:00,36.6
2022,8,하선,몽촌토성,2814,토요일,20:00,19.8
2022,8,상선,잠실,2815,토요일,20:00,38.1
2022,8,하선,잠실,2815,토요일,20:00,44.0
2022,8,상선,석촌,2816,토요일,20:00,33.6
2022,8,하선,석촌,2816,토요일,20:00,48.7
2022,8,상선,송파,2817,토요일,20:00,33.3
2022,8,하선,송파,2817,토요일,20:00,44.3
2022,8,상선,가락시장,2818,토요일,20:00,32.4
2022,8,하선,가락시장,2818,토요일,20:00,40.4
2022,8,상선,문정,2819,토요일,20:00,28.9
2022,8,하선,문정,2819,토요일,20:00,37.2
2022,8,상선,장지,2820,토요일,20:00,22.3
2022,8,하선,장지,2820,토요일,20:00,33.8
2022,8,상선,복정,2821,토요일,20:00,17.1
2022,8,하선,복정,2821,토요일,20:00,21.0
2022,8,상선,산성,2822,토요일,20:00,7.1
2022,8,하선,산성,2822,토요일,20:00,16.3
2022,8,상선,남한산성입구,2823,토요일,20:00,6.9
2022,8,하선,남한산성입구,2823,토요일,20:00,10.8
2022,8,상선,단대오거리,2824,토요일,20:00,7.3
2022,8,하선,단대오거리,2824,토요일,20:00,6.2
2022,8,상선,신흥,2825,토요일,20:00,6.6
2022,8,하선,신흥,2825,토요일,20:00,3.8
2022,8,상선,암사,2811,공휴일,20:00,0.0
2022,8,하선,암사,2811,공휴일,20:00,5.3
2022,8,상선,천호,2812,공휴일,20:00,9.6
2022,8,하선,천호,2812,공휴일,20:00,17.6
2022,8,상선,강동구청,2813,공휴일,20:00,23.8
2022,8,하선,강동구청,2813,공휴일,20:00,17.5
2022,8,상선,몽촌토성,2814,공휴일,20:00,25.7
2022,8,하선,몽촌토성,2814,공휴일,20:00,18.3
2022,8,상선,잠실,2815,공휴일,20:00,27.4
2022,8,하선,잠실,2815,공휴일,20:00,38.6
2022,8,상선,석촌,2816,공휴일,20:00,23.3
2022,8,하선,석촌,2816,공휴일,20:00,41.9
2022,8,상선,송파,2817,공휴일,20:00,24.0
2022,8,하선,송파,2817,공휴일,20:00,40.4
2022,8,상선,가락시장,2818,공휴일,20:00,24.3
2022,8,하선,가락시장,2818,공휴일,20:00,34.2
2022,8,상선,문정,2819,공휴일,20:00,22.2
2022,8,하선,문정,2819,공휴일,20:00,30.9
2022,8,상선,장지,2820,공휴일,20:00,18.5
2022,8,하선,장지,2820,공휴일,20:00,27.6
2022,8,상선,복정,2821,공휴일,20:00,13.8
2022,8,하선,복정,2821,공휴일,20:00,18.7
2022,8,상선,산성,2822,공휴일,20:00,5.7
2022,8,하선,산성,2822,공휴일,20:00,15.0
2022,8,상선,남한산성입구,2823,공휴일,20:00,5.5
2022,8,하선,남한산성입구,2823,공휴일,20:00,8.8
2022,8,상선,단대오거리,2824,공휴일,20:00,5.4
2022,8,하선,단대오거리,2824,공휴일,20:00,4.8
2022,8,상선,신흥,2825,공휴일,20:00,4.8
2022,8,하선,신흥,2825,공휴일,20:00,3.0
2022,8,상선,수진,2826,공휴일,20:00,4.2
2022,8,하선,수진,2826,공휴일,20:00,2.4
2022,8,상선,모란,2827,공휴일,20:00,4.0
2022,8,하선,모란,2827,공휴일,20:00,0.0
2023,8,상선,암사,2811,평일,20:00,0.0
2023,8,하선,암사,2811,평일,20:00,4.7
2023,8,상선,천호,2812,평일,20:00,16.1
2023,8,하선,천호,2812,평일,20:00,17.4
2023,8,상선,강동구청,2813,평일,20:00,46.7
2023,8,하선,강동구청,2813,평일,20:00,18.7
2023,8,상선,몽촌토성,2814,평일,20:00,55.6
2023,8,하선,몽촌토성,2814,평일,20:00,19.8
2023,8,상선,잠실,2815,평일,20:00,57.0
2023,8,하선,잠실,2815,평일,20:00,46.2
2023,8,상선,석촌,2816,평일,20:00,43.1
2023,8,하선,석촌,2816,평일,20:00,51.4
2023,8,상선,송파,2817,평일,20:00,42.1
2023,8,하선,송파,2817,평일,20:00,48.5
2023,8,상선,가락시장,2818,평일,20:00,41.7
2023,8,하선,가락시장,2818,평일,20:00,46.8
2023,8,상선,문정,2819,평일,20:00,37.1
2023,8,하선,문정,2819,평일,20:00,44.8
2023,8,상선,장지,2820,평일,20:00,26.5
2023,8,하선,장지,2820,평일,20:00,39.7
2023,8,상선,복정,2821,평일,20:00,20.0
2023,8,하선,복정,2821,평일,20:00,29.3
2023,8,상선,산성,2822,평일,20:00,9.0
2023,8,하선,산성,2822,평일,20:00,22.2
2023,8,상선,남한산성입구,2823,평일,20:00,9.4
2023,8,하선,남한산성입구,2823,평일,20:00,15.6
2023,8,상선,단대오거리,2824,평일,20:00,8.4
2023,8,하선,단대오거리,2824,평일,20:00,7.5
2023,8,상선,신흥,2825,평일,20:00,7.6
2023,8,하선,신흥,2825,평일,20:00,4.4
2023,8,상선,수진,2826,평일,20:00,7.5
2023,8,하선,수진,2826,평일,20:00,2.8
2023,8,상선,모란,2827,평일,20:00,8.2
2023,8,하선,모란,2827,평일,20:00,0.0
2023,8,상선,암사,2811,토요일,20:00,0.0
2023,8,하선,암사,2811,토요일,20:00,5.4
2023,8,상선,천호,2812,토요일,20:00,12.1
2023,8,하선,천호,2812,토요일,20:00,21.4
2023,8,상선,강동구청,2813,토요일,20:00,35.1
2023,8,하선,강동구청,2813,토요일,20:00,22.5
2023,8,상선,몽촌토성,2814,토요일,20:00,38.6
2023,8,하선,몽촌토성,2814,토요일,20:00,23.4
2023,8,상선,잠실,2815,토요일,20:00,38.7
2023,8,하선,잠실,2815,토요일,20:00,51.5
2023,8,상선,석촌,2816,토요일,20:00,33.3
2023,8,하선,석촌,2816,토요일,20:00,55.9
2023,8,상선,송파,2817,토요일,20:00,31.5
2023,8,하선,송파,2817,토요일,20:00,53.2
2023,8,상선,가락시장,2818,토요일,20:00,31.2
2023,8,하선,가락시장,2818,토요일,20:00,48.7
2023,8,상선,문정,2819,토요일,20:00,27.5
2023,8,하선,문정,2819,토요일,20:00,45.2
2023,8,상선,장지,2820,토요일,20:00,21.2
2023,8,하선,장지,2820,토요일,20:00,40.2
2023,8,상선,복정,2821,토요일,20:00,16.3
2023,8,하선,복정,2821,토요일,20:00,25.0
2023,8,상선,산성,2822,토요일,20:00,7.3
2023,8,하선,산성,2822,토요일,20:00,17.7
2023,8,상선,남한산성입구,2823,토요일,20:00,8.1
2023,8,하선,남한산성입구,2823,토요일,20:00,12.5
2023,8,상선,단대오거리,2824,토요일,20:00,8.5
2023,8,하선,단대오거리,2824,토요일,20:00,7.4
2023,8,상선,신흥,2825,토요일,20:00,8.3
2023,8,하선,신흥,2825,토요일,20:00,5.2
2023,8,상선,수진,2826,토요일,20:00,6.8
2023,8,하선,수진,2826,토요일,20:00,3.6
2023,8,상선,모란,2827,토요일,20:00,6.4
2023,8,하선,모란,2827,토요일,20:00,0.0
2023,8,상선,암사,2811,일요일,20:00,0.0
2023,8,하선,암사,2811,일요일,20:00,4.2
2023,8,상선,천호,2812,일요일,20:00,10.2
2023,8,하선,천호,2812,일요일,20:00,17.1
2023,8,상선,강동구청,2813,일요일,20:00,28.5
2023,8,하선,강동구청,2813,일요일,20:00,16.7
2023,8,상선,몽촌토성,2814,일요일,20:00,31.8
2023,8,하선,몽촌토성,2814,일요일,20:00,18.3
2023,8,상선,잠실,2815,일요일,20:00,32.6
2023,8,하선,잠실,2815,일요일,20:00,42.2
2023,8,상선,석촌,2816,일요일,20:00,27.1
2023,8,하선,석촌,2816,일요일,20:00,47.6
2023,8,상선,송파,2817,일요일,20:00,28.2
2023,8,하선,송파,2817,일요일,20:00,44.7
2023,8,상선,가락시장,2818,일요일,20:00,28.6
2023,8,하선,가락시장,2818,일요일,20:00,40.6
2023,8,상선,문정,2819,일요일,20:00,24.9
2023,8,하선,문정,2819,일요일,20:00,37.2
2023,8,상선,장지,2820,일요일,20:00,20.2
2023,8,하선,장지,2820,일요일,20:00,33.2
2023,8,상선,복정,2821,일요일,20:00,15.4
2023,8,하선,복정,2821,일요일,20:00,20.9
2023,8,상선,산성,2822,일요일,20:00,7.4
2023,8,하선,산성,2822,일요일,20:00,16.2
2023,8,상선,남한산성입구,2823,일요일,20:00,7.3
2023,8,하선,남한산성입구,2823,일요일,20:00,10.6
2023,8,상선,단대오거리,2824,일요일,20:00,6.8
2023,8,하선,단대오거리,2824,일요일,20:00,6.1
2023,8,상선,신흥,2825,일요일,20:00,6.0
2023,8,하선,신흥,2825,일요일,20:00,3.7
2023,8,상선,수진,2826,일요일,20:00,5.2
2023,8,하선,수진,2826,일요일,20:00,2.3
2023,8,상선,모란,2827,일요일,20:00,5.9
202403,8,상선,암사,2811,평일,20:00,0.0
202403,8,하선,암사,2811,평일,20:00,4.9
202403,8,상선,천호,2812,평일,20:00,17.1
202403,8,하선,천호,2812,평일,20:00,18.6
202403,8,상선,강동구청,2813,평일,20:00,48.8
202403,8,하선,강동구청,2813,평일,20:00,20.1
202403,8,상선,몽촌토성,2814,평일,20:00,57.6
202403,8,하선,몽촌토성,2814,평일,20:00,21.7
202403,8,상선,잠실,2815,평일,20:00,59.5
202403,8,하선,잠실,2815,평일,20:00,49.6
202403,8,상선,석촌,2816,평일,20:00,44.6
202403,8,하선,석촌,2816,평일,20:00,54.3
202403,8,상선,송파,2817,평일,20:00,44.0
202403,8,하선,송파,2817,평일,20:00,50.7
202403,8,상선,가락시장,2818,평일,20:00,43.7
202403,8,하선,가락시장,2818,평일,20:00,48.5
202403,8,상선,문정,2819,평일,20:00,40.3
202403,8,하선,문정,2819,평일,20:00,46.5
202403,8,상선,장지,2820,평일,20:00,28.2
202403,8,하선,장지,2820,평일,20:00,42.6
202403,8,상선,복정,2821,평일,20:00,22.2
202403,8,하선,복정,2821,평일,20:00,32.9
202403,8,상선,산성,2822,평일,20:00,10.2
202403,8,하선,산성,2822,평일,20:00,22.7
202403,8,상선,남한산성입구,2823,평일,20:00,10.8
202403,8,하선,남한산성입구,2823,평일,20:00,15.9
202403,8,상선,단대오거리,2824,평일,20:00,9.9
202403,8,하선,단대오거리,2824,평일,20:00,7.9
202403,8,상선,신흥,2825,평일,20:00,8.9
202403,8,하선,신흥,2825,평일,20:00,4.6
202403,8,상선,수진,2826,평일,20:00,8.6
202403,8,하선,수진,2826,평일,20:00,2.8
202403,8,상선,모란,2827,평일,20:00,9.3
202403,8,하선,모란,2827,평일,20:00,0.0
202403,8,상선,암사,2811,토요일,20:00,0.0
202403,8,하선,암사,2811,토요일,20:00,5.8
202403,8,상선,천호,2812,토요일,20:00,13.2
202403,8,하선,천호,2812,토요일,20:00,21.6
202403,8,상선,강동구청,2813,토요일,20:00,36.6
202403,8,하선,강동구청,2813,토요일,20:00,21.3
202403,8,상선,몽촌토성,2814,토요일,20:00,40.0
202403,8,하선,몽촌토성,2814,토요일,20:00,22.8
202403,8,상선,잠실,2815,토요일,20:00,39.8
202403,8,하선,잠실,2815,토요일,20:00,51.9
202403,8,상선,석촌,2816,토요일,20:00,34.5
202403,8,하선,석촌,2816,토요일,20:00,57.9
202403,8,상선,송파,2817,토요일,20:00,33.1
202403,8,하선,송파,2817,토요일,20:00,54.2
202403,8,상선,가락시장,2818,토요일,20:00,32.7
202403,8,하선,가락시장,2818,토요일,20:00,49.9
202403,8,상선,문정,2819,토요일,20:00,28.7
202403,8,하선,문정,2819,토요일,20:00,45.6
202403,8,상선,장지,2820,토요일,20:00,23.2
202403,8,하선,장지,2820,토요일,20:00,42.2
202403,8,상선,복정,2821,토요일,20:00,18.2
202403,8,하선,복정,2821,토요일,20:00,26.5
202403,8,상선,산성,2822,토요일,20:00,8.7
202403,8,하선,산성,2822,토요일,20:00,19.2
202403,8,상선,남한산성입구,2823,토요일,20:00,8.5
202403,8,하선,남한산성입구,2823,토요일,20:00,13.1
202403,8,상선,단대오거리,2824,토요일,20:00,8.7
202403,8,하선,단대오거리,2824,토요일,20:00,8.1
202403,8,상선,신흥,2825,토요일,20:00,7.6
202403,8,하선,신흥,2825,토요일,20:00,5.7
202403,8,상선,수진,2826,토요일,20:00,6.7
202403,8,하선,수진,2826,토요일,20:00,4.8
202403,8,상선,모란,2827,토요일,20:00,6.7
202403,8,하선,모란,2827,토요일,20:00,0.0
202403,8,상선,암사,2811,일요일,20:00,0.0
202403,8,하선,암사,2811,일요일,20:00,5.0
202403,8,상선,천호,2812,일요일,20:00,12.0
202403,8,하선,천호,2812,일요일,20:00,18.3
202403,8,상선,강동구청,2813,일요일,20:00,26.4
202403,8,하선,강동구청,2813,일요일,20:00,19.3
202403,8,상선,몽촌토성,2814,일요일,20:00,29.2
202403,8,하선,몽촌토성,2814,일요일,20:00,20.7
202403,8,상선,잠실,2815,일요일,20:00,30.9
202403,8,하선,잠실,2815,일요일,20:00,46.5
202403,8,상선,석촌,2816,일요일,20:00,26.8
202403,8,하선,석촌,2816,일요일,20:00,53.2
202403,8,상선,송파,2817,일요일,20:00,27.6
202403,8,하선,송파,2817,일요일,20:00,48.6
202403,8,상선,가락시장,2818,일요일,20:00,27.3
202403,8,하선,가락시장,2818,일요일,20:00,43.4
202403,8,상선,문정,2819,일요일,20:00,24.9
202403,8,하선,문정,2819,일요일,20:00,39.4
202403,8,상선,장지,2820,일요일,20:00,22.0
202403,8,하선,장지,2820,일요일,20:00,37.1
202403,8,상선,복정,2821,일요일,20:00,18.1
202403,8,하선,복정,2821,일요일,20:00,25.7
202403,8,상선,산성,2822,일요일,20:00,9.4
202403,8,하선,산성,2822,일요일,20:00,20.8
202403,8,상선,남한산성입구,2823,일요일,20:00,8.8
202403,8,하선,남한산성입구,2823,일요일,20:00,14.6
202403,8,상선,단대오거리,2824,일요일,20:00,8.0
202403,8,하선,단대오거리,2824,일요일,20:00,7.5
202403,8,상선,신흥,2825,일요일,20:00,6.6
202403,8,하선,신흥,2825,일요일,20:00,4.5
202403,8,상선,수진,2826,일요일,20:00,6.8
202403,8,하선,수진,2826,일요일,20:00,3.1
202403,8,상선,모란,2827,일요일,20:00,7.3
202406,8,상선,암사,2811,평일,20:00,0.0
202406,8,하선,암사,2811,평일,20:00,4.9
202406,8,상선,천호,2812,평일,20:00,16.3
202406,8,하선,천호,2812,평일,20:00,18.7
202406,8,상선,강동구청,2813,평일,20:00,46.2
202406,8,하선,강동구청,2813,평일,20:00,20.3
202406,8,상선,몽촌토성,2814,평일,20:00,54.9
202406,8,하선,몽촌토성,2814,평일,20:00,21.6
202406,8,상선,잠실,2815,평일,20:00,56.4
202406,8,하선,잠실,2815,평일,20:00,46.5
202406,8,상선,석촌,2816,평일,20:00,43.2
202406,8,하선,석촌,2816,평일,20:00,52.4
202406,8,상선,송파,2817,평일,20:00,41.0
202406,8,하선,송파,2817,평일,20:00,49.0
202406,8,상선,가락시장,2818,평일,20:00,40.6
202406,8,하선,가락시장,2818,평일,20:00,46.8
202406,8,상선,문정,2819,평일,20:00,37.5
202406,8,하선,문정,2819,평일,20:00,44.0
202406,8,상선,장지,2820,평일,20:00,26.6
202406,8,하선,장지,2820,평일,20:00,40.8
202406,8,상선,복정,2821,평일,20:00,21.5
202406,8,하선,복정,2821,평일,20:00,31.8
202406,8,상선,산성,2822,평일,20:00,9.4
202406,8,하선,산성,2822,평일,20:00,20.9
202406,8,상선,남한산성입구,2823,평일,20:00,9.7
202406,8,하선,남한산성입구,2823,평일,20:00,14.5
202406,8,상선,단대오거리,2824,평일,20:00,9.4
202406,8,하선,단대오거리,2824,평일,20:00,7.6
202406,8,상선,신흥,2825,평일,20:00,8.5
202406,8,하선,신흥,2825,평일,20:00,4.8
202406,8,상선,수진,2826,평일,20:00,8.3
202406,8,하선,수진,2826,평일,20:00,2.9
202406,8,상선,모란,2827,평일,20:00,8.6
202406,8,하선,모란,2827,평일,20:00,0.0
202406,8,상선,암사,2811,토요일,20:00,0.0
202406,8,하선,암사,2811,토요일,20:00,6.2
202406,8,상선,천호,2812,토요일,20:00,11.7
202406,8,하선,천호,2812,토요일,20:00,19.7
202406,8,상선,강동구청,2813,토요일,20:00,33.4
202406,8,하선,강동구청,2813,토요일,20:00,19.4
202406,8,상선,몽촌토성,2814,토요일,20:00,37.8
202406,8,하선,몽촌토성,2814,토요일,20:00,21.2
202406,8,상선,잠실,2815,토요일,20:00,36.9
202406,8,하선,잠실,2815,토요일,20:00,45.6
202406,8,상선,석촌,2816,토요일,20:00,31.7
202406,8,하선,석촌,2816,토요일,20:00,48.7
202406,8,상선,송파,2817,토요일,20:00,34.5
202406,8,하선,송파,2817,토요일,20:00,46.4
202406,8,상선,가락시장,2818,토요일,20:00,33.8
202406,8,하선,가락시장,2818,토요일,20:00,41.9
202406,8,상선,문정,2819,토요일,20:00,29.7
202406,8,하선,문정,2819,토요일,20:00,38.6
202406,8,상선,장지,2820,토요일,20:00,22.3
202406,8,하선,장지,2820,토요일,20:00,35.7
202406,8,상선,복정,2821,토요일,20:00,16.6
202406,8,하선,복정,2821,토요일,20:00,24.5
202406,8,상선,산성,2822,토요일,20:00,7.7
202406,8,하선,산성,2822,토요일,20:00,17.9
202406,8,상선,남한산성입구,2823,토요일,20:00,6.8
202406,8,하선,남한산성입구,2823,토요일,20:00,12.9
202406,8,상선,단대오거리,2824,토요일,20:00,6.6
202406,8,하선,단대오거리,2824,토요일,20:00,7.8
202406,8,상선,신흥,2825,토요일,20:00,5.6
202406,8,하선,신흥,2825,토요일,20:00,4.9
202406,8,상선,수진,2826,토요일,20:00,5.2
202406,8,하선,수진,2826,토요일,20:00,3.6
202406,8,상선,모란,2827,토요일,20:00,5.3
202406,8,하선,모란,2827,토요일,20:00,0.0
202406,8,상선,암사,2811,일요일,20:00,0.0
202406,8,하선,암사,2811,일요일,20:00,5.7
202406,8,상선,천호,2812,일요일,20:00,10.6
202406,8,하선,천호,2812,일요일,20:00,18.6
202406,8,상선,강동구청,2813,일요일,20:00,26.7
202406,8,하선,강동구청,2813,일요일,20:00,19.3
202406,8,상선,몽촌토성,2814,일요일,20:00,29.1
202406,8,하선,몽촌토성,2814,일요일,20:00,20.9
202406,8,상선,잠실,2815,일요일,20:00,30.6
202406,8,하선,잠실,2815,일요일,20:00,45.9
202406,8,상선,석촌,2816,일요일,20:00,25.1
202406,8,하선,석촌,2816,일요일,20:00,50.9
202406,8,상선,송파,2817,일요일,20:00,26.3
202406,8,하선,송파,2817,일요일,20:00,47.7
202406,8,상선,가락시장,2818,일요일,20:00,26.6
202406,8,하선,가락시장,2818,일요일,20:00,43.4
202406,8,상선,문정,2819,일요일,20:00,24.6
202406,8,하선,문정,2819,일요일,20:00,38.5
202406,8,상선,장지,2820,일요일,20:00,22.0
202406,8,하선,장지,2820,일요일,20:00,33.6
202406,8,상선,복정,2821,일요일,20:00,16.2
202406,8,하선,복정,2821,일요일,20:00,23.3
202406,8,상선,산성,2822,일요일,20:00,8.4
202406,8,하선,산성,2822,일요일,20:00,16.2
202406,8,상선,남한산성입구,2823,일요일,20:00,7.3
202406,8,하선,남한산성입구,2823,일요일,20:00,12.1
202406,8,상선,단대오거리,2824,일요일,20:00,7.1
202406,8,하선,단대오거리,2824,일요일,20:00,6.1
202406,8,상선,신흥,2825,일요일,20:00,6.1
202406,8,하선,신흥,2825,일요일,20:00,4.1
202406,8,상선,수진,2826,일요일,20:00,5.4
202406,8,하선,수진,2826,일요일,20:00,2.9
202406,8,상선,모란,2827,일요일,20:00,5.3
2020,8,상선,암사,2811,평일,20:30,0.0
2020,8,하선,암사,2811,평일,20:30,4.2
2020,8,상선,천호,2812,평일,20:30,15.4
2020,8,하선,천호,2812,평일,20:30,14.0
2020,8,상선,강동구청,2813,평일,20:30,35.9
2020,8,하선,강동구청,2813,평일,20:30,15.1
2020,8,상선,몽촌토성,2814,평일,20:30,43.2
2020,8,하선,몽촌토성,2814,평일,20:30,15.9
2020,8,상선,잠실,2815,평일,20:30,48.5
2020,8,하선,잠실,2815,평일,20:30,32.1
2020,8,상선,석촌,2816,평일,20:30,39.6
2020,8,하선,석촌,2816,평일,20:30,35.4
2020,8,상선,송파,2817,평일,20:30,41.4
2020,8,하선,송파,2817,평일,20:30,32.6
2020,8,상선,가락시장,2818,평일,20:30,41.0
2020,8,하선,가락시장,2818,평일,20:30,32.6
2020,8,상선,문정,2819,평일,20:30,37.5
2020,8,하선,문정,2819,평일,20:30,31.9
2020,8,상선,장지,2820,평일,20:30,25.8
2020,8,하선,장지,2820,평일,20:30,30.3
2020,8,상선,복정,2821,평일,20:30,19.8
2020,8,하선,복정,2821,평일,20:30,20.4
2020,8,상선,산성,2822,평일,20:30,7.4
2020,8,하선,산성,2822,평일,20:30,16.0
2020,8,상선,남한산성입구,2823,평일,20:30,7.2
2020,8,하선,남한산성입구,2823,평일,20:30,9.2
2020,8,상선,단대오거리,2824,평일,20:30,6.8
2020,8,하선,단대오거리,2824,평일,20:30,4.8
2020,8,상선,신흥,2825,평일,20:30,5.9
2020,8,하선,신흥,2825,평일,20:30,3.1
2020,8,상선,수진,2826,평일,20:30,5.3
2020,8,하선,수진,2826,평일,20:30,2.0
2020,8,상선,모란,2827,평일,20:30,5.7
2020,8,하선,모란,2827,평일,20:30,0.0
2020,8,상선,암사,2811,토요일,20:30,0.0
2020,8,하선,암사,2811,토요일,20:30,3.9
2020,8,상선,천호,2812,토요일,20:30,8.7
2020,8,하선,천호,2812,토요일,20:30,15.1
2020,8,상선,강동구청,2813,토요일,20:30,21.0
2020,8,하선,강동구청,2813,토요일,20:30,15.4
2020,8,상선,몽촌토성,2814,토요일,20:30,23.0
2020,8,하선,몽촌토성,2814,토요일,20:30,16.5
2020,8,상선,잠실,2815,토요일,20:30,23.7
2020,8,하선,잠실,2815,토요일,20:30,33.8
2020,8,상선,석촌,2816,토요일,20:30,19.9
2020,8,하선,석촌,2816,토요일,20:30,36.3
2020,8,상선,송파,2817,토요일,20:30,22.3
2020,8,하선,송파,2817,토요일,20:30,34.7
2020,8,상선,가락시장,2818,토요일,20:30,21.9
2020,8,하선,가락시장,2818,토요일,20:30,34.3
2020,8,상선,문정,2819,토요일,20:30,18.9
2020,8,하선,문정,2819,토요일,20:30,28.1
2020,8,상선,장지,2820,토요일,20:30,15.7
2020,8,하선,장지,2820,토요일,20:30,25.7
2020,8,상선,복정,2821,토요일,20:30,14.4
2020,8,하선,복정,2821,토요일,20:30,17.3
2020,8,상선,산성,2822,토요일,20:30,5.3
2020,8,하선,산성,2822,토요일,20:30,11.7
2020,8,상선,남한산성입구,2823,토요일,20:30,5.0
2020,8,하선,남한산성입구,2823,토요일,20:30,7.0
2020,8,상선,단대오거리,2824,토요일,20:30,4.2
2020,8,하선,단대오거리,2824,토요일,20:30,4.0
2020,8,상선,신흥,2825,토요일,20:30,5.0
2020,8,하선,신흥,2825,토요일,20:30,2.5
2020,8,상선,수진,2826,토요일,20:30,4.6
2020,8,하선,수진,2826,토요일,20:30,1.9
2020,8,상선,모란,2827,토요일,20:30,4.9
2020,8,하선,모란,2827,토요일,20:30,0.0
2020,8,상선,암사,2811,일요일,20:30,0.0
2020,8,하선,암사,2811,일요일,20:30,2.7
2020,8,상선,천호,2812,일요일,20:30,6.0
2020,8,하선,천호,2812,일요일,20:30,12.3
2020,8,상선,강동구청,2813,일요일,20:30,20.5
2020,8,하선,강동구청,2813,일요일,20:30,13.1
2020,8,상선,몽촌토성,2814,일요일,20:30,22.7
2020,8,하선,몽촌토성,2814,일요일,20:30,14.4
2020,8,상선,잠실,2815,일요일,20:30,23.1
2020,8,하선,잠실,2815,일요일,20:30,28.6
2020,8,상선,석촌,2816,일요일,20:30,15.8
2020,8,하선,석촌,2816,일요일,20:30,30.9
2020,8,상선,송파,2817,일요일,20:30,17.1
2020,8,하선,송파,2817,일요일,20:30,29.4
2020,8,상선,가락시장,2818,일요일,20:30,17.1
2021,8,상선,암사,2811,평일,20:30,0.0
2021,8,하선,암사,2811,평일,20:30,3.9
2021,8,상선,천호,2812,평일,20:30,14.8
2021,8,하선,천호,2812,평일,20:30,12.8
2021,8,상선,강동구청,2813,평일,20:30,38.8
2021,8,하선,강동구청,2813,평일,20:30,13.1
2021,8,상선,몽촌토성,2814,평일,20:30,45.0
2021,8,하선,몽촌토성,2814,평일,20:30,13.9
2021,8,상선,잠실,2815,평일,20:30,45.4
2021,8,하선,잠실,2815,평일,20:30,30.5
2021,8,상선,석촌,2816,평일,20:30,36.3
2021,8,하선,석촌,2816,평일,20:30,36.1
2021,8,상선,송파,2817,평일,20:30,37.5
2021,8,하선,송파,2817,평일,20:30,33.5
2021,8,상선,가락시장,2818,평일,20:30,37.5
2021,8,하선,가락시장,2818,평일,20:30,33.1
2021,8,상선,문정,2819,평일,20:30,33.6
2021,8,하선,문정,2819,평일,20:30,32.0
2021,8,상선,장지,2820,평일,20:30,22.3
2021,8,하선,장지,2820,평일,20:30,29.1
2021,8,상선,복정,2821,평일,20:30,16.7
2021,8,하선,복정,2821,평일,20:30,18.5
2021,8,상선,산성,2822,평일,20:30,6.0
2021,8,하선,산성,2822,평일,20:30,15.0
2021,8,상선,남한산성입구,2823,평일,20:30,6.5
2021,8,하선,남한산성입구,2823,평일,20:30,9.8
2021,8,상선,단대오거리,2824,평일,20:30,6.7
2021,8,하선,단대오거리,2824,평일,20:30,4.8
2021,8,상선,신흥,2825,평일,20:30,6.0
2021,8,하선,신흥,2825,평일,20:30,3.2
2021,8,상선,수진,2826,평일,20:30,5.4
2021,8,하선,수진,2826,평일,20:30,1.8
2021,8,상선,모란,2827,평일,20:30,5.5
2021,8,하선,모란,2827,평일,20:30,0.0
2021,8,상선,암사,2811,토요일,20:30,0.0
2021,8,하선,암사,2811,토요일,20:30,3.0
2021,8,상선,천호,2812,토요일,20:30,8.2
2021,8,하선,천호,2812,토요일,20:30,14.5
2021,8,상선,강동구청,2813,토요일,20:30,27.2
2021,8,하선,강동구청,2813,토요일,20:30,14.4
2021,8,상선,몽촌토성,2814,토요일,20:30,30.4
2021,8,하선,몽촌토성,2814,토요일,20:30,13.0
2021,8,상선,잠실,2815,토요일,20:30,31.3
2021,8,하선,잠실,2815,토요일,20:30,35.3
2021,8,상선,석촌,2816,토요일,20:30,22.0
2021,8,하선,석촌,2816,토요일,20:30,37.9
2021,8,상선,송파,2817,토요일,20:30,21.6
2021,8,하선,송파,2817,토요일,20:30,35.4
2021,8,상선,가락시장,2818,토요일,20:30,21.3
2021,8,하선,가락시장,2818,토요일,20:30,31.6
2021,8,상선,문정,2819,토요일,20:30,17.5
2021,8,하선,문정,2819,토요일,20:30,27.5
2021,8,상선,장지,2820,토요일,20:30,13.5
2021,8,하선,장지,2820,토요일,20:30,25.6
2021,8,상선,복정,2821,토요일,20:30,9.1
2021,8,하선,복정,2821,토요일,20:30,14.9
2021,8,상선,산성,2822,토요일,20:30,3.6
2021,8,하선,산성,2822,토요일,20:30,14.3
2021,8,상선,남한산성입구,2823,토요일,20:30,3.4
2021,8,하선,남한산성입구,2823,토요일,20:30,9.3
2021,8,상선,단대오거리,2824,토요일,20:30,4.7
2021,8,하선,단대오거리,2824,토요일,20:30,4.5
2021,8,상선,신흥,2825,토요일,20:30,4.3
2021,8,하선,신흥,2825,토요일,20:30,3.2
2021,8,상선,수진,2826,토요일,20:30,4.1
2021,8,하선,수진,2826,토요일,20:30,2.3
2021,8,상선,모란,2827,토요일,20:30,4.6
2021,8,하선,모란,2827,토요일,20:30,0.0
2022,8,상선,암사,2811,평일,20:30,0.0
2022,8,하선,암사,2811,평일,20:30,4.4
2022,8,상선,천호,2812,평일,20:30,17.4
2022,8,하선,천호,2812,평일,20:30,16.1
2022,8,상선,강동구청,2813,평일,20:30,46.5
2022,8,하선,강동구청,2813,평일,20:30,17.7
2022,8,상선,몽촌토성,2814,평일,20:30,49.3
2022,8,하선,몽촌토성,2814,평일,20:30,19.1
2022,8,상선,잠실,2815,평일,20:30,51.3
2022,8,하선,잠실,2815,평일,20:30,42.9
2022,8,상선,석촌,2816,평일,20:30,43.8
2022,8,하선,석촌,2816,평일,20:30,47.8
2022,8,상선,송파,2817,평일,20:30,47.5
2022,8,하선,송파,2817,평일,20:30,43.3
2022,8,상선,가락시장,2818,평일,20:30,47.8
2022,8,하선,가락시장,2818,평일,20:30,42.3
2022,8,상선,문정,2819,평일,20:30,41.4
2022,8,하선,문정,2819,평일,20:30,40.8
2022,8,상선,장지,2820,평일,20:30,31.3
2022,8,하선,장지,2820,평일,20:30,37.9
2022,8,상선,복정,2821,평일,20:30,24.6
2022,8,하선,복정,2821,평일,20:30,27.2
2022,8,상선,산성,2822,평일,20:30,9.2
2022,8,하선,산성,2822,평일,20:30,19.2
2022,8,상선,남한산성입구,2823,평일,20:30,9.4
2022,8,하선,남한산성입구,2823,평일,20:30,12.0
2022,8,상선,단대오거리,2824,평일,20:30,9.5
2022,8,하선,단대오거리,2824,평일,20:30,6.4
2022,8,상선,신흥,2825,평일,20:30,8.2
2022,8,하선,신흥,2825,평일,20:30,3.8
2022,8,상선,수진,2826,평일,20:30,8.0
2022,8,하선,수진,2826,평일,20:30,2.4
2022,8,상선,모란,2827,평일,20:30,8.6
2022,8,하선,모란,2827,평일,20:30,0.0
2022,8,상선,암사,2811,토요일,20:30,0.0
2022,8,하선,암사,2811,토요일,20:30,5.0
2022,8,상선,천호,2812,토요일,20:30,12.0
2022,8,하선,천호,2812,토요일,20:30,20.2
2022,8,상선,강동구청,2813,토요일,20:30,35.1
2022,8,하선,강동구청,2813,토요일,20:30,18.8
2022,8,상선,몽촌토성,2814,토요일,20:30,42.4
2022,8,하선,몽촌토성,2814,토요일,20:30,20.0
2022,8,상선,잠실,2815,토요일,20:30,45.5
2022,8,하선,잠실,2815,토요일,20:30,52.3
2022,8,상선,석촌,2816,토요일,20:30,34.4
2022,8,하선,석촌,2816,토요일,20:30,56.6
2022,8,상선,송파,2817,토요일,20:30,32.2
2022,8,하선,송파,2817,토요일,20:30,52.4
2022,8,상선,가락시장,2818,토요일,20:30,30.9
2022,8,하선,가락시장,2818,토요일,20:30,48.7
2022,8,상선,문정,2819,토요일,20:30,24.4
2022,8,하선,문정,2819,토요일,20:30,45.0
2022,8,상선,장지,2820,토요일,20:30,19.4
2022,8,하선,장지,2820,토요일,20:30,39.9
2022,8,상선,복정,2821,토요일,20:30,14.9
2022,8,하선,복정,2821,토요일,20:30,25.9
2022,8,상선,산성,2822,토요일,20:30,6.0
2022,8,하선,산성,2822,토요일,20:30,18.6
2022,8,상선,남한산성입구,2823,토요일,20:30,5.8
2022,8,하선,남한산성입구,2823,토요일,20:30,11.9
2022,8,상선,단대오거리,2824,토요일,20:30,6.0
2022,8,하선,단대오거리,2824,토요일,20:30,6.3
2022,8,상선,신흥,2825,토요일,20:30,5.8
2022,8,하선,신흥,2825,토요일,20:30,4.0
2022,8,상선,암사,2811,공휴일,20:30,0.0
2022,8,하선,암사,2811,공휴일,20:30,3.5
2022,8,상선,천호,2812,공휴일,20:30,10.7
2022,8,하선,천호,2812,공휴일,20:30,16.8
2022,8,상선,강동구청,2813,공휴일,20:30,26.4
2022,8,하선,강동구청,2813,공휴일,20:30,17.6
2022,8,상선,몽촌토성,2814,공휴일,20:30,32.1
2022,8,하선,몽촌토성,2814,공휴일,20:30,19.3
2022,8,상선,잠실,2815,공휴일,20:30,33.9
2022,8,하선,잠실,2815,공휴일,20:30,40.2
2022,8,상선,석촌,2816,공휴일,20:30,24.6
2022,8,하선,석촌,2816,공휴일,20:30,46.8
2022,8,상선,송파,2817,공휴일,20:30,22.6
2022,8,하선,송파,2817,공휴일,20:30,42.4
2022,8,상선,가락시장,2818,공휴일,20:30,22.4
2022,8,하선,가락시장,2818,공휴일,20:30,40.0
2022,8,상선,문정,2819,공휴일,20:30,19.8
2022,8,하선,문정,2819,공휴일,20:30,37.2
2022,8,상선,장지,2820,공휴일,20:30,17.2
2022,8,하선,장지,2820,공휴일,20:30,31.9
2022,8,상선,복정,2821,공휴일,20:30,14.0
2022,8,하선,복정,2821,공휴일,20:30,18.7
2022,8,상선,산성,2822,공휴일,20:30,5.3
2022,8,하선,산성,2822,공휴일,20:30,14.4
2022,8,상선,남한산성입구,2823,공휴일,20:30,5.0
2022,8,하선,남한산성입구,2823,공휴일,20:30,9.9
2022,8,상선,단대오거리,2824,공휴일,20:30,5.8
2022,8,하선,단대오거리,2824,공휴일,20:30,5.8
2022,8,상선,신흥,2825,공휴일,20:30,5.7
2022,8,하선,신흥,2825,공휴일,20:30,3.5
2022,8,상선,수진,2826,공휴일,20:30,5.2
2022,8,하선,수진,2826,공휴일,20:30,1.4
2022,8,상선,모란,2827,공휴일,20:30,5.3
2022,8,하선,모란,2827,공휴일,20:30,0.0
2023,8,상선,암사,2811,평일,20:30,0.0
2023,8,하선,암사,2811,평일,20:30,4.3
2023,8,상선,천호,2812,평일,20:30,17.7
2023,8,하선,천호,2812,평일,20:30,17.4
2023,8,상선,강동구청,2813,평일,20:30,44.2
2023,8,하선,강동구청,2813,평일,20:30,18.7
2023,8,상선,몽촌토성,2814,평일,20:30,48.5
2023,8,하선,몽촌토성,2814,평일,20:30,20.3
2023,8,상선,잠실,2815,평일,20:30,50.2
2023,8,하선,잠실,2815,평일,20:30,47.2
2023,8,상선,석촌,2816,평일,20:30,42.5
2023,8,하선,석촌,2816,평일,20:30,52.8
2023,8,상선,송파,2817,평일,20:30,47.3
2023,8,하선,송파,2817,평일,20:30,45.6
2023,8,상선,가락시장,2818,평일,20:30,47.8
2023,8,하선,가락시장,2818,평일,20:30,45.3
2023,8,상선,문정,2819,평일,20:30,43.0
2023,8,하선,문정,2819,평일,20:30,43.2
2023,8,상선,장지,2820,평일,20:30,32.5
2023,8,하선,장지,2820,평일,20:30,39.7
2023,8,상선,복정,2821,평일,20:30,25.5
2023,8,하선,복정,2821,평일,20:30,30.6
2023,8,상선,산성,2822,평일,20:30,9.2
2023,8,하선,산성,2822,평일,20:30,21.9
2023,8,상선,남한산성입구,2823,평일,20:30,9.6
2023,8,하선,남한산성입구,2823,평일,20:30,13.8
2023,8,상선,단대오거리,2824,평일,20:30,8.8
2023,8,하선,단대오거리,2824,평일,20:30,7.4
2023,8,상선,신흥,2825,평일,20:30,8.2
2023,8,하선,신흥,2825,평일,20:30,4.5
2023,8,상선,수진,2826,평일,20:30,8.1
2023,8,하선,수진,2826,평일,20:30,2.7
2023,8,상선,모란,2827,평일,20:30,7.9
2023,8,하선,모란,2827,평일,20:30,0.0
2023,8,상선,암사,2811,토요일,20:30,0.0
2023,8,하선,암사,2811,토요일,20:30,4.6
2023,8,상선,천호,2812,토요일,20:30,14.0
2023,8,하선,천호,2812,토요일,20:30,19.2
2023,8,상선,강동구청,2813,토요일,20:30,34.1
2023,8,하선,강동구청,2813,토요일,20:30,20.0
2023,8,상선,몽촌토성,2814,토요일,20:30,37.5
2023,8,하선,몽촌토성,2814,토요일,20:30,23.4
2023,8,상선,잠실,2815,토요일,20:30,40.2
2023,8,하선,잠실,2815,토요일,20:30,56.0
2023,8,상선,석촌,2816,토요일,20:30,30.6
2023,8,하선,석촌,2816,토요일,20:30,59.7
2023,8,상선,송파,2817,토요일,20:30,31.1
2023,8,하선,송파,2817,토요일,20:30,54.5
2023,8,상선,가락시장,2818,토요일,20:30,31.3
2023,8,하선,가락시장,2818,토요일,20:30,50.5
2023,8,상선,문정,2819,토요일,20:30,28.3
2023,8,하선,문정,2819,토요일,20:30,45.3
2023,8,상선,장지,2820,토요일,20:30,23.1
2023,8,하선,장지,2820,토요일,20:30,40.5
2023,8,상선,복정,2821,토요일,20:30,16.4
2023,8,하선,복정,2821,토요일,20:30,27.0
2023,8,상선,산성,2822,토요일,20:30,7.3
2023,8,하선,산성,2822,토요일,20:30,21.9
2023,8,상선,남한산성입구,2823,토요일,20:30,5.8
2023,8,하선,남한산성입구,2823,토요일,20:30,16.3
2023,8,상선,단대오거리,2824,토요일,20:30,6.9
2023,8,하선,단대오거리,2824,토요일,20:30,8.7
2023,8,상선,신흥,2825,토요일,20:30,7.8
2023,8,하선,신흥,2825,토요일,20:30,5.5
2023,8,상선,수진,2826,토요일,20:30,7.6
2023,8,하선,수진,2826,토요일,20:30,3.1
2023,8,상선,모란,2827,토요일,20:30,6.7
2023,8,하선,모란,2827,토요일,20:30,0.0
2023,8,상선,암사,2811,일요일,20:30,0.0
2023,8,하선,암사,2811,일요일,20:30,3.8
2023,8,상선,천호,2812,일요일,20:30,10.8
2023,8,하선,천호,2812,일요일,20:30,16.8
2023,8,상선,강동구청,2813,일요일,20:30,28.5
2023,8,하선,강동구청,2813,일요일,20:30,17.2
2023,8,상선,몽촌토성,2814,일요일,20:30,33.8
2023,8,하선,몽촌토성,2814,일요일,20:30,20.4
2023,8,상선,잠실,2815,일요일,20:30,35.2
2023,8,하선,잠실,2815,일요일,20:30,44.7
2023,8,상선,석촌,2816,일요일,20:30,24.3
2023,8,하선,석촌,2816,일요일,20:30,48.6
2023,8,상선,송파,2817,일요일,20:30,22.7
2023,8,하선,송파,2817,일요일,20:30,45.3
2023,8,상선,가락시장,2818,일요일,20:30,22.6
2023,8,하선,가락시장,2818,일요일,20:30,40.5
2023,8,상선,문정,2819,일요일,20:30,21.1
2023,8,하선,문정,2819,일요일,20:30,35.6
2023,8,상선,장지,2820,일요일,20:30,20.7
2023,8,하선,장지,2820,일요일,20:30,31.9
2023,8,상선,복정,2821,일요일,20:30,15.8
2023,8,하선,복정,2821,일요일,20:30,20.4
2023,8,상선,산성,2822,일요일,20:30,6.5
2023,8,하선,산성,2822,일요일,20:30,16.0
2023,8,상선,남한산성입구,2823,일요일,20:30,6.1
2023,8,하선,남한산성입구,2823,일요일,20:30,10.3
2023,8,상선,단대오거리,2824,일요일,20:30,6.2
2023,8,하선,단대오거리,2824,일요일,20:30,5.1
2023,8,상선,신흥,2825,일요일,20:30,6.2
2023,8,하선,신흥,2825,일요일,20:30,3.5
2023,8,상선,수진,2826,일요일,20:30,5.2
2023,8,하선,수진,2826,일요일,20:30,1.9
2023,8,상선,모란,2827,일요일,20:30,5.7
202403,8,상선,암사,2811,평일,20:30,0.0
202403,8,하선,암사,2811,평일,20:30,4.7
202403,8,상선,천호,2812,평일,20:30,17.2
202403,8,하선,천호,2812,평일,20:30,17.6
202403,8,상선,강동구청,2813,평일,20:30,46.5
202403,8,하선,강동구청,2813,평일,20:30,19.6
202403,8,상선,몽촌토성,2814,평일,20:30,49.3
202403,8,하선,몽촌토성,2814,평일,20:30,20.4
202403,8,상선,잠실,2815,평일,20:30,51.6
202403,8,하선,잠실,2815,평일,20:30,47.5
202403,8,상선,석촌,2816,평일,20:30,43.8
202403,8,하선,석촌,2816,평일,20:30,53.6
202403,8,상선,송파,2817,평일,20:30,47.8
202403,8,하선,송파,2817,평일,20:30,48.1
202403,8,상선,가락시장,2818,평일,20:30,48.2
202403,8,하선,가락시장,2818,평일,20:30,47.0
202403,8,상선,문정,2819,평일,20:30,43.4
202403,8,하선,문정,2819,평일,20:30,45.5
202403,8,상선,장지,2820,평일,20:30,31.2
202403,8,하선,장지,2820,평일,20:30,41.3
202403,8,상선,복정,2821,평일,20:30,24.6
202403,8,하선,복정,2821,평일,20:30,31.7
202403,8,상선,산성,2822,평일,20:30,9.1
202403,8,하선,산성,2822,평일,20:30,22.0
202403,8,상선,남한산성입구,2823,평일,20:30,10.1
202403,8,하선,남한산성입구,2823,평일,20:30,14.2
202403,8,상선,단대오거리,2824,평일,20:30,10.2
202403,8,하선,단대오거리,2824,평일,20:30,7.6
202403,8,상선,신흥,2825,평일,20:30,9.6
202403,8,하선,신흥,2825,평일,20:30,4.5
202403,8,상선,수진,2826,평일,20:30,9.6
202403,8,하선,수진,2826,평일,20:30,2.9
202403,8,상선,모란,2827,평일,20:30,9.2
202403,8,하선,모란,2827,평일,20:30,0.0
202403,8,상선,암사,2811,토요일,20:30,0.0
202403,8,하선,암사,2811,토요일,20:30,6.9
202403,8,상선,천호,2812,토요일,20:30,14.3
202403,8,하선,천호,2812,토요일,20:30,22.9
202403,8,상선,강동구청,2813,토요일,20:30,38.1
202403,8,하선,강동구청,2813,토요일,20:30,23.1
202403,8,상선,몽촌토성,2814,토요일,20:30,40.8
202403,8,하선,몽촌토성,2814,토요일,20:30,24.7
202403,8,상선,잠실,2815,토요일,20:30,43.1
202403,8,하선,잠실,2815,토요일,20:30,53.6
202403,8,상선,석촌,2816,토요일,20:30,30.7
202403,8,하선,석촌,2816,토요일,20:30,57.5
202403,8,상선,송파,2817,토요일,20:30,30.4
202403,8,하선,송파,2817,토요일,20:30,55.0
202403,8,상선,가락시장,2818,토요일,20:30,30.4
202403,8,하선,가락시장,2818,토요일,20:30,52.5
202403,8,상선,문정,2819,토요일,20:30,27.9
202403,8,하선,문정,2819,토요일,20:30,49.4
202403,8,상선,장지,2820,토요일,20:30,23.6
202403,8,하선,장지,2820,토요일,20:30,45.0
202403,8,상선,복정,2821,토요일,20:30,18.7
202403,8,하선,복정,2821,토요일,20:30,31.6
202403,8,상선,산성,2822,토요일,20:30,8.0
202403,8,하선,산성,2822,토요일,20:30,23.0
202403,8,상선,남한산성입구,2823,토요일,20:30,7.7
202403,8,하선,남한산성입구,2823,토요일,20:30,14.5
202403,8,상선,단대오거리,2824,토요일,20:30,7.6
202403,8,하선,단대오거리,2824,토요일,20:30,8.1
202403,8,상선,신흥,2825,토요일,20:30,7.9
202403,8,하선,신흥,2825,토요일,20:30,5.2
202403,8,상선,수진,2826,토요일,20:30,7.4
202403,8,하선,수진,2826,토요일,20:30,3.2
202403,8,상선,모란,2827,토요일,20:30,6.9
202403,8,하선,모란,2827,토요일,20:30,0.0
202403,8,상선,암사,2811,일요일,20:30,0.0
202403,8,하선,암사,2811,일요일,20:30,4.3
202403,8,상선,천호,2812,일요일,20:30,11.8
202403,8,하선,천호,2812,일요일,20:30,20.6
202403,8,상선,강동구청,2813,일요일,20:30,32.1
202403,8,하선,강동구청,2813,일요일,20:30,18.7
202403,8,상선,몽촌토성,2814,일요일,20:30,33.3
202403,8,하선,몽촌토성,2814,일요일,20:30,20.5
202403,8,상선,잠실,2815,일요일,20:30,33.5
202403,8,하선,잠실,2815,일요일,20:30,45.4
202403,8,상선,석촌,2816,일요일,20:30,25.6
202403,8,하선,석촌,2816,일요일,20:30,49.8
202403,8,상선,송파,2817,일요일,20:30,24.8
202403,8,하선,송파,2817,일요일,20:30,49.8
202403,8,상선,가락시장,2818,일요일,20:30,24.5
202403,8,하선,가락시장,2818,일요일,20:30,45.1
202403,8,상선,문정,2819,일요일,20:30,22.5
202403,8,하선,문정,2819,일요일,20:30,44.6
202403,8,상선,장지,2820,일요일,20:30,20.2
202403,8,하선,장지,2820,일요일,20:30,39.8
202403,8,상선,복정,2821,일요일,20:30,15.0
202403,8,하선,복정,2821,일요일,20:30,27.9
202403,8,상선,산성,2822,일요일,20:30,6.7
202403,8,하선,산성,2822,일요일,20:30,21.2
202403,8,상선,남한산성입구,2823,일요일,20:30,5.7
202403,8,하선,남한산성입구,2823,일요일,20:30,11.1
202403,8,상선,단대오거리,2824,일요일,20:30,6.1
202403,8,하선,단대오거리,2824,일요일,20:30,5.6
202403,8,상선,신흥,2825,일요일,20:30,6.7
202403,8,하선,신흥,2825,일요일,20:30,3.5
202403,8,상선,수진,2826,일요일,20:30,6.2
202403,8,하선,수진,2826,일요일,20:30,2.6
202403,8,상선,모란,2827,일요일,20:30,7.1
202406,8,상선,암사,2811,평일,20:30,0.0
202406,8,하선,암사,2811,평일,20:30,5.1
202406,8,상선,천호,2812,평일,20:30,17.4
202406,8,하선,천호,2812,평일,20:30,18.4
202406,8,상선,강동구청,2813,평일,20:30,46.2
202406,8,하선,강동구청,2813,평일,20:30,19.4
202406,8,상선,몽촌토성,2814,평일,20:30,50.0
202406,8,하선,몽촌토성,2814,평일,20:30,21.2
202406,8,상선,잠실,2815,평일,20:30,51.9
202406,8,하선,잠실,2815,평일,20:30,47.7
202406,8,상선,석촌,2816,평일,20:30,41.6
202406,8,하선,석촌,2816,평일,20:30,54.2
202406,8,상선,송파,2817,평일,20:30,46.9
202406,8,하선,송파,2817,평일,20:30,48.8
202406,8,상선,가락시장,2818,평일,20:30,46.9
202406,8,하선,가락시장,2818,평일,20:30,47.8
202406,8,상선,문정,2819,평일,20:30,42.1
202406,8,하선,문정,2819,평일,20:30,45.3
202406,8,상선,장지,2820,평일,20:30,30.7
202406,8,하선,장지,2820,평일,20:30,41.3
202406,8,상선,복정,2821,평일,20:30,24.2
202406,8,하선,복정,2821,평일,20:30,31.3
202406,8,상선,산성,2822,평일,20:30,9.1
202406,8,하선,산성,2822,평일,20:30,22.0
202406,8,상선,남한산성입구,2823,평일,20:30,9.8
202406,8,하선,남한산성입구,2823,평일,20:30,13.9
202406,8,상선,단대오거리,2824,평일,20:30,10.0
202406,8,하선,단대오거리,2824,평일,20:30,7.5
202406,8,상선,신흥,2825,평일,20:30,8.9
202406,8,하선,신흥,2825,평일,20:30,4.6
202406,8,상선,수진,2826,평일,20:30,8.8
202406,8,하선,수진,2826,평일,20:30,3.0
202406,8,상선,모란,2827,평일,20:30,8.6
202406,8,하선,모란,2827,평일,20:30,0.0
202406,8,상선,암사,2811,토요일,20:30,0.0
202406,8,하선,암사,2811,토요일,20:30,4.9
202406,8,상선,천호,2812,토요일,20:30,12.7
202406,8,하선,천호,2812,토요일,20:30,22.4
202406,8,상선,강동구청,2813,토요일,20:30,35.3
202406,8,하선,강동구청,2813,토요일,20:30,22.8
202406,8,상선,몽촌토성,2814,토요일,20:30,39.0
202406,8,하선,몽촌토성,2814,토요일,20:30,25.6
202406,8,상선,잠실,2815,토요일,20:30,43.4
202406,8,하선,잠실,2815,토요일,20:30,50.4
202406,8,상선,석촌,2816,토요일,20:30,28.9
202406,8,하선,석촌,2816,토요일,20:30,54.7
202406,8,상선,송파,2817,토요일,20:30,28.2
202406,8,하선,송파,2817,토요일,20:30,48.3
202406,8,상선,가락시장,2818,토요일,20:30,27.8
202406,8,하선,가락시장,2818,토요일,20:30,45.1
202406,8,상선,문정,2819,토요일,20:30,24.4
202406,8,하선,문정,2819,토요일,20:30,42.8
202406,8,상선,장지,2820,토요일,20:30,18.9
202406,8,하선,장지,2820,토요일,20:30,38.3
202406,8,상선,복정,2821,토요일,20:30,13.7
202406,8,하선,복정,2821,토요일,20:30,25.1
202406,8,상선,산성,2822,토요일,20:30,5.7
202406,8,하선,산성,2822,토요일,20:30,18.8
202406,8,상선,남한산성입구,2823,토요일,20:30,6.0
202406,8,하선,남한산성입구,2823,토요일,20:30,11.3
202406,8,상선,단대오거리,2824,토요일,20:30,6.7
202406,8,하선,단대오거리,2824,토요일,20:30,6.1
202406,8,상선,신흥,2825,토요일,20:30,6.8
202406,8,하선,신흥,2825,토요일,20:30,3.7
202406,8,상선,수진,2826,토요일,20:30,6.4
202406,8,하선,수진,2826,토요일,20:30,3.0
202406,8,상선,모란,2827,토요일,20:30,6.1
202406,8,하선,모란,2827,토요일,20:30,0.0
202406,8,상선,암사,2811,일요일,20:30,0.0
202406,8,하선,암사,2811,일요일,20:30,4.3
202406,8,상선,천호,2812,일요일,20:30,12.3
202406,8,하선,천호,2812,일요일,20:30,20.0
202406,8,상선,강동구청,2813,일요일,20:30,28.4
202406,8,하선,강동구청,2813,일요일,20:30,19.6
202406,8,상선,몽촌토성,2814,일요일,20:30,31.9
202406,8,하선,몽촌토성,2814,일요일,20:30,21.5
202406,8,상선,잠실,2815,일요일,20:30,32.7
202406,8,하선,잠실,2815,일요일,20:30,43.2
202406,8,상선,석촌,2816,일요일,20:30,24.0
202406,8,하선,석촌,2816,일요일,20:30,47.6
202406,8,상선,송파,2817,일요일,20:30,24.2
202406,8,하선,송파,2817,일요일,20:30,45.5
202406,8,상선,가락시장,2818,일요일,20:30,24.1
202406,8,하선,가락시장,2818,일요일,20:30,41.1
202406,8,상선,문정,2819,일요일,20:30,23.1
202406,8,하선,문정,2819,일요일,20:30,36.4
202406,8,상선,장지,2820,일요일,20:30,19.7
202406,8,하선,장지,2820,일요일,20:30,32.5
202406,8,상선,복정,2821,일요일,20:30,15.8
202406,8,하선,복정,2821,일요일,20:30,21.8
202406,8,상선,산성,2822,일요일,20:30,6.5
202406,8,하선,산성,2822,일요일,20:30,18.5
202406,8,상선,남한산성입구,2823,일요일,20:30,6.3
202406,8,하선,남한산성입구,2823,일요일,20:30,11.8
202406,8,상선,단대오거리,2824,일요일,20:30,6.4
202406,8,하선,단대오거리,2824,일요일,20:30,6.2
202406,8,상선,신흥,2825,일요일,20:30,6.3
202406,8,하선,신흥,2825,일요일,20:30,4.1
202406,8,상선,수진,2826,일요일,20:30,6.3
202406,8,하선,수진,2826,일요일,20:30,2.4
202406,8,상선,모란,2827,일요일,20:30,6.7
2020,8,상선,암사,2811,평일,21:00,0.0
2020,8,하선,암사,2811,평일,21:00,4.9
2020,8,상선,천호,2812,평일,21:00,16.5
2020,8,하선,천호,2812,평일,21:00,17.1
2020,8,상선,강동구청,2813,평일,21:00,48.2
2020,8,하선,강동구청,2813,평일,21:00,18.5
2020,8,상선,몽촌토성,2814,평일,21:00,52.6
2020,8,하선,몽촌토성,2814,평일,21:00,20.0
2020,8,상선,잠실,2815,평일,21:00,51.5
2020,8,하선,잠실,2815,평일,21:00,44.0
2020,8,상선,석촌,2816,평일,21:00,39.8
2020,8,하선,석촌,2816,평일,21:00,45.7
2020,8,상선,송파,2817,평일,21:00,40.5
2020,8,하선,송파,2817,평일,21:00,42.6
2020,8,상선,가락시장,2818,평일,21:00,40.5
2020,8,하선,가락시장,2818,평일,21:00,42.4
2020,8,상선,문정,2819,평일,21:00,36.1
2020,8,하선,문정,2819,평일,21:00,41.9
2020,8,상선,장지,2820,평일,21:00,23.2
2020,8,하선,장지,2820,평일,21:00,38.0
2020,8,상선,복정,2821,평일,21:00,16.5
2020,8,하선,복정,2821,평일,21:00,23.8
2020,8,상선,산성,2822,평일,21:00,7.6
2020,8,하선,산성,2822,평일,21:00,18.8
2020,8,상선,남한산성입구,2823,평일,21:00,8.0
2020,8,하선,남한산성입구,2823,평일,21:00,10.9
2020,8,상선,단대오거리,2824,평일,21:00,7.4
2020,8,하선,단대오거리,2824,평일,21:00,5.7
2020,8,상선,신흥,2825,평일,21:00,6.3
2020,8,하선,신흥,2825,평일,21:00,3.6
2020,8,상선,수진,2826,평일,21:00,6.0
2020,8,하선,수진,2826,평일,21:00,2.2
2020,8,상선,모란,2827,평일,21:00,6.5
2020,8,하선,모란,2827,평일,21:00,0.0
2020,8,상선,암사,2811,토요일,21:00,0.0
2020,8,하선,암사,2811,토요일,21:00,3.5
2020,8,상선,천호,2812,토요일,21:00,8.5
2020,8,하선,천호,2812,토요일,21:00,12.8
2020,8,상선,강동구청,2813,토요일,21:00,27.8
2020,8,하선,강동구청,2813,토요일,21:00,14.5
2020,8,상선,몽촌토성,2814,토요일,21:00,29.8
2020,8,하선,몽촌토성,2814,토요일,21:00,15.1
2020,8,상선,잠실,2815,토요일,21:00,30.6
2020,8,하선,잠실,2815,토요일,21:00,28.7
2020,8,상선,석촌,2816,토요일,21:00,25.0
2020,8,하선,석촌,2816,토요일,21:00,31.7
2020,8,상선,송파,2817,토요일,21:00,24.8
2020,8,하선,송파,2817,토요일,21:00,26.9
2020,8,상선,가락시장,2818,토요일,21:00,24.0
2020,8,하선,가락시장,2818,토요일,21:00,27.9
2020,8,상선,문정,2819,토요일,21:00,21.7
2020,8,하선,문정,2819,토요일,21:00,26.1
2020,8,상선,장지,2820,토요일,21:00,18.4
2020,8,하선,장지,2820,토요일,21:00,25.1
2020,8,상선,복정,2821,토요일,21:00,12.2
2020,8,하선,복정,2821,토요일,21:00,17.9
2020,8,상선,산성,2822,토요일,21:00,4.2
2020,8,하선,산성,2822,토요일,21:00,15.9
2020,8,상선,남한산성입구,2823,토요일,21:00,4.2
2020,8,하선,남한산성입구,2823,토요일,21:00,10.4
2020,8,상선,단대오거리,2824,토요일,21:00,4.6
2020,8,하선,단대오거리,2824,토요일,21:00,6.3
2020,8,상선,신흥,2825,토요일,21:00,4.3
2020,8,하선,신흥,2825,토요일,21:00,4.5
2020,8,상선,수진,2826,토요일,21:00,3.8
2020,8,하선,수진,2826,토요일,21:00,2.4
2020,8,상선,모란,2827,토요일,21:00,4.2
2020,8,하선,모란,2827,토요일,21:00,0.0
2020,8,상선,암사,2811,일요일,21:00,0.0
2020,8,하선,암사,2811,일요일,21:00,2.9
2020,8,상선,천호,2812,일요일,21:00,7.7
2020,8,하선,천호,2812,일요일,21:00,10.6
2020,8,상선,강동구청,2813,일요일,21:00,22.3
2020,8,하선,강동구청,2813,일요일,21:00,11.0
2020,8,상선,몽촌토성,2814,일요일,21:00,23.6
2020,8,하선,몽촌토성,2814,일요일,21:00,11.8
2020,8,상선,잠실,2815,일요일,21:00,24.0
2020,8,하선,잠실,2815,일요일,21:00,23.8
2020,8,상선,석촌,2816,일요일,21:00,20.5
2020,8,하선,석촌,2816,일요일,21:00,25.7
2020,8,상선,송파,2817,일요일,21:00,22.5
2020,8,하선,송파,2817,일요일,21:00,24.0
2020,8,상선,가락시장,2818,일요일,21:00,20.9
2021,8,상선,암사,2811,평일,21:00,0.0
2021,8,하선,암사,2811,평일,21:00,3.6
2021,8,상선,천호,2812,평일,21:00,13.6
2021,8,하선,천호,2812,평일,21:00,14.6
2021,8,상선,강동구청,2813,평일,21:00,41.5
2021,8,하선,강동구청,2813,평일,21:00,15.4
2021,8,상선,몽촌토성,2814,평일,21:00,45.5
2021,8,하선,몽촌토성,2814,평일,21:00,16.8
2021,8,상선,잠실,2815,평일,21:00,47.8
2021,8,하선,잠실,2815,평일,21:00,38.9
2021,8,상선,석촌,2816,평일,21:00,32.1
2021,8,하선,석촌,2816,평일,21:00,40.9
2021,8,상선,송파,2817,평일,21:00,33.3
2021,8,하선,송파,2817,평일,21:00,38.1
2021,8,상선,가락시장,2818,평일,21:00,33.2
2021,8,하선,가락시장,2818,평일,21:00,37.2
2021,8,상선,문정,2819,평일,21:00,30.1
2021,8,하선,문정,2819,평일,21:00,36.6
2021,8,상선,장지,2820,평일,21:00,21.3
2021,8,하선,장지,2820,평일,21:00,31.9
2021,8,상선,복정,2821,평일,21:00,16.7
2021,8,하선,복정,2821,평일,21:00,19.8
2021,8,상선,산성,2822,평일,21:00,6.8
2021,8,하선,산성,2822,평일,21:00,16.2
2021,8,상선,남한산성입구,2823,평일,21:00,6.3
2021,8,하선,남한산성입구,2823,평일,21:00,9.8
2021,8,상선,단대오거리,2824,평일,21:00,6.3
2021,8,하선,단대오거리,2824,평일,21:00,5.2
2021,8,상선,신흥,2825,평일,21:00,5.3
2021,8,하선,신흥,2825,평일,21:00,3.4
2021,8,상선,수진,2826,평일,21:00,5.1
2021,8,하선,수진,2826,평일,21:00,2.0
2021,8,상선,모란,2827,평일,21:00,5.1
2021,8,하선,모란,2827,평일,21:00,0.0
2021,8,상선,암사,2811,토요일,21:00,0.0
2021,8,하선,암사,2811,토요일,21:00,2.9
2021,8,상선,천호,2812,토요일,21:00,10.6
2021,8,하선,천호,2812,토요일,21:00,11.9
2021,8,상선,강동구청,2813,토요일,21:00,28.2
2021,8,하선,강동구청,2813,토요일,21:00,11.4
2021,8,상선,몽촌토성,2814,토요일,21:00,33.5
2021,8,하선,몽촌토성,2814,토요일,21:00,14.3
2021,8,상선,잠실,2815,토요일,21:00,34.6
2021,8,하선,잠실,2815,토요일,21:00,34.6
2021,8,상선,석촌,2816,토요일,21:00,25.2
2021,8,하선,석촌,2816,토요일,21:00,38.7
2021,8,상선,송파,2817,토요일,21:00,25.9
2021,8,하선,송파,2817,토요일,21:00,40.9
2021,8,상선,가락시장,2818,토요일,21:00,24.8
2021,8,하선,가락시장,2818,토요일,21:00,38.4
2021,8,상선,문정,2819,토요일,21:00,22.1
2021,8,하선,문정,2819,토요일,21:00,35.8
2021,8,상선,장지,2820,토요일,21:00,18.2
2021,8,하선,장지,2820,토요일,21:00,33.3
2021,8,상선,복정,2821,토요일,21:00,12.6
2021,8,하선,복정,2821,토요일,21:00,22.9
2021,8,상선,산성,2822,토요일,21:00,3.7
2021,8,하선,산성,2822,토요일,21:00,16.6
2021,8,상선,남한산성입구,2823,토요일,21:00,3.5
2021,8,하선,남한산성입구,2823,토요일,21:00,9.9
2021,8,상선,단대오거리,2824,토요일,21:00,4.1
2021,8,하선,단대오거리,2824,토요일,21:00,5.2
2021,8,상선,신흥,2825,토요일,21:00,4.2
2021,8,하선,신흥,2825,토요일,21:00,3.2
2021,8,상선,수진,2826,토요일,21:00,4.2
2021,8,하선,수진,2826,토요일,21:00,1.5
2021,8,상선,모란,2827,토요일,21:00,4.8
2021,8,하선,모란,2827,토요일,21:00,0.0
2022,8,상선,암사,2811,평일,21:00,0.0
2022,8,하선,암사,2811,평일,21:00,4.7
2022,8,상선,천호,2812,평일,21:00,18.0
2022,8,하선,천호,2812,평일,21:00,18.8
2022,8,상선,강동구청,2813,평일,21:00,47.1
2022,8,하선,강동구청,2813,평일,21:00,18.4
2022,8,상선,몽촌토성,2814,평일,21:00,56.4
2022,8,하선,몽촌토성,2814,평일,21:00,20.6
2022,8,상선,잠실,2815,평일,21:00,57.4
2022,8,하선,잠실,2815,평일,21:00,50.1
2022,8,상선,석촌,2816,평일,21:00,47.1
2022,8,하선,석촌,2816,평일,21:00,58.5
2022,8,상선,송파,2817,평일,21:00,45.7
2022,8,하선,송파,2817,평일,21:00,52.5
2022,8,상선,가락시장,2818,평일,21:00,45.5
2022,8,하선,가락시장,2818,평일,21:00,51.6
2022,8,상선,문정,2819,평일,21:00,39.9
2022,8,하선,문정,2819,평일,21:00,50.1
2022,8,상선,장지,2820,평일,21:00,27.7
2022,8,하선,장지,2820,평일,21:00,45.2
2022,8,상선,복정,2821,평일,21:00,21.9
2022,8,하선,복정,2821,평일,21:00,31.0
2022,8,상선,산성,2822,평일,21:00,8.8
2022,8,하선,산성,2822,평일,21:00,22.8
2022,8,상선,남한산성입구,2823,평일,21:00,9.0
2022,8,하선,남한산성입구,2823,평일,21:00,14.1
2022,8,상선,단대오거리,2824,평일,21:00,8.6
2022,8,하선,단대오거리,2824,평일,21:00,7.3
2022,8,상선,신흥,2825,평일,21:00,7.0
2022,8,하선,신흥,2825,평일,21:00,4.7
2022,8,상선,수진,2826,평일,21:00,7.2
2022,8,하선,수진,2826,평일,21:00,2.8
2022,8,상선,모란,2827,평일,21:00,7.5
2022,8,하선,모란,2827,평일,21:00,0.0
2022,8,상선,암사,2811,토요일,21:00,0.0
2022,8,하선,암사,2811,토요일,21:00,3.8
2022,8,상선,천호,2812,토요일,21:00,14.1
2022,8,하선,천호,2812,토요일,21:00,18.4
2022,8,상선,강동구청,2813,토요일,21:00,38.3
2022,8,하선,강동구청,2813,토요일,21:00,19.3
2022,8,상선,몽촌토성,2814,토요일,21:00,38.8
2022,8,하선,몽촌토성,2814,토요일,21:00,20.4
2022,8,상선,잠실,2815,토요일,21:00,39.2
2022,8,하선,잠실,2815,토요일,21:00,51.7
2022,8,상선,석촌,2816,토요일,21:00,33.4
2022,8,하선,석촌,2816,토요일,21:00,56.8
2022,8,상선,송파,2817,토요일,21:00,32.4
2022,8,하선,송파,2817,토요일,21:00,53.2
2022,8,상선,가락시장,2818,토요일,21:00,34.4
2022,8,하선,가락시장,2818,토요일,21:00,48.7
2022,8,상선,문정,2819,토요일,21:00,30.1
2022,8,하선,문정,2819,토요일,21:00,46.5
2022,8,상선,장지,2820,토요일,21:00,26.0
2022,8,하선,장지,2820,토요일,21:00,44.4
2022,8,상선,복정,2821,토요일,21:00,18.1
2022,8,하선,복정,2821,토요일,21:00,29.8
2022,8,상선,산성,2822,토요일,21:00,7.3
2022,8,하선,산성,2822,토요일,21:00,23.1
2022,8,상선,남한산성입구,2823,토요일,21:00,7.1
2022,8,하선,남한산성입구,2823,토요일,21:00,14.6
2022,8,상선,단대오거리,2824,토요일,21:00,8.0
2022,8,하선,단대오거리,2824,토요일,21:00,8.9
2022,8,상선,신흥,2825,토요일,21:00,7.5
2022,8,하선,신흥,2825,토요일,21:00,5.5
2022,8,상선,암사,2811,공휴일,21:00,0.0
2022,8,하선,암사,2811,공휴일,21:00,3.6
2022,8,상선,천호,2812,공휴일,21:00,11.0
2022,8,하선,천호,2812,공휴일,21:00,14.8
2022,8,상선,강동구청,2813,공휴일,21:00,30.4
2022,8,하선,강동구청,2813,공휴일,21:00,14.7
2022,8,상선,몽촌토성,2814,공휴일,21:00,33.0
2022,8,하선,몽촌토성,2814,공휴일,21:00,16.1
2022,8,상선,잠실,2815,공휴일,21:00,33.7
2022,8,하선,잠실,2815,공휴일,21:00,42.4
2022,8,상선,석촌,2816,공휴일,21:00,27.4
2022,8,하선,석촌,2816,공휴일,21:00,53.3
2022,8,상선,송파,2817,공휴일,21:00,25.5
2022,8,하선,송파,2817,공휴일,21:00,51.0
2022,8,상선,가락시장,2818,공휴일,21:00,26.7
2022,8,하선,가락시장,2818,공휴일,21:00,47.6
2022,8,상선,문정,2819,공휴일,21:00,23.7
2022,8,하선,문정,2819,공휴일,21:00,43.6
2022,8,상선,장지,2820,공휴일,21:00,21.3
2022,8,하선,장지,2820,공휴일,21:00,41.4
2022,8,상선,복정,2821,공휴일,21:00,15.5
2022,8,하선,복정,2821,공휴일,21:00,24.4
2022,8,상선,산성,2822,공휴일,21:00,6.4
2022,8,하선,산성,2822,공휴일,21:00,19.4
2022,8,상선,남한산성입구,2823,공휴일,21:00,6.3
2022,8,하선,남한산성입구,2823,공휴일,21:00,11.2
2022,8,상선,단대오거리,2824,공휴일,21:00,6.1
2022,8,하선,단대오거리,2824,공휴일,21:00,5.8
2022,8,상선,신흥,2825,공휴일,21:00,6.3
2022,8,하선,신흥,2825,공휴일,21:00,3.4
2022,8,상선,수진,2826,공휴일,21:00,5.8
2022,8,하선,수진,2826,공휴일,21:00,1.5
2022,8,상선,모란,2827,공휴일,21:00,6.3
2022,8,하선,모란,2827,공휴일,21:00,0.0
2023,8,상선,암사,2811,평일,21:00,0.0
2023,8,하선,암사,2811,평일,21:00,4.7
2023,8,상선,천호,2812,평일,21:00,18.9
2023,8,하선,천호,2812,평일,21:00,19.8
2023,8,상선,강동구청,2813,평일,21:00,49.5
2023,8,하선,강동구청,2813,평일,21:00,19.3
2023,8,상선,몽촌토성,2814,평일,21:00,58.8
2023,8,하선,몽촌토성,2814,평일,21:00,21.5
2023,8,상선,잠실,2815,평일,21:00,60.3
2023,8,하선,잠실,2815,평일,21:00,49.9
2023,8,상선,석촌,2816,평일,21:00,48.7
2023,8,하선,석촌,2816,평일,21:00,54.8
2023,8,상선,송파,2817,평일,21:00,47.8
2023,8,하선,송파,2817,평일,21:00,52.3
2023,8,상선,가락시장,2818,평일,21:00,47.9
2023,8,하선,가락시장,2818,평일,21:00,52.0
2023,8,상선,문정,2819,평일,21:00,39.7
2023,8,하선,문정,2819,평일,21:00,49.8
2023,8,상선,장지,2820,평일,21:00,28.3
2023,8,하선,장지,2820,평일,21:00,45.0
2023,8,상선,복정,2821,평일,21:00,23.6
2023,8,하선,복정,2821,평일,21:00,31.9
2023,8,상선,산성,2822,평일,21:00,9.8
2023,8,하선,산성,2822,평일,21:00,23.7
2023,8,상선,남한산성입구,2823,평일,21:00,9.9
2023,8,하선,남한산성입구,2823,평일,21:00,15.5
2023,8,상선,단대오거리,2824,평일,21:00,9.0
2023,8,하선,단대오거리,2824,평일,21:00,7.4
2023,8,상선,신흥,2825,평일,21:00,8.0
2023,8,하선,신흥,2825,평일,21:00,4.4
2023,8,상선,수진,2826,평일,21:00,8.5
2023,8,하선,수진,2826,평일,21:00,2.8
2023,8,상선,모란,2827,평일,21:00,8.5
2023,8,하선,모란,2827,평일,21:00,0.0
2023,8,상선,암사,2811,토요일,21:00,0.0
2023,8,하선,암사,2811,토요일,21:00,4.3
2023,8,상선,천호,2812,토요일,21:00,13.7
2023,8,하선,천호,2812,토요일,21:00,19.9
2023,8,상선,강동구청,2813,토요일,21:00,40.0
2023,8,하선,강동구청,2813,토요일,21:00,19.7
2023,8,상선,몽촌토성,2814,토요일,21:00,47.5
2023,8,하선,몽촌토성,2814,토요일,21:00,19.5
2023,8,상선,잠실,2815,토요일,21:00,48.5
2023,8,하선,잠실,2815,토요일,21:00,56.7
2023,8,상선,석촌,2816,토요일,21:00,34.7
2023,8,하선,석촌,2816,토요일,21:00,61.0
2023,8,상선,송파,2817,토요일,21:00,32.6
2023,8,하선,송파,2817,토요일,21:00,56.7
2023,8,상선,가락시장,2818,토요일,21:00,32.5
2023,8,하선,가락시장,2818,토요일,21:00,53.6
2023,8,상선,문정,2819,토요일,21:00,25.1
2023,8,하선,문정,2819,토요일,21:00,50.7
2023,8,상선,장지,2820,토요일,21:00,20.9
2023,8,하선,장지,2820,토요일,21:00,48.9
2023,8,상선,복정,2821,토요일,21:00,13.9
2023,8,하선,복정,2821,토요일,21:00,35.8
2023,8,상선,산성,2822,토요일,21:00,6.4
2023,8,하선,산성,2822,토요일,21:00,28.3
2023,8,상선,남한산성입구,2823,토요일,21:00,6.4
2023,8,하선,남한산성입구,2823,토요일,21:00,18.3
2023,8,상선,단대오거리,2824,토요일,21:00,7.0
2023,8,하선,단대오거리,2824,토요일,21:00,8.6
2023,8,상선,신흥,2825,토요일,21:00,6.4
2023,8,하선,신흥,2825,토요일,21:00,5.9
2023,8,상선,수진,2826,토요일,21:00,6.4
2023,8,하선,수진,2826,토요일,21:00,3.1
2023,8,상선,모란,2827,토요일,21:00,8.4
2023,8,하선,모란,2827,토요일,21:00,0.0
2023,8,상선,암사,2811,일요일,21:00,0.0
2023,8,하선,암사,2811,일요일,21:00,3.7
2023,8,상선,천호,2812,일요일,21:00,11.0
2023,8,하선,천호,2812,일요일,21:00,15.0
2023,8,상선,강동구청,2813,일요일,21:00,31.9
2023,8,하선,강동구청,2813,일요일,21:00,15.0
2023,8,상선,몽촌토성,2814,일요일,21:00,34.5
2023,8,하선,몽촌토성,2814,일요일,21:00,14.6
2023,8,상선,잠실,2815,일요일,21:00,35.6
2023,8,하선,잠실,2815,일요일,21:00,43.4
2023,8,상선,석촌,2816,일요일,21:00,27.2
2023,8,하선,석촌,2816,일요일,21:00,48.4
2023,8,상선,송파,2817,일요일,21:00,25.9
2023,8,하선,송파,2817,일요일,21:00,44.7
2023,8,상선,가락시장,2818,일요일,21:00,25.8
2023,8,하선,가락시장,2818,일요일,21:00,41.8
2023,8,상선,문정,2819,일요일,21:00,22.2
2023,8,하선,문정,2819,일요일,21:00,39.6
2023,8,상선,장지,2820,일요일,21:00,20.1
2023,8,하선,장지,2820,일요일,21:00,38.2
2023,8,상선,복정,2821,일요일,21:00,14.3
2023,8,하선,복정,2821,일요일,21:00,26.8
2023,8,상선,산성,2822,일요일,21:00,5.6
2023,8,하선,산성,2822,일요일,21:00,22.3
2023,8,상선,남한산성입구,2823,일요일,21:00,5.7
2023,8,하선,남한산성입구,2823,일요일,21:00,13.6
2023,8,상선,단대오거리,2824,일요일,21:00,6.4
2023,8,하선,단대오거리,2824,일요일,21:00,6.5
2023,8,상선,신흥,2825,일요일,21:00,6.2
2023,8,하선,신흥,2825,일요일,21:00,4.5
2023,8,상선,수진,2826,일요일,21:00,6.3
2023,8,하선,수진,2826,일요일,21:00,3.0
2023,8,상선,모란,2827,일요일,21:00,6.5
202403,8,상선,암사,2811,평일,21:00,0.0
202403,8,하선,암사,2811,평일,21:00,5.2
202403,8,상선,천호,2812,평일,21:00,20.0
202403,8,하선,천호,2812,평일,21:00,20.9
202403,8,상선,강동구청,2813,평일,21:00,49.3
202403,8,하선,강동구청,2813,평일,21:00,19.3
202403,8,상선,몽촌토성,2814,평일,21:00,59.0
202403,8,하선,몽촌토성,2814,평일,21:00,20.7
202403,8,상선,잠실,2815,평일,21:00,60.7
202403,8,하선,잠실,2815,평일,21:00,51.0
202403,8,상선,석촌,2816,평일,21:00,50.8
202403,8,하선,석촌,2816,평일,21:00,57.7
202403,8,상선,송파,2817,평일,21:00,48.9
202403,8,하선,송파,2817,평일,21:00,53.1
202403,8,상선,가락시장,2818,평일,21:00,49.2
202403,8,하선,가락시장,2818,평일,21:00,53.2
202403,8,상선,문정,2819,평일,21:00,42.7
202403,8,하선,문정,2819,평일,21:00,51.1
202403,8,상선,장지,2820,평일,21:00,29.8
202403,8,하선,장지,2820,평일,21:00,47.1
202403,8,상선,복정,2821,평일,21:00,24.5
202403,8,하선,복정,2821,평일,21:00,34.7
202403,8,상선,산성,2822,평일,21:00,10.5
202403,8,하선,산성,2822,평일,21:00,25.6
202403,8,상선,남한산성입구,2823,평일,21:00,10.4
202403,8,하선,남한산성입구,2823,평일,21:00,16.0
202403,8,상선,단대오거리,2824,평일,21:00,9.5
202403,8,하선,단대오거리,2824,평일,21:00,8.1
202403,8,상선,신흥,2825,평일,21:00,8.4
202403,8,하선,신흥,2825,평일,21:00,4.7
202403,8,상선,수진,2826,평일,21:00,8.9
202403,8,하선,수진,2826,평일,21:00,3.0
202403,8,상선,모란,2827,평일,21:00,9.0
202403,8,하선,모란,2827,평일,21:00,0.0
202403,8,상선,암사,2811,토요일,21:00,0.0
202403,8,하선,암사,2811,토요일,21:00,5.6
202403,8,상선,천호,2812,토요일,21:00,14.3
202403,8,하선,천호,2812,토요일,21:00,21.8
202403,8,상선,강동구청,2813,토요일,21:00,36.9
202403,8,하선,강동구청,2813,토요일,21:00,22.5
202403,8,상선,몽촌토성,2814,토요일,21:00,41.9
202403,8,하선,몽촌토성,2814,토요일,21:00,23.6
202403,8,상선,잠실,2815,토요일,21:00,42.5
202403,8,하선,잠실,2815,토요일,21:00,56.0
202403,8,상선,석촌,2816,토요일,21:00,33.8
202403,8,하선,석촌,2816,토요일,21:00,67.0
202403,8,상선,송파,2817,토요일,21:00,32.8
202403,8,하선,송파,2817,토요일,21:00,63.0
202403,8,상선,가락시장,2818,토요일,21:00,33.0
202403,8,하선,가락시장,2818,토요일,21:00,60.8
202403,8,상선,문정,2819,토요일,21:00,28.4
202403,8,하선,문정,2819,토요일,21:00,53.4
202403,8,상선,장지,2820,토요일,21:00,23.6
202403,8,하선,장지,2820,토요일,21:00,49.1
202403,8,상선,복정,2821,토요일,21:00,16.6
202403,8,하선,복정,2821,토요일,21:00,33.9
202403,8,상선,산성,2822,토요일,21:00,7.7
202403,8,하선,산성,2822,토요일,21:00,24.4
202403,8,상선,남한산성입구,2823,토요일,21:00,7.8
202403,8,하선,남한산성입구,2823,토요일,21:00,17.3
202403,8,상선,단대오거리,2824,토요일,21:00,8.7
202403,8,하선,단대오거리,2824,토요일,21:00,9.5
202403,8,상선,신흥,2825,토요일,21:00,9.0
202403,8,하선,신흥,2825,토요일,21:00,5.9
202403,8,상선,수진,2826,토요일,21:00,8.0
202403,8,하선,수진,2826,토요일,21:00,3.7
202403,8,상선,모란,2827,토요일,21:00,9.5
202403,8,하선,모란,2827,토요일,21:00,0.0
202403,8,상선,암사,2811,일요일,21:00,0.0
202403,8,하선,암사,2811,일요일,21:00,3.7
202403,8,상선,천호,2812,일요일,21:00,9.8
202403,8,하선,천호,2812,일요일,21:00,17.5
202403,8,상선,강동구청,2813,일요일,21:00,30.1
202403,8,하선,강동구청,2813,일요일,21:00,17.6
202403,8,상선,몽촌토성,2814,일요일,21:00,36.2
202403,8,하선,몽촌토성,2814,일요일,21:00,17.7
202403,8,상선,잠실,2815,일요일,21:00,37.5
202403,8,하선,잠실,2815,일요일,21:00,44.0
202403,8,상선,석촌,2816,일요일,21:00,26.8
202403,8,하선,석촌,2816,일요일,21:00,53.2
202403,8,상선,송파,2817,일요일,21:00,24.9
202403,8,하선,송파,2817,일요일,21:00,50.2
202403,8,상선,가락시장,2818,일요일,21:00,24.8
202403,8,하선,가락시장,2818,일요일,21:00,47.9
202403,8,상선,문정,2819,일요일,21:00,22.9
202403,8,하선,문정,2819,일요일,21:00,40.9
202403,8,상선,장지,2820,일요일,21:00,19.6
202403,8,하선,장지,2820,일요일,21:00,38.4
202403,8,상선,복정,2821,일요일,21:00,14.7
202403,8,하선,복정,2821,일요일,21:00,27.4
202403,8,상선,산성,2822,일요일,21:00,7.0
202403,8,하선,산성,2822,일요일,21:00,19.8
202403,8,상선,남한산성입구,2823,일요일,21:00,7.0
202403,8,하선,남한산성입구,2823,일요일,21:00,14.3
202403,8,상선,단대오거리,2824,일요일,21:00,7.3
202403,8,하선,단대오거리,2824,일요일,21:00,7.8
202403,8,상선,신흥,2825,일요일,21:00,7.7
202403,8,하선,신흥,2825,일요일,21:00,4.6
202403,8,상선,수진,2826,일요일,21:00,7.1
202403,8,하선,수진,2826,일요일,21:00,2.6
202403,8,상선,모란,2827,일요일,21:00,6.8
202406,8,상선,암사,2811,평일,21:00,0.0
202406,8,하선,암사,2811,평일,21:00,5.4
202406,8,상선,천호,2812,평일,21:00,18.2
202406,8,하선,천호,2812,평일,21:00,20.0
202406,8,상선,강동구청,2813,평일,21:00,49.1
202406,8,하선,강동구청,2813,평일,21:00,20.3
202406,8,상선,몽촌토성,2814,평일,21:00,58.4
202406,8,하선,몽촌토성,2814,평일,21:00,22.0
202406,8,상선,잠실,2815,평일,21:00,59.9
202406,8,하선,잠실,2815,평일,21:00,55.3
202406,8,상선,석촌,2816,평일,21:00,49.7
202406,8,하선,석촌,2816,평일,21:00,63.2
202406,8,상선,송파,2817,평일,21:00,48.3
202406,8,하선,송파,2817,평일,21:00,57.4
202406,8,상선,가락시장,2818,평일,21:00,48.4
202406,8,하선,가락시장,2818,평일,21:00,55.5
202406,8,상선,문정,2819,평일,21:00,42.0
202406,8,하선,문정,2819,평일,21:00,53.3
202406,8,상선,장지,2820,평일,21:00,29.5
202406,8,하선,장지,2820,평일,21:00,46.8
202406,8,상선,복정,2821,평일,21:00,23.6
202406,8,하선,복정,2821,평일,21:00,34.2
202406,8,상선,산성,2822,평일,21:00,9.9
202406,8,하선,산성,2822,평일,21:00,24.3
202406,8,상선,남한산성입구,2823,평일,21:00,9.8
202406,8,하선,남한산성입구,2823,평일,21:00,16.0
202406,8,상선,단대오거리,2824,평일,21:00,9.9
202406,8,하선,단대오거리,2824,평일,21:00,7.7
202406,8,상선,신흥,2825,평일,21:00,8.9
202406,8,하선,신흥,2825,평일,21:00,4.7
202406,8,상선,수진,2826,평일,21:00,8.9
202406,8,하선,수진,2826,평일,21:00,3.2
202406,8,상선,모란,2827,평일,21:00,8.5
202406,8,하선,모란,2827,평일,21:00,0.0
202406,8,상선,암사,2811,토요일,21:00,0.0
202406,8,하선,암사,2811,토요일,21:00,5.0
202406,8,상선,천호,2812,토요일,21:00,12.3
202406,8,하선,천호,2812,토요일,21:00,18.8
202406,8,상선,강동구청,2813,토요일,21:00,35.9
202406,8,하선,강동구청,2813,토요일,21:00,19.6
202406,8,상선,몽촌토성,2814,토요일,21:00,40.5
202406,8,하선,몽촌토성,2814,토요일,21:00,21.9
202406,8,상선,잠실,2815,토요일,21:00,41.4
202406,8,하선,잠실,2815,토요일,21:00,49.3
202406,8,상선,석촌,2816,토요일,21:00,31.7
202406,8,하선,석촌,2816,토요일,21:00,56.4
202406,8,상선,송파,2817,토요일,21:00,29.1
202406,8,하선,송파,2817,토요일,21:00,52.5
202406,8,상선,가락시장,2818,토요일,21:00,29.4
202406,8,하선,가락시장,2818,토요일,21:00,51.5
202406,8,상선,문정,2819,토요일,21:00,25.2
202406,8,하선,문정,2819,토요일,21:00,44.6
202406,8,상선,장지,2820,토요일,21:00,21.5
202406,8,하선,장지,2820,토요일,21:00,41.5
202406,8,상선,복정,2821,토요일,21:00,14.9
202406,8,하선,복정,2821,토요일,21:00,28.6
202406,8,상선,산성,2822,토요일,21:00,6.3
202406,8,하선,산성,2822,토요일,21:00,21.9
202406,8,상선,남한산성입구,2823,토요일,21:00,6.3
202406,8,하선,남한산성입구,2823,토요일,21:00,15.2
202406,8,상선,단대오거리,2824,토요일,21:00,6.4
202406,8,하선,단대오거리,2824,토요일,21:00,7.4
202406,8,상선,신흥,2825,토요일,21:00,6.8
202406,8,하선,신흥,2825,토요일,21:00,4.3
202406,8,상선,수진,2826,토요일,21:00,6.8
202406,8,하선,수진,2826,토요일,21:00,2.4
202406,8,상선,모란,2827,토요일,21:00,7.5
202406,8,하선,모란,2827,토요일,21:00,0.0
202406,8,상선,암사,2811,일요일,21:00,0.0
202406,8,하선,암사,2811,일요일,21:00,3.2
202406,8,상선,천호,2812,일요일,21:00,11.8
202406,8,하선,천호,2812,일요일,21:00,14.3
202406,8,상선,강동구청,2813,일요일,21:00,31.3
202406,8,하선,강동구청,2813,일요일,21:00,14.8
202406,8,상선,몽촌토성,2814,일요일,21:00,35.5
202406,8,하선,몽촌토성,2814,일요일,21:00,16.6
202406,8,상선,잠실,2815,일요일,21:00,36.3
202406,8,하선,잠실,2815,일요일,21:00,43.2
202406,8,상선,석촌,2816,일요일,21:00,28.5
202406,8,하선,석촌,2816,일요일,21:00,49.8
202406,8,상선,송파,2817,일요일,21:00,28.0
202406,8,하선,송파,2817,일요일,21:00,46.8
202406,8,상선,가락시장,2818,일요일,21:00,27.8
202406,8,하선,가락시장,2818,일요일,21:00,42.8
202406,8,상선,문정,2819,일요일,21:00,25.6
202406,8,하선,문정,2819,일요일,21:00,39.0
202406,8,상선,장지,2820,일요일,21:00,23.0
202406,8,하선,장지,2820,일요일,21:00,36.1
202406,8,상선,복정,2821,일요일,21:00,17.6
202406,8,하선,복정,2821,일요일,21:00,27.4
202406,8,상선,산성,2822,일요일,21:00,7.0
202406,8,하선,산성,2822,일요일,21:00,21.2
202406,8,상선,남한산성입구,2823,일요일,21:00,7.2
202406,8,하선,남한산성입구,2823,일요일,21:00,13.5
202406,8,상선,단대오거리,2824,일요일,21:00,7.4
202406,8,하선,단대오거리,2824,일요일,21:00,7.0
202406,8,상선,신흥,2825,일요일,21:00,7.3
202406,8,하선,신흥,2825,일요일,21:00,4.1
202406,8,상선,수진,2826,일요일,21:00,7.1
202406,8,하선,수진,2826,일요일,21:00,2.2
202406,8,상선,모란,2827,일요일,21:00,6.9
2020,8,상선,암사,2811,평일,21:30,0.0
2020,8,하선,암사,2811,평일,21:30,2.7
2020,8,상선,천호,2812,평일,21:30,16.0
2020,8,하선,천호,2812,평일,21:30,11.5
2020,8,상선,강동구청,2813,평일,21:30,37.5
2020,8,하선,강동구청,2813,평일,21:30,11.7
2020,8,상선,몽촌토성,2814,평일,21:30,41.6
2020,8,하선,몽촌토성,2814,평일,21:30,12.1
2020,8,상선,잠실,2815,평일,21:30,40.7
2020,8,하선,잠실,2815,평일,21:30,32.8
2020,8,상선,석촌,2816,평일,21:30,32.1
2020,8,하선,석촌,2816,평일,21:30,37.5
2020,8,상선,송파,2817,평일,21:30,33.5
2020,8,하선,송파,2817,평일,21:30,34.8
2020,8,상선,가락시장,2818,평일,21:30,33.7
2020,8,하선,가락시장,2818,평일,21:30,33.4
2020,8,상선,문정,2819,평일,21:30,30.8
2020,8,하선,문정,2819,평일,21:30,31.9
2020,8,상선,장지,2820,평일,21:30,21.1
2020,8,하선,장지,2820,평일,21:30,29.8
2020,8,상선,복정,2821,평일,21:30,18.1
2020,8,하선,복정,2821,평일,21:30,20.4
2020,8,상선,산성,2822,평일,21:30,5.9
2020,8,하선,산성,2822,평일,21:30,15.7
2020,8,상선,남한산성입구,2823,평일,21:30,5.9
2020,8,하선,남한산성입구,2823,평일,21:30,10.3
2020,8,상선,단대오거리,2824,평일,21:30,6.1
2020,8,하선,단대오거리,2824,평일,21:30,5.3
2020,8,상선,신흥,2825,평일,21:30,5.8
2020,8,하선,신흥,2825,평일,21:30,3.4
2020,8,상선,수진,2826,평일,21:30,5.6
2020,8,하선,수진,2826,평일,21:30,1.8
2020,8,상선,모란,2827,평일,21:30,6.2
2020,8,하선,모란,2827,평일,21:30,0.0
2020,8,상선,암사,2811,토요일,21:30,0.0
2020,8,하선,암사,2811,토요일,21:30,3.7
2020,8,상선,천호,2812,토요일,21:30,9.6
2020,8,하선,천호,2812,토요일,21:30,10.4
2020,8,상선,강동구청,2813,토요일,21:30,20.9
2020,8,하선,강동구청,2813,토요일,21:30,10.1
2020,8,상선,몽촌토성,2814,토요일,21:30,21.5
2020,8,하선,몽촌토성,2814,토요일,21:30,10.7
2020,8,상선,잠실,2815,토요일,21:30,22.5
2020,8,하선,잠실,2815,토요일,21:30,24.8
2020,8,상선,석촌,2816,토요일,21:30,17.7
2020,8,하선,석촌,2816,토요일,21:30,25.0
2020,8,상선,송파,2817,토요일,21:30,18.8
2020,8,하선,송파,2817,토요일,21:30,27.5
2020,8,상선,가락시장,2818,토요일,21:30,18.1
2020,8,하선,가락시장,2818,토요일,21:30,26.5
2020,8,상선,문정,2819,토요일,21:30,15.5
2020,8,하선,문정,2819,토요일,21:30,25.2
2020,8,상선,장지,2820,토요일,21:30,13.5
2020,8,하선,장지,2820,토요일,21:30,21.5
2020,8,상선,복정,2821,토요일,21:30,9.6
2020,8,하선,복정,2821,토요일,21:30,13.8
2020,8,상선,산성,2822,토요일,21:30,3.6
2020,8,하선,산성,2822,토요일,21:30,10.8
2020,8,상선,남한산성입구,2823,토요일,21:30,3.4
2020,8,하선,남한산성입구,2823,토요일,21:30,6.6
2020,8,상선,단대오거리,2824,토요일,21:30,4.1
2020,8,하선,단대오거리,2824,토요일,21:30,4.1
2020,8,상선,신흥,2825,토요일,21:30,3.7
2020,8,하선,신흥,2825,토요일,21:30,2.8
2020,8,상선,수진,2826,토요일,21:30,3.5
2020,8,하선,수진,2826,토요일,21:30,1.3
2020,8,상선,모란,2827,토요일,21:30,3.8
2020,8,하선,모란,2827,토요일,21:30,0.0
2020,8,상선,암사,2811,일요일,21:30,0.0
2020,8,하선,암사,2811,일요일,21:30,2.1
2020,8,상선,천호,2812,일요일,21:30,7.1
2020,8,하선,천호,2812,일요일,21:30,8.0
2020,8,상선,강동구청,2813,일요일,21:30,15.1
2020,8,하선,강동구청,2813,일요일,21:30,8.8
2020,8,상선,몽촌토성,2814,일요일,21:30,16.7
2020,8,하선,몽촌토성,2814,일요일,21:30,9.5
2020,8,상선,잠실,2815,일요일,21:30,18.5
2020,8,하선,잠실,2815,일요일,21:30,21.0
2020,8,상선,석촌,2816,일요일,21:30,13.8
2020,8,하선,석촌,2816,일요일,21:30,22.8
2020,8,상선,송파,2817,일요일,21:30,14.1
2020,8,하선,송파,2817,일요일,21:30,22.3
2020,8,상선,가락시장,2818,일요일,21:30,13.4
2021,8,상선,암사,2811,평일,21:30,0.0
2021,8,하선,암사,2811,평일,21:30,2.9
2021,8,상선,천호,2812,평일,21:30,14.7
2021,8,하선,천호,2812,평일,21:30,12.1
2021,8,상선,강동구청,2813,평일,21:30,33.5
2021,8,하선,강동구청,2813,평일,21:30,12.9
2021,8,상선,몽촌토성,2814,평일,21:30,37.3
2021,8,하선,몽촌토성,2814,평일,21:30,12.9
2021,8,상선,잠실,2815,평일,21:30,38.3
2021,8,하선,잠실,2815,평일,21:30,32.5
2021,8,상선,석촌,2816,평일,21:30,29.7
2021,8,하선,석촌,2816,평일,21:30,36.9
2021,8,상선,송파,2817,평일,21:30,29.8
2021,8,하선,송파,2817,평일,21:30,34.4
2021,8,상선,가락시장,2818,평일,21:30,30.0
2021,8,하선,가락시장,2818,평일,21:30,32.9
2021,8,상선,문정,2819,평일,21:30,26.8
2021,8,하선,문정,2819,평일,21:30,32.2
2021,8,상선,장지,2820,평일,21:30,18.1
2021,8,하선,장지,2820,평일,21:30,29.8
2021,8,상선,복정,2821,평일,21:30,15.6
2021,8,하선,복정,2821,평일,21:30,19.5
2021,8,상선,산성,2822,평일,21:30,5.1
2021,8,하선,산성,2822,평일,21:30,15.7
2021,8,상선,남한산성입구,2823,평일,21:30,5.0
2021,8,하선,남한산성입구,2823,평일,21:30,9.3
2021,8,상선,단대오거리,2824,평일,21:30,5.0
2021,8,하선,단대오거리,2824,평일,21:30,4.4
2021,8,상선,신흥,2825,평일,21:30,4.9
2021,8,하선,신흥,2825,평일,21:30,2.9
2021,8,상선,수진,2826,평일,21:30,5.0
2021,8,하선,수진,2826,평일,21:30,1.4
2021,8,상선,모란,2827,평일,21:30,5.4
2021,8,하선,모란,2827,평일,21:30,0.0
2021,8,상선,암사,2811,토요일,21:30,0.0
2021,8,하선,암사,2811,토요일,21:30,3.2
2021,8,상선,천호,2812,토요일,21:30,9.5
2021,8,하선,천호,2812,토요일,21:30,11.6
2021,8,상선,강동구청,2813,토요일,21:30,24.8
2021,8,하선,강동구청,2813,토요일,21:30,12.8
2021,8,상선,몽촌토성,2814,토요일,21:30,22.9
2021,8,하선,몽촌토성,2814,토요일,21:30,13.5
2021,8,상선,잠실,2815,토요일,21:30,26.7
2021,8,하선,잠실,2815,토요일,21:30,32.5
2021,8,상선,석촌,2816,토요일,21:30,19.5
2021,8,하선,석촌,2816,토요일,21:30,34.6
2021,8,상선,송파,2817,토요일,21:30,19.7
2021,8,하선,송파,2817,토요일,21:30,30.5
2021,8,상선,가락시장,2818,토요일,21:30,18.9
2021,8,하선,가락시장,2818,토요일,21:30,29.8
2021,8,상선,문정,2819,토요일,21:30,17.1
2021,8,하선,문정,2819,토요일,21:30,28.3
2021,8,상선,장지,2820,토요일,21:30,14.0
2021,8,하선,장지,2820,토요일,21:30,24.7
2021,8,상선,복정,2821,토요일,21:30,10.4
2021,8,하선,복정,2821,토요일,21:30,15.1
2021,8,상선,산성,2822,토요일,21:30,3.6
2021,8,하선,산성,2822,토요일,21:30,11.9
2021,8,상선,남한산성입구,2823,토요일,21:30,3.3
2021,8,하선,남한산성입구,2823,토요일,21:30,7.9
2021,8,상선,단대오거리,2824,토요일,21:30,4.1
2021,8,하선,단대오거리,2824,토요일,21:30,4.2
2021,8,상선,신흥,2825,토요일,21:30,4.4
2021,8,하선,신흥,2825,토요일,21:30,2.8
2021,8,상선,수진,2826,토요일,21:30,4.6
2021,8,하선,수진,2826,토요일,21:30,1.3
2021,8,상선,모란,2827,토요일,21:30,4.8
2021,8,하선,모란,2827,토요일,21:30,0.0
2022,8,상선,암사,2811,평일,21:30,0.0
2022,8,하선,암사,2811,평일,21:30,3.5
2022,8,상선,천호,2812,평일,21:30,17.9
2022,8,하선,천호,2812,평일,21:30,16.0
2022,8,상선,강동구청,2813,평일,21:30,45.4
2022,8,하선,강동구청,2813,평일,21:30,16.4
2022,8,상선,몽촌토성,2814,평일,21:30,51.3
2022,8,하선,몽촌토성,2814,평일,21:30,17.8
2022,8,상선,잠실,2815,평일,21:30,53.0
2022,8,하선,잠실,2815,평일,21:30,49.6
2022,8,상선,석촌,2816,평일,21:30,37.5
2022,8,하선,석촌,2816,평일,21:30,56.1
2022,8,상선,송파,2817,평일,21:30,37.3
2022,8,하선,송파,2817,평일,21:30,51.9
2022,8,상선,가락시장,2818,평일,21:30,37.8
2022,8,하선,가락시장,2818,평일,21:30,50.8
2022,8,상선,문정,2819,평일,21:30,33.6
2022,8,하선,문정,2819,평일,21:30,48.1
2022,8,상선,장지,2820,평일,21:30,24.9
2022,8,하선,장지,2820,평일,21:30,42.7
2022,8,상선,복정,2821,평일,21:30,20.6
2022,8,하선,복정,2821,평일,21:30,30.1
2022,8,상선,산성,2822,평일,21:30,7.8
2022,8,하선,산성,2822,평일,21:30,21.8
2022,8,상선,남한산성입구,2823,평일,21:30,8.3
2022,8,하선,남한산성입구,2823,평일,21:30,13.9
2022,8,상선,단대오거리,2824,평일,21:30,8.0
2022,8,하선,단대오거리,2824,평일,21:30,7.4
2022,8,상선,신흥,2825,평일,21:30,7.2
2022,8,하선,신흥,2825,평일,21:30,4.6
2022,8,상선,수진,2826,평일,21:30,6.5
2022,8,하선,수진,2826,평일,21:30,2.2
2022,8,상선,모란,2827,평일,21:30,6.9
2022,8,하선,모란,2827,평일,21:30,0.0
2022,8,상선,암사,2811,토요일,21:30,0.0
2022,8,하선,암사,2811,토요일,21:30,4.0
2022,8,상선,천호,2812,토요일,21:30,15.3
2022,8,하선,천호,2812,토요일,21:30,20.4
2022,8,상선,강동구청,2813,토요일,21:30,39.0
2022,8,하선,강동구청,2813,토요일,21:30,20.5
2022,8,상선,몽촌토성,2814,토요일,21:30,43.8
2022,8,하선,몽촌토성,2814,토요일,21:30,23.6
2022,8,상선,잠실,2815,토요일,21:30,44.8
2022,8,하선,잠실,2815,토요일,21:30,51.2
2022,8,상선,석촌,2816,토요일,21:30,31.6
2022,8,하선,석촌,2816,토요일,21:30,59.6
2022,8,상선,송파,2817,토요일,21:30,27.9
2022,8,하선,송파,2817,토요일,21:30,52.8
2022,8,상선,가락시장,2818,토요일,21:30,28.7
2022,8,하선,가락시장,2818,토요일,21:30,50.2
2022,8,상선,문정,2819,토요일,21:30,22.8
2022,8,하선,문정,2819,토요일,21:30,47.3
2022,8,상선,장지,2820,토요일,21:30,19.8
2022,8,하선,장지,2820,토요일,21:30,44.7
2022,8,상선,복정,2821,토요일,21:30,15.5
2022,8,하선,복정,2821,토요일,21:30,26.7
2022,8,상선,산성,2822,토요일,21:30,5.8
2022,8,하선,산성,2822,토요일,21:30,20.9
2022,8,상선,남한산성입구,2823,토요일,21:30,5.5
2022,8,하선,남한산성입구,2823,토요일,21:30,13.5
2022,8,상선,단대오거리,2824,토요일,21:30,6.3
2022,8,하선,단대오거리,2824,토요일,21:30,6.3
2022,8,상선,신흥,2825,토요일,21:30,6.2
2022,8,하선,신흥,2825,토요일,21:30,3.9
2022,8,상선,암사,2811,공휴일,21:30,0.0
2022,8,하선,암사,2811,공휴일,21:30,3.0
2022,8,상선,천호,2812,공휴일,21:30,11.1
2022,8,하선,천호,2812,공휴일,21:30,12.8
2022,8,상선,강동구청,2813,공휴일,21:30,28.8
2022,8,하선,강동구청,2813,공휴일,21:30,12.7
2022,8,상선,몽촌토성,2814,공휴일,21:30,31.7
2022,8,하선,몽촌토성,2814,공휴일,21:30,14.2
2022,8,상선,잠실,2815,공휴일,21:30,32.9
2022,8,하선,잠실,2815,공휴일,21:30,38.2
2022,8,상선,석촌,2816,공휴일,21:30,23.6
2022,8,하선,석촌,2816,공휴일,21:30,40.8
2022,8,상선,송파,2817,공휴일,21:30,23.5
2022,8,하선,송파,2817,공휴일,21:30,36.7
2022,8,상선,가락시장,2818,공휴일,21:30,23.7
2022,8,하선,가락시장,2818,공휴일,21:30,32.4
2022,8,상선,문정,2819,공휴일,21:30,21.9
2022,8,하선,문정,2819,공휴일,21:30,28.8
2022,8,상선,장지,2820,공휴일,21:30,19.5
2022,8,하선,장지,2820,공휴일,21:30,27.1
2022,8,상선,복정,2821,공휴일,21:30,16.3
2022,8,하선,복정,2821,공휴일,21:30,20.4
2022,8,상선,산성,2822,공휴일,21:30,4.5
2022,8,하선,산성,2822,공휴일,21:30,19.4
2022,8,상선,남한산성입구,2823,공휴일,21:30,4.7
2022,8,하선,남한산성입구,2823,공휴일,21:30,11.6
2022,8,상선,단대오거리,2824,공휴일,21:30,5.4
2022,8,하선,단대오거리,2824,공휴일,21:30,5.5
2022,8,상선,신흥,2825,공휴일,21:30,5.7
2022,8,하선,신흥,2825,공휴일,21:30,3.4
2022,8,상선,수진,2826,공휴일,21:30,5.3
2022,8,하선,수진,2826,공휴일,21:30,1.6
2022,8,상선,모란,2827,공휴일,21:30,5.9
2022,8,하선,모란,2827,공휴일,21:30,0.0
2023,8,상선,암사,2811,평일,21:30,0.0
2023,8,하선,암사,2811,평일,21:30,3.8
2023,8,상선,천호,2812,평일,21:30,18.5
2023,8,하선,천호,2812,평일,21:30,17.6
2023,8,상선,강동구청,2813,평일,21:30,48.5
2023,8,하선,강동구청,2813,평일,21:30,18.1
2023,8,상선,몽촌토성,2814,평일,21:30,54.0
2023,8,하선,몽촌토성,2814,평일,21:30,19.9
2023,8,상선,잠실,2815,평일,21:30,55.4
2023,8,하선,잠실,2815,평일,21:30,53.6
2023,8,상선,석촌,2816,평일,21:30,38.4
2023,8,하선,석촌,2816,평일,21:30,62.2
2023,8,상선,송파,2817,평일,21:30,36.8
2023,8,하선,송파,2817,평일,21:30,56.5
2023,8,상선,가락시장,2818,평일,21:30,36.9
2023,8,하선,가락시장,2818,평일,21:30,53.5
2023,8,상선,문정,2819,평일,21:30,32.6
2023,8,하선,문정,2819,평일,21:30,50.7
2023,8,상선,장지,2820,평일,21:30,24.1
2023,8,하선,장지,2820,평일,21:30,44.8
2023,8,상선,복정,2821,평일,21:30,20.4
2023,8,하선,복정,2821,평일,21:30,34.1
2023,8,상선,산성,2822,평일,21:30,7.2
2023,8,하선,산성,2822,평일,21:30,24.7
2023,8,상선,남한산성입구,2823,평일,21:30,7.4
2023,8,하선,남한산성입구,2823,평일,21:30,15.7
2023,8,상선,단대오거리,2824,평일,21:30,8.0
2023,8,하선,단대오거리,2824,평일,21:30,7.8
2023,8,상선,신흥,2825,평일,21:30,7.2
2023,8,하선,신흥,2825,평일,21:30,4.5
2023,8,상선,수진,2826,평일,21:30,6.3
2023,8,하선,수진,2826,평일,21:30,2.6
2023,8,상선,모란,2827,평일,21:30,6.9
2023,8,하선,모란,2827,평일,21:30,0.0
2023,8,상선,암사,2811,토요일,21:30,0.0
2023,8,하선,암사,2811,토요일,21:30,3.5
2023,8,상선,천호,2812,토요일,21:30,15.2
2023,8,하선,천호,2812,토요일,21:30,18.3
2023,8,상선,강동구청,2813,토요일,21:30,40.6
2023,8,하선,강동구청,2813,토요일,21:30,18.3
2023,8,상선,몽촌토성,2814,토요일,21:30,45.7
2023,8,하선,몽촌토성,2814,토요일,21:30,20.3
2023,8,상선,잠실,2815,토요일,21:30,46.0
2023,8,하선,잠실,2815,토요일,21:30,55.7
2023,8,상선,석촌,2816,토요일,21:30,31.6
2023,8,하선,석촌,2816,토요일,21:30,63.2
2023,8,상선,송파,2817,토요일,21:30,27.9
2023,8,하선,송파,2817,토요일,21:30,58.0
2023,8,상선,가락시장,2818,토요일,21:30,28.1
2023,8,하선,가락시장,2818,토요일,21:30,57.1
2023,8,상선,문정,2819,토요일,21:30,23.6
2023,8,하선,문정,2819,토요일,21:30,52.9
2023,8,상선,장지,2820,토요일,21:30,19.6
2023,8,하선,장지,2820,토요일,21:30,47.8
2023,8,상선,복정,2821,토요일,21:30,15.6
2023,8,하선,복정,2821,토요일,21:30,28.3
2023,8,상선,산성,2822,토요일,21:30,6.5
2023,8,하선,산성,2822,토요일,21:30,20.9
2023,8,상선,남한산성입구,2823,토요일,21:30,6.4
2023,8,하선,남한산성입구,2823,토요일,21:30,13.8
2023,8,상선,단대오거리,2824,토요일,21:30,7.9
2023,8,하선,단대오거리,2824,토요일,21:30,8.1
2023,8,상선,신흥,2825,토요일,21:30,7.8
2023,8,하선,신흥,2825,토요일,21:30,4.9
2023,8,상선,수진,2826,토요일,21:30,7.0
2023,8,하선,수진,2826,토요일,21:30,2.6
2023,8,상선,모란,2827,토요일,21:30,7.4
2023,8,하선,모란,2827,토요일,21:30,0.0
2023,8,상선,암사,2811,일요일,21:30,0.0
2023,8,하선,암사,2811,일요일,21:30,2.6
2023,8,상선,천호,2812,일요일,21:30,10.4
2023,8,하선,천호,2812,일요일,21:30,12.8
2023,8,상선,강동구청,2813,일요일,21:30,27.6
2023,8,하선,강동구청,2813,일요일,21:30,12.8
2023,8,상선,몽촌토성,2814,일요일,21:30,30.8
2023,8,하선,몽촌토성,2814,일요일,21:30,14.2
2023,8,상선,잠실,2815,일요일,21:30,31.9
2023,8,하선,잠실,2815,일요일,21:30,40.1
2023,8,상선,석촌,2816,일요일,21:30,23.1
2023,8,하선,석촌,2816,일요일,21:30,45.3
2023,8,상선,송파,2817,일요일,21:30,20.5
2023,8,하선,송파,2817,일요일,21:30,43.1
2023,8,상선,가락시장,2818,일요일,21:30,20.4
2023,8,하선,가락시장,2818,일요일,21:30,40.4
2023,8,상선,문정,2819,일요일,21:30,18.1
2023,8,하선,문정,2819,일요일,21:30,37.4
2023,8,상선,장지,2820,일요일,21:30,16.4
2023,8,하선,장지,2820,일요일,21:30,33.4
2023,8,상선,복정,2821,일요일,21:30,13.0
2023,8,하선,복정,2821,일요일,21:30,23.7
2023,8,상선,산성,2822,일요일,21:30,4.9
2023,8,하선,산성,2822,일요일,21:30,17.9
2023,8,상선,남한산성입구,2823,일요일,21:30,5.0
2023,8,하선,남한산성입구,2823,일요일,21:30,10.9
2023,8,상선,단대오거리,2824,일요일,21:30,5.2
2023,8,하선,단대오거리,2824,일요일,21:30,6.4
2023,8,상선,신흥,2825,일요일,21:30,5.7
2023,8,하선,신흥,2825,일요일,21:30,3.6
2023,8,상선,수진,2826,일요일,21:30,5.6
2023,8,하선,수진,2826,일요일,21:30,1.8
2023,8,상선,모란,2827,일요일,21:30,6.2
202403,8,상선,암사,2811,평일,21:30,0.0
202403,8,하선,암사,2811,평일,21:30,3.5
202403,8,상선,천호,2812,평일,21:30,18.6
202403,8,하선,천호,2812,평일,21:30,17.5
202403,8,상선,강동구청,2813,평일,21:30,49.9
202403,8,하선,강동구청,2813,평일,21:30,17.8
202403,8,상선,몽촌토성,2814,평일,21:30,55.6
202403,8,하선,몽촌토성,2814,평일,21:30,19.0
202403,8,상선,잠실,2815,평일,21:30,57.7
202403,8,하선,잠실,2815,평일,21:30,53.5
202403,8,상선,석촌,2816,평일,21:30,40.3
202403,8,하선,석촌,2816,평일,21:30,61.3
202403,8,상선,송파,2817,평일,21:30,40.8
202403,8,하선,송파,2817,평일,21:30,55.6
202403,8,상선,가락시장,2818,평일,21:30,41.5
202403,8,하선,가락시장,2818,평일,21:30,54.8
202403,8,상선,문정,2819,평일,21:30,37.4
202403,8,하선,문정,2819,평일,21:30,52.7
202403,8,상선,장지,2820,평일,21:30,27.2
202403,8,하선,장지,2820,평일,21:30,46.7
202403,8,상선,복정,2821,평일,21:30,22.9
202403,8,하선,복정,2821,평일,21:30,36.2
202403,8,상선,산성,2822,평일,21:30,7.8
202403,8,하선,산성,2822,평일,21:30,26.1
202403,8,상선,남한산성입구,2823,평일,21:30,8.3
202403,8,하선,남한산성입구,2823,평일,21:30,17.5
202403,8,상선,단대오거리,2824,평일,21:30,8.4
202403,8,하선,단대오거리,2824,평일,21:30,8.8
202403,8,상선,신흥,2825,평일,21:30,8.0
202403,8,하선,신흥,2825,평일,21:30,5.1
202403,8,상선,수진,2826,평일,21:30,7.5
202403,8,하선,수진,2826,평일,21:30,2.8
202403,8,상선,모란,2827,평일,21:30,8.0
202403,8,하선,모란,2827,평일,21:30,0.0
202403,8,상선,암사,2811,토요일,21:30,0.0
202403,8,하선,암사,2811,토요일,21:30,4.1
202403,8,상선,천호,2812,토요일,21:30,15.6
202403,8,하선,천호,2812,토요일,21:30,19.1
202403,8,상선,강동구청,2813,토요일,21:30,36.1
202403,8,하선,강동구청,2813,토요일,21:30,19.8
202403,8,상선,몽촌토성,2814,토요일,21:30,40.2
202403,8,하선,몽촌토성,2814,토요일,21:30,21.2
202403,8,상선,잠실,2815,토요일,21:30,40.8
202403,8,하선,잠실,2815,토요일,21:30,51.7
202403,8,상선,석촌,2816,토요일,21:30,29.4
202403,8,하선,석촌,2816,토요일,21:30,63.0
202403,8,상선,송파,2817,토요일,21:30,29.7
202403,8,하선,송파,2817,토요일,21:30,60.9
202403,8,상선,가락시장,2818,토요일,21:30,30.1
202403,8,하선,가락시장,2818,토요일,21:30,57.5
202403,8,상선,문정,2819,토요일,21:30,26.4
202403,8,하선,문정,2819,토요일,21:30,53.4
202403,8,상선,장지,2820,토요일,21:30,23.0
202403,8,하선,장지,2820,토요일,21:30,50.7
202403,8,상선,복정,2821,토요일,21:30,18.5
202403,8,하선,복정,2821,토요일,21:30,33.8
202403,8,상선,산성,2822,토요일,21:30,7.5
202403,8,하선,산성,2822,토요일,21:30,25.3
202403,8,상선,남한산성입구,2823,토요일,21:30,7.3
202403,8,하선,남한산성입구,2823,토요일,21:30,15.7
202403,8,상선,단대오거리,2824,토요일,21:30,7.8
202403,8,하선,단대오거리,2824,토요일,21:30,7.8
202403,8,상선,신흥,2825,토요일,21:30,8.2
202403,8,하선,신흥,2825,토요일,21:30,5.2
202403,8,상선,수진,2826,토요일,21:30,6.7
202403,8,하선,수진,2826,토요일,21:30,2.8
202403,8,상선,모란,2827,토요일,21:30,7.1
202403,8,하선,모란,2827,토요일,21:30,0.0
202403,8,상선,암사,2811,일요일,21:30,0.0
202403,8,하선,암사,2811,일요일,21:30,3.3
202403,8,상선,천호,2812,일요일,21:30,11.2
202403,8,하선,천호,2812,일요일,21:30,14.6
202403,8,상선,강동구청,2813,일요일,21:30,24.8
202403,8,하선,강동구청,2813,일요일,21:30,15.2
202403,8,상선,몽촌토성,2814,일요일,21:30,27.4
202403,8,하선,몽촌토성,2814,일요일,21:30,16.7
202403,8,상선,잠실,2815,일요일,21:30,28.4
202403,8,하선,잠실,2815,일요일,21:30,41.7
202403,8,상선,석촌,2816,일요일,21:30,22.3
202403,8,하선,석촌,2816,일요일,21:30,47.6
202403,8,상선,송파,2817,일요일,21:30,25.1
202403,8,하선,송파,2817,일요일,21:30,44.1
202403,8,상선,가락시장,2818,일요일,21:30,25.1
202403,8,하선,가락시장,2818,일요일,21:30,40.4
202403,8,상선,문정,2819,일요일,21:30,22.5
202403,8,하선,문정,2819,일요일,21:30,37.1
202403,8,상선,장지,2820,일요일,21:30,19.1
202403,8,하선,장지,2820,일요일,21:30,35.1
202403,8,상선,복정,2821,일요일,21:30,16.1
202403,8,하선,복정,2821,일요일,21:30,26.2
202403,8,상선,산성,2822,일요일,21:30,6.3
202403,8,하선,산성,2822,일요일,21:30,20.5
202403,8,상선,남한산성입구,2823,일요일,21:30,6.5
202403,8,하선,남한산성입구,2823,일요일,21:30,13.6
202403,8,상선,단대오거리,2824,일요일,21:30,6.8
202403,8,하선,단대오거리,2824,일요일,21:30,7.3
202403,8,상선,신흥,2825,일요일,21:30,6.9
202403,8,하선,신흥,2825,일요일,21:30,4.0
202403,8,상선,수진,2826,일요일,21:30,6.0
202403,8,하선,수진,2826,일요일,21:30,1.7
202403,8,상선,모란,2827,일요일,21:30,6.9
202406,8,상선,암사,2811,평일,21:30,0.0
202406,8,하선,암사,2811,평일,21:30,3.9
202406,8,상선,천호,2812,평일,21:30,18.7
202406,8,하선,천호,2812,평일,21:30,18.7
202406,8,상선,강동구청,2813,평일,21:30,46.8
202406,8,하선,강동구청,2813,평일,21:30,18.9
202406,8,상선,몽촌토성,2814,평일,21:30,52.0
202406,8,하선,몽촌토성,2814,평일,21:30,20.4
202406,8,상선,잠실,2815,평일,21:30,53.2
202406,8,하선,잠실,2815,평일,21:30,52.2
202406,8,상선,석촌,2816,평일,21:30,38.6
202406,8,하선,석촌,2816,평일,21:30,59.3
202406,8,상선,송파,2817,평일,21:30,38.5
202406,8,하선,송파,2817,평일,21:30,54.9
202406,8,상선,가락시장,2818,평일,21:30,39.1
202406,8,하선,가락시장,2818,평일,21:30,52.4
202406,8,상선,문정,2819,평일,21:30,35.4
202406,8,하선,문정,2819,평일,21:30,50.3
202406,8,상선,장지,2820,평일,21:30,25.7
202406,8,하선,장지,2820,평일,21:30,47.2
202406,8,상선,복정,2821,평일,21:30,21.2
202406,8,하선,복정,2821,평일,21:30,37.2
202406,8,상선,산성,2822,평일,21:30,8.0
202406,8,하선,산성,2822,평일,21:30,26.5
202406,8,상선,남한산성입구,2823,평일,21:30,8.1
202406,8,하선,남한산성입구,2823,평일,21:30,17.2
202406,8,상선,단대오거리,2824,평일,21:30,8.1
202406,8,하선,단대오거리,2824,평일,21:30,8.6
202406,8,상선,신흥,2825,평일,21:30,8.0
202406,8,하선,신흥,2825,평일,21:30,5.1
202406,8,상선,수진,2826,평일,21:30,7.4
202406,8,하선,수진,2826,평일,21:30,2.8
202406,8,상선,모란,2827,평일,21:30,7.9
202406,8,하선,모란,2827,평일,21:30,0.0
202406,8,상선,암사,2811,토요일,21:30,0.0
202406,8,하선,암사,2811,토요일,21:30,4.1
202406,8,상선,천호,2812,토요일,21:30,13.5
202406,8,하선,천호,2812,토요일,21:30,17.2
202406,8,상선,강동구청,2813,토요일,21:30,31.8
202406,8,하선,강동구청,2813,토요일,21:30,17.0
202406,8,상선,몽촌토성,2814,토요일,21:30,35.8
202406,8,하선,몽촌토성,2814,토요일,21:30,18.9
202406,8,상선,잠실,2815,토요일,21:30,35.9
202406,8,하선,잠실,2815,토요일,21:30,48.9
202406,8,상선,석촌,2816,토요일,21:30,27.0
202406,8,하선,석촌,2816,토요일,21:30,54.9
202406,8,상선,송파,2817,토요일,21:30,26.5
202406,8,하선,송파,2817,토요일,21:30,51.7
202406,8,상선,가락시장,2818,토요일,21:30,26.0
202406,8,하선,가락시장,2818,토요일,21:30,48.6
202406,8,상선,문정,2819,토요일,21:30,23.0
202406,8,하선,문정,2819,토요일,21:30,44.2
202406,8,상선,장지,2820,토요일,21:30,19.6
202406,8,하선,장지,2820,토요일,21:30,41.3
202406,8,상선,복정,2821,토요일,21:30,15.3
202406,8,하선,복정,2821,토요일,21:30,26.4
202406,8,상선,산성,2822,토요일,21:30,5.7
202406,8,하선,산성,2822,토요일,21:30,20.2
202406,8,상선,남한산성입구,2823,토요일,21:30,6.0
202406,8,하선,남한산성입구,2823,토요일,21:30,14.4
202406,8,상선,단대오거리,2824,토요일,21:30,7.4
202406,8,하선,단대오거리,2824,토요일,21:30,7.8
202406,8,상선,신흥,2825,토요일,21:30,7.9
202406,8,하선,신흥,2825,토요일,21:30,5.0
202406,8,상선,수진,2826,토요일,21:30,6.7
202406,8,하선,수진,2826,토요일,21:30,3.2
202406,8,상선,모란,2827,토요일,21:30,6.7
202406,8,하선,모란,2827,토요일,21:30,0.0
202406,8,상선,암사,2811,일요일,21:30,0.0
202406,8,하선,암사,2811,일요일,21:30,3.4
202406,8,상선,천호,2812,일요일,21:30,11.7
202406,8,하선,천호,2812,일요일,21:30,13.1
202406,8,상선,강동구청,2813,일요일,21:30,26.3
202406,8,하선,강동구청,2813,일요일,21:30,13.0
202406,8,상선,몽촌토성,2814,일요일,21:30,29.2
202406,8,하선,몽촌토성,2814,일요일,21:30,14.8
202406,8,상선,잠실,2815,일요일,21:30,30.0
202406,8,하선,잠실,2815,일요일,21:30,42.1
202406,8,상선,석촌,2816,일요일,21:30,21.2
202406,8,하선,석촌,2816,일요일,21:30,46.8
202406,8,상선,송파,2817,일요일,21:30,21.7
202406,8,하선,송파,2817,일요일,21:30,44.4
202406,8,상선,가락시장,2818,일요일,21:30,21.6
202406,8,하선,가락시장,2818,일요일,21:30,40.3
202406,8,상선,문정,2819,일요일,21:30,19.7
202406,8,하선,문정,2819,일요일,21:30,36.9
202406,8,상선,장지,2820,일요일,21:30,17.7
202406,8,하선,장지,2820,일요일,21:30,34.1
202406,8,상선,복정,2821,일요일,21:30,13.4
202406,8,하선,복정,2821,일요일,21:30,24.3
202406,8,상선,산성,2822,일요일,21:30,5.1
202406,8,하선,산성,2822,일요일,21:30,18.8
202406,8,상선,남한산성입구,2823,일요일,21:30,5.3
202406,8,하선,남한산성입구,2823,일요일,21:30,12.2
202406,8,상선,단대오거리,2824,일요일,21:30,5.8
202406,8,하선,단대오거리,2824,일요일,21:30,6.3
202406,8,상선,신흥,2825,일요일,21:30,5.8
202406,8,하선,신흥,2825,일요일,21:30,4.0
202406,8,상선,수진,2826,일요일,21:30,5.3
202406,8,하선,수진,2826,일요일,21:30,2.1
202406,8,상선,모란,2827,일요일,21:30,5.7
2020,8,상선,암사,2811,평일,22:00,0.0
2020,8,하선,암사,2811,평일,22:00,3.0
2020,8,상선,천호,2812,평일,22:00,13.5
2020,8,하선,천호,2812,평일,22:00,12.4
2020,8,상선,강동구청,2813,평일,22:00,34.1
2020,8,하선,강동구청,2813,평일,22:00,13.2
2020,8,상선,몽촌토성,2814,평일,22:00,35.8
2020,8,하선,몽촌토성,2814,평일,22:00,14.1
2020,8,상선,잠실,2815,평일,22:00,36.6
2020,8,하선,잠실,2815,평일,22:00,32.0
2020,8,상선,석촌,2816,평일,22:00,28.2
2020,8,하선,석촌,2816,평일,22:00,35.4
2020,8,상선,송파,2817,평일,22:00,29.0
2020,8,하선,송파,2817,평일,22:00,33.0
2020,8,상선,가락시장,2818,평일,22:00,27.4
2020,8,하선,가락시장,2818,평일,22:00,33.8
2020,8,상선,문정,2819,평일,22:00,24.9
2020,8,하선,문정,2819,평일,22:00,32.5
2020,8,상선,장지,2820,평일,22:00,18.8
2020,8,하선,장지,2820,평일,22:00,29.5
2020,8,상선,복정,2821,평일,22:00,12.7
2020,8,하선,복정,2821,평일,22:00,20.9
2020,8,상선,산성,2822,평일,22:00,5.0
2020,8,하선,산성,2822,평일,22:00,16.2
2020,8,상선,남한산성입구,2823,평일,22:00,5.0
2020,8,하선,남한산성입구,2823,평일,22:00,9.4
2020,8,상선,단대오거리,2824,평일,22:00,5.0
2020,8,하선,단대오거리,2824,평일,22:00,4.7
2020,8,상선,신흥,2825,평일,22:00,4.2
2020,8,하선,신흥,2825,평일,22:00,2.9
2020,8,상선,수진,2826,평일,22:00,4.1
2020,8,하선,수진,2826,평일,22:00,1.5
2020,8,상선,모란,2827,평일,22:00,4.2
2020,8,하선,모란,2827,평일,22:00,0.0
2020,8,상선,암사,2811,토요일,22:00,0.0
2020,8,하선,암사,2811,토요일,22:00,2.4
2020,8,상선,천호,2812,토요일,22:00,10.0
2020,8,하선,천호,2812,토요일,22:00,10.2
2020,8,상선,강동구청,2813,토요일,22:00,24.9
2020,8,하선,강동구청,2813,토요일,22:00,10.3
2020,8,상선,몽촌토성,2814,토요일,22:00,28.6
2020,8,하선,몽촌토성,2814,토요일,22:00,10.7
2020,8,상선,잠실,2815,토요일,22:00,30.2
2020,8,하선,잠실,2815,토요일,22:00,26.9
2020,8,상선,석촌,2816,토요일,22:00,22.9
2020,8,하선,석촌,2816,토요일,22:00,29.0
2020,8,상선,송파,2817,토요일,22:00,22.8
2020,8,하선,송파,2817,토요일,22:00,27.5
2020,8,상선,가락시장,2818,토요일,22:00,23.1
2020,8,하선,가락시장,2818,토요일,22:00,26.5
2020,8,상선,문정,2819,토요일,22:00,20.3
2020,8,하선,문정,2819,토요일,22:00,25.9
2020,8,상선,장지,2820,토요일,22:00,17.2
2020,8,하선,장지,2820,토요일,22:00,24.7
2020,8,상선,복정,2821,토요일,22:00,10.8
2020,8,하선,복정,2821,토요일,22:00,15.3
2020,8,상선,산성,2822,토요일,22:00,4.8
2020,8,하선,산성,2822,토요일,22:00,12.4
2020,8,상선,남한산성입구,2823,토요일,22:00,4.7
2020,8,하선,남한산성입구,2823,토요일,22:00,8.0
2020,8,상선,단대오거리,2824,토요일,22:00,5.2
2020,8,하선,단대오거리,2824,토요일,22:00,4.2
2020,8,상선,신흥,2825,토요일,22:00,5.0
2020,8,하선,신흥,2825,토요일,22:00,2.9
2020,8,상선,수진,2826,토요일,22:00,4.8
2020,8,하선,수진,2826,토요일,22:00,1.8
2020,8,상선,모란,2827,토요일,22:00,5.1
2020,8,하선,모란,2827,토요일,22:00,0.0
2020,8,상선,암사,2811,일요일,22:00,0.0
2020,8,하선,암사,2811,일요일,22:00,2.4
2020,8,상선,천호,2812,일요일,22:00,7.2
2020,8,하선,천호,2812,일요일,22:00,9.3
2020,8,상선,강동구청,2813,일요일,22:00,18.2
2020,8,하선,강동구청,2813,일요일,22:00,9.2
2020,8,상선,몽촌토성,2814,일요일,22:00,20.7
2020,8,하선,몽촌토성,2814,일요일,22:00,9.5
2020,8,상선,잠실,2815,일요일,22:00,21.2
2020,8,하선,잠실,2815,일요일,22:00,21.5
2020,8,상선,석촌,2816,일요일,22:00,15.7
2020,8,하선,석촌,2816,일요일,22:00,23.6
2020,8,상선,송파,2817,일요일,22:00,14.6
2020,8,하선,송파,2817,일요일,22:00,22.2
2020,8,상선,가락시장,2818,일요일,22:00,14.7
2021,8,상선,암사,2811,평일,22:00,0.0
2021,8,하선,암사,2811,평일,22:00,3.6
2021,8,상선,천호,2812,평일,22:00,14.2
2021,8,하선,천호,2812,평일,22:00,15.4
2021,8,상선,강동구청,2813,평일,22:00,37.7
2021,8,하선,강동구청,2813,평일,22:00,15.9
2021,8,상선,몽촌토성,2814,평일,22:00,44.4
2021,8,하선,몽촌토성,2814,평일,22:00,16.9
2021,8,상선,잠실,2815,평일,22:00,47.4
2021,8,하선,잠실,2815,평일,22:00,40.4
2021,8,상선,석촌,2816,평일,22:00,33.0
2021,8,하선,석촌,2816,평일,22:00,45.1
2021,8,상선,송파,2817,평일,22:00,31.8
2021,8,하선,송파,2817,평일,22:00,42.3
2021,8,상선,가락시장,2818,평일,22:00,31.6
2021,8,하선,가락시장,2818,평일,22:00,40.4
2021,8,상선,문정,2819,평일,22:00,27.2
2021,8,하선,문정,2819,평일,22:00,39.0
2021,8,상선,장지,2820,평일,22:00,19.5
2021,8,하선,장지,2820,평일,22:00,33.6
2021,8,상선,복정,2821,평일,22:00,13.6
2021,8,하선,복정,2821,평일,22:00,21.7
2021,8,상선,산성,2822,평일,22:00,5.1
2021,8,하선,산성,2822,평일,22:00,17.2
2021,8,상선,남한산성입구,2823,평일,22:00,5.3
2021,8,하선,남한산성입구,2823,평일,22:00,10.1
2021,8,상선,단대오거리,2824,평일,22:00,5.8
2021,8,하선,단대오거리,2824,평일,22:00,5.2
2021,8,상선,신흥,2825,평일,22:00,5.3
2021,8,하선,신흥,2825,평일,22:00,3.3
2021,8,상선,수진,2826,평일,22:00,5.1
2021,8,하선,수진,2826,평일,22:00,1.8
2021,8,상선,모란,2827,평일,22:00,5.2
2021,8,하선,모란,2827,평일,22:00,0.0
2021,8,상선,암사,2811,토요일,22:00,0.0
2021,8,하선,암사,2811,토요일,22:00,3.0
2021,8,상선,천호,2812,토요일,22:00,11.9
2021,8,하선,천호,2812,토요일,22:00,11.8
2021,8,상선,강동구청,2813,토요일,22:00,30.7
2021,8,하선,강동구청,2813,토요일,22:00,12.3
2021,8,상선,몽촌토성,2814,토요일,22:00,34.7
2021,8,하선,몽촌토성,2814,토요일,22:00,13.4
2021,8,상선,잠실,2815,토요일,22:00,35.9
2021,8,하선,잠실,2815,토요일,22:00,35.3
2021,8,상선,석촌,2816,토요일,22:00,23.0
2021,8,하선,석촌,2816,토요일,22:00,38.5
2021,8,상선,송파,2817,토요일,22:00,22.7
2021,8,하선,송파,2817,토요일,22:00,36.4
2021,8,상선,가락시장,2818,토요일,22:00,22.4
2021,8,하선,가락시장,2818,토요일,22:00,35.1
2021,8,상선,문정,2819,토요일,22:00,19.0
2021,8,하선,문정,2819,토요일,22:00,32.5
2021,8,상선,장지,2820,토요일,22:00,15.8
2021,8,하선,장지,2820,토요일,22:00,29.7
2021,8,상선,복정,2821,토요일,22:00,11.0
2021,8,하선,복정,2821,토요일,22:00,18.2
2021,8,상선,산성,2822,토요일,22:00,4.6
2021,8,하선,산성,2822,토요일,22:00,14.9
2021,8,상선,남한산성입구,2823,토요일,22:00,4.5
2021,8,하선,남한산성입구,2823,토요일,22:00,9.1
2021,8,상선,단대오거리,2824,토요일,22:00,4.7
2021,8,하선,단대오거리,2824,토요일,22:00,5.0
2021,8,상선,신흥,2825,토요일,22:00,5.1
2021,8,하선,신흥,2825,토요일,22:00,3.5
2021,8,상선,수진,2826,토요일,22:00,5.1
2021,8,하선,수진,2826,토요일,22:00,1.8
2021,8,상선,모란,2827,토요일,22:00,5.2
2021,8,하선,모란,2827,토요일,22:00,0.0
2022,8,상선,암사,2811,평일,22:00,0.0
2022,8,하선,암사,2811,평일,22:00,4.1
2022,8,상선,천호,2812,평일,22:00,17.3
2022,8,하선,천호,2812,평일,22:00,19.0
2022,8,상선,강동구청,2813,평일,22:00,51.3
2022,8,하선,강동구청,2813,평일,22:00,19.5
2022,8,상선,몽촌토성,2814,평일,22:00,56.5
2022,8,하선,몽촌토성,2814,평일,22:00,20.9
2022,8,상선,잠실,2815,평일,22:00,53.9
2022,8,하선,잠실,2815,평일,22:00,54.1
2022,8,상선,석촌,2816,평일,22:00,38.0
2022,8,하선,석촌,2816,평일,22:00,62.0
2022,8,상선,송파,2817,평일,22:00,37.2
2022,8,하선,송파,2817,평일,22:00,57.2
2022,8,상선,가락시장,2818,평일,22:00,37.0
2022,8,하선,가락시장,2818,평일,22:00,55.3
2022,8,상선,문정,2819,평일,22:00,31.7
2022,8,하선,문정,2819,평일,22:00,52.0
2022,8,상선,장지,2820,평일,22:00,23.0
2022,8,하선,장지,2820,평일,22:00,44.6
2022,8,상선,복정,2821,평일,22:00,20.1
2022,8,하선,복정,2821,평일,22:00,31.6
2022,8,상선,산성,2822,평일,22:00,7.8
2022,8,하선,산성,2822,평일,22:00,23.3
2022,8,상선,남한산성입구,2823,평일,22:00,8.2
2022,8,하선,남한산성입구,2823,평일,22:00,14.0
2022,8,상선,단대오거리,2824,평일,22:00,7.3
2022,8,하선,단대오거리,2824,평일,22:00,7.4
2022,8,상선,신흥,2825,평일,22:00,6.8
2022,8,하선,신흥,2825,평일,22:00,4.3
2022,8,상선,수진,2826,평일,22:00,7.1
2022,8,하선,수진,2826,평일,22:00,2.4
2022,8,상선,모란,2827,평일,22:00,7.4
2022,8,하선,모란,2827,평일,22:00,0.0
2022,8,상선,암사,2811,토요일,22:00,0.0
2022,8,하선,암사,2811,토요일,22:00,3.3
2022,8,상선,천호,2812,토요일,22:00,13.5
2022,8,하선,천호,2812,토요일,22:00,19.0
2022,8,상선,강동구청,2813,토요일,22:00,45.0
2022,8,하선,강동구청,2813,토요일,22:00,19.3
2022,8,상선,몽촌토성,2814,토요일,22:00,48.9
2022,8,하선,몽촌토성,2814,토요일,22:00,21.1
2022,8,상선,잠실,2815,토요일,22:00,50.2
2022,8,하선,잠실,2815,토요일,22:00,58.7
2022,8,상선,석촌,2816,토요일,22:00,29.8
2022,8,하선,석촌,2816,토요일,22:00,64.0
2022,8,상선,송파,2817,토요일,22:00,27.3
2022,8,하선,송파,2817,토요일,22:00,62.9
2022,8,상선,가락시장,2818,토요일,22:00,27.4
2022,8,하선,가락시장,2818,토요일,22:00,59.7
2022,8,상선,문정,2819,토요일,22:00,22.3
2022,8,하선,문정,2819,토요일,22:00,54.6
2022,8,상선,장지,2820,토요일,22:00,18.3
2022,8,하선,장지,2820,토요일,22:00,50.3
2022,8,상선,복정,2821,토요일,22:00,12.5
2022,8,하선,복정,2821,토요일,22:00,30.6
2022,8,상선,산성,2822,토요일,22:00,4.5
2022,8,하선,산성,2822,토요일,22:00,23.0
2022,8,상선,남한산성입구,2823,토요일,22:00,4.9
2022,8,하선,남한산성입구,2823,토요일,22:00,14.5
2022,8,상선,단대오거리,2824,토요일,22:00,4.8
2022,8,하선,단대오거리,2824,토요일,22:00,7.7
2022,8,상선,신흥,2825,토요일,22:00,5.3
2022,8,하선,신흥,2825,토요일,22:00,4.1
2022,8,상선,암사,2811,공휴일,22:00,0.0
2022,8,하선,암사,2811,공휴일,22:00,2.5
2022,8,상선,천호,2812,공휴일,22:00,9.3
2022,8,하선,천호,2812,공휴일,22:00,13.7
2022,8,상선,강동구청,2813,공휴일,22:00,25.9
2022,8,하선,강동구청,2813,공휴일,22:00,13.9
2022,8,상선,몽촌토성,2814,공휴일,22:00,28.7
2022,8,하선,몽촌토성,2814,공휴일,22:00,14.7
2022,8,상선,잠실,2815,공휴일,22:00,30.2
2022,8,하선,잠실,2815,공휴일,22:00,37.1
2022,8,상선,석촌,2816,공휴일,22:00,21.9
2022,8,하선,석촌,2816,공휴일,22:00,40.5
2022,8,상선,송파,2817,공휴일,22:00,15.9
2022,8,하선,송파,2817,공휴일,22:00,39.8
2022,8,상선,가락시장,2818,공휴일,22:00,16.0
2022,8,하선,가락시장,2818,공휴일,22:00,35.8
2022,8,상선,문정,2819,공휴일,22:00,14.6
2022,8,하선,문정,2819,공휴일,22:00,33.5
2022,8,상선,장지,2820,공휴일,22:00,12.7
2022,8,하선,장지,2820,공휴일,22:00,30.6
2022,8,상선,복정,2821,공휴일,22:00,9.1
2022,8,하선,복정,2821,공휴일,22:00,20.0
2022,8,상선,산성,2822,공휴일,22:00,4.5
2022,8,하선,산성,2822,공휴일,22:00,15.4
2022,8,상선,남한산성입구,2823,공휴일,22:00,4.4
2022,8,하선,남한산성입구,2823,공휴일,22:00,10.1
2022,8,상선,단대오거리,2824,공휴일,22:00,4.4
2022,8,하선,단대오거리,2824,공휴일,22:00,5.8
2022,8,상선,신흥,2825,공휴일,22:00,4.1
2022,8,하선,신흥,2825,공휴일,22:00,3.3
2022,8,상선,수진,2826,공휴일,22:00,3.5
2022,8,하선,수진,2826,공휴일,22:00,1.5
2022,8,상선,모란,2827,공휴일,22:00,4.0
2022,8,하선,모란,2827,공휴일,22:00,0.0
2023,8,상선,암사,2811,평일,22:00,0.0
2023,8,하선,암사,2811,평일,22:00,4.1
2023,8,상선,천호,2812,평일,22:00,17.0
2023,8,하선,천호,2812,평일,22:00,20.0
2023,8,상선,강동구청,2813,평일,22:00,51.1
2023,8,하선,강동구청,2813,평일,22:00,20.8
2023,8,상선,몽촌토성,2814,평일,22:00,56.8
2023,8,하선,몽촌토성,2814,평일,22:00,22.5
2023,8,상선,잠실,2815,평일,22:00,55.5
2023,8,하선,잠실,2815,평일,22:00,58.5
2023,8,상선,석촌,2816,평일,22:00,39.4
2023,8,하선,석촌,2816,평일,22:00,66.5
2023,8,상선,송파,2817,평일,22:00,38.8
2023,8,하선,송파,2817,평일,22:00,61.4
2023,8,상선,가락시장,2818,평일,22:00,38.6
2023,8,하선,가락시장,2818,평일,22:00,58.7
2023,8,상선,문정,2819,평일,22:00,31.9
2023,8,하선,문정,2819,평일,22:00,55.5
2023,8,상선,장지,2820,평일,22:00,22.8
2023,8,하선,장지,2820,평일,22:00,48.5
2023,8,상선,복정,2821,평일,22:00,21.2
2023,8,하선,복정,2821,평일,22:00,34.5
2023,8,상선,산성,2822,평일,22:00,7.6
2023,8,하선,산성,2822,평일,22:00,25.2
2023,8,상선,남한산성입구,2823,평일,22:00,7.6
2023,8,하선,남한산성입구,2823,평일,22:00,16.0
2023,8,상선,단대오거리,2824,평일,22:00,7.4
2023,8,하선,단대오거리,2824,평일,22:00,7.7
2023,8,상선,신흥,2825,평일,22:00,7.9
2023,8,하선,신흥,2825,평일,22:00,4.6
2023,8,상선,수진,2826,평일,22:00,8.2
2023,8,하선,수진,2826,평일,22:00,2.6
2023,8,상선,모란,2827,평일,22:00,8.5
2023,8,하선,모란,2827,평일,22:00,0.0
2023,8,상선,암사,2811,토요일,22:00,0.0
2023,8,하선,암사,2811,토요일,22:00,3.8
2023,8,상선,천호,2812,토요일,22:00,14.6
2023,8,하선,천호,2812,토요일,22:00,16.8
2023,8,상선,강동구청,2813,토요일,22:00,41.8
2023,8,하선,강동구청,2813,토요일,22:00,16.8
2023,8,상선,몽촌토성,2814,토요일,22:00,46.7
2023,8,하선,몽촌토성,2814,토요일,22:00,19.9
2023,8,상선,잠실,2815,토요일,22:00,48.2
2023,8,하선,잠실,2815,토요일,22:00,61.1
2023,8,상선,석촌,2816,토요일,22:00,31.2
2023,8,하선,석촌,2816,토요일,22:00,65.3
2023,8,상선,송파,2817,토요일,22:00,28.0
2023,8,하선,송파,2817,토요일,22:00,64.0
2023,8,상선,가락시장,2818,토요일,22:00,27.8
2023,8,하선,가락시장,2818,토요일,22:00,60.4
2023,8,상선,문정,2819,토요일,22:00,21.7
2023,8,하선,문정,2819,토요일,22:00,55.6
2023,8,상선,장지,2820,토요일,22:00,17.3
2023,8,하선,장지,2820,토요일,22:00,50.3
2023,8,상선,복정,2821,토요일,22:00,13.1
2023,8,하선,복정,2821,토요일,22:00,30.8
2023,8,상선,산성,2822,토요일,22:00,4.1
2023,8,하선,산성,2822,토요일,22:00,25.0
2023,8,상선,남한산성입구,2823,토요일,22:00,4.8
2023,8,하선,남한산성입구,2823,토요일,22:00,16.0
2023,8,상선,단대오거리,2824,토요일,22:00,5.7
2023,8,하선,단대오거리,2824,토요일,22:00,8.0
2023,8,상선,신흥,2825,토요일,22:00,5.6
2023,8,하선,신흥,2825,토요일,22:00,4.8
2023,8,상선,수진,2826,토요일,22:00,5.4
2023,8,하선,수진,2826,토요일,22:00,2.2
2023,8,상선,모란,2827,토요일,22:00,5.9
2023,8,하선,모란,2827,토요일,22:00,0.0
2023,8,상선,암사,2811,일요일,22:00,0.0
2023,8,하선,암사,2811,일요일,22:00,2.7
2023,8,상선,천호,2812,일요일,22:00,11.5
2023,8,하선,천호,2812,일요일,22:00,12.0
2023,8,상선,강동구청,2813,일요일,22:00,29.0
2023,8,하선,강동구청,2813,일요일,22:00,12.3
2023,8,상선,몽촌토성,2814,일요일,22:00,33.0
2023,8,하선,몽촌토성,2814,일요일,22:00,13.5
2023,8,상선,잠실,2815,일요일,22:00,34.6
2023,8,하선,잠실,2815,일요일,22:00,35.1
2023,8,상선,석촌,2816,일요일,22:00,21.7
2023,8,하선,석촌,2816,일요일,22:00,39.3
2023,8,상선,송파,2817,일요일,22:00,17.3
2023,8,하선,송파,2817,일요일,22:00,39.2
2023,8,상선,가락시장,2818,일요일,22:00,17.1
2023,8,하선,가락시장,2818,일요일,22:00,36.2
2023,8,상선,문정,2819,일요일,22:00,14.9
2023,8,하선,문정,2819,일요일,22:00,33.3
2023,8,상선,장지,2820,일요일,22:00,12.7
2023,8,하선,장지,2820,일요일,22:00,30.6
2023,8,상선,복정,2821,일요일,22:00,9.6
2023,8,하선,복정,2821,일요일,22:00,20.9
2023,8,상선,산성,2822,일요일,22:00,3.5
2023,8,하선,산성,2822,일요일,22:00,17.6
2023,8,상선,남한산성입구,2823,일요일,22:00,3.4
2023,8,하선,남한산성입구,2823,일요일,22:00,10.7
2023,8,상선,단대오거리,2824,일요일,22:00,4.0
2023,8,하선,단대오거리,2824,일요일,22:00,5.2
2023,8,상선,신흥,2825,일요일,22:00,4.3
2023,8,하선,신흥,2825,일요일,22:00,3.0
2023,8,상선,수진,2826,일요일,22:00,3.6
2023,8,하선,수진,2826,일요일,22:00,1.6
2023,8,상선,모란,2827,일요일,22:00,3.7
202403,8,상선,암사,2811,평일,22:00,0.0
202403,8,하선,암사,2811,평일,22:00,3.9
202403,8,상선,천호,2812,평일,22:00,19.6
202403,8,하선,천호,2812,평일,22:00,20.1
202403,8,상선,강동구청,2813,평일,22:00,56.3
202403,8,하선,강동구청,2813,평일,22:00,20.5
202403,8,상선,몽촌토성,2814,평일,22:00,62.8
202403,8,하선,몽촌토성,2814,평일,22:00,22.2
202403,8,상선,잠실,2815,평일,22:00,59.2
202403,8,하선,잠실,2815,평일,22:00,58.8
202403,8,상선,석촌,2816,평일,22:00,43.0
202403,8,하선,석촌,2816,평일,22:00,65.6
202403,8,상선,송파,2817,평일,22:00,42.0
202403,8,하선,송파,2817,평일,22:00,60.4
202403,8,상선,가락시장,2818,평일,22:00,41.7
202403,8,하선,가락시장,2818,평일,22:00,58.3
202403,8,상선,문정,2819,평일,22:00,35.7
202403,8,하선,문정,2819,평일,22:00,56.8
202403,8,상선,장지,2820,평일,22:00,23.1
202403,8,하선,장지,2820,평일,22:00,50.4
202403,8,상선,복정,2821,평일,22:00,21.5
202403,8,하선,복정,2821,평일,22:00,36.8
202403,8,상선,산성,2822,평일,22:00,8.2
202403,8,하선,산성,2822,평일,22:00,26.2
202403,8,상선,남한산성입구,2823,평일,22:00,8.6
202403,8,하선,남한산성입구,2823,평일,22:00,17.2
202403,8,상선,단대오거리,2824,평일,22:00,9.2
202403,8,하선,단대오거리,2824,평일,22:00,8.3
202403,8,상선,신흥,2825,평일,22:00,10.3
202403,8,하선,신흥,2825,평일,22:00,4.8
202403,8,상선,수진,2826,평일,22:00,10.2
202403,8,하선,수진,2826,평일,22:00,2.9
202403,8,상선,모란,2827,평일,22:00,9.9
202403,8,하선,모란,2827,평일,22:00,0.0
202403,8,상선,암사,2811,토요일,22:00,0.0
202403,8,하선,암사,2811,토요일,22:00,3.9
202403,8,상선,천호,2812,토요일,22:00,18.3
202403,8,하선,천호,2812,토요일,22:00,22.1
202403,8,상선,강동구청,2813,토요일,22:00,46.4
202403,8,하선,강동구청,2813,토요일,22:00,22.3
202403,8,상선,몽촌토성,2814,토요일,22:00,51.3
202403,8,하선,몽촌토성,2814,토요일,22:00,23.8
202403,8,상선,잠실,2815,토요일,22:00,51.8
202403,8,하선,잠실,2815,토요일,22:00,63.2
202403,8,상선,석촌,2816,토요일,22:00,33.7
202403,8,하선,석촌,2816,토요일,22:00,70.0
202403,8,상선,송파,2817,토요일,22:00,31.1
202403,8,하선,송파,2817,토요일,22:00,61.4
202403,8,상선,가락시장,2818,토요일,22:00,30.8
202403,8,하선,가락시장,2818,토요일,22:00,57.8
202403,8,상선,문정,2819,토요일,22:00,25.8
202403,8,하선,문정,2819,토요일,22:00,53.6
202403,8,상선,장지,2820,토요일,22:00,19.9
202403,8,하선,장지,2820,토요일,22:00,50.2
202403,8,상선,복정,2821,토요일,22:00,15.2
202403,8,하선,복정,2821,토요일,22:00,33.3
202403,8,상선,산성,2822,토요일,22:00,5.7
202403,8,하선,산성,2822,토요일,22:00,27.5
202403,8,상선,남한산성입구,2823,토요일,22:00,5.5
202403,8,하선,남한산성입구,2823,토요일,22:00,19.0
202403,8,상선,단대오거리,2824,토요일,22:00,6.1
202403,8,하선,단대오거리,2824,토요일,22:00,9.4
202403,8,상선,신흥,2825,토요일,22:00,5.5
202403,8,하선,신흥,2825,토요일,22:00,6.1
202403,8,상선,수진,2826,토요일,22:00,4.3
202403,8,하선,수진,2826,토요일,22:00,2.5
202403,8,상선,모란,2827,토요일,22:00,5.1
202403,8,하선,모란,2827,토요일,22:00,0.0
202403,8,상선,암사,2811,일요일,22:00,0.0
202403,8,하선,암사,2811,일요일,22:00,2.7
202403,8,상선,천호,2812,일요일,22:00,12.2
202403,8,하선,천호,2812,일요일,22:00,14.6
202403,8,상선,강동구청,2813,일요일,22:00,33.5
202403,8,하선,강동구청,2813,일요일,22:00,13.9
202403,8,상선,몽촌토성,2814,일요일,22:00,36.7
202403,8,하선,몽촌토성,2814,일요일,22:00,15.3
202403,8,상선,잠실,2815,일요일,22:00,37.2
202403,8,하선,잠실,2815,일요일,22:00,37.6
202403,8,상선,석촌,2816,일요일,22:00,24.8
202403,8,하선,석촌,2816,일요일,22:00,41.0
202403,8,상선,송파,2817,일요일,22:00,19.7
202403,8,하선,송파,2817,일요일,22:00,42.8
202403,8,상선,가락시장,2818,일요일,22:00,19.6
202403,8,하선,가락시장,2818,일요일,22:00,39.8
202403,8,상선,문정,2819,일요일,22:00,16.8
202403,8,하선,문정,2819,일요일,22:00,35.8
202403,8,상선,장지,2820,일요일,22:00,14.4
202403,8,하선,장지,2820,일요일,22:00,33.4
202403,8,상선,복정,2821,일요일,22:00,10.5
202403,8,하선,복정,2821,일요일,22:00,23.1
202403,8,상선,산성,2822,일요일,22:00,4.1
202403,8,하선,산성,2822,일요일,22:00,18.7
202403,8,상선,남한산성입구,2823,일요일,22:00,4.6
202403,8,하선,남한산성입구,2823,일요일,22:00,12.1
202403,8,상선,단대오거리,2824,일요일,22:00,5.0
202403,8,하선,단대오거리,2824,일요일,22:00,5.8
202403,8,상선,신흥,2825,일요일,22:00,5.1
202403,8,하선,신흥,2825,일요일,22:00,3.2
202403,8,상선,수진,2826,일요일,22:00,4.4
202403,8,하선,수진,2826,일요일,22:00,1.5
202403,8,상선,모란,2827,일요일,22:00,4.2
202406,8,상선,암사,2811,평일,22:00,0.0
202406,8,하선,암사,2811,평일,22:00,4.2
202406,8,상선,천호,2812,평일,22:00,19.4
202406,8,하선,천호,2812,평일,22:00,20.8
202406,8,상선,강동구청,2813,평일,22:00,57.7
202406,8,하선,강동구청,2813,평일,22:00,21.5
202406,8,상선,몽촌토성,2814,평일,22:00,64.0
202406,8,하선,몽촌토성,2814,평일,22:00,23.4
202406,8,상선,잠실,2815,평일,22:00,59.7
202406,8,하선,잠실,2815,평일,22:00,62.4
202406,8,상선,석촌,2816,평일,22:00,42.4
202406,8,하선,석촌,2816,평일,22:00,68.6
202406,8,상선,송파,2817,평일,22:00,41.7
202406,8,하선,송파,2817,평일,22:00,64.0
202406,8,상선,가락시장,2818,평일,22:00,41.8
202406,8,하선,가락시장,2818,평일,22:00,61.5
202406,8,상선,문정,2819,평일,22:00,35.7
202406,8,하선,문정,2819,평일,22:00,59.5
202406,8,상선,장지,2820,평일,22:00,23.1
202406,8,하선,장지,2820,평일,22:00,52.8
202406,8,상선,복정,2821,평일,22:00,20.8
202406,8,하선,복정,2821,평일,22:00,37.9
202406,8,상선,산성,2822,평일,22:00,7.8
202406,8,하선,산성,2822,평일,22:00,26.9
202406,8,상선,남한산성입구,2823,평일,22:00,7.8
202406,8,하선,남한산성입구,2823,평일,22:00,17.9
202406,8,상선,단대오거리,2824,평일,22:00,8.5
202406,8,하선,단대오거리,2824,평일,22:00,8.5
202406,8,상선,신흥,2825,평일,22:00,9.4
202406,8,하선,신흥,2825,평일,22:00,5.1
202406,8,상선,수진,2826,평일,22:00,9.4
202406,8,하선,수진,2826,평일,22:00,3.2
202406,8,상선,모란,2827,평일,22:00,9.1
202406,8,하선,모란,2827,평일,22:00,0.0
202406,8,상선,암사,2811,토요일,22:00,0.0
202406,8,하선,암사,2811,토요일,22:00,4.3
202406,8,상선,천호,2812,토요일,22:00,15.8
202406,8,하선,천호,2812,토요일,22:00,21.3
202406,8,상선,강동구청,2813,토요일,22:00,44.6
202406,8,하선,강동구청,2813,토요일,22:00,21.4
202406,8,상선,몽촌토성,2814,토요일,22:00,49.1
202406,8,하선,몽촌토성,2814,토요일,22:00,24.1
202406,8,상선,잠실,2815,토요일,22:00,50.4
202406,8,하선,잠실,2815,토요일,22:00,58.1
202406,8,상선,석촌,2816,토요일,22:00,31.0
202406,8,하선,석촌,2816,토요일,22:00,64.1
202406,8,상선,송파,2817,토요일,22:00,29.5
202406,8,하선,송파,2817,토요일,22:00,61.2
202406,8,상선,가락시장,2818,토요일,22:00,28.3
202406,8,하선,가락시장,2818,토요일,22:00,55.4
202406,8,상선,문정,2819,토요일,22:00,25.0
202406,8,하선,문정,2819,토요일,22:00,51.4
202406,8,상선,장지,2820,토요일,22:00,19.1
202406,8,하선,장지,2820,토요일,22:00,47.0
202406,8,상선,복정,2821,토요일,22:00,14.2
202406,8,하선,복정,2821,토요일,22:00,30.2
202406,8,상선,산성,2822,토요일,22:00,6.2
202406,8,하선,산성,2822,토요일,22:00,23.0
202406,8,상선,남한산성입구,2823,토요일,22:00,6.2
202406,8,하선,남한산성입구,2823,토요일,22:00,15.2
202406,8,상선,단대오거리,2824,토요일,22:00,7.0
202406,8,하선,단대오거리,2824,토요일,22:00,7.7
202406,8,상선,신흥,2825,토요일,22:00,7.2
202406,8,하선,신흥,2825,토요일,22:00,4.4
202406,8,상선,수진,2826,토요일,22:00,6.5
202406,8,하선,수진,2826,토요일,22:00,2.6
202406,8,상선,모란,2827,토요일,22:00,6.9
202406,8,하선,모란,2827,토요일,22:00,0.0
202406,8,상선,암사,2811,일요일,22:00,0.0
202406,8,하선,암사,2811,일요일,22:00,2.6
202406,8,상선,천호,2812,일요일,22:00,11.3
202406,8,하선,천호,2812,일요일,22:00,15.6
202406,8,상선,강동구청,2813,일요일,22:00,32.7
202406,8,하선,강동구청,2813,일요일,22:00,15.5
202406,8,상선,몽촌토성,2814,일요일,22:00,36.2
202406,8,하선,몽촌토성,2814,일요일,22:00,17.2
202406,8,상선,잠실,2815,일요일,22:00,38.2
202406,8,하선,잠실,2815,일요일,22:00,47.5
202406,8,상선,석촌,2816,일요일,22:00,24.3
202406,8,하선,석촌,2816,일요일,22:00,50.3
202406,8,상선,송파,2817,일요일,22:00,20.4
202406,8,하선,송파,2817,일요일,22:00,47.8
202406,8,상선,가락시장,2818,일요일,22:00,20.0
202406,8,하선,가락시장,2818,일요일,22:00,42.5
202406,8,상선,문정,2819,일요일,22:00,18.0
202406,8,하선,문정,2819,일요일,22:00,38.2
202406,8,상선,장지,2820,일요일,22:00,14.3
202406,8,하선,장지,2820,일요일,22:00,35.0
202406,8,상선,복정,2821,일요일,22:00,10.5
202406,8,하선,복정,2821,일요일,22:00,23.6
202406,8,상선,산성,2822,일요일,22:00,4.7
202406,8,하선,산성,2822,일요일,22:00,18.0
202406,8,상선,남한산성입구,2823,일요일,22:00,4.8
202406,8,하선,남한산성입구,2823,일요일,22:00,11.9
202406,8,상선,단대오거리,2824,일요일,22:00,5.8
202406,8,하선,단대오거리,2824,일요일,22:00,5.8
202406,8,상선,신흥,2825,일요일,22:00,6.2
202406,8,하선,신흥,2825,일요일,22:00,3.5
202406,8,상선,수진,2826,일요일,22:00,5.6
202406,8,하선,수진,2826,일요일,22:00,1.9
202406,8,상선,모란,2827,일요일,22:00,5.3
2020,8,상선,암사,2811,평일,22:30,0.0
2020,8,하선,암사,2811,평일,22:30,2.5
2020,8,상선,천호,2812,평일,22:30,11.1
2020,8,하선,천호,2812,평일,22:30,9.0
2020,8,상선,강동구청,2813,평일,22:30,25.7
2020,8,하선,강동구청,2813,평일,22:30,9.3
2020,8,상선,몽촌토성,2814,평일,22:30,29.6
2020,8,하선,몽촌토성,2814,평일,22:30,9.9
2020,8,상선,잠실,2815,평일,22:30,30.6
2020,8,하선,잠실,2815,평일,22:30,24.4
2020,8,상선,석촌,2816,평일,22:30,23.1
2020,8,하선,석촌,2816,평일,22:30,28.4
2020,8,상선,송파,2817,평일,22:30,24.2
2020,8,하선,송파,2817,평일,22:30,26.1
2020,8,상선,가락시장,2818,평일,22:30,23.6
2020,8,하선,가락시장,2818,평일,22:30,26.7
2020,8,상선,문정,2819,평일,22:30,19.5
2020,8,하선,문정,2819,평일,22:30,24.7
2020,8,상선,장지,2820,평일,22:30,14.7
2020,8,하선,장지,2820,평일,22:30,22.6
2020,8,상선,복정,2821,평일,22:30,12.9
2020,8,하선,복정,2821,평일,22:30,16.8
2020,8,상선,산성,2822,평일,22:30,4.7
2020,8,하선,산성,2822,평일,22:30,13.8
2020,8,상선,남한산성입구,2823,평일,22:30,4.9
2020,8,하선,남한산성입구,2823,평일,22:30,8.0
2020,8,상선,단대오거리,2824,평일,22:30,5.4
2020,8,하선,단대오거리,2824,평일,22:30,4.2
2020,8,상선,신흥,2825,평일,22:30,4.7
2020,8,하선,신흥,2825,평일,22:30,2.6
2020,8,상선,수진,2826,평일,22:30,4.3
2020,8,하선,수진,2826,평일,22:30,1.3
2020,8,상선,모란,2827,평일,22:30,4.6
2020,8,하선,모란,2827,평일,22:30,0.0
2020,8,상선,암사,2811,토요일,22:30,0.0
2020,8,하선,암사,2811,토요일,22:30,2.8
2020,8,상선,천호,2812,토요일,22:30,10.8
2020,8,하선,천호,2812,토요일,22:30,10.5
2020,8,상선,강동구청,2813,토요일,22:30,26.0
2020,8,하선,강동구청,2813,토요일,22:30,10.5
2020,8,상선,몽촌토성,2814,토요일,22:30,24.8
2020,8,하선,몽촌토성,2814,토요일,22:30,11.3
2020,8,상선,잠실,2815,토요일,22:30,25.3
2020,8,하선,잠실,2815,토요일,22:30,25.3
2020,8,상선,석촌,2816,토요일,22:30,19.4
2020,8,하선,석촌,2816,토요일,22:30,29.1
2020,8,상선,송파,2817,토요일,22:30,20.5
2020,8,하선,송파,2817,토요일,22:30,27.4
2020,8,상선,가락시장,2818,토요일,22:30,20.7
2020,8,하선,가락시장,2818,토요일,22:30,26.5
2020,8,상선,문정,2819,토요일,22:30,15.7
2020,8,하선,문정,2819,토요일,22:30,23.6
2020,8,상선,장지,2820,토요일,22:30,13.2
2020,8,하선,장지,2820,토요일,22:30,20.7
2020,8,상선,복정,2821,토요일,22:30,11.6
2020,8,하선,복정,2821,토요일,22:30,15.6
2020,8,상선,산성,2822,토요일,22:30,4.2
2020,8,하선,산성,2822,토요일,22:30,13.1
2020,8,상선,남한산성입구,2823,토요일,22:30,4.2
2020,8,하선,남한산성입구,2823,토요일,22:30,8.0
2020,8,상선,단대오거리,2824,토요일,22:30,4.0
2020,8,하선,단대오거리,2824,토요일,22:30,4.2
2020,8,상선,신흥,2825,토요일,22:30,4.7
2020,8,하선,신흥,2825,토요일,22:30,2.7
2020,8,상선,수진,2826,토요일,22:30,4.5
2020,8,하선,수진,2826,토요일,22:30,1.4
2020,8,상선,모란,2827,토요일,22:30,4.6
2020,8,하선,모란,2827,토요일,22:30,0.0
2020,8,상선,암사,2811,일요일,22:30,0.0
2020,8,하선,암사,2811,일요일,22:30,1.7
2020,8,상선,천호,2812,일요일,22:30,6.8
2020,8,하선,천호,2812,일요일,22:30,7.5
2020,8,상선,강동구청,2813,일요일,22:30,16.4
2020,8,하선,강동구청,2813,일요일,22:30,7.8
2020,8,상선,몽촌토성,2814,일요일,22:30,16.0
2020,8,하선,몽촌토성,2814,일요일,22:30,8.1
2020,8,상선,잠실,2815,일요일,22:30,17.2
2020,8,하선,잠실,2815,일요일,22:30,16.5
2020,8,상선,석촌,2816,일요일,22:30,13.4
2020,8,하선,석촌,2816,일요일,22:30,20.8
2020,8,상선,송파,2817,일요일,22:30,14.1
2020,8,하선,송파,2817,일요일,22:30,19.6
2020,8,상선,가락시장,2818,일요일,22:30,14.2
2021,8,상선,암사,2811,평일,22:30,0.0
2021,8,하선,암사,2811,평일,22:30,2.5
2021,8,상선,천호,2812,평일,22:30,14.5
2021,8,하선,천호,2812,평일,22:30,11.7
2021,8,상선,강동구청,2813,평일,22:30,39.0
2021,8,하선,강동구청,2813,평일,22:30,11.6
2021,8,상선,몽촌토성,2814,평일,22:30,42.4
2021,8,하선,몽촌토성,2814,평일,22:30,12.1
2021,8,상선,잠실,2815,평일,22:30,44.0
2021,8,하선,잠실,2815,평일,22:30,33.4
2021,8,상선,석촌,2816,평일,22:30,27.7
2021,8,하선,석촌,2816,평일,22:30,38.9
2021,8,상선,송파,2817,평일,22:30,28.2
2021,8,하선,송파,2817,평일,22:30,35.5
2021,8,상선,가락시장,2818,평일,22:30,26.1
2021,8,하선,가락시장,2818,평일,22:30,35.2
2021,8,상선,문정,2819,평일,22:30,21.2
2021,8,하선,문정,2819,평일,22:30,32.7
2021,8,상선,장지,2820,평일,22:30,16.1
2021,8,하선,장지,2820,평일,22:30,29.6
2021,8,상선,복정,2821,평일,22:30,14.1
2021,8,하선,복정,2821,평일,22:30,20.6
2021,8,상선,산성,2822,평일,22:30,4.3
2021,8,하선,산성,2822,평일,22:30,17.1
2021,8,상선,남한산성입구,2823,평일,22:30,4.7
2021,8,하선,남한산성입구,2823,평일,22:30,10.1
2021,8,상선,단대오거리,2824,평일,22:30,5.6
2021,8,하선,단대오거리,2824,평일,22:30,4.8
2021,8,상선,신흥,2825,평일,22:30,5.3
2021,8,하선,신흥,2825,평일,22:30,3.2
2021,8,상선,수진,2826,평일,22:30,5.4
2021,8,하선,수진,2826,평일,22:30,1.4
2021,8,상선,모란,2827,평일,22:30,6.3
2021,8,하선,모란,2827,평일,22:30,0.0
2021,8,상선,암사,2811,토요일,22:30,0.0
2021,8,하선,암사,2811,토요일,22:30,2.0
2021,8,상선,천호,2812,토요일,22:30,10.1
2021,8,하선,천호,2812,토요일,22:30,11.3
2021,8,상선,강동구청,2813,토요일,22:30,28.1
2021,8,하선,강동구청,2813,토요일,22:30,10.7
2021,8,상선,몽촌토성,2814,토요일,22:30,27.5
2021,8,하선,몽촌토성,2814,토요일,22:30,11.1
2021,8,상선,잠실,2815,토요일,22:30,28.6
2021,8,하선,잠실,2815,토요일,22:30,27.7
2021,8,상선,석촌,2816,토요일,22:30,19.9
2021,8,하선,석촌,2816,토요일,22:30,32.1
2021,8,상선,송파,2817,토요일,22:30,19.4
2021,8,하선,송파,2817,토요일,22:30,30.0
2021,8,상선,가락시장,2818,토요일,22:30,20.0
2021,8,하선,가락시장,2818,토요일,22:30,29.2
2021,8,상선,문정,2819,토요일,22:30,13.9
2021,8,하선,문정,2819,토요일,22:30,28.1
2021,8,상선,장지,2820,토요일,22:30,12.3
2021,8,하선,장지,2820,토요일,22:30,24.1
2021,8,상선,복정,2821,토요일,22:30,10.4
2021,8,하선,복정,2821,토요일,22:30,17.4
2021,8,상선,산성,2822,토요일,22:30,3.7
2021,8,하선,산성,2822,토요일,22:30,14.7
2021,8,상선,남한산성입구,2823,토요일,22:30,3.8
2021,8,하선,남한산성입구,2823,토요일,22:30,8.5
2021,8,상선,단대오거리,2824,토요일,22:30,5.9
2021,8,하선,단대오거리,2824,토요일,22:30,3.9
2021,8,상선,신흥,2825,토요일,22:30,4.9
2021,8,하선,신흥,2825,토요일,22:30,2.7
2021,8,상선,수진,2826,토요일,22:30,4.5
2021,8,하선,수진,2826,토요일,22:30,1.3
2021,8,상선,모란,2827,토요일,22:30,4.6
2021,8,하선,모란,2827,토요일,22:30,0.0
2022,8,상선,암사,2811,평일,22:30,0.0
2022,8,하선,암사,2811,평일,22:30,2.4
2022,8,상선,천호,2812,평일,22:30,16.1
2022,8,하선,천호,2812,평일,22:30,13.7
2022,8,상선,강동구청,2813,평일,22:30,37.5
2022,8,하선,강동구청,2813,평일,22:30,13.6
2022,8,상선,몽촌토성,2814,평일,22:30,42.6
2022,8,하선,몽촌토성,2814,평일,22:30,14.1
2022,8,상선,잠실,2815,평일,22:30,45.7
2022,8,하선,잠실,2815,평일,22:30,39.0
2022,8,상선,석촌,2816,평일,22:30,29.7
2022,8,하선,석촌,2816,평일,22:30,49.3
2022,8,상선,송파,2817,평일,22:30,29.5
2022,8,하선,송파,2817,평일,22:30,45.2
2022,8,상선,가락시장,2818,평일,22:30,30.3
2022,8,하선,가락시장,2818,평일,22:30,45.7
2022,8,상선,문정,2819,평일,22:30,25.3
2022,8,하선,문정,2819,평일,22:30,42.0
2022,8,상선,장지,2820,평일,22:30,20.6
2022,8,하선,장지,2820,평일,22:30,34.5
2022,8,상선,복정,2821,평일,22:30,17.8
2022,8,하선,복정,2821,평일,22:30,26.7
2022,8,상선,산성,2822,평일,22:30,6.3
2022,8,하선,산성,2822,평일,22:30,21.5
2022,8,상선,남한산성입구,2823,평일,22:30,6.4
2022,8,하선,남한산성입구,2823,평일,22:30,12.6
2022,8,상선,단대오거리,2824,평일,22:30,6.7
2022,8,하선,단대오거리,2824,평일,22:30,6.5
2022,8,상선,신흥,2825,평일,22:30,6.5
2022,8,하선,신흥,2825,평일,22:30,3.9
2022,8,상선,수진,2826,평일,22:30,6.4
2022,8,하선,수진,2826,평일,22:30,1.9
2022,8,상선,모란,2827,평일,22:30,6.9
2022,8,하선,모란,2827,평일,22:30,0.0
2022,8,상선,암사,2811,토요일,22:30,0.0
2022,8,하선,암사,2811,토요일,22:30,2.1
2022,8,상선,천호,2812,토요일,22:30,12.7
2022,8,하선,천호,2812,토요일,22:30,13.2
2022,8,상선,강동구청,2813,토요일,22:30,27.2
2022,8,하선,강동구청,2813,토요일,22:30,12.5
2022,8,상선,몽촌토성,2814,토요일,22:30,34.0
2022,8,하선,몽촌토성,2814,토요일,22:30,13.8
2022,8,상선,잠실,2815,토요일,22:30,35.0
2022,8,하선,잠실,2815,토요일,22:30,39.0
2022,8,상선,석촌,2816,토요일,22:30,24.3
2022,8,하선,석촌,2816,토요일,22:30,44.4
2022,8,상선,송파,2817,토요일,22:30,22.5
2022,8,하선,송파,2817,토요일,22:30,49.8
2022,8,상선,가락시장,2818,토요일,22:30,22.1
2022,8,하선,가락시장,2818,토요일,22:30,48.0
2022,8,상선,문정,2819,토요일,22:30,17.7
2022,8,하선,문정,2819,토요일,22:30,44.3
2022,8,상선,장지,2820,토요일,22:30,14.3
2022,8,하선,장지,2820,토요일,22:30,37.4
2022,8,상선,복정,2821,토요일,22:30,12.3
2022,8,하선,복정,2821,토요일,22:30,27.5
2022,8,상선,산성,2822,토요일,22:30,5.1
2022,8,하선,산성,2822,토요일,22:30,21.0
2022,8,상선,남한산성입구,2823,토요일,22:30,5.8
2022,8,하선,남한산성입구,2823,토요일,22:30,13.3
2022,8,상선,단대오거리,2824,토요일,22:30,7.3
2022,8,하선,단대오거리,2824,토요일,22:30,6.8
2022,8,상선,신흥,2825,토요일,22:30,6.2
2022,8,하선,신흥,2825,토요일,22:30,4.4
2022,8,상선,암사,2811,공휴일,22:30,0.0
2022,8,하선,암사,2811,공휴일,22:30,2.2
2022,8,상선,천호,2812,공휴일,22:30,9.6
2022,8,하선,천호,2812,공휴일,22:30,11.0
2022,8,상선,강동구청,2813,공휴일,22:30,23.1
2022,8,하선,강동구청,2813,공휴일,22:30,10.4
2022,8,상선,몽촌토성,2814,공휴일,22:30,23.5
2022,8,하선,몽촌토성,2814,공휴일,22:30,11.0
2022,8,상선,잠실,2815,공휴일,22:30,24.7
2022,8,하선,잠실,2815,공휴일,22:30,24.8
2022,8,상선,석촌,2816,공휴일,22:30,17.9
2022,8,하선,석촌,2816,공휴일,22:30,27.4
2022,8,상선,송파,2817,공휴일,22:30,19.2
2022,8,하선,송파,2817,공휴일,22:30,29.2
2022,8,상선,가락시장,2818,공휴일,22:30,19.9
2022,8,하선,가락시장,2818,공휴일,22:30,27.7
2022,8,상선,문정,2819,공휴일,22:30,14.9
2022,8,하선,문정,2819,공휴일,22:30,24.5
2022,8,상선,장지,2820,공휴일,22:30,11.7
2022,8,하선,장지,2820,공휴일,22:30,21.4
2022,8,상선,복정,2821,공휴일,22:30,9.9
2022,8,하선,복정,2821,공휴일,22:30,16.5
2022,8,상선,산성,2822,공휴일,22:30,3.4
2022,8,하선,산성,2822,공휴일,22:30,13.0
2022,8,상선,남한산성입구,2823,공휴일,22:30,3.8
2022,8,하선,남한산성입구,2823,공휴일,22:30,7.8
2022,8,상선,단대오거리,2824,공휴일,22:30,4.3
2022,8,하선,단대오거리,2824,공휴일,22:30,3.8
2022,8,상선,신흥,2825,공휴일,22:30,4.0
2022,8,하선,신흥,2825,공휴일,22:30,2.3
2022,8,상선,수진,2826,공휴일,22:30,4.5
2022,8,하선,수진,2826,공휴일,22:30,1.0
2022,8,상선,모란,2827,공휴일,22:30,5.1
2022,8,하선,모란,2827,공휴일,22:30,0.0
2023,8,상선,암사,2811,평일,22:30,0.0
2023,8,하선,암사,2811,평일,22:30,2.9
2023,8,상선,천호,2812,평일,22:30,16.5
2023,8,하선,천호,2812,평일,22:30,16.6
2023,8,상선,강동구청,2813,평일,22:30,39.8
2023,8,하선,강동구청,2813,평일,22:30,16.1
2023,8,상선,몽촌토성,2814,평일,22:30,45.4
2023,8,하선,몽촌토성,2814,평일,22:30,17.1
2023,8,상선,잠실,2815,평일,22:30,47.6
2023,8,하선,잠실,2815,평일,22:30,44.0
2023,8,상선,석촌,2816,평일,22:30,33.1
2023,8,하선,석촌,2816,평일,22:30,56.5
2023,8,상선,송파,2817,평일,22:30,32.3
2023,8,하선,송파,2817,평일,22:30,52.0
2023,8,상선,가락시장,2818,평일,22:30,33.3
2023,8,하선,가락시장,2818,평일,22:30,52.0
2023,8,상선,문정,2819,평일,22:30,26.7
2023,8,하선,문정,2819,평일,22:30,47.8
2023,8,상선,장지,2820,평일,22:30,21.2
2023,8,하선,장지,2820,평일,22:30,39.9
2023,8,상선,복정,2821,평일,22:30,18.7
2023,8,하선,복정,2821,평일,22:30,32.5
2023,8,상선,산성,2822,평일,22:30,6.9
2023,8,하선,산성,2822,평일,22:30,24.6
2023,8,상선,남한산성입구,2823,평일,22:30,7.1
2023,8,하선,남한산성입구,2823,평일,22:30,15.8
2023,8,상선,단대오거리,2824,평일,22:30,7.5
2023,8,하선,단대오거리,2824,평일,22:30,7.4
2023,8,상선,신흥,2825,평일,22:30,6.8
2023,8,하선,신흥,2825,평일,22:30,4.3
2023,8,상선,수진,2826,평일,22:30,7.2
2023,8,하선,수진,2826,평일,22:30,2.2
2023,8,상선,모란,2827,평일,22:30,7.4
2023,8,하선,모란,2827,평일,22:30,0.0
2023,8,상선,암사,2811,토요일,22:30,0.0
2023,8,하선,암사,2811,토요일,22:30,2.4
2023,8,상선,천호,2812,토요일,22:30,15.2
2023,8,하선,천호,2812,토요일,22:30,14.9
2023,8,상선,강동구청,2813,토요일,22:30,30.4
2023,8,하선,강동구청,2813,토요일,22:30,14.9
2023,8,상선,몽촌토성,2814,토요일,22:30,35.9
2023,8,하선,몽촌토성,2814,토요일,22:30,15.7
2023,8,상선,잠실,2815,토요일,22:30,37.2
2023,8,하선,잠실,2815,토요일,22:30,44.8
2023,8,상선,석촌,2816,토요일,22:30,26.5
2023,8,하선,석촌,2816,토요일,22:30,49.6
2023,8,상선,송파,2817,토요일,22:30,25.9
2023,8,하선,송파,2817,토요일,22:30,52.9
2023,8,상선,가락시장,2818,토요일,22:30,25.6
2023,8,하선,가락시장,2818,토요일,22:30,52.9
2023,8,상선,문정,2819,토요일,22:30,17.6
2023,8,하선,문정,2819,토요일,22:30,48.3
2023,8,상선,장지,2820,토요일,22:30,15.4
2023,8,하선,장지,2820,토요일,22:30,42.3
2023,8,상선,복정,2821,토요일,22:30,13.5
2023,8,하선,복정,2821,토요일,22:30,29.1
2023,8,상선,산성,2822,토요일,22:30,5.0
2023,8,하선,산성,2822,토요일,22:30,24.2
2023,8,상선,남한산성입구,2823,토요일,22:30,5.8
2023,8,하선,남한산성입구,2823,토요일,22:30,15.5
2023,8,상선,단대오거리,2824,토요일,22:30,6.9
2023,8,하선,단대오거리,2824,토요일,22:30,6.7
2023,8,상선,신흥,2825,토요일,22:30,6.9
2023,8,하선,신흥,2825,토요일,22:30,5.0
2023,8,상선,수진,2826,토요일,22:30,6.8
2023,8,하선,수진,2826,토요일,22:30,3.0
2023,8,상선,모란,2827,토요일,22:30,7.5
2023,8,하선,모란,2827,토요일,22:30,0.0
2023,8,상선,암사,2811,일요일,22:30,0.0
2023,8,하선,암사,2811,일요일,22:30,2.4
2023,8,상선,천호,2812,일요일,22:30,8.1
2023,8,하선,천호,2812,일요일,22:30,10.5
2023,8,상선,강동구청,2813,일요일,22:30,20.3
2023,8,하선,강동구청,2813,일요일,22:30,10.4
2023,8,상선,몽촌토성,2814,일요일,22:30,21.7
2023,8,하선,몽촌토성,2814,일요일,22:30,10.6
2023,8,상선,잠실,2815,일요일,22:30,22.6
2023,8,하선,잠실,2815,일요일,22:30,27.5
2023,8,상선,석촌,2816,일요일,22:30,16.4
2023,8,하선,석촌,2816,일요일,22:30,30.1
2023,8,상선,송파,2817,일요일,22:30,18.3
2023,8,하선,송파,2817,일요일,22:30,32.7
2023,8,상선,가락시장,2818,일요일,22:30,18.8
2023,8,하선,가락시장,2818,일요일,22:30,30.7
2023,8,상선,문정,2819,일요일,22:30,14.2
2023,8,하선,문정,2819,일요일,22:30,27.4
2023,8,상선,장지,2820,일요일,22:30,13.7
2023,8,하선,장지,2820,일요일,22:30,23.6
2023,8,상선,복정,2821,일요일,22:30,11.8
2023,8,하선,복정,2821,일요일,22:30,19.2
2023,8,상선,산성,2822,일요일,22:30,4.0
2023,8,하선,산성,2822,일요일,22:30,16.1
2023,8,상선,남한산성입구,2823,일요일,22:30,4.5
2023,8,하선,남한산성입구,2823,일요일,22:30,9.8
2023,8,상선,단대오거리,2824,일요일,22:30,5.2
2023,8,하선,단대오거리,2824,일요일,22:30,4.3
2023,8,상선,신흥,2825,일요일,22:30,5.1
2023,8,하선,신흥,2825,일요일,22:30,2.6
2023,8,상선,수진,2826,일요일,22:30,4.9
2023,8,하선,수진,2826,일요일,22:30,1.1
2023,8,상선,모란,2827,일요일,22:30,5.0
202403,8,상선,암사,2811,평일,22:30,0.0
202403,8,하선,암사,2811,평일,22:30,2.9
202403,8,상선,천호,2812,평일,22:30,17.2
202403,8,하선,천호,2812,평일,22:30,16.2
202403,8,상선,강동구청,2813,평일,22:30,41.7
202403,8,하선,강동구청,2813,평일,22:30,16.1
202403,8,상선,몽촌토성,2814,평일,22:30,47.1
202403,8,하선,몽촌토성,2814,평일,22:30,16.6
202403,8,상선,잠실,2815,평일,22:30,52.5
202403,8,하선,잠실,2815,평일,22:30,45.2
202403,8,상선,석촌,2816,평일,22:30,36.0
202403,8,하선,석촌,2816,평일,22:30,59.2
202403,8,상선,송파,2817,평일,22:30,35.6
202403,8,하선,송파,2817,평일,22:30,53.7
202403,8,상선,가락시장,2818,평일,22:30,36.3
202403,8,하선,가락시장,2818,평일,22:30,53.5
202403,8,상선,문정,2819,평일,22:30,29.8
202403,8,하선,문정,2819,평일,22:30,50.1
202403,8,상선,장지,2820,평일,22:30,22.5
202403,8,하선,장지,2820,평일,22:30,42.4
202403,8,상선,복정,2821,평일,22:30,21.5
202403,8,하선,복정,2821,평일,22:30,34.6
202403,8,상선,산성,2822,평일,22:30,7.7
202403,8,하선,산성,2822,평일,22:30,26.4
202403,8,상선,남한산성입구,2823,평일,22:30,8.0
202403,8,하선,남한산성입구,2823,평일,22:30,17.1
202403,8,상선,단대오거리,2824,평일,22:30,8.6
202403,8,하선,단대오거리,2824,평일,22:30,7.9
202403,8,상선,신흥,2825,평일,22:30,8.4
202403,8,하선,신흥,2825,평일,22:30,4.5
202403,8,상선,수진,2826,평일,22:30,8.3
202403,8,하선,수진,2826,평일,22:30,2.5
202403,8,상선,모란,2827,평일,22:30,8.8
202403,8,하선,모란,2827,평일,22:30,0.0
202403,8,상선,암사,2811,토요일,22:30,0.0
202403,8,하선,암사,2811,토요일,22:30,4.2
202403,8,상선,천호,2812,토요일,22:30,12.8
202403,8,하선,천호,2812,토요일,22:30,17.1
202403,8,상선,강동구청,2813,토요일,22:30,29.3
202403,8,하선,강동구청,2813,토요일,22:30,18.2
202403,8,상선,몽촌토성,2814,토요일,22:30,31.7
202403,8,하선,몽촌토성,2814,토요일,22:30,19.3
202403,8,상선,잠실,2815,토요일,22:30,32.9
202403,8,하선,잠실,2815,토요일,22:30,46.4
202403,8,상선,석촌,2816,토요일,22:30,25.9
202403,8,하선,석촌,2816,토요일,22:30,51.6
202403,8,상선,송파,2817,토요일,22:30,23.7
202403,8,하선,송파,2817,토요일,22:30,57.4
202403,8,상선,가락시장,2818,토요일,22:30,23.4
202403,8,하선,가락시장,2818,토요일,22:30,56.0
202403,8,상선,문정,2819,토요일,22:30,16.9
202403,8,하선,문정,2819,토요일,22:30,51.2
202403,8,상선,장지,2820,토요일,22:30,15.5
202403,8,하선,장지,2820,토요일,22:30,44.8
202403,8,상선,복정,2821,토요일,22:30,14.5
202403,8,하선,복정,2821,토요일,22:30,34.4
202403,8,상선,산성,2822,토요일,22:30,5.4
202403,8,하선,산성,2822,토요일,22:30,22.7
202403,8,상선,남한산성입구,2823,토요일,22:30,5.2
202403,8,하선,남한산성입구,2823,토요일,22:30,14.6
202403,8,상선,단대오거리,2824,토요일,22:30,7.8
202403,8,하선,단대오거리,2824,토요일,22:30,6.4
202403,8,상선,신흥,2825,토요일,22:30,8.3
202403,8,하선,신흥,2825,토요일,22:30,3.8
202403,8,상선,수진,2826,토요일,22:30,8.1
202403,8,하선,수진,2826,토요일,22:30,1.9
202403,8,상선,모란,2827,토요일,22:30,9.2
202403,8,하선,모란,2827,토요일,22:30,0.0
202403,8,상선,암사,2811,일요일,22:30,0.0
202403,8,하선,암사,2811,일요일,22:30,2.4
202403,8,상선,천호,2812,일요일,22:30,10.3
202403,8,하선,천호,2812,일요일,22:30,12.6
202403,8,상선,강동구청,2813,일요일,22:30,20.0
202403,8,하선,강동구청,2813,일요일,22:30,12.2
202403,8,상선,몽촌토성,2814,일요일,22:30,22.2
202403,8,하선,몽촌토성,2814,일요일,22:30,12.2
202403,8,상선,잠실,2815,일요일,22:30,23.2
202403,8,하선,잠실,2815,일요일,22:30,28.7
202403,8,상선,석촌,2816,일요일,22:30,18.3
202403,8,하선,석촌,2816,일요일,22:30,33.5
202403,8,상선,송파,2817,일요일,22:30,19.1
202403,8,하선,송파,2817,일요일,22:30,34.0
202403,8,상선,가락시장,2818,일요일,22:30,18.7
202403,8,하선,가락시장,2818,일요일,22:30,32.1
202403,8,상선,문정,2819,일요일,22:30,11.9
202403,8,하선,문정,2819,일요일,22:30,28.5
202403,8,상선,장지,2820,일요일,22:30,11.7
202403,8,하선,장지,2820,일요일,22:30,24.9
202403,8,상선,복정,2821,일요일,22:30,11.0
202403,8,하선,복정,2821,일요일,22:30,19.3
202403,8,상선,산성,2822,일요일,22:30,4.0
202403,8,하선,산성,2822,일요일,22:30,17.2
202403,8,상선,남한산성입구,2823,일요일,22:30,4.7
202403,8,하선,남한산성입구,2823,일요일,22:30,10.3
202403,8,상선,단대오거리,2824,일요일,22:30,5.9
202403,8,하선,단대오거리,2824,일요일,22:30,4.8
202403,8,상선,신흥,2825,일요일,22:30,5.2
202403,8,하선,신흥,2825,일요일,22:30,2.7
202403,8,상선,수진,2826,일요일,22:30,5.2
202403,8,하선,수진,2826,일요일,22:30,1.2
202403,8,상선,모란,2827,일요일,22:30,5.9
202406,8,상선,암사,2811,평일,22:30,0.0
202406,8,하선,암사,2811,평일,22:30,3.1
202406,8,상선,천호,2812,평일,22:30,16.8
202406,8,하선,천호,2812,평일,22:30,15.6
202406,8,상선,강동구청,2813,평일,22:30,41.6
202406,8,하선,강동구청,2813,평일,22:30,15.3
202406,8,상선,몽촌토성,2814,평일,22:30,46.9
202406,8,하선,몽촌토성,2814,평일,22:30,16.5
202406,8,상선,잠실,2815,평일,22:30,52.4
202406,8,하선,잠실,2815,평일,22:30,45.8
202406,8,상선,석촌,2816,평일,22:30,35.0
202406,8,하선,석촌,2816,평일,22:30,62.7
202406,8,상선,송파,2817,평일,22:30,35.2
202406,8,하선,송파,2817,평일,22:30,57.4
202406,8,상선,가락시장,2818,평일,22:30,36.0
202406,8,하선,가락시장,2818,평일,22:30,57.6
202406,8,상선,문정,2819,평일,22:30,29.7
202406,8,하선,문정,2819,평일,22:30,53.1
202406,8,상선,장지,2820,평일,22:30,22.2
202406,8,하선,장지,2820,평일,22:30,45.5
202406,8,상선,복정,2821,평일,22:30,21.3
202406,8,하선,복정,2821,평일,22:30,36.9
202406,8,상선,산성,2822,평일,22:30,7.4
202406,8,하선,산성,2822,평일,22:30,27.4
202406,8,상선,남한산성입구,2823,평일,22:30,7.4
202406,8,하선,남한산성입구,2823,평일,22:30,17.8
202406,8,상선,단대오거리,2824,평일,22:30,8.5
202406,8,하선,단대오거리,2824,평일,22:30,8.6
202406,8,상선,신흥,2825,평일,22:30,7.6
202406,8,하선,신흥,2825,평일,22:30,4.8
202406,8,상선,수진,2826,평일,22:30,7.7
202406,8,하선,수진,2826,평일,22:30,2.2
202406,8,상선,모란,2827,평일,22:30,8.4
202406,8,하선,모란,2827,평일,22:30,0.0
202406,8,상선,암사,2811,토요일,22:30,0.0
202406,8,하선,암사,2811,토요일,22:30,2.5
202406,8,상선,천호,2812,토요일,22:30,15.1
202406,8,하선,천호,2812,토요일,22:30,16.1
202406,8,상선,강동구청,2813,토요일,22:30,31.5
202406,8,하선,강동구청,2813,토요일,22:30,15.7
202406,8,상선,몽촌토성,2814,토요일,22:30,34.6
202406,8,하선,몽촌토성,2814,토요일,22:30,16.7
202406,8,상선,잠실,2815,토요일,22:30,36.8
202406,8,하선,잠실,2815,토요일,22:30,43.5
202406,8,상선,석촌,2816,토요일,22:30,29.0
202406,8,하선,석촌,2816,토요일,22:30,54.8
202406,8,상선,송파,2817,토요일,22:30,26.0
202406,8,하선,송파,2817,토요일,22:30,50.5
202406,8,상선,가락시장,2818,토요일,22:30,26.2
202406,8,하선,가락시장,2818,토요일,22:30,48.9
202406,8,상선,문정,2819,토요일,22:30,20.7
202406,8,하선,문정,2819,토요일,22:30,45.4
202406,8,상선,장지,2820,토요일,22:30,17.6
202406,8,하선,장지,2820,토요일,22:30,38.7
202406,8,상선,복정,2821,토요일,22:30,16.6
202406,8,하선,복정,2821,토요일,22:30,28.9
202406,8,상선,산성,2822,토요일,22:30,6.1
202406,8,하선,산성,2822,토요일,22:30,21.4
202406,8,상선,남한산성입구,2823,토요일,22:30,7.0
202406,8,하선,남한산성입구,2823,토요일,22:30,14.5
202406,8,상선,단대오거리,2824,토요일,22:30,8.9
202406,8,하선,단대오거리,2824,토요일,22:30,7.7
202406,8,상선,신흥,2825,토요일,22:30,8.2
202406,8,하선,신흥,2825,토요일,22:30,4.7
202406,8,상선,수진,2826,토요일,22:30,8.0
202406,8,하선,수진,2826,토요일,22:30,1.7
202406,8,상선,모란,2827,토요일,22:30,8.7
202406,8,하선,모란,2827,토요일,22:30,0.0
202406,8,상선,암사,2811,일요일,22:30,0.0
202406,8,하선,암사,2811,일요일,22:30,2.1
202406,8,상선,천호,2812,일요일,22:30,8.7
202406,8,하선,천호,2812,일요일,22:30,11.6
202406,8,상선,강동구청,2813,일요일,22:30,22.0
202406,8,하선,강동구청,2813,일요일,22:30,10.8
202406,8,상선,몽촌토성,2814,일요일,22:30,24.0
202406,8,하선,몽촌토성,2814,일요일,22:30,11.5
202406,8,상선,잠실,2815,일요일,22:30,25.6
202406,8,하선,잠실,2815,일요일,22:30,30.5
202406,8,상선,석촌,2816,일요일,22:30,18.5
202406,8,하선,석촌,2816,일요일,22:30,34.9
202406,8,상선,송파,2817,일요일,22:30,18.1
202406,8,하선,송파,2817,일요일,22:30,37.2
202406,8,상선,가락시장,2818,일요일,22:30,18.3
202406,8,하선,가락시장,2818,일요일,22:30,36.1
202406,8,상선,문정,2819,일요일,22:30,13.8
202406,8,하선,문정,2819,일요일,22:30,30.9
202406,8,상선,장지,2820,일요일,22:30,12.9
202406,8,하선,장지,2820,일요일,22:30,26.5
202406,8,상선,복정,2821,일요일,22:30,11.7
202406,8,하선,복정,2821,일요일,22:30,21.2
202406,8,상선,산성,2822,일요일,22:30,3.5
202406,8,하선,산성,2822,일요일,22:30,18.5
202406,8,상선,남한산성입구,2823,일요일,22:30,4.1
202406,8,하선,남한산성입구,2823,일요일,22:30,12.2
202406,8,상선,단대오거리,2824,일요일,22:30,4.7
202406,8,하선,단대오거리,2824,일요일,22:30,6.4
202406,8,상선,신흥,2825,일요일,22:30,4.5
202406,8,하선,신흥,2825,일요일,22:30,3.6
202406,8,상선,수진,2826,일요일,22:30,4.3
202406,8,하선,수진,2826,일요일,22:30,1.8
202406,8,상선,모란,2827,일요일,22:30,4.8
2020,8,상선,암사,2811,평일,23:00,0.0
2020,8,하선,암사,2811,평일,23:00,2.1
2020,8,상선,천호,2812,평일,23:00,8.0
2020,8,하선,천호,2812,평일,23:00,7.2
2020,8,상선,강동구청,2813,평일,23:00,20.6
2020,8,하선,강동구청,2813,평일,23:00,7.5
2020,8,상선,몽촌토성,2814,평일,23:00,23.3
2020,8,하선,몽촌토성,2814,평일,23:00,8.0
2020,8,상선,잠실,2815,평일,23:00,23.4
2020,8,하선,잠실,2815,평일,23:00,18.6
2020,8,상선,석촌,2816,평일,23:00,20.8
2020,8,하선,석촌,2816,평일,23:00,22.4
2020,8,상선,송파,2817,평일,23:00,19.9
2020,8,하선,송파,2817,평일,23:00,20.6
2020,8,상선,가락시장,2818,평일,23:00,18.9
2020,8,하선,가락시장,2818,평일,23:00,20.3
2020,8,상선,문정,2819,평일,23:00,18.1
2020,8,하선,문정,2819,평일,23:00,19.0
2020,8,상선,장지,2820,평일,23:00,14.9
2020,8,하선,장지,2820,평일,23:00,16.3
2020,8,상선,복정,2821,평일,23:00,12.3
2020,8,하선,복정,2821,평일,23:00,12.1
2020,8,상선,산성,2822,평일,23:00,3.9
2020,8,하선,산성,2822,평일,23:00,11.1
2020,8,상선,남한산성입구,2823,평일,23:00,3.6
2020,8,하선,남한산성입구,2823,평일,23:00,6.7
2020,8,상선,단대오거리,2824,평일,23:00,3.3
2020,8,하선,단대오거리,2824,평일,23:00,3.1
2020,8,상선,신흥,2825,평일,23:00,2.5
2020,8,하선,신흥,2825,평일,23:00,1.9
2020,8,상선,수진,2826,평일,23:00,2.2
2020,8,하선,수진,2826,평일,23:00,1.1
2020,8,상선,모란,2827,평일,23:00,2.3
2020,8,하선,모란,2827,평일,23:00,0.0
2020,8,상선,암사,2811,토요일,23:00,0.0
2020,8,하선,암사,2811,토요일,23:00,2.0
2020,8,상선,천호,2812,토요일,23:00,7.2
2020,8,하선,천호,2812,토요일,23:00,9.5
2020,8,상선,강동구청,2813,토요일,23:00,17.9
2020,8,하선,강동구청,2813,토요일,23:00,9.4
2020,8,상선,몽촌토성,2814,토요일,23:00,20.7
2020,8,하선,몽촌토성,2814,토요일,23:00,9.9
2020,8,상선,잠실,2815,토요일,23:00,21.0
2020,8,하선,잠실,2815,토요일,23:00,24.3
2020,8,상선,석촌,2816,토요일,23:00,16.2
2020,8,하선,석촌,2816,토요일,23:00,26.0
2020,8,상선,송파,2817,토요일,23:00,16.1
2020,8,하선,송파,2817,토요일,23:00,24.4
2020,8,상선,가락시장,2818,토요일,23:00,16.0
2020,8,하선,가락시장,2818,토요일,23:00,24.1
2020,8,상선,문정,2819,토요일,23:00,12.5
2020,8,하선,문정,2819,토요일,23:00,21.9
2020,8,상선,장지,2820,토요일,23:00,10.7
2020,8,하선,장지,2820,토요일,23:00,18.1
2020,8,상선,복정,2821,토요일,23:00,8.8
2020,8,하선,복정,2821,토요일,23:00,13.6
2020,8,상선,산성,2822,토요일,23:00,3.7
2020,8,하선,산성,2822,토요일,23:00,11.0
2020,8,상선,남한산성입구,2823,토요일,23:00,3.1
2020,8,하선,남한산성입구,2823,토요일,23:00,6.8
2020,8,상선,단대오거리,2824,토요일,23:00,3.8
2020,8,하선,단대오거리,2824,토요일,23:00,3.3
2020,8,상선,신흥,2825,토요일,23:00,3.1
2020,8,하선,신흥,2825,토요일,23:00,2.3
2020,8,상선,수진,2826,토요일,23:00,3.2
2020,8,하선,수진,2826,토요일,23:00,1.1
2020,8,상선,모란,2827,토요일,23:00,3.1
2020,8,하선,모란,2827,토요일,23:00,0.0
2020,8,상선,암사,2811,일요일,23:00,0.0
2020,8,하선,암사,2811,일요일,23:00,1.1
2020,8,상선,천호,2812,일요일,23:00,5.1
2020,8,하선,천호,2812,일요일,23:00,4.9
2020,8,상선,강동구청,2813,일요일,23:00,11.2
2020,8,하선,강동구청,2813,일요일,23:00,5.3
2020,8,상선,몽촌토성,2814,일요일,23:00,13.4
2020,8,하선,몽촌토성,2814,일요일,23:00,5.7
2020,8,상선,잠실,2815,일요일,23:00,13.8
2020,8,하선,잠실,2815,일요일,23:00,15.2
2020,8,상선,석촌,2816,일요일,23:00,11.2
2020,8,하선,석촌,2816,일요일,23:00,15.1
2020,8,상선,송파,2817,일요일,23:00,11.6
2020,8,하선,송파,2817,일요일,23:00,14.2
2020,8,상선,가락시장,2818,일요일,23:00,11.4
2021,8,상선,암사,2811,평일,23:00,0.0
2021,8,하선,암사,2811,평일,23:00,2.4
2021,8,상선,천호,2812,평일,23:00,11.3
2021,8,하선,천호,2812,평일,23:00,10.2
2021,8,상선,강동구청,2813,평일,23:00,26.2
2021,8,하선,강동구청,2813,평일,23:00,10.0
2021,8,상선,몽촌토성,2814,평일,23:00,30.2
2021,8,하선,몽촌토성,2814,평일,23:00,10.5
2021,8,상선,잠실,2815,평일,23:00,30.4
2021,8,하선,잠실,2815,평일,23:00,24.6
2021,8,상선,석촌,2816,평일,23:00,22.3
2021,8,하선,석촌,2816,평일,23:00,29.0
2021,8,상선,송파,2817,평일,23:00,22.5
2021,8,하선,송파,2817,평일,23:00,26.7
2021,8,상선,가락시장,2818,평일,23:00,22.3
2021,8,하선,가락시장,2818,평일,23:00,26.8
2021,8,상선,문정,2819,평일,23:00,20.1
2021,8,하선,문정,2819,평일,23:00,25.5
2021,8,상선,장지,2820,평일,23:00,15.8
2021,8,하선,장지,2820,평일,23:00,21.0
2021,8,상선,복정,2821,평일,23:00,14.3
2021,8,하선,복정,2821,평일,23:00,15.4
2021,8,상선,산성,2822,평일,23:00,3.5
2021,8,하선,산성,2822,평일,23:00,14.3
2021,8,상선,남한산성입구,2823,평일,23:00,3.3
2021,8,하선,남한산성입구,2823,평일,23:00,8.1
2021,8,상선,단대오거리,2824,평일,23:00,4.0
2021,8,하선,단대오거리,2824,평일,23:00,3.7
2021,8,상선,신흥,2825,평일,23:00,3.6
2021,8,하선,신흥,2825,평일,23:00,2.4
2021,8,상선,수진,2826,평일,23:00,3.5
2021,8,하선,수진,2826,평일,23:00,1.0
2021,8,상선,모란,2827,평일,23:00,3.6
2021,8,하선,모란,2827,평일,23:00,0.0
2021,8,상선,암사,2811,토요일,23:00,0.0
2021,8,하선,암사,2811,토요일,23:00,2.3
2021,8,상선,천호,2812,토요일,23:00,9.3
2021,8,하선,천호,2812,토요일,23:00,8.4
2021,8,상선,강동구청,2813,토요일,23:00,22.3
2021,8,하선,강동구청,2813,토요일,23:00,8.5
2021,8,상선,몽촌토성,2814,토요일,23:00,26.5
2021,8,하선,몽촌토성,2814,토요일,23:00,9.2
2021,8,상선,잠실,2815,토요일,23:00,26.9
2021,8,하선,잠실,2815,토요일,23:00,25.6
2021,8,상선,석촌,2816,토요일,23:00,19.1
2021,8,하선,석촌,2816,토요일,23:00,29.7
2021,8,상선,송파,2817,토요일,23:00,15.8
2021,8,하선,송파,2817,토요일,23:00,27.4
2021,8,상선,가락시장,2818,토요일,23:00,16.0
2021,8,하선,가락시장,2818,토요일,23:00,26.9
2021,8,상선,문정,2819,토요일,23:00,12.1
2021,8,하선,문정,2819,토요일,23:00,23.8
2021,8,상선,장지,2820,토요일,23:00,11.2
2021,8,하선,장지,2820,토요일,23:00,19.8
2021,8,상선,복정,2821,토요일,23:00,10.0
2021,8,하선,복정,2821,토요일,23:00,13.5
2021,8,상선,산성,2822,토요일,23:00,2.8
2021,8,하선,산성,2822,토요일,23:00,11.2
2021,8,상선,남한산성입구,2823,토요일,23:00,3.0
2021,8,하선,남한산성입구,2823,토요일,23:00,6.6
2021,8,상선,단대오거리,2824,토요일,23:00,3.3
2021,8,하선,단대오거리,2824,토요일,23:00,3.2
2021,8,상선,신흥,2825,토요일,23:00,3.5
2021,8,하선,신흥,2825,토요일,23:00,2.5
2021,8,상선,수진,2826,토요일,23:00,3.6
2021,8,하선,수진,2826,토요일,23:00,1.1
2021,8,상선,모란,2827,토요일,23:00,4.2
2021,8,하선,모란,2827,토요일,23:00,0.0
2022,8,상선,암사,2811,평일,23:00,0.0
2022,8,하선,암사,2811,평일,23:00,1.8
2022,8,상선,천호,2812,평일,23:00,14.2
2022,8,하선,천호,2812,평일,23:00,10.4
2022,8,상선,강동구청,2813,평일,23:00,33.9
2022,8,하선,강동구청,2813,평일,23:00,10.2
2022,8,상선,몽촌토성,2814,평일,23:00,38.6
2022,8,하선,몽촌토성,2814,평일,23:00,10.2
2022,8,상선,잠실,2815,평일,23:00,40.3
2022,8,하선,잠실,2815,평일,23:00,25.9
2022,8,상선,석촌,2816,평일,23:00,26.8
2022,8,하선,석촌,2816,평일,23:00,32.9
2022,8,상선,송파,2817,평일,23:00,26.3
2022,8,하선,송파,2817,평일,23:00,29.7
2022,8,상선,가락시장,2818,평일,23:00,26.6
2022,8,하선,가락시장,2818,평일,23:00,30.3
2022,8,상선,문정,2819,평일,23:00,21.9
2022,8,하선,문정,2819,평일,23:00,27.8
2022,8,상선,장지,2820,평일,23:00,17.0
2022,8,하선,장지,2820,평일,23:00,23.3
2022,8,상선,복정,2821,평일,23:00,15.1
2022,8,하선,복정,2821,평일,23:00,19.7
2022,8,상선,산성,2822,평일,23:00,5.6
2022,8,하선,산성,2822,평일,23:00,16.0
2022,8,상선,남한산성입구,2823,평일,23:00,5.2
2022,8,하선,남한산성입구,2823,평일,23:00,10.0
2022,8,상선,단대오거리,2824,평일,23:00,4.8
2022,8,하선,단대오거리,2824,평일,23:00,4.6
2022,8,상선,신흥,2825,평일,23:00,5.1
2022,8,하선,신흥,2825,평일,23:00,2.6
2022,8,상선,수진,2826,평일,23:00,5.3
2022,8,하선,수진,2826,평일,23:00,1.3
2022,8,상선,모란,2827,평일,23:00,5.3
2022,8,하선,모란,2827,평일,23:00,0.0
2022,8,상선,암사,2811,토요일,23:00,0.0
2022,8,하선,암사,2811,토요일,23:00,2.6
2022,8,상선,천호,2812,토요일,23:00,12.0
2022,8,하선,천호,2812,토요일,23:00,12.8
2022,8,상선,강동구청,2813,토요일,23:00,25.3
2022,8,하선,강동구청,2813,토요일,23:00,12.2
2022,8,상선,몽촌토성,2814,토요일,23:00,25.7
2022,8,하선,몽촌토성,2814,토요일,23:00,12.5
2022,8,상선,잠실,2815,토요일,23:00,26.2
2022,8,하선,잠실,2815,토요일,23:00,38.4
2022,8,상선,석촌,2816,토요일,23:00,19.9
2022,8,하선,석촌,2816,토요일,23:00,45.7
2022,8,상선,송파,2817,토요일,23:00,17.8
2022,8,하선,송파,2817,토요일,23:00,38.1
2022,8,상선,가락시장,2818,토요일,23:00,18.1
2022,8,하선,가락시장,2818,토요일,23:00,38.0
2022,8,상선,문정,2819,토요일,23:00,12.8
2022,8,하선,문정,2819,토요일,23:00,35.3
2022,8,상선,장지,2820,토요일,23:00,10.3
2022,8,하선,장지,2820,토요일,23:00,30.2
2022,8,상선,복정,2821,토요일,23:00,9.4
2022,8,하선,복정,2821,토요일,23:00,20.9
2022,8,상선,산성,2822,토요일,23:00,3.5
2022,8,하선,산성,2822,토요일,23:00,19.5
2022,8,상선,남한산성입구,2823,토요일,23:00,3.7
2022,8,하선,남한산성입구,2823,토요일,23:00,12.4
2022,8,상선,단대오거리,2824,토요일,23:00,4.2
2022,8,하선,단대오거리,2824,토요일,23:00,6.3
2022,8,상선,신흥,2825,토요일,23:00,4.1
2022,8,하선,신흥,2825,토요일,23:00,3.5
2022,8,상선,암사,2811,공휴일,23:00,0.0
2022,8,하선,암사,2811,공휴일,23:00,1.1
2022,8,상선,천호,2812,공휴일,23:00,5.9
2022,8,하선,천호,2812,공휴일,23:00,7.6
2022,8,상선,강동구청,2813,공휴일,23:00,12.8
2022,8,하선,강동구청,2813,공휴일,23:00,7.9
2022,8,상선,몽촌토성,2814,공휴일,23:00,14.3
2022,8,하선,몽촌토성,2814,공휴일,23:00,8.2
2022,8,상선,잠실,2815,공휴일,23:00,14.6
2022,8,하선,잠실,2815,공휴일,23:00,21.9
2022,8,상선,석촌,2816,공휴일,23:00,13.3
2022,8,하선,석촌,2816,공휴일,23:00,24.9
2022,8,상선,송파,2817,공휴일,23:00,13.1
2022,8,하선,송파,2817,공휴일,23:00,24.7
2022,8,상선,가락시장,2818,공휴일,23:00,13.3
2022,8,하선,가락시장,2818,공휴일,23:00,23.0
2022,8,상선,문정,2819,공휴일,23:00,10.5
2022,8,하선,문정,2819,공휴일,23:00,20.5
2022,8,상선,장지,2820,공휴일,23:00,10.3
2022,8,하선,장지,2820,공휴일,23:00,18.3
2022,8,상선,복정,2821,공휴일,23:00,8.1
2022,8,하선,복정,2821,공휴일,23:00,16.8
2022,8,상선,산성,2822,공휴일,23:00,2.5
2022,8,하선,산성,2822,공휴일,23:00,12.9
2022,8,상선,남한산성입구,2823,공휴일,23:00,2.5
2022,8,하선,남한산성입구,2823,공휴일,23:00,8.0
2022,8,상선,단대오거리,2824,공휴일,23:00,2.6
2022,8,하선,단대오거리,2824,공휴일,23:00,3.8
2022,8,상선,신흥,2825,공휴일,23:00,2.2
2022,8,하선,신흥,2825,공휴일,23:00,2.3
2022,8,상선,수진,2826,공휴일,23:00,2.3
2022,8,하선,수진,2826,공휴일,23:00,1.0
2022,8,상선,모란,2827,공휴일,23:00,2.5
2022,8,하선,모란,2827,공휴일,23:00,0.0
2023,8,상선,암사,2811,평일,23:00,0.0
2023,8,하선,암사,2811,평일,23:00,2.3
2023,8,상선,천호,2812,평일,23:00,15.0
2023,8,하선,천호,2812,평일,23:00,12.9
2023,8,상선,강동구청,2813,평일,23:00,36.5
2023,8,하선,강동구청,2813,평일,23:00,12.6
2023,8,상선,몽촌토성,2814,평일,23:00,42.5
2023,8,하선,몽촌토성,2814,평일,23:00,11.5
2023,8,상선,잠실,2815,평일,23:00,44.3
2023,8,하선,잠실,2815,평일,23:00,30.0
2023,8,상선,석촌,2816,평일,23:00,29.2
2023,8,하선,석촌,2816,평일,23:00,37.5
2023,8,상선,송파,2817,평일,23:00,28.9
2023,8,하선,송파,2817,평일,23:00,34.3
2023,8,상선,가락시장,2818,평일,23:00,29.1
2023,8,하선,가락시장,2818,평일,23:00,34.1
2023,8,상선,문정,2819,평일,23:00,23.0
2023,8,하선,문정,2819,평일,23:00,31.5
2023,8,상선,장지,2820,평일,23:00,17.3
2023,8,하선,장지,2820,평일,23:00,26.5
2023,8,상선,복정,2821,평일,23:00,15.7
2023,8,하선,복정,2821,평일,23:00,22.2
2023,8,상선,산성,2822,평일,23:00,5.4
2023,8,하선,산성,2822,평일,23:00,18.8
2023,8,상선,남한산성입구,2823,평일,23:00,5.2
2023,8,하선,남한산성입구,2823,평일,23:00,11.6
2023,8,상선,단대오거리,2824,평일,23:00,5.8
2023,8,하선,단대오거리,2824,평일,23:00,5.0
2023,8,상선,신흥,2825,평일,23:00,6.4
2023,8,하선,신흥,2825,평일,23:00,3.0
2023,8,상선,수진,2826,평일,23:00,6.6
2023,8,하선,수진,2826,평일,23:00,1.7
2023,8,상선,모란,2827,평일,23:00,7.3
2023,8,하선,모란,2827,평일,23:00,0.0
2023,8,상선,암사,2811,토요일,23:00,0.0
2023,8,하선,암사,2811,토요일,23:00,2.6
2023,8,상선,천호,2812,토요일,23:00,11.3
2023,8,하선,천호,2812,토요일,23:00,12.7
2023,8,상선,강동구청,2813,토요일,23:00,25.6
2023,8,하선,강동구청,2813,토요일,23:00,12.1
2023,8,상선,몽촌토성,2814,토요일,23:00,25.9
2023,8,하선,몽촌토성,2814,토요일,23:00,13.0
2023,8,상선,잠실,2815,토요일,23:00,27.1
2023,8,하선,잠실,2815,토요일,23:00,40.9
2023,8,상선,석촌,2816,토요일,23:00,22.3
2023,8,하선,석촌,2816,토요일,23:00,48.6
2023,8,상선,송파,2817,토요일,23:00,20.0
2023,8,하선,송파,2817,토요일,23:00,41.3
2023,8,상선,가락시장,2818,토요일,23:00,20.3
2023,8,하선,가락시장,2818,토요일,23:00,40.8
2023,8,상선,문정,2819,토요일,23:00,16.2
2023,8,하선,문정,2819,토요일,23:00,37.1
2023,8,상선,장지,2820,토요일,23:00,12.8
2023,8,하선,장지,2820,토요일,23:00,31.3
2023,8,상선,복정,2821,토요일,23:00,11.3
2023,8,하선,복정,2821,토요일,23:00,26.2
2023,8,상선,산성,2822,토요일,23:00,3.5
2023,8,하선,산성,2822,토요일,23:00,18.5
2023,8,상선,남한산성입구,2823,토요일,23:00,3.9
2023,8,하선,남한산성입구,2823,토요일,23:00,12.2
2023,8,상선,단대오거리,2824,토요일,23:00,4.4
2023,8,하선,단대오거리,2824,토요일,23:00,5.8
2023,8,상선,신흥,2825,토요일,23:00,3.6
2023,8,하선,신흥,2825,토요일,23:00,2.9
2023,8,상선,수진,2826,토요일,23:00,3.2
2023,8,하선,수진,2826,토요일,23:00,1.1
2023,8,상선,모란,2827,토요일,23:00,3.8
2023,8,하선,모란,2827,토요일,23:00,0.0
2023,8,상선,암사,2811,일요일,23:00,0.0
2023,8,하선,암사,2811,일요일,23:00,2.0
2023,8,상선,천호,2812,일요일,23:00,7.0
2023,8,하선,천호,2812,일요일,23:00,7.8
2023,8,상선,강동구청,2813,일요일,23:00,15.5
2023,8,하선,강동구청,2813,일요일,23:00,7.2
2023,8,상선,몽촌토성,2814,일요일,23:00,17.3
2023,8,하선,몽촌토성,2814,일요일,23:00,7.7
2023,8,상선,잠실,2815,일요일,23:00,17.5
2023,8,하선,잠실,2815,일요일,23:00,22.1
2023,8,상선,석촌,2816,일요일,23:00,14.1
2023,8,하선,석촌,2816,일요일,23:00,25.9
2023,8,상선,송파,2817,일요일,23:00,14.2
2023,8,하선,송파,2817,일요일,23:00,23.4
2023,8,상선,가락시장,2818,일요일,23:00,14.4
2023,8,하선,가락시장,2818,일요일,23:00,22.6
2023,8,상선,문정,2819,일요일,23:00,11.3
2023,8,하선,문정,2819,일요일,23:00,20.7
2023,8,상선,장지,2820,일요일,23:00,8.1
2023,8,하선,장지,2820,일요일,23:00,17.6
2023,8,상선,복정,2821,일요일,23:00,6.5
2023,8,하선,복정,2821,일요일,23:00,14.6
2023,8,상선,산성,2822,일요일,23:00,2.7
2023,8,하선,산성,2822,일요일,23:00,12.9
2023,8,상선,남한산성입구,2823,일요일,23:00,3.1
2023,8,하선,남한산성입구,2823,일요일,23:00,8.5
2023,8,상선,단대오거리,2824,일요일,23:00,3.2
2023,8,하선,단대오거리,2824,일요일,23:00,4.1
2023,8,상선,신흥,2825,일요일,23:00,3.1
2023,8,하선,신흥,2825,일요일,23:00,2.6
2023,8,상선,수진,2826,일요일,23:00,2.9
2023,8,하선,수진,2826,일요일,23:00,1.0
2023,8,상선,모란,2827,일요일,23:00,3.4
202403,8,상선,암사,2811,평일,23:00,0.0
202403,8,하선,암사,2811,평일,23:00,2.3
202403,8,상선,천호,2812,평일,23:00,16.1
202403,8,하선,천호,2812,평일,23:00,12.8
202403,8,상선,강동구청,2813,평일,23:00,37.0
202403,8,하선,강동구청,2813,평일,23:00,11.9
202403,8,상선,몽촌토성,2814,평일,23:00,42.2
202403,8,하선,몽촌토성,2814,평일,23:00,11.6
202403,8,상선,잠실,2815,평일,23:00,44.4
202403,8,하선,잠실,2815,평일,23:00,32.2
202403,8,상선,석촌,2816,평일,23:00,29.8
202403,8,하선,석촌,2816,평일,23:00,39.7
202403,8,상선,송파,2817,평일,23:00,29.3
202403,8,하선,송파,2817,평일,23:00,36.2
202403,8,상선,가락시장,2818,평일,23:00,29.4
202403,8,하선,가락시장,2818,평일,23:00,37.0
202403,8,상선,문정,2819,평일,23:00,24.7
202403,8,하선,문정,2819,평일,23:00,34.6
202403,8,상선,장지,2820,평일,23:00,17.9
202403,8,하선,장지,2820,평일,23:00,29.5
202403,8,상선,복정,2821,평일,23:00,16.7
202403,8,하선,복정,2821,평일,23:00,24.7
202403,8,상선,산성,2822,평일,23:00,6.8
202403,8,하선,산성,2822,평일,23:00,19.9
202403,8,상선,남한산성입구,2823,평일,23:00,6.3
202403,8,하선,남한산성입구,2823,평일,23:00,12.9
202403,8,상선,단대오거리,2824,평일,23:00,6.4
202403,8,하선,단대오거리,2824,평일,23:00,6.1
202403,8,상선,신흥,2825,평일,23:00,6.3
202403,8,하선,신흥,2825,평일,23:00,3.5
202403,8,상선,수진,2826,평일,23:00,6.3
202403,8,하선,수진,2826,평일,23:00,1.8
202403,8,상선,모란,2827,평일,23:00,7.1
202403,8,하선,모란,2827,평일,23:00,0.0
202403,8,상선,암사,2811,토요일,23:00,0.0
202403,8,하선,암사,2811,토요일,23:00,2.3
202403,8,상선,천호,2812,토요일,23:00,13.5
202403,8,하선,천호,2812,토요일,23:00,13.9
202403,8,상선,강동구청,2813,토요일,23:00,26.1
202403,8,하선,강동구청,2813,토요일,23:00,13.4
202403,8,상선,몽촌토성,2814,토요일,23:00,29.6
202403,8,하선,몽촌토성,2814,토요일,23:00,14.5
202403,8,상선,잠실,2815,토요일,23:00,30.0
202403,8,하선,잠실,2815,토요일,23:00,43.8
202403,8,상선,석촌,2816,토요일,23:00,21.0
202403,8,하선,석촌,2816,토요일,23:00,49.1
202403,8,상선,송파,2817,토요일,23:00,19.7
202403,8,하선,송파,2817,토요일,23:00,43.9
202403,8,상선,가락시장,2818,토요일,23:00,20.0
202403,8,하선,가락시장,2818,토요일,23:00,41.8
202403,8,상선,문정,2819,토요일,23:00,16.4
202403,8,하선,문정,2819,토요일,23:00,37.9
202403,8,상선,장지,2820,토요일,23:00,11.1
202403,8,하선,장지,2820,토요일,23:00,31.6
202403,8,상선,복정,2821,토요일,23:00,9.7
202403,8,하선,복정,2821,토요일,23:00,23.3
202403,8,상선,산성,2822,토요일,23:00,4.3
202403,8,하선,산성,2822,토요일,23:00,20.7
202403,8,상선,남한산성입구,2823,토요일,23:00,4.5
202403,8,하선,남한산성입구,2823,토요일,23:00,13.7
202403,8,상선,단대오거리,2824,토요일,23:00,5.2
202403,8,하선,단대오거리,2824,토요일,23:00,6.4
202403,8,상선,신흥,2825,토요일,23:00,5.0
202403,8,하선,신흥,2825,토요일,23:00,3.8
202403,8,상선,수진,2826,토요일,23:00,4.4
202403,8,하선,수진,2826,토요일,23:00,1.8
202403,8,상선,모란,2827,토요일,23:00,4.7
202403,8,하선,모란,2827,토요일,23:00,0.0
202403,8,상선,암사,2811,일요일,23:00,0.0
202403,8,하선,암사,2811,일요일,23:00,1.9
202403,8,상선,천호,2812,일요일,23:00,8.0
202403,8,하선,천호,2812,일요일,23:00,8.5
202403,8,상선,강동구청,2813,일요일,23:00,15.6
202403,8,하선,강동구청,2813,일요일,23:00,8.2
202403,8,상선,몽촌토성,2814,일요일,23:00,16.7
202403,8,하선,몽촌토성,2814,일요일,23:00,8.7
202403,8,상선,잠실,2815,일요일,23:00,17.7
202403,8,하선,잠실,2815,일요일,23:00,26.3
202403,8,상선,석촌,2816,일요일,23:00,14.7
202403,8,하선,석촌,2816,일요일,23:00,30.7
202403,8,상선,송파,2817,일요일,23:00,14.2
202403,8,하선,송파,2817,일요일,23:00,28.2
202403,8,상선,가락시장,2818,일요일,23:00,14.5
202403,8,하선,가락시장,2818,일요일,23:00,27.0
202403,8,상선,문정,2819,일요일,23:00,11.8
202403,8,하선,문정,2819,일요일,23:00,24.7
202403,8,상선,장지,2820,일요일,23:00,8.0
202403,8,하선,장지,2820,일요일,23:00,21.3
202403,8,상선,복정,2821,일요일,23:00,6.4
202403,8,하선,복정,2821,일요일,23:00,16.0
202403,8,상선,산성,2822,일요일,23:00,2.3
202403,8,하선,산성,2822,일요일,23:00,13.0
202403,8,상선,남한산성입구,2823,일요일,23:00,3.2
202403,8,하선,남한산성입구,2823,일요일,23:00,7.8
202403,8,상선,단대오거리,2824,일요일,23:00,3.5
202403,8,하선,단대오거리,2824,일요일,23:00,3.3
202403,8,상선,신흥,2825,일요일,23:00,4.1
202403,8,하선,신흥,2825,일요일,23:00,2.3
202403,8,상선,수진,2826,일요일,23:00,3.5
202403,8,하선,수진,2826,일요일,23:00,1.2
202403,8,상선,모란,2827,일요일,23:00,3.4
202406,8,상선,암사,2811,평일,23:00,0.0
202406,8,하선,암사,2811,평일,23:00,2.2
202406,8,상선,천호,2812,평일,23:00,15.9
202406,8,하선,천호,2812,평일,23:00,13.0
202406,8,상선,강동구청,2813,평일,23:00,38.0
202406,8,하선,강동구청,2813,평일,23:00,12.6
202406,8,상선,몽촌토성,2814,평일,23:00,43.3
202406,8,하선,몽촌토성,2814,평일,23:00,12.1
202406,8,상선,잠실,2815,평일,23:00,45.6
202406,8,하선,잠실,2815,평일,23:00,32.9
202406,8,상선,석촌,2816,평일,23:00,29.0
202406,8,하선,석촌,2816,평일,23:00,40.8
202406,8,상선,송파,2817,평일,23:00,27.0
202406,8,하선,송파,2817,평일,23:00,37.6
202406,8,상선,가락시장,2818,평일,23:00,27.3
202406,8,하선,가락시장,2818,평일,23:00,37.6
202406,8,상선,문정,2819,평일,23:00,23.3
202406,8,하선,문정,2819,평일,23:00,35.2
202406,8,상선,장지,2820,평일,23:00,16.7
202406,8,하선,장지,2820,평일,23:00,30.1
202406,8,상선,복정,2821,평일,23:00,15.2
202406,8,하선,복정,2821,평일,23:00,25.0
202406,8,상선,산성,2822,평일,23:00,5.4
202406,8,하선,산성,2822,평일,23:00,21.0
202406,8,상선,남한산성입구,2823,평일,23:00,5.0
202406,8,하선,남한산성입구,2823,평일,23:00,13.2
202406,8,상선,단대오거리,2824,평일,23:00,6.1
202406,8,하선,단대오거리,2824,평일,23:00,5.8
202406,8,상선,신흥,2825,평일,23:00,6.6
202406,8,하선,신흥,2825,평일,23:00,3.4
202406,8,상선,수진,2826,평일,23:00,6.9
202406,8,하선,수진,2826,평일,23:00,1.6
202406,8,상선,모란,2827,평일,23:00,7.8
202406,8,하선,모란,2827,평일,23:00,0.0
202406,8,상선,암사,2811,토요일,23:00,0.0
202406,8,하선,암사,2811,토요일,23:00,2.7
202406,8,상선,천호,2812,토요일,23:00,13.0
202406,8,하선,천호,2812,토요일,23:00,15.3
202406,8,상선,강동구청,2813,토요일,23:00,25.2
202406,8,하선,강동구청,2813,토요일,23:00,14.1
202406,8,상선,몽촌토성,2814,토요일,23:00,26.0
202406,8,하선,몽촌토성,2814,토요일,23:00,15.1
202406,8,상선,잠실,2815,토요일,23:00,26.5
202406,8,하선,잠실,2815,토요일,23:00,44.2
202406,8,상선,석촌,2816,토요일,23:00,22.2
202406,8,하선,석촌,2816,토요일,23:00,49.5
202406,8,상선,송파,2817,토요일,23:00,20.7
202406,8,하선,송파,2817,토요일,23:00,47.4
202406,8,상선,가락시장,2818,토요일,23:00,20.9
202406,8,하선,가락시장,2818,토요일,23:00,46.2
202406,8,상선,문정,2819,토요일,23:00,16.9
202406,8,하선,문정,2819,토요일,23:00,40.2
202406,8,상선,장지,2820,토요일,23:00,10.7
202406,8,하선,장지,2820,토요일,23:00,33.9
202406,8,상선,복정,2821,토요일,23:00,8.9
202406,8,하선,복정,2821,토요일,23:00,25.4
202406,8,상선,산성,2822,토요일,23:00,3.5
202406,8,하선,산성,2822,토요일,23:00,19.4
202406,8,상선,남한산성입구,2823,토요일,23:00,4.1
202406,8,하선,남한산성입구,2823,토요일,23:00,13.0
202406,8,상선,단대오거리,2824,토요일,23:00,4.6
202406,8,하선,단대오거리,2824,토요일,23:00,6.6
202406,8,상선,신흥,2825,토요일,23:00,5.0
202406,8,하선,신흥,2825,토요일,23:00,4.2
202406,8,상선,수진,2826,토요일,23:00,4.3
202406,8,하선,수진,2826,토요일,23:00,1.9
202406,8,상선,모란,2827,토요일,23:00,4.6
202406,8,하선,모란,2827,토요일,23:00,0.0
202406,8,상선,암사,2811,일요일,23:00,0.0
202406,8,하선,암사,2811,일요일,23:00,1.5
202406,8,상선,천호,2812,일요일,23:00,6.8
202406,8,하선,천호,2812,일요일,23:00,9.1
202406,8,상선,강동구청,2813,일요일,23:00,15.8
202406,8,하선,강동구청,2813,일요일,23:00,8.5
202406,8,상선,몽촌토성,2814,일요일,23:00,16.2
202406,8,하선,몽촌토성,2814,일요일,23:00,9.5
202406,8,상선,잠실,2815,일요일,23:00,17.0
202406,8,하선,잠실,2815,일요일,23:00,21.3
202406,8,상선,석촌,2816,일요일,23:00,12.6
202406,8,하선,석촌,2816,일요일,23:00,24.3
202406,8,상선,송파,2817,일요일,23:00,12.6
202406,8,하선,송파,2817,일요일,23:00,24.9
202406,8,상선,가락시장,2818,일요일,23:00,12.6
202406,8,하선,가락시장,2818,일요일,23:00,23.5
202406,8,상선,문정,2819,일요일,23:00,10.5
202406,8,하선,문정,2819,일요일,23:00,20.7
202406,8,상선,장지,2820,일요일,23:00,6.8
202406,8,하선,장지,2820,일요일,23:00,17.2
202406,8,상선,복정,2821,일요일,23:00,6.1
202406,8,하선,복정,2821,일요일,23:00,16.2
202406,8,상선,산성,2822,일요일,23:00,2.4
202406,8,하선,산성,2822,일요일,23:00,10.6
202406,8,상선,남한산성입구,2823,일요일,23:00,2.8
202406,8,하선,남한산성입구,2823,일요일,23:00,6.2
202406,8,상선,단대오거리,2824,일요일,23:00,2.8
202406,8,하선,단대오거리,2824,일요일,23:00,3.3
202406,8,상선,신흥,2825,일요일,23:00,2.6
202406,8,하선,신흥,2825,일요일,23:00,2.0
202406,8,상선,수진,2826,일요일,23:00,2.1
202406,8,하선,수진,2826,일요일,23:00,0.7
202406,8,상선,모란,2827,일요일,23:00,2.5
2020,8,상선,암사,2811,평일,23:30,0.0
2020,8,하선,암사,2811,평일,23:30,1.0
2020,8,상선,천호,2812,평일,23:30,6.7
2020,8,하선,천호,2812,평일,23:30,4.1
2020,8,상선,강동구청,2813,평일,23:30,14.0
2020,8,하선,강동구청,2813,평일,23:30,3.8
2020,8,상선,몽촌토성,2814,평일,23:30,14.5
2020,8,하선,몽촌토성,2814,평일,23:30,3.8
2020,8,상선,잠실,2815,평일,23:30,15.1
2020,8,하선,잠실,2815,평일,23:30,13.3
2020,8,상선,석촌,2816,평일,23:30,10.0
2020,8,하선,석촌,2816,평일,23:30,18.5
2020,8,상선,송파,2817,평일,23:30,6.8
2020,8,하선,송파,2817,평일,23:30,17.0
2020,8,상선,가락시장,2818,평일,23:30,7.1
2020,8,하선,가락시장,2818,평일,23:30,17.0
2020,8,상선,문정,2819,평일,23:30,5.4
2020,8,하선,문정,2819,평일,23:30,16.3
2020,8,상선,장지,2820,평일,23:30,5.0
2020,8,하선,장지,2820,평일,23:30,13.6
2020,8,상선,복정,2821,평일,23:30,5.3
2020,8,하선,복정,2821,평일,23:30,11.5
2020,8,상선,산성,2822,평일,23:30,2.5
2020,8,하선,산성,2822,평일,23:30,8.6
2020,8,상선,남한산성입구,2823,평일,23:30,2.0
2020,8,하선,남한산성입구,2823,평일,23:30,5.0
2020,8,상선,단대오거리,2824,평일,23:30,2.1
2020,8,하선,단대오거리,2824,평일,23:30,1.8
2020,8,상선,신흥,2825,평일,23:30,1.8
2020,8,하선,신흥,2825,평일,23:30,1.2
2020,8,상선,수진,2826,평일,23:30,1.6
2020,8,하선,수진,2826,평일,23:30,0.5
2020,8,상선,모란,2827,평일,23:30,1.7
2020,8,하선,모란,2827,평일,23:30,0.0
2020,8,상선,암사,2811,토요일,23:30,0.0
2020,8,하선,암사,2811,토요일,23:30,1.7
2020,8,상선,천호,2812,토요일,23:30,8.7
2020,8,하선,천호,2812,토요일,23:30,6.1
2020,8,상선,강동구청,2813,토요일,23:30,19.8
2020,8,하선,강동구청,2813,토요일,23:30,6.1
2020,8,상선,몽촌토성,2814,토요일,23:30,17.9
2020,8,하선,몽촌토성,2814,토요일,23:30,6.2
2020,8,상선,잠실,2815,토요일,23:30,18.8
2020,8,하선,잠실,2815,토요일,23:30,20.3
2020,8,상선,석촌,2816,토요일,23:30,11.5
2020,8,하선,석촌,2816,토요일,23:30,25.4
2020,8,상선,송파,2817,토요일,23:30,9.1
2020,8,하선,송파,2817,토요일,23:30,23.3
2020,8,상선,가락시장,2818,토요일,23:30,9.6
2020,8,하선,가락시장,2818,토요일,23:30,22.3
2020,8,상선,문정,2819,토요일,23:30,6.0
2020,8,하선,문정,2819,토요일,23:30,20.8
2020,8,상선,장지,2820,토요일,23:30,5.3
2020,8,하선,장지,2820,토요일,23:30,17.4
2020,8,상선,복정,2821,토요일,23:30,5.4
2020,8,하선,복정,2821,토요일,23:30,12.3
2020,8,상선,산성,2822,토요일,23:30,1.4
2020,8,하선,산성,2822,토요일,23:30,9.4
2020,8,상선,남한산성입구,2823,토요일,23:30,1.5
2020,8,하선,남한산성입구,2823,토요일,23:30,5.6
2020,8,상선,단대오거리,2824,토요일,23:30,1.9
2020,8,하선,단대오거리,2824,토요일,23:30,2.2
2020,8,상선,신흥,2825,토요일,23:30,2.1
2020,8,하선,신흥,2825,토요일,23:30,1.7
2020,8,상선,수진,2826,토요일,23:30,2.2
2020,8,하선,수진,2826,토요일,23:30,0.9
2020,8,상선,모란,2827,토요일,23:30,2.4
2020,8,하선,모란,2827,토요일,23:30,0.0
2020,8,상선,암사,2811,일요일,23:30,0.0
2020,8,하선,암사,2811,일요일,23:30,0.7
2020,8,상선,천호,2812,일요일,23:30,5.2
2020,8,하선,천호,2812,일요일,23:30,3.4
2020,8,상선,강동구청,2813,일요일,23:30,11.5
2020,8,하선,강동구청,2813,일요일,23:30,3.5
2020,8,상선,몽촌토성,2814,일요일,23:30,10.3
2020,8,하선,몽촌토성,2814,일요일,23:30,3.9
2020,8,상선,잠실,2815,일요일,23:30,10.6
2020,8,하선,잠실,2815,일요일,23:30,10.2
2020,8,상선,석촌,2816,일요일,23:30,8.3
2020,8,하선,석촌,2816,일요일,23:30,12.9
2020,8,상선,송파,2817,일요일,23:30,6.0
2020,8,하선,송파,2817,일요일,23:30,11.8
2020,8,상선,가락시장,2818,일요일,23:30,6.3
2021,8,상선,암사,2811,평일,23:30,0.0
2021,8,하선,암사,2811,평일,23:30,1.3
2021,8,상선,천호,2812,평일,23:30,10.0
2021,8,하선,천호,2812,평일,23:30,5.7
2021,8,상선,강동구청,2813,평일,23:30,22.2
2021,8,하선,강동구청,2813,평일,23:30,5.3
2021,8,상선,몽촌토성,2814,평일,23:30,21.9
2021,8,하선,몽촌토성,2814,평일,23:30,5.2
2021,8,상선,잠실,2815,평일,23:30,22.6
2021,8,하선,잠실,2815,평일,23:30,18.2
2021,8,상선,석촌,2816,평일,23:30,13.7
2021,8,하선,석촌,2816,평일,23:30,25.4
2021,8,상선,송파,2817,평일,23:30,9.2
2021,8,하선,송파,2817,평일,23:30,22.7
2021,8,상선,가락시장,2818,평일,23:30,9.5
2021,8,하선,가락시장,2818,평일,23:30,21.4
2021,8,상선,문정,2819,평일,23:30,7.1
2021,8,하선,문정,2819,평일,23:30,20.0
2021,8,상선,장지,2820,평일,23:30,6.0
2021,8,하선,장지,2820,평일,23:30,16.1
2021,8,상선,복정,2821,평일,23:30,6.3
2021,8,하선,복정,2821,평일,23:30,12.9
2021,8,상선,산성,2822,평일,23:30,2.0
2021,8,하선,산성,2822,평일,23:30,11.0
2021,8,상선,남한산성입구,2823,평일,23:30,2.0
2021,8,하선,남한산성입구,2823,평일,23:30,6.5
2021,8,상선,단대오거리,2824,평일,23:30,2.5
2021,8,하선,단대오거리,2824,평일,23:30,3.2
2021,8,상선,신흥,2825,평일,23:30,2.5
2021,8,하선,신흥,2825,평일,23:30,2.0
2021,8,상선,수진,2826,평일,23:30,2.6
2021,8,하선,수진,2826,평일,23:30,0.6
2021,8,상선,모란,2827,평일,23:30,2.6
2021,8,하선,모란,2827,평일,23:30,0.0
2021,8,상선,암사,2811,토요일,23:30,0.0
2021,8,하선,암사,2811,토요일,23:30,1.5
2021,8,상선,천호,2812,토요일,23:30,6.5
2021,8,하선,천호,2812,토요일,23:30,6.7
2021,8,상선,강동구청,2813,토요일,23:30,18.3
2021,8,하선,강동구청,2813,토요일,23:30,6.0
2021,8,상선,몽촌토성,2814,토요일,23:30,18.0
2021,8,하선,몽촌토성,2814,토요일,23:30,5.9
2021,8,상선,잠실,2815,토요일,23:30,18.9
2021,8,하선,잠실,2815,토요일,23:30,21.0
2021,8,상선,석촌,2816,토요일,23:30,10.5
2021,8,하선,석촌,2816,토요일,23:30,28.0
2021,8,상선,송파,2817,토요일,23:30,8.4
2021,8,하선,송파,2817,토요일,23:30,26.0
2021,8,상선,가락시장,2818,토요일,23:30,8.4
2021,8,하선,가락시장,2818,토요일,23:30,22.8
2021,8,상선,문정,2819,토요일,23:30,5.2
2021,8,하선,문정,2819,토요일,23:30,21.0
2021,8,상선,장지,2820,토요일,23:30,4.8
2021,8,하선,장지,2820,토요일,23:30,17.3
2021,8,상선,복정,2821,토요일,23:30,4.7
2021,8,하선,복정,2821,토요일,23:30,13.1
2021,8,상선,산성,2822,토요일,23:30,1.5
2021,8,하선,산성,2822,토요일,23:30,11.3
2021,8,상선,남한산성입구,2823,토요일,23:30,1.2
2021,8,하선,남한산성입구,2823,토요일,23:30,6.7
2021,8,상선,단대오거리,2824,토요일,23:30,2.2
2021,8,하선,단대오거리,2824,토요일,23:30,2.2
2021,8,상선,신흥,2825,토요일,23:30,2.6
2021,8,하선,신흥,2825,토요일,23:30,1.4
2021,8,상선,수진,2826,토요일,23:30,2.6
2021,8,하선,수진,2826,토요일,23:30,0.9
2021,8,상선,모란,2827,토요일,23:30,2.8
2021,8,하선,모란,2827,토요일,23:30,0.0
2022,8,상선,암사,2811,평일,23:30,0.0
2022,8,하선,암사,2811,평일,23:30,1.7
2022,8,상선,천호,2812,평일,23:30,11.4
2022,8,하선,천호,2812,평일,23:30,7.2
2022,8,상선,강동구청,2813,평일,23:30,25.2
2022,8,하선,강동구청,2813,평일,23:30,6.9
2022,8,상선,몽촌토성,2814,평일,23:30,28.6
2022,8,하선,몽촌토성,2814,평일,23:30,9.3
2022,8,상선,잠실,2815,평일,23:30,29.6
2022,8,하선,잠실,2815,평일,23:30,28.4
2022,8,상선,석촌,2816,평일,23:30,14.1
2022,8,하선,석촌,2816,평일,23:30,32.8
2022,8,상선,송파,2817,평일,23:30,13.8
2022,8,하선,송파,2817,평일,23:30,29.6
2022,8,상선,가락시장,2818,평일,23:30,14.0
2022,8,하선,가락시장,2818,평일,23:30,28.7
2022,8,상선,문정,2819,평일,23:30,12.3
2022,8,하선,문정,2819,평일,23:30,26.2
2022,8,상선,장지,2820,평일,23:30,10.5
2022,8,하선,장지,2820,평일,23:30,21.3
2022,8,상선,복정,2821,평일,23:30,10.3
2022,8,하선,복정,2821,평일,23:30,19.1
2022,8,상선,산성,2822,평일,23:30,3.4
2022,8,하선,산성,2822,평일,23:30,14.5
2022,8,상선,남한산성입구,2823,평일,23:30,2.9
2022,8,하선,남한산성입구,2823,평일,23:30,8.6
2022,8,상선,단대오거리,2824,평일,23:30,3.4
2022,8,하선,단대오거리,2824,평일,23:30,4.2
2022,8,상선,신흥,2825,평일,23:30,3.4
2022,8,하선,신흥,2825,평일,23:30,2.5
2022,8,상선,수진,2826,평일,23:30,3.6
2022,8,하선,수진,2826,평일,23:30,0.9
2022,8,상선,모란,2827,평일,23:30,3.9
2022,8,하선,모란,2827,평일,23:30,0.0
2022,8,상선,암사,2811,토요일,23:30,0.0
2022,8,하선,암사,2811,토요일,23:30,1.3
2022,8,상선,천호,2812,토요일,23:30,8.5
2022,8,하선,천호,2812,토요일,23:30,6.0
2022,8,상선,강동구청,2813,토요일,23:30,23.5
2022,8,하선,강동구청,2813,토요일,23:30,5.0
2022,8,상선,몽촌토성,2814,토요일,23:30,23.3
2022,8,하선,몽촌토성,2814,토요일,23:30,5.3
2022,8,상선,잠실,2815,토요일,23:30,23.8
2022,8,하선,잠실,2815,토요일,23:30,24.9
2022,8,상선,석촌,2816,토요일,23:30,11.8
2022,8,하선,석촌,2816,토요일,23:30,34.7
2022,8,상선,송파,2817,토요일,23:30,11.1
2022,8,하선,송파,2817,토요일,23:30,32.1
2022,8,상선,가락시장,2818,토요일,23:30,12.0
2022,8,하선,가락시장,2818,토요일,23:30,31.3
2022,8,상선,문정,2819,토요일,23:30,9.8
2022,8,하선,문정,2819,토요일,23:30,28.7
2022,8,상선,장지,2820,토요일,23:30,7.6
2022,8,하선,장지,2820,토요일,23:30,24.0
2022,8,상선,복정,2821,토요일,23:30,7.8
2022,8,하선,복정,2821,토요일,23:30,22.1
2022,8,상선,산성,2822,토요일,23:30,1.2
2022,8,하선,산성,2822,토요일,23:30,17.0
2022,8,상선,남한산성입구,2823,토요일,23:30,1.7
2022,8,하선,남한산성입구,2823,토요일,23:30,11.0
2022,8,상선,단대오거리,2824,토요일,23:30,3.0
2022,8,하선,단대오거리,2824,토요일,23:30,5.3
2022,8,상선,신흥,2825,토요일,23:30,4.3
2022,8,하선,신흥,2825,토요일,23:30,3.4
2022,8,상선,암사,2811,공휴일,23:30,0.0
2022,8,하선,암사,2811,공휴일,23:30,1.3
2022,8,상선,천호,2812,공휴일,23:30,5.1
2022,8,하선,천호,2812,공휴일,23:30,5.2
2022,8,상선,강동구청,2813,공휴일,23:30,13.6
2022,8,하선,강동구청,2813,공휴일,23:30,4.7
2022,8,상선,몽촌토성,2814,공휴일,23:30,13.4
2022,8,하선,몽촌토성,2814,공휴일,23:30,4.4
2022,8,상선,잠실,2815,공휴일,23:30,13.9
2022,8,하선,잠실,2815,공휴일,23:30,14.0
2022,8,상선,석촌,2816,공휴일,23:30,5.3
2022,8,하선,석촌,2816,공휴일,23:30,17.8
2022,8,상선,송파,2817,공휴일,23:30,6.2
2022,8,하선,송파,2817,공휴일,23:30,17.1
2022,8,상선,가락시장,2818,공휴일,23:30,6.4
2022,8,하선,가락시장,2818,공휴일,23:30,16.4
2022,8,상선,문정,2819,공휴일,23:30,5.3
2022,8,하선,문정,2819,공휴일,23:30,14.0
2022,8,상선,장지,2820,공휴일,23:30,4.3
2022,8,하선,장지,2820,공휴일,23:30,12.0
2022,8,상선,복정,2821,공휴일,23:30,4.3
2022,8,하선,복정,2821,공휴일,23:30,10.9
2022,8,상선,산성,2822,공휴일,23:30,1.8
2022,8,하선,산성,2822,공휴일,23:30,8.9
2022,8,상선,남한산성입구,2823,공휴일,23:30,2.2
2022,8,하선,남한산성입구,2823,공휴일,23:30,5.9
2022,8,상선,단대오거리,2824,공휴일,23:30,2.7
2022,8,하선,단대오거리,2824,공휴일,23:30,3.3
2022,8,상선,신흥,2825,공휴일,23:30,2.9
2022,8,하선,신흥,2825,공휴일,23:30,1.7
2022,8,상선,수진,2826,공휴일,23:30,2.6
2022,8,하선,수진,2826,공휴일,23:30,0.9
2022,8,상선,모란,2827,공휴일,23:30,2.7
2022,8,하선,모란,2827,공휴일,23:30,0.0
2023,8,상선,암사,2811,평일,23:30,0.0
2023,8,하선,암사,2811,평일,23:30,1.4
2023,8,상선,천호,2812,평일,23:30,12.9
2023,8,하선,천호,2812,평일,23:30,8.6
2023,8,상선,강동구청,2813,평일,23:30,27.8
2023,8,하선,강동구청,2813,평일,23:30,8.1
2023,8,상선,몽촌토성,2814,평일,23:30,32.5
2023,8,하선,몽촌토성,2814,평일,23:30,13.0
2023,8,상선,잠실,2815,평일,23:30,34.4
2023,8,하선,잠실,2815,평일,23:30,35.7
2023,8,상선,석촌,2816,평일,23:30,16.7
2023,8,하선,석촌,2816,평일,23:30,39.5
2023,8,상선,송파,2817,평일,23:30,16.5
2023,8,하선,송파,2817,평일,23:30,35.6
2023,8,상선,가락시장,2818,평일,23:30,16.8
2023,8,하선,가락시장,2818,평일,23:30,34.6
2023,8,상선,문정,2819,평일,23:30,14.6
2023,8,하선,문정,2819,평일,23:30,30.9
2023,8,상선,장지,2820,평일,23:30,11.8
2023,8,하선,장지,2820,평일,23:30,25.7
2023,8,상선,복정,2821,평일,23:30,11.9
2023,8,하선,복정,2821,평일,23:30,23.5
2023,8,상선,산성,2822,평일,23:30,3.7
2023,8,하선,산성,2822,평일,23:30,17.1
2023,8,상선,남한산성입구,2823,평일,23:30,2.9
2023,8,하선,남한산성입구,2823,평일,23:30,10.8
2023,8,상선,단대오거리,2824,평일,23:30,3.4
2023,8,하선,단대오거리,2824,평일,23:30,4.7
2023,8,상선,신흥,2825,평일,23:30,3.9
2023,8,하선,신흥,2825,평일,23:30,2.7
2023,8,상선,수진,2826,평일,23:30,4.1
2023,8,하선,수진,2826,평일,23:30,1.0
2023,8,상선,모란,2827,평일,23:30,4.6
2023,8,하선,모란,2827,평일,23:30,0.0
2023,8,상선,암사,2811,토요일,23:30,0.0
2023,8,하선,암사,2811,토요일,23:30,1.3
2023,8,상선,천호,2812,토요일,23:30,10.4
2023,8,하선,천호,2812,토요일,23:30,8.0
2023,8,상선,강동구청,2813,토요일,23:30,27.5
2023,8,하선,강동구청,2813,토요일,23:30,7.1
2023,8,상선,몽촌토성,2814,토요일,23:30,27.4
2023,8,하선,몽촌토성,2814,토요일,23:30,6.9
2023,8,상선,잠실,2815,토요일,23:30,28.2
2023,8,하선,잠실,2815,토요일,23:30,29.2
2023,8,상선,석촌,2816,토요일,23:30,11.3
2023,8,하선,석촌,2816,토요일,23:30,39.7
2023,8,상선,송파,2817,토요일,23:30,11.2
2023,8,하선,송파,2817,토요일,23:30,37.9
2023,8,상선,가락시장,2818,토요일,23:30,11.3
2023,8,하선,가락시장,2818,토요일,23:30,37.4
2023,8,상선,문정,2819,토요일,23:30,10.0
2023,8,하선,문정,2819,토요일,23:30,34.3
2023,8,상선,장지,2820,토요일,23:30,7.3
2023,8,하선,장지,2820,토요일,23:30,29.1
2023,8,상선,복정,2821,토요일,23:30,7.9
2023,8,하선,복정,2821,토요일,23:30,23.3
2023,8,상선,산성,2822,토요일,23:30,2.0
2023,8,하선,산성,2822,토요일,23:30,17.5
2023,8,상선,남한산성입구,2823,토요일,23:30,2.1
2023,8,하선,남한산성입구,2823,토요일,23:30,11.4
2023,8,상선,단대오거리,2824,토요일,23:30,3.0
2023,8,하선,단대오거리,2824,토요일,23:30,5.7
2023,8,상선,신흥,2825,토요일,23:30,4.0
2023,8,하선,신흥,2825,토요일,23:30,3.6
2023,8,상선,수진,2826,토요일,23:30,4.5
2023,8,하선,수진,2826,토요일,23:30,1.1
2023,8,상선,모란,2827,토요일,23:30,5.3
2023,8,하선,모란,2827,토요일,23:30,0.0
2023,8,상선,암사,2811,일요일,23:30,0.0
2023,8,하선,암사,2811,일요일,23:30,1.0
2023,8,상선,천호,2812,일요일,23:30,5.8
2023,8,하선,천호,2812,일요일,23:30,4.8
2023,8,상선,강동구청,2813,일요일,23:30,14.6
2023,8,하선,강동구청,2813,일요일,23:30,4.5
2023,8,상선,몽촌토성,2814,일요일,23:30,13.5
2023,8,하선,몽촌토성,2814,일요일,23:30,4.3
2023,8,상선,잠실,2815,일요일,23:30,14.2
2023,8,하선,잠실,2815,일요일,23:30,14.2
2023,8,상선,석촌,2816,일요일,23:30,6.8
2023,8,하선,석촌,2816,일요일,23:30,17.7
2023,8,상선,송파,2817,일요일,23:30,6.8
2023,8,하선,송파,2817,일요일,23:30,16.7
2023,8,상선,가락시장,2818,일요일,23:30,7.0
2023,8,하선,가락시장,2818,일요일,23:30,17.0
2023,8,상선,문정,2819,일요일,23:30,6.7
2023,8,하선,문정,2819,일요일,23:30,15.1
2023,8,상선,장지,2820,일요일,23:30,4.7
2023,8,하선,장지,2820,일요일,23:30,12.9
2023,8,상선,복정,2821,일요일,23:30,4.6
2023,8,하선,복정,2821,일요일,23:30,12.1
2023,8,상선,산성,2822,일요일,23:30,1.2
2023,8,하선,산성,2822,일요일,23:30,9.0
2023,8,상선,남한산성입구,2823,일요일,23:30,1.5
2023,8,하선,남한산성입구,2823,일요일,23:30,5.3
2023,8,상선,단대오거리,2824,일요일,23:30,2.1
2023,8,하선,단대오거리,2824,일요일,23:30,2.7
2023,8,상선,신흥,2825,일요일,23:30,2.6
2023,8,하선,신흥,2825,일요일,23:30,1.5
2023,8,상선,수진,2826,일요일,23:30,2.8
2023,8,하선,수진,2826,일요일,23:30,0.7
2023,8,상선,모란,2827,일요일,23:30,2.9
202403,8,상선,암사,2811,평일,23:30,0.0
202403,8,하선,암사,2811,평일,23:30,1.2
202403,8,상선,천호,2812,평일,23:30,13.2
202403,8,하선,천호,2812,평일,23:30,8.6
202403,8,상선,강동구청,2813,평일,23:30,26.3
202403,8,하선,강동구청,2813,평일,23:30,7.9
202403,8,상선,몽촌토성,2814,평일,23:30,30.2
202403,8,하선,몽촌토성,2814,평일,23:30,11.4
202403,8,상선,잠실,2815,평일,23:30,31.9
202403,8,하선,잠실,2815,평일,23:30,34.0
202403,8,상선,석촌,2816,평일,23:30,17.7
202403,8,하선,석촌,2816,평일,23:30,41.0
202403,8,상선,송파,2817,평일,23:30,17.5
202403,8,하선,송파,2817,평일,23:30,37.3
202403,8,상선,가락시장,2818,평일,23:30,17.7
202403,8,하선,가락시장,2818,평일,23:30,36.3
202403,8,상선,문정,2819,평일,23:30,15.7
202403,8,하선,문정,2819,평일,23:30,32.7
202403,8,상선,장지,2820,평일,23:30,12.8
202403,8,하선,장지,2820,평일,23:30,27.7
202403,8,상선,복정,2821,평일,23:30,13.1
202403,8,하선,복정,2821,평일,23:30,25.6
202403,8,상선,산성,2822,평일,23:30,4.6
202403,8,하선,산성,2822,평일,23:30,17.7
202403,8,상선,남한산성입구,2823,평일,23:30,4.1
202403,8,하선,남한산성입구,2823,평일,23:30,11.4
202403,8,상선,단대오거리,2824,평일,23:30,4.6
202403,8,하선,단대오거리,2824,평일,23:30,5.1
202403,8,상선,신흥,2825,평일,23:30,4.5
202403,8,하선,신흥,2825,평일,23:30,3.0
202403,8,상선,수진,2826,평일,23:30,4.6
202403,8,하선,수진,2826,평일,23:30,1.0
202403,8,상선,모란,2827,평일,23:30,5.1
202403,8,하선,모란,2827,평일,23:30,0.0
202403,8,상선,암사,2811,토요일,23:30,0.0
202403,8,하선,암사,2811,토요일,23:30,1.4
202403,8,상선,천호,2812,토요일,23:30,9.2
202403,8,하선,천호,2812,토요일,23:30,8.4
202403,8,상선,강동구청,2813,토요일,23:30,25.9
202403,8,하선,강동구청,2813,토요일,23:30,7.8
202403,8,상선,몽촌토성,2814,토요일,23:30,26.3
202403,8,하선,몽촌토성,2814,토요일,23:30,8.0
202403,8,상선,잠실,2815,토요일,23:30,26.8
202403,8,하선,잠실,2815,토요일,23:30,31.2
202403,8,상선,석촌,2816,토요일,23:30,10.7
202403,8,하선,석촌,2816,토요일,23:30,43.5
202403,8,상선,송파,2817,토요일,23:30,10.5
202403,8,하선,송파,2817,토요일,23:30,40.2
202403,8,상선,가락시장,2818,토요일,23:30,11.1
202403,8,하선,가락시장,2818,토요일,23:30,40.5
202403,8,상선,문정,2819,토요일,23:30,10.5
202403,8,하선,문정,2819,토요일,23:30,36.5
202403,8,상선,장지,2820,토요일,23:30,7.9
202403,8,하선,장지,2820,토요일,23:30,31.3
202403,8,상선,복정,2821,토요일,23:30,8.7
202403,8,하선,복정,2821,토요일,23:30,25.6
202403,8,상선,산성,2822,토요일,23:30,2.6
202403,8,하선,산성,2822,토요일,23:30,19.5
202403,8,상선,남한산성입구,2823,토요일,23:30,3.0
202403,8,하선,남한산성입구,2823,토요일,23:30,12.3
202403,8,상선,단대오거리,2824,토요일,23:30,4.3
202403,8,하선,단대오거리,2824,토요일,23:30,6.0
202403,8,상선,신흥,2825,토요일,23:30,5.2
202403,8,하선,신흥,2825,토요일,23:30,3.7
202403,8,상선,수진,2826,토요일,23:30,5.4
202403,8,하선,수진,2826,토요일,23:30,1.2
202403,8,상선,모란,2827,토요일,23:30,5.7
202403,8,하선,모란,2827,토요일,23:30,0.0
202403,8,상선,암사,2811,일요일,23:30,0.0
202403,8,하선,암사,2811,일요일,23:30,0.9
202403,8,상선,천호,2812,일요일,23:30,6.4
202403,8,하선,천호,2812,일요일,23:30,5.9
202403,8,상선,강동구청,2813,일요일,23:30,13.5
202403,8,하선,강동구청,2813,일요일,23:30,5.2
202403,8,상선,몽촌토성,2814,일요일,23:30,13.8
202403,8,하선,몽촌토성,2814,일요일,23:30,5.1
202403,8,상선,잠실,2815,일요일,23:30,14.9
202403,8,하선,잠실,2815,일요일,23:30,13.9
202403,8,상선,석촌,2816,일요일,23:30,7.4
202403,8,하선,석촌,2816,일요일,23:30,19.3
202403,8,상선,송파,2817,일요일,23:30,7.4
202403,8,하선,송파,2817,일요일,23:30,18.0
202403,8,상선,가락시장,2818,일요일,23:30,7.3
202403,8,하선,가락시장,2818,일요일,23:30,18.2
202403,8,상선,문정,2819,일요일,23:30,6.6
202403,8,하선,문정,2819,일요일,23:30,16.7
202403,8,상선,장지,2820,일요일,23:30,4.2
202403,8,하선,장지,2820,일요일,23:30,14.0
202403,8,상선,복정,2821,일요일,23:30,3.9
202403,8,하선,복정,2821,일요일,23:30,15.3
202403,8,상선,산성,2822,일요일,23:30,1.6
202403,8,하선,산성,2822,일요일,23:30,12.3
202403,8,상선,남한산성입구,2823,일요일,23:30,1.8
202403,8,하선,남한산성입구,2823,일요일,23:30,7.6
202403,8,상선,단대오거리,2824,일요일,23:30,2.1
202403,8,하선,단대오거리,2824,일요일,23:30,3.2
202403,8,상선,신흥,2825,일요일,23:30,2.5
202403,8,하선,신흥,2825,일요일,23:30,2.1
202403,8,상선,수진,2826,일요일,23:30,2.7
202403,8,하선,수진,2826,일요일,23:30,0.5
202403,8,상선,모란,2827,일요일,23:30,3.3
202406,8,상선,암사,2811,평일,23:30,0.0
202406,8,하선,암사,2811,평일,23:30,1.4
202406,8,상선,천호,2812,평일,23:30,12.9
202406,8,하선,천호,2812,평일,23:30,8.9
202406,8,상선,강동구청,2813,평일,23:30,27.6
202406,8,하선,강동구청,2813,평일,23:30,8.3
202406,8,상선,몽촌토성,2814,평일,23:30,31.6
202406,8,하선,몽촌토성,2814,평일,23:30,12.2
202406,8,상선,잠실,2815,평일,23:30,32.6
202406,8,하선,잠실,2815,평일,23:30,34.3
202406,8,상선,석촌,2816,평일,23:30,17.3
202406,8,하선,석촌,2816,평일,23:30,39.8
202406,8,상선,송파,2817,평일,23:30,17.8
202406,8,하선,송파,2817,평일,23:30,36.1
202406,8,상선,가락시장,2818,평일,23:30,18.2
202406,8,하선,가락시장,2818,평일,23:30,35.6
202406,8,상선,문정,2819,평일,23:30,16.1
202406,8,하선,문정,2819,평일,23:30,32.6
202406,8,상선,장지,2820,평일,23:30,12.9
202406,8,하선,장지,2820,평일,23:30,27.7
202406,8,상선,복정,2821,평일,23:30,13.2
202406,8,하선,복정,2821,평일,23:30,24.7
202406,8,상선,산성,2822,평일,23:30,4.2
202406,8,하선,산성,2822,평일,23:30,19.0
202406,8,상선,남한산성입구,2823,평일,23:30,4.0
202406,8,하선,남한산성입구,2823,평일,23:30,11.9
202406,8,상선,단대오거리,2824,평일,23:30,4.7
202406,8,하선,단대오거리,2824,평일,23:30,5.5
202406,8,상선,신흥,2825,평일,23:30,4.3
202406,8,하선,신흥,2825,평일,23:30,3.4
202406,8,상선,수진,2826,평일,23:30,4.2
202406,8,하선,수진,2826,평일,23:30,1.1
202406,8,상선,모란,2827,평일,23:30,4.5
202406,8,하선,모란,2827,평일,23:30,0.0
202406,8,상선,암사,2811,토요일,23:30,0.0
202406,8,하선,암사,2811,토요일,23:30,1.4
202406,8,상선,천호,2812,토요일,23:30,8.9
202406,8,하선,천호,2812,토요일,23:30,6.9
202406,8,상선,강동구청,2813,토요일,23:30,24.5
202406,8,하선,강동구청,2813,토요일,23:30,5.3
202406,8,상선,몽촌토성,2814,토요일,23:30,23.7
202406,8,하선,몽촌토성,2814,토요일,23:30,5.2
202406,8,상선,잠실,2815,토요일,23:30,25.2
202406,8,하선,잠실,2815,토요일,23:30,27.3
202406,8,상선,석촌,2816,토요일,23:30,11.7
202406,8,하선,석촌,2816,토요일,23:30,38.0
202406,8,상선,송파,2817,토요일,23:30,12.6
202406,8,하선,송파,2817,토요일,23:30,34.3
202406,8,상선,가락시장,2818,토요일,23:30,13.2
202406,8,하선,가락시장,2818,토요일,23:30,33.8
202406,8,상선,문정,2819,토요일,23:30,10.8
202406,8,하선,문정,2819,토요일,23:30,29.8
202406,8,상선,장지,2820,토요일,23:30,7.3
202406,8,하선,장지,2820,토요일,23:30,25.8
202406,8,상선,복정,2821,토요일,23:30,7.2
202406,8,하선,복정,2821,토요일,23:30,23.2
202406,8,상선,산성,2822,토요일,23:30,2.8
202406,8,하선,산성,2822,토요일,23:30,16.1
202406,8,상선,남한산성입구,2823,토요일,23:30,3.2
202406,8,하선,남한산성입구,2823,토요일,23:30,11.1
202406,8,상선,단대오거리,2824,토요일,23:30,4.1
202406,8,하선,단대오거리,2824,토요일,23:30,4.9
202406,8,상선,신흥,2825,토요일,23:30,4.5
202406,8,하선,신흥,2825,토요일,23:30,2.8
202406,8,상선,수진,2826,토요일,23:30,4.9
202406,8,하선,수진,2826,토요일,23:30,1.1
202406,8,상선,모란,2827,토요일,23:30,5.4
202406,8,하선,모란,2827,토요일,23:30,0.0
202406,8,상선,암사,2811,일요일,23:30,0.0
202406,8,하선,암사,2811,일요일,23:30,0.5
202406,8,상선,천호,2812,일요일,23:30,6.1
202406,8,하선,천호,2812,일요일,23:30,3.3
202406,8,상선,강동구청,2813,일요일,23:30,13.8
202406,8,하선,강동구청,2813,일요일,23:30,3.3
202406,8,상선,몽촌토성,2814,일요일,23:30,13.4
202406,8,하선,몽촌토성,2814,일요일,23:30,3.3
202406,8,상선,잠실,2815,일요일,23:30,13.9
202406,8,하선,잠실,2815,일요일,23:30,15.3
202406,8,상선,석촌,2816,일요일,23:30,6.9
202406,8,하선,석촌,2816,일요일,23:30,21.0
202406,8,상선,송파,2817,일요일,23:30,7.6
202406,8,하선,송파,2817,일요일,23:30,19.2
202406,8,상선,가락시장,2818,일요일,23:30,8.0
202406,8,하선,가락시장,2818,일요일,23:30,19.0
202406,8,상선,문정,2819,일요일,23:30,6.3
202406,8,하선,문정,2819,일요일,23:30,17.1
202406,8,상선,장지,2820,일요일,23:30,4.5
202406,8,하선,장지,2820,일요일,23:30,14.3
202406,8,상선,복정,2821,일요일,23:30,4.8
202406,8,하선,복정,2821,일요일,23:30,13.0
202406,8,상선,산성,2822,일요일,23:30,1.5
202406,8,하선,산성,2822,일요일,23:30,10.0
202406,8,상선,남한산성입구,2823,일요일,23:30,1.9
202406,8,하선,남한산성입구,2823,일요일,23:30,7.4
202406,8,상선,단대오거리,2824,일요일,23:30,3.1
202406,8,하선,단대오거리,2824,일요일,23:30,3.3
202406,8,상선,신흥,2825,일요일,23:30,3.5
202406,8,하선,신흥,2825,일요일,23:30,2.1
202406,8,상선,수진,2826,일요일,23:30,3.6
202406,8,하선,수진,2826,일요일,23:30,0.9
202406,8,상선,모란,2827,일요일,23:30,3.9
2020,8,상선,암사,2811,평일,24:00,0.0
2020,8,하선,암사,2811,평일,24:00,0.0
2020,8,상선,천호,2812,평일,24:00,0.0
2020,8,하선,천호,2812,평일,24:00,0.0
2020,8,상선,강동구청,2813,평일,24:00,0.0
2020,8,하선,강동구청,2813,평일,24:00,0.0
2020,8,상선,몽촌토성,2814,평일,24:00,0.0
2020,8,하선,몽촌토성,2814,평일,24:00,0.0
2020,8,상선,잠실,2815,평일,24:00,0.0
2020,8,하선,잠실,2815,평일,24:00,0.0
2020,8,상선,석촌,2816,평일,24:00,0.0
2020,8,하선,석촌,2816,평일,24:00,0.0
2020,8,상선,송파,2817,평일,24:00,0.0
2020,8,하선,송파,2817,평일,24:00,0.0
2020,8,상선,가락시장,2818,평일,24:00,0.0
2020,8,하선,가락시장,2818,평일,24:00,0.0
2020,8,상선,문정,2819,평일,24:00,0.0
2020,8,하선,문정,2819,평일,24:00,0.0
2020,8,상선,장지,2820,평일,24:00,0.0
2020,8,하선,장지,2820,평일,24:00,0.0
2020,8,상선,복정,2821,평일,24:00,0.0
2020,8,하선,복정,2821,평일,24:00,0.0
2020,8,상선,산성,2822,평일,24:00,0.0
2020,8,하선,산성,2822,평일,24:00,0.0
2020,8,상선,남한산성입구,2823,평일,24:00,0.0
2020,8,하선,남한산성입구,2823,평일,24:00,0.0
2020,8,상선,단대오거리,2824,평일,24:00,0.0
2020,8,하선,단대오거리,2824,평일,24:00,0.0
2020,8,상선,신흥,2825,평일,24:00,0.0
2020,8,하선,신흥,2825,평일,24:00,0.0
2020,8,상선,수진,2826,평일,24:00,0.0
2020,8,하선,수진,2826,평일,24:00,0.0
2020,8,상선,모란,2827,평일,24:00,0.0
2020,8,하선,모란,2827,평일,24:00,0.0
2020,8,상선,암사,2811,토요일,24:00,0.0
2020,8,하선,암사,2811,토요일,24:00,0.0
2020,8,상선,천호,2812,토요일,24:00,0.0
2020,8,하선,천호,2812,토요일,24:00,0.0
2020,8,상선,강동구청,2813,토요일,24:00,0.0
2020,8,하선,강동구청,2813,토요일,24:00,0.0
2020,8,상선,몽촌토성,2814,토요일,24:00,0.0
2020,8,하선,몽촌토성,2814,토요일,24:00,0.0
2020,8,상선,잠실,2815,토요일,24:00,0.0
2020,8,하선,잠실,2815,토요일,24:00,0.0
2020,8,상선,석촌,2816,토요일,24:00,0.0
2020,8,하선,석촌,2816,토요일,24:00,0.0
2020,8,상선,송파,2817,토요일,24:00,0.0
2020,8,하선,송파,2817,토요일,24:00,0.0
2020,8,상선,가락시장,2818,토요일,24:00,0.0
2020,8,하선,가락시장,2818,토요일,24:00,0.0
2020,8,상선,문정,2819,토요일,24:00,0.0
2020,8,하선,문정,2819,토요일,24:00,0.0
2020,8,상선,장지,2820,토요일,24:00,0.0
2020,8,하선,장지,2820,토요일,24:00,0.0
2020,8,상선,복정,2821,토요일,24:00,0.0
2020,8,하선,복정,2821,토요일,24:00,0.0
2020,8,상선,산성,2822,토요일,24:00,0.0
2020,8,하선,산성,2822,토요일,24:00,0.0
2020,8,상선,남한산성입구,2823,토요일,24:00,0.0
2020,8,하선,남한산성입구,2823,토요일,24:00,0.0
2020,8,상선,단대오거리,2824,토요일,24:00,0.0
2020,8,하선,단대오거리,2824,토요일,24:00,0.0
2020,8,상선,신흥,2825,토요일,24:00,0.0
2020,8,하선,신흥,2825,토요일,24:00,0.0
2020,8,상선,수진,2826,토요일,24:00,0.0
2020,8,하선,수진,2826,토요일,24:00,0.0
2020,8,상선,모란,2827,토요일,24:00,0.0
2020,8,하선,모란,2827,토요일,24:00,0.0
2020,8,상선,암사,2811,일요일,24:00,0.0
2020,8,하선,암사,2811,일요일,24:00,0.0
2020,8,상선,천호,2812,일요일,24:00,0.0
2020,8,하선,천호,2812,일요일,24:00,0.0
2020,8,상선,강동구청,2813,일요일,24:00,0.0
2020,8,하선,강동구청,2813,일요일,24:00,0.0
2020,8,상선,몽촌토성,2814,일요일,24:00,0.0
2020,8,하선,몽촌토성,2814,일요일,24:00,0.0
2020,8,상선,잠실,2815,일요일,24:00,0.0
2020,8,하선,잠실,2815,일요일,24:00,0.0
2020,8,상선,석촌,2816,일요일,24:00,0.0
2020,8,하선,석촌,2816,일요일,24:00,0.0
2020,8,상선,송파,2817,일요일,24:00,0.0
2020,8,하선,송파,2817,일요일,24:00,0.0
2020,8,상선,가락시장,2818,일요일,24:00,0.0
2021,8,상선,암사,2811,평일,24:00,0.0
2021,8,하선,암사,2811,평일,24:00,0.0
2021,8,상선,천호,2812,평일,24:00,0.0
2021,8,하선,천호,2812,평일,24:00,0.0
2021,8,상선,강동구청,2813,평일,24:00,0.0
2021,8,하선,강동구청,2813,평일,24:00,0.0
2021,8,상선,몽촌토성,2814,평일,24:00,0.0
2021,8,하선,몽촌토성,2814,평일,24:00,0.0
2021,8,상선,잠실,2815,평일,24:00,0.0
2021,8,하선,잠실,2815,평일,24:00,0.0
2021,8,상선,석촌,2816,평일,24:00,0.0
2021,8,하선,석촌,2816,평일,24:00,0.0
2021,8,상선,송파,2817,평일,24:00,0.0
2021,8,하선,송파,2817,평일,24:00,0.0
2021,8,상선,가락시장,2818,평일,24:00,0.0
2021,8,하선,가락시장,2818,평일,24:00,0.0
2021,8,상선,문정,2819,평일,24:00,0.0
2021,8,하선,문정,2819,평일,24:00,0.0
2021,8,상선,장지,2820,평일,24:00,0.0
2021,8,하선,장지,2820,평일,24:00,0.0
2021,8,상선,복정,2821,평일,24:00,0.0
2021,8,하선,복정,2821,평일,24:00,0.0
2021,8,상선,산성,2822,평일,24:00,0.0
2021,8,하선,산성,2822,평일,24:00,0.0
2021,8,상선,남한산성입구,2823,평일,24:00,0.0
2021,8,하선,남한산성입구,2823,평일,24:00,0.0
2021,8,상선,단대오거리,2824,평일,24:00,0.0
2021,8,하선,단대오거리,2824,평일,24:00,0.0
2021,8,상선,신흥,2825,평일,24:00,0.0
2021,8,하선,신흥,2825,평일,24:00,0.0
2021,8,상선,수진,2826,평일,24:00,0.0
2021,8,하선,수진,2826,평일,24:00,0.0
2021,8,상선,모란,2827,평일,24:00,0.0
2021,8,하선,모란,2827,평일,24:00,0.0
2021,8,상선,암사,2811,토요일,24:00,0.0
2021,8,하선,암사,2811,토요일,24:00,0.0
2021,8,상선,천호,2812,토요일,24:00,0.0
2021,8,하선,천호,2812,토요일,24:00,0.0
2021,8,상선,강동구청,2813,토요일,24:00,0.0
2021,8,하선,강동구청,2813,토요일,24:00,0.0
2021,8,상선,몽촌토성,2814,토요일,24:00,0.0
2021,8,하선,몽촌토성,2814,토요일,24:00,0.0
2021,8,상선,잠실,2815,토요일,24:00,0.0
2021,8,하선,잠실,2815,토요일,24:00,0.0
2021,8,상선,석촌,2816,토요일,24:00,0.0
2021,8,하선,석촌,2816,토요일,24:00,0.0
2021,8,상선,송파,2817,토요일,24:00,0.0
2021,8,하선,송파,2817,토요일,24:00,0.0
2021,8,상선,가락시장,2818,토요일,24:00,0.0
2021,8,하선,가락시장,2818,토요일,24:00,0.0
2021,8,상선,문정,2819,토요일,24:00,0.0
2021,8,하선,문정,2819,토요일,24:00,0.0
2021,8,상선,장지,2820,토요일,24:00,0.0
2021,8,하선,장지,2820,토요일,24:00,0.0
2021,8,상선,복정,2821,토요일,24:00,0.0
2021,8,하선,복정,2821,토요일,24:00,0.0
2021,8,상선,산성,2822,토요일,24:00,0.0
2021,8,하선,산성,2822,토요일,24:00,0.0
2021,8,상선,남한산성입구,2823,토요일,24:00,0.0
2021,8,하선,남한산성입구,2823,토요일,24:00,0.0
2021,8,상선,단대오거리,2824,토요일,24:00,0.0
2021,8,하선,단대오거리,2824,토요일,24:00,0.0
2021,8,상선,신흥,2825,토요일,24:00,0.0
2021,8,하선,신흥,2825,토요일,24:00,0.0
2021,8,상선,수진,2826,토요일,24:00,0.0
2021,8,하선,수진,2826,토요일,24:00,0.0
2021,8,상선,모란,2827,토요일,24:00,0.0
2021,8,하선,모란,2827,토요일,24:00,0.0
2022,8,상선,암사,2811,평일,24:00,0.0
2022,8,하선,암사,2811,평일,24:00,0.0
2022,8,상선,천호,2812,평일,24:00,0.0
2022,8,하선,천호,2812,평일,24:00,0.0
2022,8,상선,강동구청,2813,평일,24:00,0.0
2022,8,하선,강동구청,2813,평일,24:00,0.0
2022,8,상선,몽촌토성,2814,평일,24:00,0.0
2022,8,하선,몽촌토성,2814,평일,24:00,0.0
2022,8,상선,잠실,2815,평일,24:00,0.0
2022,8,하선,잠실,2815,평일,24:00,0.0
2022,8,상선,석촌,2816,평일,24:00,0.0
2022,8,하선,석촌,2816,평일,24:00,0.0
2022,8,상선,송파,2817,평일,24:00,0.0
2022,8,하선,송파,2817,평일,24:00,0.0
2022,8,상선,가락시장,2818,평일,24:00,0.0
2022,8,하선,가락시장,2818,평일,24:00,0.0
2022,8,상선,문정,2819,평일,24:00,0.0
2022,8,하선,문정,2819,평일,24:00,0.0
2022,8,상선,장지,2820,평일,24:00,0.0
2022,8,하선,장지,2820,평일,24:00,0.0
2022,8,상선,복정,2821,평일,24:00,0.0
2022,8,하선,복정,2821,평일,24:00,0.0
2022,8,상선,산성,2822,평일,24:00,0.0
2022,8,하선,산성,2822,평일,24:00,0.0
2022,8,상선,남한산성입구,2823,평일,24:00,0.0
2022,8,하선,남한산성입구,2823,평일,24:00,0.0
2022,8,상선,단대오거리,2824,평일,24:00,0.0
2022,8,하선,단대오거리,2824,평일,24:00,0.0
2022,8,상선,신흥,2825,평일,24:00,0.0
2022,8,하선,신흥,2825,평일,24:00,0.0
2022,8,상선,수진,2826,평일,24:00,0.0
2022,8,하선,수진,2826,평일,24:00,0.0
2022,8,상선,모란,2827,평일,24:00,0.0
2022,8,하선,모란,2827,평일,24:00,0.0
2022,8,상선,암사,2811,토요일,24:00,0.0
2022,8,하선,암사,2811,토요일,24:00,0.0
2022,8,상선,천호,2812,토요일,24:00,0.0
2022,8,하선,천호,2812,토요일,24:00,0.0
2022,8,상선,강동구청,2813,토요일,24:00,0.0
2022,8,하선,강동구청,2813,토요일,24:00,0.0
2022,8,상선,몽촌토성,2814,토요일,24:00,0.0
2022,8,하선,몽촌토성,2814,토요일,24:00,0.0
2022,8,상선,잠실,2815,토요일,24:00,0.0
2022,8,하선,잠실,2815,토요일,24:00,0.0
2022,8,상선,석촌,2816,토요일,24:00,0.0
2022,8,하선,석촌,2816,토요일,24:00,0.0
2022,8,상선,송파,2817,토요일,24:00,0.0
2022,8,하선,송파,2817,토요일,24:00,0.0
2022,8,상선,가락시장,2818,토요일,24:00,0.0
2022,8,하선,가락시장,2818,토요일,24:00,0.0
2022,8,상선,문정,2819,토요일,24:00,0.0
2022,8,하선,문정,2819,토요일,24:00,0.0
2022,8,상선,장지,2820,토요일,24:00,0.0
2022,8,하선,장지,2820,토요일,24:00,0.0
2022,8,상선,복정,2821,토요일,24:00,0.0
2022,8,하선,복정,2821,토요일,24:00,0.0
2022,8,상선,산성,2822,토요일,24:00,0.0
2022,8,하선,산성,2822,토요일,24:00,0.0
2022,8,상선,남한산성입구,2823,토요일,24:00,0.0
2022,8,하선,남한산성입구,2823,토요일,24:00,0.0
2022,8,상선,단대오거리,2824,토요일,24:00,0.0
2022,8,하선,단대오거리,2824,토요일,24:00,0.0
2022,8,상선,신흥,2825,토요일,24:00,0.0
2022,8,하선,신흥,2825,토요일,24:00,0.0
2022,8,상선,암사,2811,공휴일,24:00,0.0
2022,8,하선,암사,2811,공휴일,24:00,0.0
2022,8,상선,천호,2812,공휴일,24:00,0.0
2022,8,하선,천호,2812,공휴일,24:00,0.0
2022,8,상선,강동구청,2813,공휴일,24:00,0.0
2022,8,하선,강동구청,2813,공휴일,24:00,0.0
2022,8,상선,몽촌토성,2814,공휴일,24:00,0.0
2022,8,하선,몽촌토성,2814,공휴일,24:00,0.0
2022,8,상선,잠실,2815,공휴일,24:00,0.0
2022,8,하선,잠실,2815,공휴일,24:00,0.0
2022,8,상선,석촌,2816,공휴일,24:00,0.0
2022,8,하선,석촌,2816,공휴일,24:00,0.0
2022,8,상선,송파,2817,공휴일,24:00,0.0
2022,8,하선,송파,2817,공휴일,24:00,0.0
2022,8,상선,가락시장,2818,공휴일,24:00,0.0
2022,8,하선,가락시장,2818,공휴일,24:00,0.0
2022,8,상선,문정,2819,공휴일,24:00,0.0
2022,8,하선,문정,2819,공휴일,24:00,0.0
2022,8,상선,장지,2820,공휴일,24:00,0.0
2022,8,하선,장지,2820,공휴일,24:00,0.0
2022,8,상선,복정,2821,공휴일,24:00,0.0
2022,8,하선,복정,2821,공휴일,24:00,0.0
2022,8,상선,산성,2822,공휴일,24:00,0.0
2022,8,하선,산성,2822,공휴일,24:00,0.0
2022,8,상선,남한산성입구,2823,공휴일,24:00,0.0
2022,8,하선,남한산성입구,2823,공휴일,24:00,0.0
2022,8,상선,단대오거리,2824,공휴일,24:00,0.0
2022,8,하선,단대오거리,2824,공휴일,24:00,0.0
2022,8,상선,신흥,2825,공휴일,24:00,0.0
2022,8,하선,신흥,2825,공휴일,24:00,0.0
2022,8,상선,수진,2826,공휴일,24:00,0.0
2022,8,하선,수진,2826,공휴일,24:00,0.0
2022,8,상선,모란,2827,공휴일,24:00,0.0
2022,8,하선,모란,2827,공휴일,24:00,0.0
2023,8,상선,암사,2811,평일,24:00,0.0
2023,8,하선,암사,2811,평일,24:00,0.0
2023,8,상선,천호,2812,평일,24:00,0.0
2023,8,하선,천호,2812,평일,24:00,0.0
2023,8,상선,강동구청,2813,평일,24:00,0.0
2023,8,하선,강동구청,2813,평일,24:00,0.0
2023,8,상선,몽촌토성,2814,평일,24:00,0.0
2023,8,하선,몽촌토성,2814,평일,24:00,0.0
2023,8,상선,잠실,2815,평일,24:00,0.0
2023,8,하선,잠실,2815,평일,24:00,0.0
2023,8,상선,석촌,2816,평일,24:00,0.0
2023,8,하선,석촌,2816,평일,24:00,0.0
2023,8,상선,송파,2817,평일,24:00,0.0
2023,8,하선,송파,2817,평일,24:00,0.0
2023,8,상선,가락시장,2818,평일,24:00,0.0
2023,8,하선,가락시장,2818,평일,24:00,0.0
2023,8,상선,문정,2819,평일,24:00,0.0
2023,8,하선,문정,2819,평일,24:00,0.0
2023,8,상선,장지,2820,평일,24:00,0.0
2023,8,하선,장지,2820,평일,24:00,0.0
2023,8,상선,복정,2821,평일,24:00,0.0
2023,8,하선,복정,2821,평일,24:00,0.0
2023,8,상선,산성,2822,평일,24:00,0.0
2023,8,하선,산성,2822,평일,24:00,0.0
2023,8,상선,남한산성입구,2823,평일,24:00,0.0
2023,8,하선,남한산성입구,2823,평일,24:00,0.0
2023,8,상선,단대오거리,2824,평일,24:00,0.0
2023,8,하선,단대오거리,2824,평일,24:00,0.0
2023,8,상선,신흥,2825,평일,24:00,0.0
2023,8,하선,신흥,2825,평일,24:00,0.0
2023,8,상선,수진,2826,평일,24:00,0.0
2023,8,하선,수진,2826,평일,24:00,0.0
2023,8,상선,모란,2827,평일,24:00,0.0
2023,8,하선,모란,2827,평일,24:00,0.0
2023,8,상선,암사,2811,토요일,24:00,0.0
2023,8,하선,암사,2811,토요일,24:00,0.0
2023,8,상선,천호,2812,토요일,24:00,0.0
2023,8,하선,천호,2812,토요일,24:00,0.0
2023,8,상선,강동구청,2813,토요일,24:00,0.0
2023,8,하선,강동구청,2813,토요일,24:00,0.0
2023,8,상선,몽촌토성,2814,토요일,24:00,0.0
2023,8,하선,몽촌토성,2814,토요일,24:00,0.0
2023,8,상선,잠실,2815,토요일,24:00,0.0
2023,8,하선,잠실,2815,토요일,24:00,0.0
2023,8,상선,석촌,2816,토요일,24:00,0.0
2023,8,하선,석촌,2816,토요일,24:00,0.0
2023,8,상선,송파,2817,토요일,24:00,0.0
2023,8,하선,송파,2817,토요일,24:00,0.0
2023,8,상선,가락시장,2818,토요일,24:00,0.0
2023,8,하선,가락시장,2818,토요일,24:00,0.0
2023,8,상선,문정,2819,토요일,24:00,0.0
2023,8,하선,문정,2819,토요일,24:00,0.0
2023,8,상선,장지,2820,토요일,24:00,0.0
2023,8,하선,장지,2820,토요일,24:00,0.0
2023,8,상선,복정,2821,토요일,24:00,0.0
2023,8,하선,복정,2821,토요일,24:00,0.0
2023,8,상선,산성,2822,토요일,24:00,0.0
2023,8,하선,산성,2822,토요일,24:00,0.0
2023,8,상선,남한산성입구,2823,토요일,24:00,0.0
2023,8,하선,남한산성입구,2823,토요일,24:00,0.0
2023,8,상선,단대오거리,2824,토요일,24:00,0.0
2023,8,하선,단대오거리,2824,토요일,24:00,0.0
2023,8,상선,신흥,2825,토요일,24:00,0.0
2023,8,하선,신흥,2825,토요일,24:00,0.0
2023,8,상선,수진,2826,토요일,24:00,0.0
2023,8,하선,수진,2826,토요일,24:00,0.0
2023,8,상선,모란,2827,토요일,24:00,0.0
2023,8,하선,모란,2827,토요일,24:00,0.0
2023,8,상선,암사,2811,일요일,24:00,0.0
2023,8,하선,암사,2811,일요일,24:00,0.0
2023,8,상선,천호,2812,일요일,24:00,0.0
2023,8,하선,천호,2812,일요일,24:00,0.0
2023,8,상선,강동구청,2813,일요일,24:00,0.0
2023,8,하선,강동구청,2813,일요일,24:00,0.0
2023,8,상선,몽촌토성,2814,일요일,24:00,0.0
2023,8,하선,몽촌토성,2814,일요일,24:00,0.0
2023,8,상선,잠실,2815,일요일,24:00,0.0
2023,8,하선,잠실,2815,일요일,24:00,0.0
2023,8,상선,석촌,2816,일요일,24:00,0.0
2023,8,하선,석촌,2816,일요일,24:00,0.0
2023,8,상선,송파,2817,일요일,24:00,0.0
2023,8,하선,송파,2817,일요일,24:00,0.0
2023,8,상선,가락시장,2818,일요일,24:00,0.0
2023,8,하선,가락시장,2818,일요일,24:00,0.0
2023,8,상선,문정,2819,일요일,24:00,0.0
2023,8,하선,문정,2819,일요일,24:00,0.0
2023,8,상선,장지,2820,일요일,24:00,0.0
2023,8,하선,장지,2820,일요일,24:00,0.0
2023,8,상선,복정,2821,일요일,24:00,0.0
2023,8,하선,복정,2821,일요일,24:00,0.0
2023,8,상선,산성,2822,일요일,24:00,0.0
2023,8,하선,산성,2822,일요일,24:00,0.0
2023,8,상선,남한산성입구,2823,일요일,24:00,0.0
2023,8,하선,남한산성입구,2823,일요일,24:00,0.0
2023,8,상선,단대오거리,2824,일요일,24:00,0.0
2023,8,하선,단대오거리,2824,일요일,24:00,0.0
2023,8,상선,신흥,2825,일요일,24:00,0.0
2023,8,하선,신흥,2825,일요일,24:00,0.0
2023,8,상선,수진,2826,일요일,24:00,0.0
2023,8,하선,수진,2826,일요일,24:00,0.0
2023,8,상선,모란,2827,일요일,24:00,0.0
202403,8,상선,암사,2811,평일,24:00,0.0
202403,8,하선,암사,2811,평일,24:00,0.0
202403,8,상선,천호,2812,평일,24:00,0.0
202403,8,하선,천호,2812,평일,24:00,0.0
202403,8,상선,강동구청,2813,평일,24:00,0.0
202403,8,하선,강동구청,2813,평일,24:00,0.0
202403,8,상선,몽촌토성,2814,평일,24:00,0.0
202403,8,하선,몽촌토성,2814,평일,24:00,0.0
202403,8,상선,잠실,2815,평일,24:00,0.0
202403,8,하선,잠실,2815,평일,24:00,0.0
202403,8,상선,석촌,2816,평일,24:00,0.0
202403,8,하선,석촌,2816,평일,24:00,0.0
202403,8,상선,송파,2817,평일,24:00,0.0
202403,8,하선,송파,2817,평일,24:00,0.0
202403,8,상선,가락시장,2818,평일,24:00,0.0
202403,8,하선,가락시장,2818,평일,24:00,0.0
202403,8,상선,문정,2819,평일,24:00,0.0
202403,8,하선,문정,2819,평일,24:00,0.0
202403,8,상선,장지,2820,평일,24:00,0.0
202403,8,하선,장지,2820,평일,24:00,0.0
202403,8,상선,복정,2821,평일,24:00,0.0
202403,8,하선,복정,2821,평일,24:00,0.0
202403,8,상선,산성,2822,평일,24:00,0.0
202403,8,하선,산성,2822,평일,24:00,0.0
202403,8,상선,남한산성입구,2823,평일,24:00,0.0
202403,8,하선,남한산성입구,2823,평일,24:00,0.0
202403,8,상선,단대오거리,2824,평일,24:00,0.0
202403,8,하선,단대오거리,2824,평일,24:00,0.0
202403,8,상선,신흥,2825,평일,24:00,0.0
202403,8,하선,신흥,2825,평일,24:00,0.0
202403,8,상선,수진,2826,평일,24:00,0.0
202403,8,하선,수진,2826,평일,24:00,0.0
202403,8,상선,모란,2827,평일,24:00,0.0
202403,8,하선,모란,2827,평일,24:00,0.0
202403,8,상선,암사,2811,토요일,24:00,0.0
202403,8,하선,암사,2811,토요일,24:00,0.0
202403,8,상선,천호,2812,토요일,24:00,0.0
202403,8,하선,천호,2812,토요일,24:00,0.0
202403,8,상선,강동구청,2813,토요일,24:00,0.0
202403,8,하선,강동구청,2813,토요일,24:00,0.0
202403,8,상선,몽촌토성,2814,토요일,24:00,0.0
202403,8,하선,몽촌토성,2814,토요일,24:00,0.0
202403,8,상선,잠실,2815,토요일,24:00,0.0
202403,8,하선,잠실,2815,토요일,24:00,0.0
202403,8,상선,석촌,2816,토요일,24:00,0.0
202403,8,하선,석촌,2816,토요일,24:00,0.0
202403,8,상선,송파,2817,토요일,24:00,0.0
202403,8,하선,송파,2817,토요일,24:00,0.0
202403,8,상선,가락시장,2818,토요일,24:00,0.0
202403,8,하선,가락시장,2818,토요일,24:00,0.0
202403,8,상선,문정,2819,토요일,24:00,0.0
202403,8,하선,문정,2819,토요일,24:00,0.0
202403,8,상선,장지,2820,토요일,24:00,0.0
202403,8,하선,장지,2820,토요일,24:00,0.0
202403,8,상선,복정,2821,토요일,24:00,0.0
202403,8,하선,복정,2821,토요일,24:00,0.0
202403,8,상선,산성,2822,토요일,24:00,0.0
202403,8,하선,산성,2822,토요일,24:00,0.0
202403,8,상선,남한산성입구,2823,토요일,24:00,0.0
202403,8,하선,남한산성입구,2823,토요일,24:00,0.0
202403,8,상선,단대오거리,2824,토요일,24:00,0.0
202403,8,하선,단대오거리,2824,토요일,24:00,0.0
202403,8,상선,신흥,2825,토요일,24:00,0.0
202403,8,하선,신흥,2825,토요일,24:00,0.0
202403,8,상선,수진,2826,토요일,24:00,0.0
202403,8,하선,수진,2826,토요일,24:00,0.0
202403,8,상선,모란,2827,토요일,24:00,0.0
202403,8,하선,모란,2827,토요일,24:00,0.0
202403,8,상선,암사,2811,일요일,24:00,0.0
202403,8,하선,암사,2811,일요일,24:00,0.0
202403,8,상선,천호,2812,일요일,24:00,0.0
202403,8,하선,천호,2812,일요일,24:00,0.0
202403,8,상선,강동구청,2813,일요일,24:00,0.0
202403,8,하선,강동구청,2813,일요일,24:00,0.0
202403,8,상선,몽촌토성,2814,일요일,24:00,0.0
202403,8,하선,몽촌토성,2814,일요일,24:00,0.0
202403,8,상선,잠실,2815,일요일,24:00,0.0
202403,8,하선,잠실,2815,일요일,24:00,0.0
202403,8,상선,석촌,2816,일요일,24:00,0.0
202403,8,하선,석촌,2816,일요일,24:00,0.0
202403,8,상선,송파,2817,일요일,24:00,0.0
202403,8,하선,송파,2817,일요일,24:00,0.0
202403,8,상선,가락시장,2818,일요일,24:00,0.0
202403,8,하선,가락시장,2818,일요일,24:00,0.0
202403,8,상선,문정,2819,일요일,24:00,0.0
202403,8,하선,문정,2819,일요일,24:00,0.0
202403,8,상선,장지,2820,일요일,24:00,0.0
202403,8,하선,장지,2820,일요일,24:00,0.0
202403,8,상선,복정,2821,일요일,24:00,0.0
202403,8,하선,복정,2821,일요일,24:00,0.0
202403,8,상선,산성,2822,일요일,24:00,0.0
202403,8,하선,산성,2822,일요일,24:00,0.0
202403,8,상선,남한산성입구,2823,일요일,24:00,0.0
202403,8,하선,남한산성입구,2823,일요일,24:00,0.0
202403,8,상선,단대오거리,2824,일요일,24:00,0.0
202403,8,하선,단대오거리,2824,일요일,24:00,0.0
202403,8,상선,신흥,2825,일요일,24:00,0.0
202403,8,하선,신흥,2825,일요일,24:00,0.0
202403,8,상선,수진,2826,일요일,24:00,0.0
202403,8,하선,수진,2826,일요일,24:00,0.0
202403,8,상선,모란,2827,일요일,24:00,0.0
202406,8,상선,암사,2811,평일,24:00,0.0
202406,8,하선,암사,2811,평일,24:00,0.0
202406,8,상선,천호,2812,평일,24:00,0.0
202406,8,하선,천호,2812,평일,24:00,0.0
202406,8,상선,강동구청,2813,평일,24:00,0.0
202406,8,하선,강동구청,2813,평일,24:00,0.0
202406,8,상선,몽촌토성,2814,평일,24:00,0.0
202406,8,하선,몽촌토성,2814,평일,24:00,0.0
202406,8,상선,잠실,2815,평일,24:00,0.0
202406,8,하선,잠실,2815,평일,24:00,0.0
202406,8,상선,석촌,2816,평일,24:00,0.0
202406,8,하선,석촌,2816,평일,24:00,0.0
202406,8,상선,송파,2817,평일,24:00,0.0
202406,8,하선,송파,2817,평일,24:00,0.0
202406,8,상선,가락시장,2818,평일,24:00,0.0
202406,8,하선,가락시장,2818,평일,24:00,0.0
202406,8,상선,문정,2819,평일,24:00,0.0
202406,8,하선,문정,2819,평일,24:00,0.0
202406,8,상선,장지,2820,평일,24:00,0.0
202406,8,하선,장지,2820,평일,24:00,0.0
202406,8,상선,복정,2821,평일,24:00,0.0
202406,8,하선,복정,2821,평일,24:00,0.0
202406,8,상선,산성,2822,평일,24:00,0.0
202406,8,하선,산성,2822,평일,24:00,0.0
202406,8,상선,남한산성입구,2823,평일,24:00,0.0
202406,8,하선,남한산성입구,2823,평일,24:00,0.0
202406,8,상선,단대오거리,2824,평일,24:00,0.0
202406,8,하선,단대오거리,2824,평일,24:00,0.0
202406,8,상선,신흥,2825,평일,24:00,0.0
202406,8,하선,신흥,2825,평일,24:00,0.0
202406,8,상선,수진,2826,평일,24:00,0.0
202406,8,하선,수진,2826,평일,24:00,0.0
202406,8,상선,모란,2827,평일,24:00,0.0
202406,8,하선,모란,2827,평일,24:00,0.0
202406,8,상선,암사,2811,토요일,24:00,0.0
202406,8,하선,암사,2811,토요일,24:00,0.0
202406,8,상선,천호,2812,토요일,24:00,0.0
202406,8,하선,천호,2812,토요일,24:00,0.0
202406,8,상선,강동구청,2813,토요일,24:00,0.0
202406,8,하선,강동구청,2813,토요일,24:00,0.0
202406,8,상선,몽촌토성,2814,토요일,24:00,0.0
202406,8,하선,몽촌토성,2814,토요일,24:00,0.0
202406,8,상선,잠실,2815,토요일,24:00,0.0
202406,8,하선,잠실,2815,토요일,24:00,0.0
202406,8,상선,석촌,2816,토요일,24:00,0.0
202406,8,하선,석촌,2816,토요일,24:00,0.0
202406,8,상선,송파,2817,토요일,24:00,0.0
202406,8,하선,송파,2817,토요일,24:00,0.0
202406,8,상선,가락시장,2818,토요일,24:00,0.0
202406,8,하선,가락시장,2818,토요일,24:00,0.0
202406,8,상선,문정,2819,토요일,24:00,0.0
202406,8,하선,문정,2819,토요일,24:00,0.0
202406,8,상선,장지,2820,토요일,24:00,0.0
202406,8,하선,장지,2820,토요일,24:00,0.0
202406,8,상선,복정,2821,토요일,24:00,0.0
202406,8,하선,복정,2821,토요일,24:00,0.0
202406,8,상선,산성,2822,토요일,24:00,0.0
202406,8,하선,산성,2822,토요일,24:00,0.0
202406,8,상선,남한산성입구,2823,토요일,24:00,0.0
202406,8,하선,남한산성입구,2823,토요일,24:00,0.0
202406,8,상선,단대오거리,2824,토요일,24:00,0.0
202406,8,하선,단대오거리,2824,토요일,24:00,0.0
202406,8,상선,신흥,2825,토요일,24:00,0.0
202406,8,하선,신흥,2825,토요일,24:00,0.0
202406,8,상선,수진,2826,토요일,24:00,0.0
202406,8,하선,수진,2826,토요일,24:00,0.0
202406,8,상선,모란,2827,토요일,24:00,0.0
202406,8,하선,모란,2827,토요일,24:00,0.0
202406,8,상선,암사,2811,일요일,24:00,0.0
202406,8,하선,암사,2811,일요일,24:00,0.0
202406,8,상선,천호,2812,일요일,24:00,0.0
202406,8,하선,천호,2812,일요일,24:00,0.0
202406,8,상선,강동구청,2813,일요일,24:00,0.0
202406,8,하선,강동구청,2813,일요일,24:00,0.0
202406,8,상선,몽촌토성,2814,일요일,24:00,0.0
202406,8,하선,몽촌토성,2814,일요일,24:00,0.0
202406,8,상선,잠실,2815,일요일,24:00,0.0
202406,8,하선,잠실,2815,일요일,24:00,0.0
202406,8,상선,석촌,2816,일요일,24:00,0.0
202406,8,하선,석촌,2816,일요일,24:00,0.0
202406,8,상선,송파,2817,일요일,24:00,0.0
202406,8,하선,송파,2817,일요일,24:00,0.0
202406,8,상선,가락시장,2818,일요일,24:00,0.0
202406,8,하선,가락시장,2818,일요일,24:00,0.0
202406,8,상선,문정,2819,일요일,24:00,0.0
202406,8,하선,문정,2819,일요일,24:00,0.0
202406,8,상선,장지,2820,일요일,24:00,0.0
202406,8,하선,장지,2820,일요일,24:00,0.0
202406,8,상선,복정,2821,일요일,24:00,0.0
202406,8,하선,복정,2821,일요일,24:00,0.0
202406,8,상선,산성,2822,일요일,24:00,0.0
202406,8,하선,산성,2822,일요일,24:00,0.0
202406,8,상선,남한산성입구,2823,일요일,24:00,0.0
202406,8,하선,남한산성입구,2823,일요일,24:00,0.0
202406,8,상선,단대오거리,2824,일요일,24:00,0.0
202406,8,하선,단대오거리,2824,일요일,24:00,0.0
202406,8,상선,신흥,2825,일요일,24:00,0.0
202406,8,하선,신흥,2825,일요일,24:00,0.0
202406,8,상선,수진,2826,일요일,24:00,0.0
202406,8,하선,수진,2826,일요일,24:00,0.0
202406,8,상선,모란,2827,일요일,24:00,0.0
2020,8,상선,암사,2811,평일,24:30,0.0
2020,8,하선,암사,2811,평일,24:30,0.0
2020,8,상선,천호,2812,평일,24:30,0.0
2020,8,하선,천호,2812,평일,24:30,0.0
2020,8,상선,강동구청,2813,평일,24:30,0.0
2020,8,하선,강동구청,2813,평일,24:30,0.0
2020,8,상선,몽촌토성,2814,평일,24:30,0.0
2020,8,하선,몽촌토성,2814,평일,24:30,0.0
2020,8,상선,잠실,2815,평일,24:30,0.0
2020,8,하선,잠실,2815,평일,24:30,0.0
2020,8,상선,석촌,2816,평일,24:30,0.0
2020,8,하선,석촌,2816,평일,24:30,0.0
2020,8,상선,송파,2817,평일,24:30,0.0
2020,8,하선,송파,2817,평일,24:30,0.0
2020,8,상선,가락시장,2818,평일,24:30,0.0
2020,8,하선,가락시장,2818,평일,24:30,0.0
2020,8,상선,문정,2819,평일,24:30,0.0
2020,8,하선,문정,2819,평일,24:30,0.0
2020,8,상선,장지,2820,평일,24:30,0.0
2020,8,하선,장지,2820,평일,24:30,0.0
2020,8,상선,복정,2821,평일,24:30,0.0
2020,8,하선,복정,2821,평일,24:30,0.0
2020,8,상선,산성,2822,평일,24:30,0.0
2020,8,하선,산성,2822,평일,24:30,0.0
2020,8,상선,남한산성입구,2823,평일,24:30,0.0
2020,8,하선,남한산성입구,2823,평일,24:30,0.0
2020,8,상선,단대오거리,2824,평일,24:30,0.0
2020,8,하선,단대오거리,2824,평일,24:30,0.0
2020,8,상선,신흥,2825,평일,24:30,0.0
2020,8,하선,신흥,2825,평일,24:30,0.0
2020,8,상선,수진,2826,평일,24:30,0.0
2020,8,하선,수진,2826,평일,24:30,0.0
2020,8,상선,모란,2827,평일,24:30,0.0
2020,8,하선,모란,2827,평일,24:30,0.0
2020,8,상선,암사,2811,토요일,24:30,0.0
2020,8,하선,암사,2811,토요일,24:30,0.0
2020,8,상선,천호,2812,토요일,24:30,0.0
2020,8,하선,천호,2812,토요일,24:30,0.0
2020,8,상선,강동구청,2813,토요일,24:30,0.0
2020,8,하선,강동구청,2813,토요일,24:30,0.0
2020,8,상선,몽촌토성,2814,토요일,24:30,0.0
2020,8,하선,몽촌토성,2814,토요일,24:30,0.0
2020,8,상선,잠실,2815,토요일,24:30,0.0
2020,8,하선,잠실,2815,토요일,24:30,0.0
2020,8,상선,석촌,2816,토요일,24:30,0.0
2020,8,하선,석촌,2816,토요일,24:30,0.0
2020,8,상선,송파,2817,토요일,24:30,0.0
2020,8,하선,송파,2817,토요일,24:30,0.0
2020,8,상선,가락시장,2818,토요일,24:30,0.0
2020,8,하선,가락시장,2818,토요일,24:30,0.0
2020,8,상선,문정,2819,토요일,24:30,0.0
2020,8,하선,문정,2819,토요일,24:30,0.0
2020,8,상선,장지,2820,토요일,24:30,0.0
2020,8,하선,장지,2820,토요일,24:30,0.0
2020,8,상선,복정,2821,토요일,24:30,0.0
2020,8,하선,복정,2821,토요일,24:30,0.0
2020,8,상선,산성,2822,토요일,24:30,0.0
2020,8,하선,산성,2822,토요일,24:30,0.0
2020,8,상선,남한산성입구,2823,토요일,24:30,0.0
2020,8,하선,남한산성입구,2823,토요일,24:30,0.0
2020,8,상선,단대오거리,2824,토요일,24:30,0.0
2020,8,하선,단대오거리,2824,토요일,24:30,0.0
2020,8,상선,신흥,2825,토요일,24:30,0.0
2020,8,하선,신흥,2825,토요일,24:30,0.0
2020,8,상선,수진,2826,토요일,24:30,0.0
2020,8,하선,수진,2826,토요일,24:30,0.0
2020,8,상선,모란,2827,토요일,24:30,0.0
2020,8,하선,모란,2827,토요일,24:30,0.0
2020,8,상선,암사,2811,일요일,24:30,0.0
2020,8,하선,암사,2811,일요일,24:30,0.0
2020,8,상선,천호,2812,일요일,24:30,0.0
2020,8,하선,천호,2812,일요일,24:30,0.0
2020,8,상선,강동구청,2813,일요일,24:30,0.0
2020,8,하선,강동구청,2813,일요일,24:30,0.0
2020,8,상선,몽촌토성,2814,일요일,24:30,0.0
2020,8,하선,몽촌토성,2814,일요일,24:30,0.0
2020,8,상선,잠실,2815,일요일,24:30,0.0
2020,8,하선,잠실,2815,일요일,24:30,0.0
2020,8,상선,석촌,2816,일요일,24:30,0.0
2020,8,하선,석촌,2816,일요일,24:30,0.0
2020,8,상선,송파,2817,일요일,24:30,0.0
2020,8,하선,송파,2817,일요일,24:30,0.0
2020,8,상선,가락시장,2818,일요일,24:30,0.0
2021,8,상선,암사,2811,평일,24:30,0.0
2021,8,하선,암사,2811,평일,24:30,0.0
2021,8,상선,천호,2812,평일,24:30,0.0
2021,8,하선,천호,2812,평일,24:30,0.0
2021,8,상선,강동구청,2813,평일,24:30,0.0
2021,8,하선,강동구청,2813,평일,24:30,0.0
2021,8,상선,몽촌토성,2814,평일,24:30,0.0
2021,8,하선,몽촌토성,2814,평일,24:30,0.0
2021,8,상선,잠실,2815,평일,24:30,0.0
2021,8,하선,잠실,2815,평일,24:30,0.0
2021,8,상선,석촌,2816,평일,24:30,0.0
2021,8,하선,석촌,2816,평일,24:30,0.0
2021,8,상선,송파,2817,평일,24:30,0.0
2021,8,하선,송파,2817,평일,24:30,0.0
2021,8,상선,가락시장,2818,평일,24:30,0.0
2021,8,하선,가락시장,2818,평일,24:30,0.0
2021,8,상선,문정,2819,평일,24:30,0.0
2021,8,하선,문정,2819,평일,24:30,0.0
2021,8,상선,장지,2820,평일,24:30,0.0
2021,8,하선,장지,2820,평일,24:30,0.0
2021,8,상선,복정,2821,평일,24:30,0.0
2021,8,하선,복정,2821,평일,24:30,0.0
2021,8,상선,산성,2822,평일,24:30,0.0
2021,8,하선,산성,2822,평일,24:30,0.0
2021,8,상선,남한산성입구,2823,평일,24:30,0.0
2021,8,하선,남한산성입구,2823,평일,24:30,0.0
2021,8,상선,단대오거리,2824,평일,24:30,0.0
2021,8,하선,단대오거리,2824,평일,24:30,0.0
2021,8,상선,신흥,2825,평일,24:30,0.0
2021,8,하선,신흥,2825,평일,24:30,0.0
2021,8,상선,수진,2826,평일,24:30,0.0
2021,8,하선,수진,2826,평일,24:30,0.0
2021,8,상선,모란,2827,평일,24:30,0.0
2021,8,하선,모란,2827,평일,24:30,0.0
2021,8,상선,암사,2811,토요일,24:30,0.0
2021,8,하선,암사,2811,토요일,24:30,0.0
2021,8,상선,천호,2812,토요일,24:30,0.0
2021,8,하선,천호,2812,토요일,24:30,0.0
2021,8,상선,강동구청,2813,토요일,24:30,0.0
2021,8,하선,강동구청,2813,토요일,24:30,0.0
2021,8,상선,몽촌토성,2814,토요일,24:30,0.0
2021,8,하선,몽촌토성,2814,토요일,24:30,0.0
2021,8,상선,잠실,2815,토요일,24:30,0.0
2021,8,하선,잠실,2815,토요일,24:30,0.0
2021,8,상선,석촌,2816,토요일,24:30,0.0
2021,8,하선,석촌,2816,토요일,24:30,0.0
2021,8,상선,송파,2817,토요일,24:30,0.0
2021,8,하선,송파,2817,토요일,24:30,0.0
2021,8,상선,가락시장,2818,토요일,24:30,0.0
2021,8,하선,가락시장,2818,토요일,24:30,0.0
2021,8,상선,문정,2819,토요일,24:30,0.0
2021,8,하선,문정,2819,토요일,24:30,0.0
2021,8,상선,장지,2820,토요일,24:30,0.0
2021,8,하선,장지,2820,토요일,24:30,0.0
2021,8,상선,복정,2821,토요일,24:30,0.0
2021,8,하선,복정,2821,토요일,24:30,0.0
2021,8,상선,산성,2822,토요일,24:30,0.0
2021,8,하선,산성,2822,토요일,24:30,0.0
2021,8,상선,남한산성입구,2823,토요일,24:30,0.0
2021,8,하선,남한산성입구,2823,토요일,24:30,0.0
2021,8,상선,단대오거리,2824,토요일,24:30,0.0
2021,8,하선,단대오거리,2824,토요일,24:30,0.0
2021,8,상선,신흥,2825,토요일,24:30,0.0
2021,8,하선,신흥,2825,토요일,24:30,0.0
2021,8,상선,수진,2826,토요일,24:30,0.0
2021,8,하선,수진,2826,토요일,24:30,0.0
2021,8,상선,모란,2827,토요일,24:30,0.0
2021,8,하선,모란,2827,토요일,24:30,0.0
2022,8,상선,암사,2811,평일,24:30,0.0
2022,8,하선,암사,2811,평일,24:30,0.0
2022,8,상선,천호,2812,평일,24:30,0.0
2022,8,하선,천호,2812,평일,24:30,0.0
2022,8,상선,강동구청,2813,평일,24:30,0.0
2022,8,하선,강동구청,2813,평일,24:30,0.0
2022,8,상선,몽촌토성,2814,평일,24:30,0.0
2022,8,하선,몽촌토성,2814,평일,24:30,0.0
2022,8,상선,잠실,2815,평일,24:30,0.0
2022,8,하선,잠실,2815,평일,24:30,0.0
2022,8,상선,석촌,2816,평일,24:30,0.0
2022,8,하선,석촌,2816,평일,24:30,0.0
2022,8,상선,송파,2817,평일,24:30,0.0
2022,8,하선,송파,2817,평일,24:30,0.0
2022,8,상선,가락시장,2818,평일,24:30,0.0
2022,8,하선,가락시장,2818,평일,24:30,0.0
2022,8,상선,문정,2819,평일,24:30,0.0
2022,8,하선,문정,2819,평일,24:30,0.0
2022,8,상선,장지,2820,평일,24:30,0.0
2022,8,하선,장지,2820,평일,24:30,0.0
2022,8,상선,복정,2821,평일,24:30,0.0
2022,8,하선,복정,2821,평일,24:30,0.0
2022,8,상선,산성,2822,평일,24:30,0.0
2022,8,하선,산성,2822,평일,24:30,0.0
2022,8,상선,남한산성입구,2823,평일,24:30,0.0
2022,8,하선,남한산성입구,2823,평일,24:30,0.0
2022,8,상선,단대오거리,2824,평일,24:30,0.0
2022,8,하선,단대오거리,2824,평일,24:30,0.0
2022,8,상선,신흥,2825,평일,24:30,0.0
2022,8,하선,신흥,2825,평일,24:30,0.0
2022,8,상선,수진,2826,평일,24:30,0.0
2022,8,하선,수진,2826,평일,24:30,0.0
2022,8,상선,모란,2827,평일,24:30,0.0
2022,8,하선,모란,2827,평일,24:30,0.0
2022,8,상선,암사,2811,토요일,24:30,0.0
2022,8,하선,암사,2811,토요일,24:30,0.0
2022,8,상선,천호,2812,토요일,24:30,0.0
2022,8,하선,천호,2812,토요일,24:30,0.0
2022,8,상선,강동구청,2813,토요일,24:30,0.0
2022,8,하선,강동구청,2813,토요일,24:30,0.0
2022,8,상선,몽촌토성,2814,토요일,24:30,0.0
2022,8,하선,몽촌토성,2814,토요일,24:30,0.0
2022,8,상선,잠실,2815,토요일,24:30,0.0
2022,8,하선,잠실,2815,토요일,24:30,0.0
2022,8,상선,석촌,2816,토요일,24:30,0.0
2022,8,하선,석촌,2816,토요일,24:30,0.0
2022,8,상선,송파,2817,토요일,24:30,0.0
2022,8,하선,송파,2817,토요일,24:30,0.0
2022,8,상선,가락시장,2818,토요일,24:30,0.0
2022,8,하선,가락시장,2818,토요일,24:30,0.0
2022,8,상선,문정,2819,토요일,24:30,0.0
2022,8,하선,문정,2819,토요일,24:30,0.0
2022,8,상선,장지,2820,토요일,24:30,0.0
2022,8,하선,장지,2820,토요일,24:30,0.0
2022,8,상선,복정,2821,토요일,24:30,0.0
2022,8,하선,복정,2821,토요일,24:30,0.0
2022,8,상선,산성,2822,토요일,24:30,0.0
2022,8,하선,산성,2822,토요일,24:30,0.0
2022,8,상선,남한산성입구,2823,토요일,24:30,0.0
2022,8,하선,남한산성입구,2823,토요일,24:30,0.0
2022,8,상선,단대오거리,2824,토요일,24:30,0.0
2022,8,하선,단대오거리,2824,토요일,24:30,0.0
2022,8,상선,신흥,2825,토요일,24:30,0.0
2022,8,하선,신흥,2825,토요일,24:30,0.0
2022,8,상선,암사,2811,공휴일,24:30,0.0
2022,8,하선,암사,2811,공휴일,24:30,0.0
2022,8,상선,천호,2812,공휴일,24:30,0.0
2022,8,하선,천호,2812,공휴일,24:30,0.0
2022,8,상선,강동구청,2813,공휴일,24:30,0.0
2022,8,하선,강동구청,2813,공휴일,24:30,0.0
2022,8,상선,몽촌토성,2814,공휴일,24:30,0.0
2022,8,하선,몽촌토성,2814,공휴일,24:30,0.0
2022,8,상선,잠실,2815,공휴일,24:30,0.0
2022,8,하선,잠실,2815,공휴일,24:30,0.0
2022,8,상선,석촌,2816,공휴일,24:30,0.0
2022,8,하선,석촌,2816,공휴일,24:30,0.0
2022,8,상선,송파,2817,공휴일,24:30,0.0
2022,8,하선,송파,2817,공휴일,24:30,0.0
2022,8,상선,가락시장,2818,공휴일,24:30,0.0
2022,8,하선,가락시장,2818,공휴일,24:30,0.0
2022,8,상선,문정,2819,공휴일,24:30,0.0
2022,8,하선,문정,2819,공휴일,24:30,0.0
2022,8,상선,장지,2820,공휴일,24:30,0.0
2022,8,하선,장지,2820,공휴일,24:30,0.0
2022,8,상선,복정,2821,공휴일,24:30,0.0
2022,8,하선,복정,2821,공휴일,24:30,0.0
2022,8,상선,산성,2822,공휴일,24:30,0.0
2022,8,하선,산성,2822,공휴일,24:30,0.0
2022,8,상선,남한산성입구,2823,공휴일,24:30,0.0
2022,8,하선,남한산성입구,2823,공휴일,24:30,0.0
2022,8,상선,단대오거리,2824,공휴일,24:30,0.0
2022,8,하선,단대오거리,2824,공휴일,24:30,0.0
2022,8,상선,신흥,2825,공휴일,24:30,0.0
2022,8,하선,신흥,2825,공휴일,24:30,0.0
2022,8,상선,수진,2826,공휴일,24:30,0.0
2022,8,하선,수진,2826,공휴일,24:30,0.0
2022,8,상선,모란,2827,공휴일,24:30,0.0
2022,8,하선,모란,2827,공휴일,24:30,0.0
2023,8,상선,암사,2811,평일,24:30,0.0
2023,8,하선,암사,2811,평일,24:30,0.0
2023,8,상선,천호,2812,평일,24:30,0.0
2023,8,하선,천호,2812,평일,24:30,0.0
2023,8,상선,강동구청,2813,평일,24:30,0.0
2023,8,하선,강동구청,2813,평일,24:30,0.0
2023,8,상선,몽촌토성,2814,평일,24:30,0.0
2023,8,하선,몽촌토성,2814,평일,24:30,0.0
2023,8,상선,잠실,2815,평일,24:30,0.0
2023,8,하선,잠실,2815,평일,24:30,0.0
2023,8,상선,석촌,2816,평일,24:30,0.0
2023,8,하선,석촌,2816,평일,24:30,0.0
2023,8,상선,송파,2817,평일,24:30,0.0
2023,8,하선,송파,2817,평일,24:30,0.0
2023,8,상선,가락시장,2818,평일,24:30,0.0
2023,8,하선,가락시장,2818,평일,24:30,0.0
2023,8,상선,문정,2819,평일,24:30,0.0
2023,8,하선,문정,2819,평일,24:30,0.0
2023,8,상선,장지,2820,평일,24:30,0.0
2023,8,하선,장지,2820,평일,24:30,0.0
2023,8,상선,복정,2821,평일,24:30,0.0
2023,8,하선,복정,2821,평일,24:30,0.0
2023,8,상선,산성,2822,평일,24:30,0.0
2023,8,하선,산성,2822,평일,24:30,0.0
2023,8,상선,남한산성입구,2823,평일,24:30,0.0
2023,8,하선,남한산성입구,2823,평일,24:30,0.0
2023,8,상선,단대오거리,2824,평일,24:30,0.0
2023,8,하선,단대오거리,2824,평일,24:30,0.0
2023,8,상선,신흥,2825,평일,24:30,0.0
2023,8,하선,신흥,2825,평일,24:30,0.0
2023,8,상선,수진,2826,평일,24:30,0.0
2023,8,하선,수진,2826,평일,24:30,0.0
2023,8,상선,모란,2827,평일,24:30,0.0
2023,8,하선,모란,2827,평일,24:30,0.0
2023,8,상선,암사,2811,토요일,24:30,0.0
2023,8,하선,암사,2811,토요일,24:30,0.0
2023,8,상선,천호,2812,토요일,24:30,0.0
2023,8,하선,천호,2812,토요일,24:30,0.0
2023,8,상선,강동구청,2813,토요일,24:30,0.0
2023,8,하선,강동구청,2813,토요일,24:30,0.0
2023,8,상선,몽촌토성,2814,토요일,24:30,0.0
2023,8,하선,몽촌토성,2814,토요일,24:30,0.0
2023,8,상선,잠실,2815,토요일,24:30,0.0
2023,8,하선,잠실,2815,토요일,24:30,0.0
2023,8,상선,석촌,2816,토요일,24:30,0.0
2023,8,하선,석촌,2816,토요일,24:30,0.0
2023,8,상선,송파,2817,토요일,24:30,0.0
2023,8,하선,송파,2817,토요일,24:30,0.0
2023,8,상선,가락시장,2818,토요일,24:30,0.0
2023,8,하선,가락시장,2818,토요일,24:30,0.0
2023,8,상선,문정,2819,토요일,24:30,0.0
2023,8,하선,문정,2819,토요일,24:30,0.0
2023,8,상선,장지,2820,토요일,24:30,0.0
2023,8,하선,장지,2820,토요일,24:30,0.0
2023,8,상선,복정,2821,토요일,24:30,0.0
2023,8,하선,복정,2821,토요일,24:30,0.0
2023,8,상선,산성,2822,토요일,24:30,0.0
2023,8,하선,산성,2822,토요일,24:30,0.0
2023,8,상선,남한산성입구,2823,토요일,24:30,0.0
2023,8,하선,남한산성입구,2823,토요일,24:30,0.0
2023,8,상선,단대오거리,2824,토요일,24:30,0.0
2023,8,하선,단대오거리,2824,토요일,24:30,0.0
2023,8,상선,신흥,2825,토요일,24:30,0.0
2023,8,하선,신흥,2825,토요일,24:30,0.0
2023,8,상선,수진,2826,토요일,24:30,0.0
2023,8,하선,수진,2826,토요일,24:30,0.0
2023,8,상선,모란,2827,토요일,24:30,0.0
2023,8,하선,모란,2827,토요일,24:30,0.0
2023,8,상선,암사,2811,일요일,24:30,0.0
2023,8,하선,암사,2811,일요일,24:30,0.0
2023,8,상선,천호,2812,일요일,24:30,0.0
2023,8,하선,천호,2812,일요일,24:30,0.0
2023,8,상선,강동구청,2813,일요일,24:30,0.0
2023,8,하선,강동구청,2813,일요일,24:30,0.0
2023,8,상선,몽촌토성,2814,일요일,24:30,0.0
2023,8,하선,몽촌토성,2814,일요일,24:30,0.0
2023,8,상선,잠실,2815,일요일,24:30,0.0
2023,8,하선,잠실,2815,일요일,24:30,0.0
2023,8,상선,석촌,2816,일요일,24:30,0.0
2023,8,하선,석촌,2816,일요일,24:30,0.0
2023,8,상선,송파,2817,일요일,24:30,0.0
2023,8,하선,송파,2817,일요일,24:30,0.0
2023,8,상선,가락시장,2818,일요일,24:30,0.0
2023,8,하선,가락시장,2818,일요일,24:30,0.0
2023,8,상선,문정,2819,일요일,24:30,0.0
2023,8,하선,문정,2819,일요일,24:30,0.0
2023,8,상선,장지,2820,일요일,24:30,0.0
2023,8,하선,장지,2820,일요일,24:30,0.0
2023,8,상선,복정,2821,일요일,24:30,0.0
2023,8,하선,복정,2821,일요일,24:30,0.0
2023,8,상선,산성,2822,일요일,24:30,0.0
2023,8,하선,산성,2822,일요일,24:30,0.0
2023,8,상선,남한산성입구,2823,일요일,24:30,0.0
2023,8,하선,남한산성입구,2823,일요일,24:30,0.0
2023,8,상선,단대오거리,2824,일요일,24:30,0.0
2023,8,하선,단대오거리,2824,일요일,24:30,0.0
2023,8,상선,신흥,2825,일요일,24:30,0.0
2023,8,하선,신흥,2825,일요일,24:30,0.0
2023,8,상선,수진,2826,일요일,24:30,0.0
2023,8,하선,수진,2826,일요일,24:30,0.0
2023,8,상선,모란,2827,일요일,24:30,0.0
202403,8,상선,암사,2811,평일,24:30,0.0
202403,8,하선,암사,2811,평일,24:30,0.0
202403,8,상선,천호,2812,평일,24:30,0.0
202403,8,하선,천호,2812,평일,24:30,0.0
202403,8,상선,강동구청,2813,평일,24:30,0.0
202403,8,하선,강동구청,2813,평일,24:30,0.0
202403,8,상선,몽촌토성,2814,평일,24:30,0.0
202403,8,하선,몽촌토성,2814,평일,24:30,0.0
202403,8,상선,잠실,2815,평일,24:30,0.0
202403,8,하선,잠실,2815,평일,24:30,0.0
202403,8,상선,석촌,2816,평일,24:30,0.0
202403,8,하선,석촌,2816,평일,24:30,0.0
202403,8,상선,송파,2817,평일,24:30,0.0
202403,8,하선,송파,2817,평일,24:30,0.0
202403,8,상선,가락시장,2818,평일,24:30,0.0
202403,8,하선,가락시장,2818,평일,24:30,0.0
202403,8,상선,문정,2819,평일,24:30,0.0
202403,8,하선,문정,2819,평일,24:30,0.0
202403,8,상선,장지,2820,평일,24:30,0.0
202403,8,하선,장지,2820,평일,24:30,0.0
202403,8,상선,복정,2821,평일,24:30,0.0
202403,8,하선,복정,2821,평일,24:30,0.0
202403,8,상선,산성,2822,평일,24:30,0.0
202403,8,하선,산성,2822,평일,24:30,0.0
202403,8,상선,남한산성입구,2823,평일,24:30,0.0
202403,8,하선,남한산성입구,2823,평일,24:30,0.0
202403,8,상선,단대오거리,2824,평일,24:30,0.0
202403,8,하선,단대오거리,2824,평일,24:30,0.0
202403,8,상선,신흥,2825,평일,24:30,0.0
202403,8,하선,신흥,2825,평일,24:30,0.0
202403,8,상선,수진,2826,평일,24:30,0.0
202403,8,하선,수진,2826,평일,24:30,0.0
202403,8,상선,모란,2827,평일,24:30,0.0
202403,8,하선,모란,2827,평일,24:30,0.0
202403,8,상선,암사,2811,토요일,24:30,0.0
202403,8,하선,암사,2811,토요일,24:30,0.0
202403,8,상선,천호,2812,토요일,24:30,0.0
202403,8,하선,천호,2812,토요일,24:30,0.0
202403,8,상선,강동구청,2813,토요일,24:30,0.0
202403,8,하선,강동구청,2813,토요일,24:30,0.0
202403,8,상선,몽촌토성,2814,토요일,24:30,0.0
202403,8,하선,몽촌토성,2814,토요일,24:30,0.0
202403,8,상선,잠실,2815,토요일,24:30,0.0
202403,8,하선,잠실,2815,토요일,24:30,0.0
202403,8,상선,석촌,2816,토요일,24:30,0.0
202403,8,하선,석촌,2816,토요일,24:30,0.0
202403,8,상선,송파,2817,토요일,24:30,0.0
202403,8,하선,송파,2817,토요일,24:30,0.0
202403,8,상선,가락시장,2818,토요일,24:30,0.0
202403,8,하선,가락시장,2818,토요일,24:30,0.0
202403,8,상선,문정,2819,토요일,24:30,0.0
202403,8,하선,문정,2819,토요일,24:30,0.0
202403,8,상선,장지,2820,토요일,24:30,0.0
202403,8,하선,장지,2820,토요일,24:30,0.0
202403,8,상선,복정,2821,토요일,24:30,0.0
202403,8,하선,복정,2821,토요일,24:30,0.0
202403,8,상선,산성,2822,토요일,24:30,0.0
202403,8,하선,산성,2822,토요일,24:30,0.0
202403,8,상선,남한산성입구,2823,토요일,24:30,0.0
202403,8,하선,남한산성입구,2823,토요일,24:30,0.0
202403,8,상선,단대오거리,2824,토요일,24:30,0.0
202403,8,하선,단대오거리,2824,토요일,24:30,0.0
202403,8,상선,신흥,2825,토요일,24:30,0.0
202403,8,하선,신흥,2825,토요일,24:30,0.0
202403,8,상선,수진,2826,토요일,24:30,0.0
202403,8,하선,수진,2826,토요일,24:30,0.0
202403,8,상선,모란,2827,토요일,24:30,0.0
202403,8,하선,모란,2827,토요일,24:30,0.0
202403,8,상선,암사,2811,일요일,24:30,0.0
202403,8,하선,암사,2811,일요일,24:30,0.0
202403,8,상선,천호,2812,일요일,24:30,0.0
202403,8,하선,천호,2812,일요일,24:30,0.0
202403,8,상선,강동구청,2813,일요일,24:30,0.0
202403,8,하선,강동구청,2813,일요일,24:30,0.0
202403,8,상선,몽촌토성,2814,일요일,24:30,0.0
202403,8,하선,몽촌토성,2814,일요일,24:30,0.0
202403,8,상선,잠실,2815,일요일,24:30,0.0
202403,8,하선,잠실,2815,일요일,24:30,0.0
202403,8,상선,석촌,2816,일요일,24:30,0.0
202403,8,하선,석촌,2816,일요일,24:30,0.0
202403,8,상선,송파,2817,일요일,24:30,0.0
202403,8,하선,송파,2817,일요일,24:30,0.0
202403,8,상선,가락시장,2818,일요일,24:30,0.0
202403,8,하선,가락시장,2818,일요일,24:30,0.0
202403,8,상선,문정,2819,일요일,24:30,0.0
202403,8,하선,문정,2819,일요일,24:30,0.0
202403,8,상선,장지,2820,일요일,24:30,0.0
202403,8,하선,장지,2820,일요일,24:30,0.0
202403,8,상선,복정,2821,일요일,24:30,0.0
202403,8,하선,복정,2821,일요일,24:30,0.0
202403,8,상선,산성,2822,일요일,24:30,0.0
202403,8,하선,산성,2822,일요일,24:30,0.0
202403,8,상선,남한산성입구,2823,일요일,24:30,0.0
202403,8,하선,남한산성입구,2823,일요일,24:30,0.0
202403,8,상선,단대오거리,2824,일요일,24:30,0.0
202403,8,하선,단대오거리,2824,일요일,24:30,0.0
202403,8,상선,신흥,2825,일요일,24:30,0.0
202403,8,하선,신흥,2825,일요일,24:30,0.0
202403,8,상선,수진,2826,일요일,24:30,0.0
202403,8,하선,수진,2826,일요일,24:30,0.0
202403,8,상선,모란,2827,일요일,24:30,0.0
202406,8,상선,암사,2811,평일,24:30,0.0
202406,8,하선,암사,2811,평일,24:30,0.0
202406,8,상선,천호,2812,평일,24:30,0.0
202406,8,하선,천호,2812,평일,24:30,0.0
202406,8,상선,강동구청,2813,평일,24:30,0.0
202406,8,하선,강동구청,2813,평일,24:30,0.0
202406,8,상선,몽촌토성,2814,평일,24:30,0.0
202406,8,하선,몽촌토성,2814,평일,24:30,0.0
202406,8,상선,잠실,2815,평일,24:30,0.0
202406,8,하선,잠실,2815,평일,24:30,0.0
202406,8,상선,석촌,2816,평일,24:30,0.0
202406,8,하선,석촌,2816,평일,24:30,0.0
202406,8,상선,송파,2817,평일,24:30,0.0
202406,8,하선,송파,2817,평일,24:30,0.0
202406,8,상선,가락시장,2818,평일,24:30,0.0
202406,8,하선,가락시장,2818,평일,24:30,0.0
202406,8,상선,문정,2819,평일,24:30,0.0
202406,8,하선,문정,2819,평일,24:30,0.0
202406,8,상선,장지,2820,평일,24:30,0.0
202406,8,하선,장지,2820,평일,24:30,0.0
202406,8,상선,복정,2821,평일,24:30,0.0
202406,8,하선,복정,2821,평일,24:30,0.0
202406,8,상선,산성,2822,평일,24:30,0.0
202406,8,하선,산성,2822,평일,24:30,0.0
202406,8,상선,남한산성입구,2823,평일,24:30,0.0
202406,8,하선,남한산성입구,2823,평일,24:30,0.0
202406,8,상선,단대오거리,2824,평일,24:30,0.0
202406,8,하선,단대오거리,2824,평일,24:30,0.0
202406,8,상선,신흥,2825,평일,24:30,0.0
202406,8,하선,신흥,2825,평일,24:30,0.0
202406,8,상선,수진,2826,평일,24:30,0.0
202406,8,하선,수진,2826,평일,24:30,0.0
202406,8,상선,모란,2827,평일,24:30,0.0
202406,8,하선,모란,2827,평일,24:30,0.0
202406,8,상선,암사,2811,토요일,24:30,0.0
202406,8,하선,암사,2811,토요일,24:30,0.0
202406,8,상선,천호,2812,토요일,24:30,0.0
202406,8,하선,천호,2812,토요일,24:30,0.0
202406,8,상선,강동구청,2813,토요일,24:30,0.0
202406,8,하선,강동구청,2813,토요일,24:30,0.0
202406,8,상선,몽촌토성,2814,토요일,24:30,0.0
202406,8,하선,몽촌토성,2814,토요일,24:30,0.0
202406,8,상선,잠실,2815,토요일,24:30,0.0
202406,8,하선,잠실,2815,토요일,24:30,0.0
202406,8,상선,석촌,2816,토요일,24:30,0.0
202406,8,하선,석촌,2816,토요일,24:30,0.0
202406,8,상선,송파,2817,토요일,24:30,0.0
202406,8,하선,송파,2817,토요일,24:30,0.0
202406,8,상선,가락시장,2818,토요일,24:30,0.0
202406,8,하선,가락시장,2818,토요일,24:30,0.0
202406,8,상선,문정,2819,토요일,24:30,0.0
202406,8,하선,문정,2819,토요일,24:30,0.0
202406,8,상선,장지,2820,토요일,24:30,0.0
202406,8,하선,장지,2820,토요일,24:30,0.0
202406,8,상선,복정,2821,토요일,24:30,0.0
202406,8,하선,복정,2821,토요일,24:30,0.0
202406,8,상선,산성,2822,토요일,24:30,0.0
202406,8,하선,산성,2822,토요일,24:30,0.0
202406,8,상선,남한산성입구,2823,토요일,24:30,0.0
202406,8,하선,남한산성입구,2823,토요일,24:30,0.0
202406,8,상선,단대오거리,2824,토요일,24:30,0.0
202406,8,하선,단대오거리,2824,토요일,24:30,0.0
202406,8,상선,신흥,2825,토요일,24:30,0.0
202406,8,하선,신흥,2825,토요일,24:30,0.0
202406,8,상선,수진,2826,토요일,24:30,0.0
202406,8,하선,수진,2826,토요일,24:30,0.0
202406,8,상선,모란,2827,토요일,24:30,0.0
202406,8,하선,모란,2827,토요일,24:30,0.0
202406,8,상선,암사,2811,일요일,24:30,0.0
202406,8,하선,암사,2811,일요일,24:30,0.0
202406,8,상선,천호,2812,일요일,24:30,0.0
202406,8,하선,천호,2812,일요일,24:30,0.0
202406,8,상선,강동구청,2813,일요일,24:30,0.0
202406,8,하선,강동구청,2813,일요일,24:30,0.0
202406,8,상선,몽촌토성,2814,일요일,24:30,0.0
202406,8,하선,몽촌토성,2814,일요일,24:30,0.0
202406,8,상선,잠실,2815,일요일,24:30,0.0
202406,8,하선,잠실,2815,일요일,24:30,0.0
202406,8,상선,석촌,2816,일요일,24:30,0.0
202406,8,하선,석촌,2816,일요일,24:30,0.0
202406,8,상선,송파,2817,일요일,24:30,0.0
202406,8,하선,송파,2817,일요일,24:30,0.0
202406,8,상선,가락시장,2818,일요일,24:30,0.0
202406,8,하선,가락시장,2818,일요일,24:30,0.0
202406,8,상선,문정,2819,일요일,24:30,0.0
202406,8,하선,문정,2819,일요일,24:30,0.0
202406,8,상선,장지,2820,일요일,24:30,0.0
202406,8,하선,장지,2820,일요일,24:30,0.0
202406,8,상선,복정,2821,일요일,24:30,0.0
202406,8,하선,복정,2821,일요일,24:30,0.0
202406,8,상선,산성,2822,일요일,24:30,0.0
202406,8,하선,산성,2822,일요일,24:30,0.0
202406,8,상선,남한산성입구,2823,일요일,24:30,0.0
202406,8,하선,남한산성입구,2823,일요일,24:30,0.0
202406,8,상선,단대오거리,2824,일요일,24:30,0.0
202406,8,하선,단대오거리,2824,일요일,24:30,0.0
202406,8,상선,신흥,2825,일요일,24:30,0.0
202406,8,하선,신흥,2825,일요일,24:30,0.0
202406,8,상선,수진,2826,일요일,24:30,0.0
202406,8,하선,수진,2826,일요일,24:30,0.0
202406,8,상선,모란,2827,일요일,24:30,0.0
